2026-09-30 19:05:42 | INFO    | Logger initialized: fault_type_matrix
2026-09-30 19:05:42 | INFO    | log_file=logs\fault_type_matrix\2026-09-30-19-05-42.log
2026-09-30 19:05:42 | INFO    | output_dir=output\fault_type_matrix\2026-09-30-19-05-42
2026-09-30 19:05:45 | INFO    | completed sample-v1-4117c79b583bdef6bc4b_mahalanobis N=5 seed=42 method=mahalanobis seconds=0.86 progress=1
2026-09-30 19:05:47 | INFO    | completed sample-v1-4117c79b583bdef6bc4b_knn N=5 seed=42 method=knn seconds=0.92 progress=2
2026-09-30 19:05:49 | INFO    | completed sample-v1-b3b11429ecce4501bff7_mahalanobis N=5 seed=123 method=mahalanobis seconds=0.43 progress=3
2026-09-30 19:05:50 | INFO    | completed sample-v1-b3b11429ecce4501bff7_knn N=5 seed=123 method=knn seconds=0.96 progress=4
2026-09-30 19:05:52 | INFO    | completed sample-v1-29272b33f067dc0d91b4_mahalanobis N=5 seed=2026 method=mahalanobis seconds=0.46 progress=5
2026-09-30 19:05:54 | INFO    | completed sample-v1-29272b33f067dc0d91b4_knn N=5 seed=2026 method=knn seconds=0.95 progress=6
2026-09-30 19:05:56 | INFO    | completed sample-v1-27928f0bbdd2833cddb7_mahalanobis N=5 seed=42 method=mahalanobis seconds=0.33 progress=7
2026-09-30 19:05:57 | INFO    | completed sample-v1-27928f0bbdd2833cddb7_knn N=5 seed=42 method=knn seconds=0.92 progress=8
2026-09-30 19:05:59 | INFO    | completed sample-v1-2cb01535f5318b32ca9f_mahalanobis N=5 seed=123 method=mahalanobis seconds=0.34 progress=9
2026-09-30 19:06:01 | INFO    | completed sample-v1-2cb01535f5318b32ca9f_knn N=5 seed=123 method=knn seconds=0.96 progress=10
2026-09-30 19:06:03 | INFO    | completed sample-v1-a402b4cb1cedfedb3599_mahalanobis N=5 seed=2026 method=mahalanobis seconds=0.36 progress=11
2026-09-30 19:06:04 | INFO    | completed sample-v1-a402b4cb1cedfedb3599_knn N=5 seed=2026 method=knn seconds=0.94 progress=12
2026-09-30 19:06:06 | INFO    | completed sample-v1-64ae4c6d74343b182b82_mahalanobis N=5 seed=42 method=mahalanobis seconds=0.34 progress=13
2026-09-30 19:06:08 | INFO    | completed sample-v1-64ae4c6d74343b182b82_knn N=5 seed=42 method=knn seconds=0.90 progress=14
2026-09-30 19:06:10 | INFO    | completed sample-v1-3baf21813d0b6150a00e_mahalanobis N=5 seed=123 method=mahalanobis seconds=0.34 progress=15
2026-09-30 19:06:11 | INFO    | completed sample-v1-3baf21813d0b6150a00e_knn N=5 seed=123 method=knn seconds=0.97 progress=16
2026-09-30 19:06:13 | INFO    | completed sample-v1-2fdfe4d78802d43fb74f_mahalanobis N=5 seed=2026 method=mahalanobis seconds=0.35 progress=17
2026-09-30 19:06:15 | INFO    | completed sample-v1-2fdfe4d78802d43fb74f_knn N=5 seed=2026 method=knn seconds=0.99 progress=18
2026-09-30 19:06:16 | INFO    | completed sample-v1-ef002eb5a5a8c5d0ea31_mahalanobis N=5 seed=42 method=mahalanobis seconds=0.31 progress=19
2026-09-30 19:06:18 | INFO    | completed sample-v1-ef002eb5a5a8c5d0ea31_knn N=5 seed=42 method=knn seconds=0.92 progress=20
2026-09-30 19:06:20 | INFO    | completed sample-v1-e0caa252cee7cb359fc1_mahalanobis N=5 seed=123 method=mahalanobis seconds=0.34 progress=21
2026-09-30 19:06:21 | INFO    | completed sample-v1-e0caa252cee7cb359fc1_knn N=5 seed=123 method=knn seconds=0.94 progress=22
2026-09-30 19:06:23 | INFO    | completed sample-v1-cf018f8c20512977deff_mahalanobis N=5 seed=2026 method=mahalanobis seconds=0.35 progress=23
2026-09-30 19:06:25 | INFO    | completed sample-v1-cf018f8c20512977deff_knn N=5 seed=2026 method=knn seconds=0.95 progress=24
2026-09-30 19:06:27 | INFO    | completed sample-v1-7a055626bec1d0c7fd62_mahalanobis N=5 seed=42 method=mahalanobis seconds=0.32 progress=25
2026-09-30 19:06:28 | INFO    | completed sample-v1-7a055626bec1d0c7fd62_knn N=5 seed=42 method=knn seconds=0.91 progress=26
2026-09-30 19:06:30 | INFO    | completed sample-v1-0b6d37d2f8e4aa85b0e4_mahalanobis N=5 seed=123 method=mahalanobis seconds=0.34 progress=27
2026-09-30 19:06:32 | INFO    | completed sample-v1-0b6d37d2f8e4aa85b0e4_knn N=5 seed=123 method=knn seconds=0.93 progress=28
2026-09-30 19:06:33 | INFO    | completed sample-v1-0e149a5708500ff9bbb6_mahalanobis N=5 seed=2026 method=mahalanobis seconds=0.35 progress=29
2026-09-30 19:06:35 | INFO    | completed sample-v1-0e149a5708500ff9bbb6_knn N=5 seed=2026 method=knn seconds=0.94 progress=30
2026-09-30 19:06:37 | INFO    | completed sample-v1-6350bc227b38f3042baa_mahalanobis N=5 seed=42 method=mahalanobis seconds=0.33 progress=31
2026-09-30 19:06:38 | INFO    | completed sample-v1-6350bc227b38f3042baa_knn N=5 seed=42 method=knn seconds=0.92 progress=32
2026-09-30 19:06:40 | INFO    | completed sample-v1-77890fff76a62d0327d8_mahalanobis N=5 seed=123 method=mahalanobis seconds=0.34 progress=33
2026-09-30 19:06:42 | INFO    | completed sample-v1-77890fff76a62d0327d8_knn N=5 seed=123 method=knn seconds=0.95 progress=34
2026-09-30 19:06:44 | INFO    | completed sample-v1-fddc952d49fd5ea4430f_mahalanobis N=5 seed=2026 method=mahalanobis seconds=0.36 progress=35
2026-09-30 19:06:45 | INFO    | completed sample-v1-fddc952d49fd5ea4430f_knn N=5 seed=2026 method=knn seconds=0.94 progress=36
2026-09-30 19:06:47 | INFO    | completed sample-v1-d931718f3f988672ef61_mahalanobis N=5 seed=42 method=mahalanobis seconds=0.32 progress=37
2026-09-30 19:06:49 | INFO    | completed sample-v1-d931718f3f988672ef61_knn N=5 seed=42 method=knn seconds=0.90 progress=38
2026-09-30 19:06:50 | INFO    | completed sample-v1-f9f8dd7be525ebbe73e7_mahalanobis N=5 seed=123 method=mahalanobis seconds=0.34 progress=39
2026-09-30 19:06:52 | INFO    | completed sample-v1-f9f8dd7be525ebbe73e7_knn N=5 seed=123 method=knn seconds=0.95 progress=40
2026-09-30 19:06:54 | INFO    | completed sample-v1-1e71a0822fe8ef55b617_mahalanobis N=5 seed=2026 method=mahalanobis seconds=0.37 progress=41
2026-09-30 19:06:55 | INFO    | completed sample-v1-1e71a0822fe8ef55b617_knn N=5 seed=2026 method=knn seconds=0.95 progress=42
2026-09-30 19:06:57 | INFO    | completed sample-v1-3c4707cb620d71f2bb20_mahalanobis N=5 seed=42 method=mahalanobis seconds=0.35 progress=43
2026-09-30 19:06:59 | INFO    | completed sample-v1-3c4707cb620d71f2bb20_knn N=5 seed=42 method=knn seconds=0.93 progress=44
2026-09-30 19:07:01 | INFO    | completed sample-v1-3daec373d7b16e819a91_mahalanobis N=5 seed=123 method=mahalanobis seconds=0.35 progress=45
2026-09-30 19:07:02 | INFO    | completed sample-v1-3daec373d7b16e819a91_knn N=5 seed=123 method=knn seconds=0.96 progress=46
2026-09-30 19:07:04 | INFO    | completed sample-v1-18dec013934a0d845630_mahalanobis N=5 seed=2026 method=mahalanobis seconds=0.36 progress=47
2026-09-30 19:07:06 | INFO    | completed sample-v1-18dec013934a0d845630_knn N=5 seed=2026 method=knn seconds=0.93 progress=48
2026-09-30 19:07:08 | INFO    | completed sample-v1-f35add391e2f92c4c457_mahalanobis N=5 seed=42 method=mahalanobis seconds=0.32 progress=49
2026-09-30 19:07:09 | INFO    | completed sample-v1-f35add391e2f92c4c457_knn N=5 seed=42 method=knn seconds=0.93 progress=50
2026-09-30 19:07:11 | INFO    | completed sample-v1-97c910c99a7e62d3bd20_mahalanobis N=5 seed=123 method=mahalanobis seconds=0.33 progress=51
2026-09-30 19:07:12 | INFO    | completed sample-v1-97c910c99a7e62d3bd20_knn N=5 seed=123 method=knn seconds=0.90 progress=52
2026-09-30 19:07:14 | INFO    | completed sample-v1-0001f164f52e0f4ce2f1_mahalanobis N=5 seed=2026 method=mahalanobis seconds=0.37 progress=53
2026-09-30 19:07:16 | INFO    | completed sample-v1-0001f164f52e0f4ce2f1_knn N=5 seed=2026 method=knn seconds=0.94 progress=54
2026-09-30 19:07:18 | INFO    | completed sample-v1-245c34eb3d4e2c758af4_mahalanobis N=5 seed=42 method=mahalanobis seconds=0.35 progress=55
2026-09-30 19:07:19 | INFO    | completed sample-v1-245c34eb3d4e2c758af4_knn N=5 seed=42 method=knn seconds=0.94 progress=56
2026-09-30 19:07:21 | INFO    | completed sample-v1-39c460802750b79215df_mahalanobis N=5 seed=123 method=mahalanobis seconds=0.35 progress=57
2026-09-30 19:07:23 | INFO    | completed sample-v1-39c460802750b79215df_knn N=5 seed=123 method=knn seconds=0.98 progress=58
2026-09-30 19:07:24 | INFO    | completed sample-v1-5cb9cb359d07a7ac4ac5_mahalanobis N=5 seed=2026 method=mahalanobis seconds=0.35 progress=59
2026-09-30 19:07:26 | INFO    | completed sample-v1-5cb9cb359d07a7ac4ac5_knn N=5 seed=2026 method=knn seconds=0.93 progress=60
2026-09-30 19:07:28 | INFO    | completed sample-v1-c291312fb170a10d8297_mahalanobis N=5 seed=42 method=mahalanobis seconds=0.33 progress=61
2026-09-30 19:07:29 | INFO    | completed sample-v1-c291312fb170a10d8297_knn N=5 seed=42 method=knn seconds=0.94 progress=62
2026-09-30 19:07:31 | INFO    | completed sample-v1-6041b729031419c53e29_mahalanobis N=5 seed=123 method=mahalanobis seconds=0.36 progress=63
2026-09-30 19:07:33 | INFO    | completed sample-v1-6041b729031419c53e29_knn N=5 seed=123 method=knn seconds=0.96 progress=64
2026-09-30 19:07:35 | INFO    | completed sample-v1-0c5a3ae491ea0415377a_mahalanobis N=5 seed=2026 method=mahalanobis seconds=0.39 progress=65
2026-09-30 19:07:36 | INFO    | completed sample-v1-0c5a3ae491ea0415377a_knn N=5 seed=2026 method=knn seconds=0.93 progress=66
2026-09-30 19:07:38 | INFO    | completed sample-v1-9b10da3ae0130cf85c49_mahalanobis N=5 seed=42 method=mahalanobis seconds=0.35 progress=67
2026-09-30 19:07:40 | INFO    | completed sample-v1-9b10da3ae0130cf85c49_knn N=5 seed=42 method=knn seconds=0.94 progress=68
2026-09-30 19:07:42 | INFO    | completed sample-v1-b066ebcd7d634ffb0078_mahalanobis N=5 seed=123 method=mahalanobis seconds=0.36 progress=69
2026-09-30 19:07:43 | INFO    | completed sample-v1-b066ebcd7d634ffb0078_knn N=5 seed=123 method=knn seconds=0.93 progress=70
2026-09-30 19:07:45 | INFO    | completed sample-v1-dcc87ba0fba176f1c075_mahalanobis N=5 seed=2026 method=mahalanobis seconds=0.40 progress=71
2026-09-30 19:07:47 | INFO    | completed sample-v1-dcc87ba0fba176f1c075_knn N=5 seed=2026 method=knn seconds=0.94 progress=72
2026-09-30 19:07:49 | INFO    | completed sample-v1-43eaaa72cec5279947f3_mahalanobis N=5 seed=42 method=mahalanobis seconds=0.35 progress=73
2026-09-30 19:07:50 | INFO    | completed sample-v1-43eaaa72cec5279947f3_knn N=5 seed=42 method=knn seconds=0.90 progress=74
2026-09-30 19:07:52 | INFO    | completed sample-v1-c7886ff58a05ede74390_mahalanobis N=5 seed=123 method=mahalanobis seconds=0.37 progress=75
2026-09-30 19:07:54 | INFO    | completed sample-v1-c7886ff58a05ede74390_knn N=5 seed=123 method=knn seconds=0.99 progress=76
2026-09-30 19:07:56 | INFO    | completed sample-v1-9a8bb9a9fe9ce5691f4b_mahalanobis N=5 seed=2026 method=mahalanobis seconds=0.41 progress=77
2026-09-30 19:07:57 | INFO    | completed sample-v1-9a8bb9a9fe9ce5691f4b_knn N=5 seed=2026 method=knn seconds=0.94 progress=78
2026-09-30 19:07:59 | INFO    | completed sample-v1-ad45d3c3f81e0512d76e_mahalanobis N=5 seed=42 method=mahalanobis seconds=0.34 progress=79
2026-09-30 19:08:01 | INFO    | completed sample-v1-ad45d3c3f81e0512d76e_knn N=5 seed=42 method=knn seconds=0.89 progress=80
2026-09-30 19:08:02 | INFO    | completed sample-v1-351970e72dfa9d79e946_mahalanobis N=5 seed=123 method=mahalanobis seconds=0.36 progress=81
2026-09-30 19:08:04 | INFO    | completed sample-v1-351970e72dfa9d79e946_knn N=5 seed=123 method=knn seconds=0.93 progress=82
2026-09-30 19:08:06 | INFO    | completed sample-v1-7ac97452809934957b5f_mahalanobis N=5 seed=2026 method=mahalanobis seconds=0.38 progress=83
2026-09-30 19:08:07 | INFO    | completed sample-v1-7ac97452809934957b5f_knn N=5 seed=2026 method=knn seconds=0.93 progress=84
2026-09-30 19:08:09 | INFO    | completed sample-v1-4b9a5f87f63d8add0669_mahalanobis N=5 seed=42 method=mahalanobis seconds=0.34 progress=85
2026-09-30 19:08:11 | INFO    | completed sample-v1-4b9a5f87f63d8add0669_knn N=5 seed=42 method=knn seconds=0.91 progress=86
2026-09-30 19:08:13 | INFO    | completed sample-v1-29535146b2e36842f347_mahalanobis N=5 seed=123 method=mahalanobis seconds=0.35 progress=87
2026-09-30 19:08:14 | INFO    | completed sample-v1-29535146b2e36842f347_knn N=5 seed=123 method=knn seconds=0.94 progress=88
2026-09-30 19:08:16 | INFO    | completed sample-v1-9dc9b860185dc8597f17_mahalanobis N=5 seed=2026 method=mahalanobis seconds=0.37 progress=89
2026-09-30 19:08:18 | INFO    | completed sample-v1-9dc9b860185dc8597f17_knn N=5 seed=2026 method=knn seconds=0.94 progress=90
2026-09-30 19:08:20 | INFO    | completed sample-v1-41a36dd701f96ef93ca2_mahalanobis N=5 seed=42 method=mahalanobis seconds=0.34 progress=91
2026-09-30 19:08:21 | INFO    | completed sample-v1-41a36dd701f96ef93ca2_knn N=5 seed=42 method=knn seconds=0.93 progress=92
2026-09-30 19:08:23 | INFO    | completed sample-v1-049c9e24af12f66285b8_mahalanobis N=5 seed=123 method=mahalanobis seconds=0.37 progress=93
2026-09-30 19:08:25 | INFO    | completed sample-v1-049c9e24af12f66285b8_knn N=5 seed=123 method=knn seconds=0.95 progress=94
2026-09-30 19:08:27 | INFO    | completed sample-v1-5a89d24e3631b72102fa_mahalanobis N=5 seed=2026 method=mahalanobis seconds=0.37 progress=95
2026-09-30 19:08:28 | INFO    | completed sample-v1-5a89d24e3631b72102fa_knn N=5 seed=2026 method=knn seconds=0.91 progress=96
2026-09-30 19:08:30 | INFO    | completed sample-v1-a2bb275d1d282996308c_mahalanobis N=5 seed=42 method=mahalanobis seconds=0.37 progress=97
2026-09-30 19:08:32 | INFO    | completed sample-v1-a2bb275d1d282996308c_knn N=5 seed=42 method=knn seconds=0.92 progress=98
2026-09-30 19:08:34 | INFO    | completed sample-v1-60ad935c5ae7d6f9f57c_mahalanobis N=5 seed=123 method=mahalanobis seconds=0.35 progress=99
2026-09-30 19:08:35 | INFO    | completed sample-v1-60ad935c5ae7d6f9f57c_knn N=5 seed=123 method=knn seconds=0.95 progress=100
2026-09-30 19:08:37 | INFO    | completed sample-v1-c68ed1da3d2f245ef541_mahalanobis N=5 seed=2026 method=mahalanobis seconds=0.37 progress=101
2026-09-30 19:08:39 | INFO    | completed sample-v1-c68ed1da3d2f245ef541_knn N=5 seed=2026 method=knn seconds=0.94 progress=102
2026-09-30 19:08:41 | INFO    | completed sample-v1-5666030b48d6d3a0b9ac_mahalanobis N=5 seed=42 method=mahalanobis seconds=0.34 progress=103
2026-09-30 19:08:42 | INFO    | completed sample-v1-5666030b48d6d3a0b9ac_knn N=5 seed=42 method=knn seconds=0.95 progress=104
2026-09-30 19:08:44 | INFO    | completed sample-v1-4b96852d7b80a24840f1_mahalanobis N=5 seed=123 method=mahalanobis seconds=0.36 progress=105
2026-09-30 19:08:46 | INFO    | completed sample-v1-4b96852d7b80a24840f1_knn N=5 seed=123 method=knn seconds=1.05 progress=106
2026-09-30 19:08:48 | INFO    | completed sample-v1-3b289c4c2e7acf7141f5_mahalanobis N=5 seed=2026 method=mahalanobis seconds=0.36 progress=107
2026-09-30 19:08:50 | INFO    | completed sample-v1-3b289c4c2e7acf7141f5_knn N=5 seed=2026 method=knn seconds=0.97 progress=108
2026-09-30 19:08:52 | INFO    | completed sample-v1-eb7936e00c479d7423a3_mahalanobis N=5 seed=42 method=mahalanobis seconds=0.33 progress=109
2026-09-30 19:08:53 | INFO    | completed sample-v1-eb7936e00c479d7423a3_knn N=5 seed=42 method=knn seconds=0.93 progress=110
2026-09-30 19:08:55 | INFO    | completed sample-v1-8df51a40ca5a790aa091_mahalanobis N=5 seed=123 method=mahalanobis seconds=0.33 progress=111
2026-09-30 19:08:57 | INFO    | completed sample-v1-8df51a40ca5a790aa091_knn N=5 seed=123 method=knn seconds=0.93 progress=112
2026-09-30 19:08:59 | INFO    | completed sample-v1-2fd085cdea903cea7ee0_mahalanobis N=5 seed=2026 method=mahalanobis seconds=0.35 progress=113
2026-09-30 19:09:00 | INFO    | completed sample-v1-2fd085cdea903cea7ee0_knn N=5 seed=2026 method=knn seconds=0.96 progress=114
2026-09-30 19:09:02 | INFO    | completed sample-v1-5f0d8ff70994750128ad_mahalanobis N=5 seed=42 method=mahalanobis seconds=0.33 progress=115
2026-09-30 19:09:04 | INFO    | completed sample-v1-5f0d8ff70994750128ad_knn N=5 seed=42 method=knn seconds=0.95 progress=116
2026-09-30 19:09:05 | INFO    | completed sample-v1-7e21dda861582f456f4e_mahalanobis N=5 seed=123 method=mahalanobis seconds=0.34 progress=117
2026-09-30 19:09:07 | INFO    | completed sample-v1-7e21dda861582f456f4e_knn N=5 seed=123 method=knn seconds=0.95 progress=118
2026-09-30 19:09:09 | INFO    | completed sample-v1-80ad28d94e62c09f12ef_mahalanobis N=5 seed=2026 method=mahalanobis seconds=0.34 progress=119
2026-09-30 19:09:10 | INFO    | completed sample-v1-80ad28d94e62c09f12ef_knn N=5 seed=2026 method=knn seconds=0.93 progress=120
2026-09-30 19:09:12 | INFO    | completed sample-v1-6ea0d1696f6858ddfafe_mahalanobis N=5 seed=42 method=mahalanobis seconds=0.33 progress=121
2026-09-30 19:09:14 | INFO    | completed sample-v1-6ea0d1696f6858ddfafe_knn N=5 seed=42 method=knn seconds=0.90 progress=122
2026-09-30 19:09:16 | INFO    | completed sample-v1-80b45c82b89f89c9c671_mahalanobis N=5 seed=123 method=mahalanobis seconds=0.35 progress=123
2026-09-30 19:09:17 | INFO    | completed sample-v1-80b45c82b89f89c9c671_knn N=5 seed=123 method=knn seconds=0.96 progress=124
2026-09-30 19:09:19 | INFO    | completed sample-v1-427d8d1c8a4e8c71e266_mahalanobis N=5 seed=2026 method=mahalanobis seconds=0.36 progress=125
2026-09-30 19:09:21 | INFO    | completed sample-v1-427d8d1c8a4e8c71e266_knn N=5 seed=2026 method=knn seconds=0.93 progress=126
2026-09-30 19:09:22 | INFO    | completed sample-v1-4ba0afb72c5e2a2f0999_mahalanobis N=5 seed=42 method=mahalanobis seconds=0.32 progress=127
2026-09-30 19:09:24 | INFO    | completed sample-v1-4ba0afb72c5e2a2f0999_knn N=5 seed=42 method=knn seconds=0.92 progress=128
2026-09-30 19:09:26 | INFO    | completed sample-v1-c9977a0661491ac57502_mahalanobis N=5 seed=123 method=mahalanobis seconds=0.33 progress=129
2026-09-30 19:09:27 | INFO    | completed sample-v1-c9977a0661491ac57502_knn N=5 seed=123 method=knn seconds=0.91 progress=130
2026-09-30 19:09:29 | INFO    | completed sample-v1-8806574b27a55cea0fc7_mahalanobis N=5 seed=2026 method=mahalanobis seconds=0.36 progress=131
2026-09-30 19:09:31 | INFO    | completed sample-v1-8806574b27a55cea0fc7_knn N=5 seed=2026 method=knn seconds=0.93 progress=132
2026-09-30 19:09:33 | INFO    | completed sample-v1-33e5fc50843376d5e267_mahalanobis N=5 seed=42 method=mahalanobis seconds=0.36 progress=133
2026-09-30 19:09:34 | INFO    | completed sample-v1-33e5fc50843376d5e267_knn N=5 seed=42 method=knn seconds=0.90 progress=134
2026-09-30 19:09:36 | INFO    | completed sample-v1-d87629aa164451546bac_mahalanobis N=5 seed=123 method=mahalanobis seconds=0.35 progress=135
2026-09-30 19:09:37 | INFO    | completed sample-v1-d87629aa164451546bac_knn N=5 seed=123 method=knn seconds=0.97 progress=136
2026-09-30 19:09:39 | INFO    | completed sample-v1-afa73eac0ed16b824425_mahalanobis N=5 seed=2026 method=mahalanobis seconds=0.36 progress=137
2026-09-30 19:09:41 | INFO    | completed sample-v1-afa73eac0ed16b824425_knn N=5 seed=2026 method=knn seconds=0.93 progress=138
2026-09-30 19:09:43 | INFO    | completed sample-v1-0e6c7faaaf2c9d94951d_mahalanobis N=5 seed=42 method=mahalanobis seconds=0.36 progress=139
2026-09-30 19:09:44 | INFO    | completed sample-v1-0e6c7faaaf2c9d94951d_knn N=5 seed=42 method=knn seconds=0.92 progress=140
2026-09-30 19:09:46 | INFO    | completed sample-v1-b4afa7279e33767bb2c1_mahalanobis N=5 seed=123 method=mahalanobis seconds=0.33 progress=141
2026-09-30 19:09:48 | INFO    | completed sample-v1-b4afa7279e33767bb2c1_knn N=5 seed=123 method=knn seconds=0.93 progress=142
2026-09-30 19:09:50 | INFO    | completed sample-v1-54566000864d37849019_mahalanobis N=5 seed=2026 method=mahalanobis seconds=0.38 progress=143
2026-09-30 19:09:51 | INFO    | completed sample-v1-54566000864d37849019_knn N=5 seed=2026 method=knn seconds=0.94 progress=144
2026-09-30 19:09:53 | INFO    | completed sample-v1-56138f9c78c0e132f9e8_mahalanobis N=5 seed=42 method=mahalanobis seconds=0.36 progress=145
2026-09-30 19:09:54 | INFO    | completed sample-v1-56138f9c78c0e132f9e8_knn N=5 seed=42 method=knn seconds=0.92 progress=146
2026-09-30 19:09:56 | INFO    | completed sample-v1-f21aca739cbcfecc1547_mahalanobis N=5 seed=123 method=mahalanobis seconds=0.34 progress=147
2026-09-30 19:09:58 | INFO    | completed sample-v1-f21aca739cbcfecc1547_knn N=5 seed=123 method=knn seconds=0.93 progress=148
2026-09-30 19:10:00 | INFO    | completed sample-v1-90967a1125524851301d_mahalanobis N=5 seed=2026 method=mahalanobis seconds=0.38 progress=149
2026-09-30 19:10:01 | INFO    | completed sample-v1-90967a1125524851301d_knn N=5 seed=2026 method=knn seconds=0.93 progress=150
2026-09-30 19:10:03 | INFO    | completed sample-v1-176bb0e1d12ca1419964_mahalanobis N=5 seed=42 method=mahalanobis seconds=0.34 progress=151
2026-09-30 19:10:05 | INFO    | completed sample-v1-176bb0e1d12ca1419964_knn N=5 seed=42 method=knn seconds=0.93 progress=152
2026-09-30 19:10:06 | INFO    | completed sample-v1-b39d27340fb87a5db79a_mahalanobis N=5 seed=123 method=mahalanobis seconds=0.33 progress=153
2026-09-30 19:10:08 | INFO    | completed sample-v1-b39d27340fb87a5db79a_knn N=5 seed=123 method=knn seconds=0.95 progress=154
2026-09-30 19:10:10 | INFO    | completed sample-v1-5c911ba24061d789a975_mahalanobis N=5 seed=2026 method=mahalanobis seconds=0.34 progress=155
2026-09-30 19:10:11 | INFO    | completed sample-v1-5c911ba24061d789a975_knn N=5 seed=2026 method=knn seconds=0.92 progress=156
2026-09-30 19:10:13 | INFO    | completed sample-v1-4a29f71384814b10ffd7_mahalanobis N=5 seed=42 method=mahalanobis seconds=0.32 progress=157
2026-09-30 19:10:15 | INFO    | completed sample-v1-4a29f71384814b10ffd7_knn N=5 seed=42 method=knn seconds=0.90 progress=158
2026-09-30 19:10:17 | INFO    | completed sample-v1-e9ade887230877d80010_mahalanobis N=5 seed=123 method=mahalanobis seconds=0.34 progress=159
2026-09-30 19:10:18 | INFO    | completed sample-v1-e9ade887230877d80010_knn N=5 seed=123 method=knn seconds=0.94 progress=160
2026-09-30 19:10:20 | INFO    | completed sample-v1-622db388555c13642558_mahalanobis N=5 seed=2026 method=mahalanobis seconds=0.35 progress=161
2026-09-30 19:10:22 | INFO    | completed sample-v1-622db388555c13642558_knn N=5 seed=2026 method=knn seconds=0.91 progress=162
2026-09-30 19:10:23 | INFO    | completed sample-v1-45cfaffbae2497e1f4f8_mahalanobis N=5 seed=42 method=mahalanobis seconds=0.32 progress=163
2026-09-30 19:10:25 | INFO    | completed sample-v1-45cfaffbae2497e1f4f8_knn N=5 seed=42 method=knn seconds=0.89 progress=164
2026-09-30 19:10:27 | INFO    | completed sample-v1-6a5092b04435c44ea691_mahalanobis N=5 seed=123 method=mahalanobis seconds=0.32 progress=165
2026-09-30 19:10:28 | INFO    | completed sample-v1-6a5092b04435c44ea691_knn N=5 seed=123 method=knn seconds=0.91 progress=166
2026-09-30 19:10:30 | INFO    | completed sample-v1-441fa5c613f536465f9e_mahalanobis N=5 seed=2026 method=mahalanobis seconds=0.34 progress=167
2026-09-30 19:10:32 | INFO    | completed sample-v1-441fa5c613f536465f9e_knn N=5 seed=2026 method=knn seconds=0.94 progress=168
2026-09-30 19:10:33 | INFO    | completed sample-v1-317be8df0b757e5f0c6c_mahalanobis N=5 seed=42 method=mahalanobis seconds=0.33 progress=169
2026-09-30 19:10:35 | INFO    | completed sample-v1-317be8df0b757e5f0c6c_knn N=5 seed=42 method=knn seconds=0.90 progress=170
2026-09-30 19:10:37 | INFO    | completed sample-v1-aaf24e430ed837f82418_mahalanobis N=5 seed=123 method=mahalanobis seconds=0.34 progress=171
2026-09-30 19:10:39 | INFO    | completed sample-v1-aaf24e430ed837f82418_knn N=5 seed=123 method=knn seconds=0.95 progress=172
2026-09-30 19:10:41 | INFO    | completed sample-v1-2c26809e062c254a975b_mahalanobis N=5 seed=2026 method=mahalanobis seconds=0.36 progress=173
2026-09-30 19:10:42 | INFO    | completed sample-v1-2c26809e062c254a975b_knn N=5 seed=2026 method=knn seconds=0.92 progress=174
2026-09-30 19:10:44 | INFO    | completed sample-v1-c749630f3526f00ce032_mahalanobis N=5 seed=42 method=mahalanobis seconds=0.35 progress=175
2026-09-30 19:10:46 | INFO    | completed sample-v1-c749630f3526f00ce032_knn N=5 seed=42 method=knn seconds=0.91 progress=176
2026-09-30 19:10:47 | INFO    | completed sample-v1-51d434506ec48cc0b844_mahalanobis N=5 seed=123 method=mahalanobis seconds=0.35 progress=177
2026-09-30 19:10:49 | INFO    | completed sample-v1-51d434506ec48cc0b844_knn N=5 seed=123 method=knn seconds=0.97 progress=178
2026-09-30 19:10:51 | INFO    | completed sample-v1-05d6285b1f975f7b6dad_mahalanobis N=5 seed=2026 method=mahalanobis seconds=0.38 progress=179
2026-09-30 19:10:52 | INFO    | completed sample-v1-05d6285b1f975f7b6dad_knn N=5 seed=2026 method=knn seconds=0.95 progress=180
2026-09-30 19:10:54 | INFO    | completed sample-v1-5d0d1fade1e349827482_mahalanobis N=5 seed=42 method=mahalanobis seconds=0.33 progress=181
2026-09-30 19:10:56 | INFO    | completed sample-v1-5d0d1fade1e349827482_knn N=5 seed=42 method=knn seconds=0.98 progress=182
2026-09-30 19:10:58 | INFO    | completed sample-v1-f4659bfb2df6b7250960_mahalanobis N=5 seed=123 method=mahalanobis seconds=0.37 progress=183
2026-09-30 19:11:00 | INFO    | completed sample-v1-f4659bfb2df6b7250960_knn N=5 seed=123 method=knn seconds=1.00 progress=184
2026-09-30 19:11:02 | INFO    | completed sample-v1-9e1d23e98056b7b7b69a_mahalanobis N=5 seed=2026 method=mahalanobis seconds=0.37 progress=185
2026-09-30 19:11:03 | INFO    | completed sample-v1-9e1d23e98056b7b7b69a_knn N=5 seed=2026 method=knn seconds=0.97 progress=186
2026-09-30 19:11:05 | INFO    | completed sample-v1-675b0401af05c8ad289b_mahalanobis N=5 seed=42 method=mahalanobis seconds=0.33 progress=187
2026-09-30 19:11:07 | INFO    | completed sample-v1-675b0401af05c8ad289b_knn N=5 seed=42 method=knn seconds=0.90 progress=188
2026-09-30 19:11:09 | INFO    | completed sample-v1-f253b37f375e30a36a9f_mahalanobis N=5 seed=123 method=mahalanobis seconds=0.34 progress=189
2026-09-30 19:11:10 | INFO    | completed sample-v1-f253b37f375e30a36a9f_knn N=5 seed=123 method=knn seconds=1.01 progress=190
2026-09-30 19:11:12 | INFO    | completed sample-v1-4ce5e95e18f516e3889e_mahalanobis N=5 seed=2026 method=mahalanobis seconds=0.35 progress=191
2026-09-30 19:11:14 | INFO    | completed sample-v1-4ce5e95e18f516e3889e_knn N=5 seed=2026 method=knn seconds=0.95 progress=192
2026-09-30 19:11:16 | INFO    | completed sample-v1-17d768559bbbb4085e03_mahalanobis N=5 seed=42 method=mahalanobis seconds=0.34 progress=193
2026-09-30 19:11:17 | INFO    | completed sample-v1-17d768559bbbb4085e03_knn N=5 seed=42 method=knn seconds=0.91 progress=194
2026-09-30 19:11:19 | INFO    | completed sample-v1-6acc083e47739d473966_mahalanobis N=5 seed=123 method=mahalanobis seconds=0.35 progress=195
2026-09-30 19:11:21 | INFO    | completed sample-v1-6acc083e47739d473966_knn N=5 seed=123 method=knn seconds=1.00 progress=196
2026-09-30 19:11:23 | INFO    | completed sample-v1-fe6c405888ad240f7c38_mahalanobis N=5 seed=2026 method=mahalanobis seconds=0.36 progress=197
2026-09-30 19:11:24 | INFO    | completed sample-v1-fe6c405888ad240f7c38_knn N=5 seed=2026 method=knn seconds=0.97 progress=198
2026-09-30 19:11:26 | INFO    | completed sample-v1-a7aba13f99260ce9a935_mahalanobis N=5 seed=42 method=mahalanobis seconds=0.35 progress=199
2026-09-30 19:11:28 | INFO    | completed sample-v1-a7aba13f99260ce9a935_knn N=5 seed=42 method=knn seconds=0.94 progress=200
2026-09-30 19:11:30 | INFO    | completed sample-v1-402f9adf1f41b92459b0_mahalanobis N=5 seed=123 method=mahalanobis seconds=0.35 progress=201
2026-09-30 19:11:31 | INFO    | completed sample-v1-402f9adf1f41b92459b0_knn N=5 seed=123 method=knn seconds=0.96 progress=202
2026-09-30 19:11:34 | INFO    | completed sample-v1-0114ca4eeafbc7b35a7f_mahalanobis N=5 seed=2026 method=mahalanobis seconds=0.36 progress=203
2026-09-30 19:11:35 | INFO    | completed sample-v1-0114ca4eeafbc7b35a7f_knn N=5 seed=2026 method=knn seconds=0.97 progress=204
2026-09-30 19:11:37 | INFO    | completed sample-v1-ddf95b08c88734811b40_mahalanobis N=5 seed=42 method=mahalanobis seconds=0.35 progress=205
2026-09-30 19:11:39 | INFO    | completed sample-v1-ddf95b08c88734811b40_knn N=5 seed=42 method=knn seconds=0.95 progress=206
2026-09-30 19:11:41 | INFO    | completed sample-v1-8fad974d152602836489_mahalanobis N=5 seed=123 method=mahalanobis seconds=0.39 progress=207
2026-09-30 19:11:42 | INFO    | completed sample-v1-8fad974d152602836489_knn N=5 seed=123 method=knn seconds=0.98 progress=208
2026-09-30 19:11:45 | INFO    | completed sample-v1-2fd2e1d8aea7a3957263_mahalanobis N=5 seed=2026 method=mahalanobis seconds=0.39 progress=209
2026-09-30 19:11:46 | INFO    | completed sample-v1-2fd2e1d8aea7a3957263_knn N=5 seed=2026 method=knn seconds=0.99 progress=210
2026-09-30 19:11:48 | INFO    | completed sample-v1-6f70e33be1e13326c2e7_mahalanobis N=5 seed=42 method=mahalanobis seconds=0.38 progress=211
2026-09-30 19:11:50 | INFO    | completed sample-v1-6f70e33be1e13326c2e7_knn N=5 seed=42 method=knn seconds=1.00 progress=212
2026-09-30 19:11:52 | INFO    | completed sample-v1-9374e62d8a3c4fb8ceae_mahalanobis N=5 seed=123 method=mahalanobis seconds=0.39 progress=213
2026-09-30 19:11:54 | INFO    | completed sample-v1-9374e62d8a3c4fb8ceae_knn N=5 seed=123 method=knn seconds=1.04 progress=214
2026-09-30 19:11:56 | INFO    | completed sample-v1-6139073d13b8b1bb8a66_mahalanobis N=5 seed=2026 method=mahalanobis seconds=0.41 progress=215
2026-09-30 19:11:58 | INFO    | completed sample-v1-6139073d13b8b1bb8a66_knn N=5 seed=2026 method=knn seconds=1.01 progress=216
2026-09-30 19:12:00 | INFO    | completed sample-v1-21626ddbaabd41edc711_mahalanobis N=5 seed=42 method=mahalanobis seconds=0.41 progress=217
2026-09-30 19:12:01 | INFO    | completed sample-v1-21626ddbaabd41edc711_knn N=5 seed=42 method=knn seconds=0.98 progress=218
2026-09-30 19:12:03 | INFO    | completed sample-v1-0bf7880c55f36ff33c88_mahalanobis N=5 seed=123 method=mahalanobis seconds=0.39 progress=219
2026-09-30 19:12:05 | INFO    | completed sample-v1-0bf7880c55f36ff33c88_knn N=5 seed=123 method=knn seconds=1.04 progress=220
2026-09-30 19:12:07 | INFO    | completed sample-v1-d396130b3f30bb655877_mahalanobis N=5 seed=2026 method=mahalanobis seconds=0.37 progress=221
2026-09-30 19:12:09 | INFO    | completed sample-v1-d396130b3f30bb655877_knn N=5 seed=2026 method=knn seconds=0.97 progress=222
2026-09-30 19:12:11 | INFO    | completed sample-v1-000610ed687b9b3f40cf_mahalanobis N=5 seed=42 method=mahalanobis seconds=0.37 progress=223
2026-09-30 19:12:12 | INFO    | completed sample-v1-000610ed687b9b3f40cf_knn N=5 seed=42 method=knn seconds=0.98 progress=224
2026-09-30 19:12:14 | INFO    | completed sample-v1-b5c914318ea1dd4a7fcc_mahalanobis N=5 seed=123 method=mahalanobis seconds=0.36 progress=225
2026-09-30 19:12:16 | INFO    | completed sample-v1-b5c914318ea1dd4a7fcc_knn N=5 seed=123 method=knn seconds=1.01 progress=226
2026-09-30 19:12:18 | INFO    | completed sample-v1-8f163d362475d953599f_mahalanobis N=5 seed=2026 method=mahalanobis seconds=0.39 progress=227
2026-09-30 19:12:20 | INFO    | completed sample-v1-8f163d362475d953599f_knn N=5 seed=2026 method=knn seconds=1.01 progress=228
2026-09-30 19:12:22 | INFO    | completed sample-v1-5b91e94afb1e988d0301_mahalanobis N=5 seed=42 method=mahalanobis seconds=0.36 progress=229
2026-09-30 19:12:23 | INFO    | completed sample-v1-5b91e94afb1e988d0301_knn N=5 seed=42 method=knn seconds=0.95 progress=230
2026-09-30 19:12:25 | INFO    | completed sample-v1-2c6cc170b7c7eaafc921_mahalanobis N=5 seed=123 method=mahalanobis seconds=0.37 progress=231
2026-09-30 19:12:27 | INFO    | completed sample-v1-2c6cc170b7c7eaafc921_knn N=5 seed=123 method=knn seconds=0.98 progress=232
2026-09-30 19:12:29 | INFO    | completed sample-v1-62e22ec37b1ee36b5e1b_mahalanobis N=5 seed=2026 method=mahalanobis seconds=0.39 progress=233
2026-09-30 19:12:31 | INFO    | completed sample-v1-62e22ec37b1ee36b5e1b_knn N=5 seed=2026 method=knn seconds=1.06 progress=234
2026-09-30 19:12:33 | INFO    | completed sample-v1-f31d67d2aaead36a531f_mahalanobis N=5 seed=42 method=mahalanobis seconds=0.39 progress=235
2026-09-30 19:12:35 | INFO    | completed sample-v1-f31d67d2aaead36a531f_knn N=5 seed=42 method=knn seconds=1.02 progress=236
2026-09-30 19:12:37 | INFO    | completed sample-v1-5dd011c15633480eeb06_mahalanobis N=5 seed=123 method=mahalanobis seconds=0.38 progress=237
2026-09-30 19:12:38 | INFO    | completed sample-v1-5dd011c15633480eeb06_knn N=5 seed=123 method=knn seconds=1.04 progress=238
2026-09-30 19:12:40 | INFO    | completed sample-v1-87fe122b0dd1437ff9b8_mahalanobis N=5 seed=2026 method=mahalanobis seconds=0.37 progress=239
2026-09-30 19:12:42 | INFO    | completed sample-v1-87fe122b0dd1437ff9b8_knn N=5 seed=2026 method=knn seconds=1.00 progress=240
2026-09-30 19:12:44 | INFO    | completed sample-v1-56f87f992278572bf88e_mahalanobis N=5 seed=42 method=mahalanobis seconds=0.34 progress=241
2026-09-30 19:12:46 | INFO    | completed sample-v1-56f87f992278572bf88e_knn N=5 seed=42 method=knn seconds=0.94 progress=242
2026-09-30 19:12:48 | INFO    | completed sample-v1-7580193c0221080195c3_mahalanobis N=5 seed=123 method=mahalanobis seconds=0.35 progress=243
2026-09-30 19:12:49 | INFO    | completed sample-v1-7580193c0221080195c3_knn N=5 seed=123 method=knn seconds=1.02 progress=244
2026-09-30 19:12:51 | INFO    | completed sample-v1-a73ce495903fd8ed1748_mahalanobis N=5 seed=2026 method=mahalanobis seconds=0.40 progress=245
2026-09-30 19:12:53 | INFO    | completed sample-v1-a73ce495903fd8ed1748_knn N=5 seed=2026 method=knn seconds=0.99 progress=246
2026-09-30 19:12:55 | INFO    | completed sample-v1-5159427cef6754af0377_mahalanobis N=5 seed=42 method=mahalanobis seconds=0.35 progress=247
2026-09-30 19:12:57 | INFO    | completed sample-v1-5159427cef6754af0377_knn N=5 seed=42 method=knn seconds=0.96 progress=248
2026-09-30 19:12:59 | INFO    | completed sample-v1-56d6695c201bb32d1c0d_mahalanobis N=5 seed=123 method=mahalanobis seconds=0.38 progress=249
2026-09-30 19:13:00 | INFO    | completed sample-v1-56d6695c201bb32d1c0d_knn N=5 seed=123 method=knn seconds=1.01 progress=250
2026-09-30 19:13:02 | INFO    | completed sample-v1-a5fb66b48d843caa1918_mahalanobis N=5 seed=2026 method=mahalanobis seconds=0.38 progress=251
2026-09-30 19:13:04 | INFO    | completed sample-v1-a5fb66b48d843caa1918_knn N=5 seed=2026 method=knn seconds=0.97 progress=252
2026-09-30 19:13:06 | INFO    | completed sample-v1-fff2e46acb7a4d97254f_mahalanobis N=5 seed=42 method=mahalanobis seconds=0.38 progress=253
2026-09-30 19:13:08 | INFO    | completed sample-v1-fff2e46acb7a4d97254f_knn N=5 seed=42 method=knn seconds=0.94 progress=254
2026-09-30 19:13:10 | INFO    | completed sample-v1-a686a6b3bd30d4093d9e_mahalanobis N=5 seed=123 method=mahalanobis seconds=0.41 progress=255
2026-09-30 19:13:11 | INFO    | completed sample-v1-a686a6b3bd30d4093d9e_knn N=5 seed=123 method=knn seconds=1.04 progress=256
2026-09-30 19:13:13 | INFO    | completed sample-v1-b2330232171bc1bdc335_mahalanobis N=5 seed=2026 method=mahalanobis seconds=0.38 progress=257
2026-09-30 19:13:15 | INFO    | completed sample-v1-b2330232171bc1bdc335_knn N=5 seed=2026 method=knn seconds=1.00 progress=258
2026-09-30 19:13:17 | INFO    | completed sample-v1-123e1a021d3324a3c36e_mahalanobis N=5 seed=42 method=mahalanobis seconds=0.35 progress=259
2026-09-30 19:13:19 | INFO    | completed sample-v1-123e1a021d3324a3c36e_knn N=5 seed=42 method=knn seconds=0.94 progress=260
2026-09-30 19:13:21 | INFO    | completed sample-v1-ba501aba2d32d7739266_mahalanobis N=5 seed=123 method=mahalanobis seconds=0.43 progress=261
2026-09-30 19:13:22 | INFO    | completed sample-v1-ba501aba2d32d7739266_knn N=5 seed=123 method=knn seconds=1.00 progress=262
2026-09-30 19:13:24 | INFO    | completed sample-v1-2aa120e8f21c4793cc9a_mahalanobis N=5 seed=2026 method=mahalanobis seconds=0.39 progress=263
2026-09-30 19:13:26 | INFO    | completed sample-v1-2aa120e8f21c4793cc9a_knn N=5 seed=2026 method=knn seconds=0.97 progress=264
2026-09-30 19:13:28 | INFO    | completed sample-v1-3e87ac16620df0d20742_mahalanobis N=5 seed=42 method=mahalanobis seconds=0.35 progress=265
2026-09-30 19:13:30 | INFO    | completed sample-v1-3e87ac16620df0d20742_knn N=5 seed=42 method=knn seconds=0.94 progress=266
2026-09-30 19:13:32 | INFO    | completed sample-v1-c6cbe3eb4504a39e443e_mahalanobis N=5 seed=123 method=mahalanobis seconds=0.42 progress=267
2026-09-30 19:13:33 | INFO    | completed sample-v1-c6cbe3eb4504a39e443e_knn N=5 seed=123 method=knn seconds=1.00 progress=268
2026-09-30 19:13:35 | INFO    | completed sample-v1-0ac7078b81cfe71b4ac5_mahalanobis N=5 seed=2026 method=mahalanobis seconds=0.39 progress=269
2026-09-30 19:13:37 | INFO    | completed sample-v1-0ac7078b81cfe71b4ac5_knn N=5 seed=2026 method=knn seconds=1.01 progress=270
2026-09-30 19:13:39 | INFO    | completed sample-v1-7a5fbc59f143b2f928cc_mahalanobis N=5 seed=42 method=mahalanobis seconds=0.39 progress=271
2026-09-30 19:13:41 | INFO    | completed sample-v1-7a5fbc59f143b2f928cc_knn N=5 seed=42 method=knn seconds=1.01 progress=272
2026-09-30 19:13:43 | INFO    | completed sample-v1-9427b583ae04865846dc_mahalanobis N=5 seed=123 method=mahalanobis seconds=0.42 progress=273
2026-09-30 19:13:45 | INFO    | completed sample-v1-9427b583ae04865846dc_knn N=5 seed=123 method=knn seconds=1.12 progress=274
2026-09-30 19:13:47 | INFO    | completed sample-v1-5d736998288045f0435d_mahalanobis N=5 seed=2026 method=mahalanobis seconds=0.40 progress=275
2026-09-30 19:13:48 | INFO    | completed sample-v1-5d736998288045f0435d_knn N=5 seed=2026 method=knn seconds=1.00 progress=276
2026-09-30 19:13:51 | INFO    | completed sample-v1-d98c454109ef7165355c_mahalanobis N=5 seed=42 method=mahalanobis seconds=0.40 progress=277
2026-09-30 19:13:52 | INFO    | completed sample-v1-d98c454109ef7165355c_knn N=5 seed=42 method=knn seconds=1.02 progress=278
2026-09-30 19:13:54 | INFO    | completed sample-v1-37fc3bd9c3b358589bdc_mahalanobis N=5 seed=123 method=mahalanobis seconds=0.36 progress=279
2026-09-30 19:13:56 | INFO    | completed sample-v1-37fc3bd9c3b358589bdc_knn N=5 seed=123 method=knn seconds=1.01 progress=280
2026-09-30 19:13:58 | INFO    | completed sample-v1-f26a30f1ad5ec6c53954_mahalanobis N=5 seed=2026 method=mahalanobis seconds=0.40 progress=281
2026-09-30 19:14:00 | INFO    | completed sample-v1-f26a30f1ad5ec6c53954_knn N=5 seed=2026 method=knn seconds=1.02 progress=282
2026-09-30 19:14:02 | INFO    | completed sample-v1-c1a42ce56b39e11f9b90_mahalanobis N=5 seed=42 method=mahalanobis seconds=0.38 progress=283
2026-09-30 19:14:03 | INFO    | completed sample-v1-c1a42ce56b39e11f9b90_knn N=5 seed=42 method=knn seconds=0.98 progress=284
2026-09-30 19:14:05 | INFO    | completed sample-v1-a6bfbb6de03aec33493d_mahalanobis N=5 seed=123 method=mahalanobis seconds=0.39 progress=285
2026-09-30 19:14:07 | INFO    | completed sample-v1-a6bfbb6de03aec33493d_knn N=5 seed=123 method=knn seconds=0.97 progress=286
2026-09-30 19:14:09 | INFO    | completed sample-v1-a217a6db6c8db65fda9e_mahalanobis N=5 seed=2026 method=mahalanobis seconds=0.42 progress=287
2026-09-30 19:14:11 | INFO    | completed sample-v1-a217a6db6c8db65fda9e_knn N=5 seed=2026 method=knn seconds=1.01 progress=288
2026-09-30 19:14:13 | INFO    | completed sample-v1-70a72eb2f337798cfadc_mahalanobis N=5 seed=42 method=mahalanobis seconds=0.40 progress=289
2026-09-30 19:14:15 | INFO    | completed sample-v1-70a72eb2f337798cfadc_knn N=5 seed=42 method=knn seconds=1.02 progress=290
2026-09-30 19:14:17 | INFO    | completed sample-v1-e818c069756babf8cbb4_mahalanobis N=5 seed=123 method=mahalanobis seconds=0.35 progress=291
2026-09-30 19:14:18 | INFO    | completed sample-v1-e818c069756babf8cbb4_knn N=5 seed=123 method=knn seconds=0.99 progress=292
2026-09-30 19:14:20 | INFO    | completed sample-v1-3e4315a54f6e6429d80d_mahalanobis N=5 seed=2026 method=mahalanobis seconds=0.37 progress=293
2026-09-30 19:14:22 | INFO    | completed sample-v1-3e4315a54f6e6429d80d_knn N=5 seed=2026 method=knn seconds=0.96 progress=294
2026-09-30 19:14:24 | INFO    | completed sample-v1-7204fc56b0d2159d4f70_mahalanobis N=5 seed=42 method=mahalanobis seconds=0.37 progress=295
2026-09-30 19:14:25 | INFO    | completed sample-v1-7204fc56b0d2159d4f70_knn N=5 seed=42 method=knn seconds=0.93 progress=296
2026-09-30 19:14:27 | INFO    | completed sample-v1-17ef552c82852faf34a5_mahalanobis N=5 seed=123 method=mahalanobis seconds=0.37 progress=297
2026-09-30 19:14:29 | INFO    | completed sample-v1-17ef552c82852faf34a5_knn N=5 seed=123 method=knn seconds=0.97 progress=298
2026-09-30 19:14:31 | INFO    | completed sample-v1-fe0715660f75bccc31b3_mahalanobis N=5 seed=2026 method=mahalanobis seconds=0.41 progress=299
2026-09-30 19:14:32 | INFO    | completed sample-v1-fe0715660f75bccc31b3_knn N=5 seed=2026 method=knn seconds=1.03 progress=300
2026-09-30 19:14:34 | INFO    | completed sample-v1-b2e661fb910a2beefb32_mahalanobis N=5 seed=42 method=mahalanobis seconds=0.37 progress=301
2026-09-30 19:14:36 | INFO    | completed sample-v1-b2e661fb910a2beefb32_knn N=5 seed=42 method=knn seconds=0.95 progress=302
2026-09-30 19:14:38 | INFO    | completed sample-v1-b1c66c421333985020dc_mahalanobis N=5 seed=123 method=mahalanobis seconds=0.36 progress=303
2026-09-30 19:14:40 | INFO    | completed sample-v1-b1c66c421333985020dc_knn N=5 seed=123 method=knn seconds=0.94 progress=304
2026-09-30 19:14:42 | INFO    | completed sample-v1-14caaf4e9e2316716d07_mahalanobis N=5 seed=2026 method=mahalanobis seconds=0.41 progress=305
2026-09-30 19:14:43 | INFO    | completed sample-v1-14caaf4e9e2316716d07_knn N=5 seed=2026 method=knn seconds=1.07 progress=306
2026-09-30 19:14:46 | INFO    | completed sample-v1-96726a5ada310479173e_mahalanobis N=5 seed=42 method=mahalanobis seconds=0.40 progress=307
2026-09-30 19:14:47 | INFO    | completed sample-v1-96726a5ada310479173e_knn N=5 seed=42 method=knn seconds=1.09 progress=308
2026-09-30 19:14:49 | INFO    | completed sample-v1-38d732f41770f6bbbddb_mahalanobis N=5 seed=123 method=mahalanobis seconds=0.37 progress=309
2026-09-30 19:14:51 | INFO    | completed sample-v1-38d732f41770f6bbbddb_knn N=5 seed=123 method=knn seconds=1.00 progress=310
2026-09-30 19:14:53 | INFO    | completed sample-v1-b8721e53e98a1e4d1250_mahalanobis N=5 seed=2026 method=mahalanobis seconds=0.39 progress=311
2026-09-30 19:14:55 | INFO    | completed sample-v1-b8721e53e98a1e4d1250_knn N=5 seed=2026 method=knn seconds=1.02 progress=312
2026-09-30 19:14:57 | INFO    | completed sample-v1-7db7e55a32f48bc434e1_mahalanobis N=5 seed=42 method=mahalanobis seconds=0.38 progress=313
2026-09-30 19:14:58 | INFO    | completed sample-v1-7db7e55a32f48bc434e1_knn N=5 seed=42 method=knn seconds=0.95 progress=314
2026-09-30 19:15:00 | INFO    | completed sample-v1-eabc643c01635ebff3f0_mahalanobis N=5 seed=123 method=mahalanobis seconds=0.38 progress=315
2026-09-30 19:15:02 | INFO    | completed sample-v1-eabc643c01635ebff3f0_knn N=5 seed=123 method=knn seconds=0.97 progress=316
2026-09-30 19:15:04 | INFO    | completed sample-v1-a851a8ef2b7985d56967_mahalanobis N=5 seed=2026 method=mahalanobis seconds=0.35 progress=317
2026-09-30 19:15:05 | INFO    | completed sample-v1-a851a8ef2b7985d56967_knn N=5 seed=2026 method=knn seconds=0.94 progress=318
2026-09-30 19:15:07 | INFO    | completed sample-v1-799f08a89df1ad18cbb4_mahalanobis N=5 seed=42 method=mahalanobis seconds=0.33 progress=319
2026-09-30 19:15:09 | INFO    | completed sample-v1-799f08a89df1ad18cbb4_knn N=5 seed=42 method=knn seconds=0.93 progress=320
2026-09-30 19:15:11 | INFO    | completed sample-v1-f2d8ad8cd47909230f9d_mahalanobis N=5 seed=123 method=mahalanobis seconds=0.34 progress=321
2026-09-30 19:15:12 | INFO    | completed sample-v1-f2d8ad8cd47909230f9d_knn N=5 seed=123 method=knn seconds=0.94 progress=322
2026-09-30 19:15:14 | INFO    | completed sample-v1-c34688e07a8e59b6126c_mahalanobis N=5 seed=2026 method=mahalanobis seconds=0.36 progress=323
2026-09-30 19:15:16 | INFO    | completed sample-v1-c34688e07a8e59b6126c_knn N=5 seed=2026 method=knn seconds=0.95 progress=324
2026-09-30 19:15:18 | INFO    | completed sample-v1-05d7e764d37e9dda6e43_mahalanobis N=5 seed=42 method=mahalanobis seconds=0.35 progress=325
2026-09-30 19:15:19 | INFO    | completed sample-v1-05d7e764d37e9dda6e43_knn N=5 seed=42 method=knn seconds=0.92 progress=326
2026-09-30 19:15:21 | INFO    | completed sample-v1-0e8edb5dd9f16121772c_mahalanobis N=5 seed=123 method=mahalanobis seconds=0.38 progress=327
2026-09-30 19:15:23 | INFO    | completed sample-v1-0e8edb5dd9f16121772c_knn N=5 seed=123 method=knn seconds=0.96 progress=328
2026-09-30 19:15:25 | INFO    | completed sample-v1-caced8ec7ac7544dfbc3_mahalanobis N=5 seed=2026 method=mahalanobis seconds=0.37 progress=329
2026-09-30 19:15:26 | INFO    | completed sample-v1-caced8ec7ac7544dfbc3_knn N=5 seed=2026 method=knn seconds=0.95 progress=330
2026-09-30 19:15:28 | INFO    | completed sample-v1-446e13e609aae5d152a9_mahalanobis N=5 seed=42 method=mahalanobis seconds=0.38 progress=331
2026-09-30 19:15:30 | INFO    | completed sample-v1-446e13e609aae5d152a9_knn N=5 seed=42 method=knn seconds=0.98 progress=332
2026-09-30 19:15:32 | INFO    | completed sample-v1-59b0f45959c76e19dc01_mahalanobis N=5 seed=123 method=mahalanobis seconds=0.37 progress=333
2026-09-30 19:15:34 | INFO    | completed sample-v1-59b0f45959c76e19dc01_knn N=5 seed=123 method=knn seconds=1.00 progress=334
2026-09-30 19:15:36 | INFO    | completed sample-v1-3c5688eef3eff8067ca0_mahalanobis N=5 seed=2026 method=mahalanobis seconds=0.39 progress=335
2026-09-30 19:15:37 | INFO    | completed sample-v1-3c5688eef3eff8067ca0_knn N=5 seed=2026 method=knn seconds=0.96 progress=336
2026-09-30 19:15:39 | INFO    | completed sample-v1-7fbf3d3102331ab76ff0_mahalanobis N=5 seed=42 method=mahalanobis seconds=0.35 progress=337
2026-09-30 19:15:41 | INFO    | completed sample-v1-7fbf3d3102331ab76ff0_knn N=5 seed=42 method=knn seconds=0.96 progress=338
2026-09-30 19:15:43 | INFO    | completed sample-v1-4ead7e122c1106781b27_mahalanobis N=5 seed=123 method=mahalanobis seconds=0.37 progress=339
2026-09-30 19:15:44 | INFO    | completed sample-v1-4ead7e122c1106781b27_knn N=5 seed=123 method=knn seconds=0.97 progress=340
2026-09-30 19:15:46 | INFO    | completed sample-v1-246ca603cdfce5d135d8_mahalanobis N=5 seed=2026 method=mahalanobis seconds=0.37 progress=341
2026-09-30 19:15:48 | INFO    | completed sample-v1-246ca603cdfce5d135d8_knn N=5 seed=2026 method=knn seconds=0.94 progress=342
2026-09-30 19:15:50 | INFO    | completed sample-v1-ab79df03c11f9280a3e4_mahalanobis N=5 seed=42 method=mahalanobis seconds=0.35 progress=343
2026-09-30 19:15:51 | INFO    | completed sample-v1-ab79df03c11f9280a3e4_knn N=5 seed=42 method=knn seconds=0.95 progress=344
2026-09-30 19:15:53 | INFO    | completed sample-v1-17fec19a58b8ab93d2c0_mahalanobis N=5 seed=123 method=mahalanobis seconds=0.36 progress=345
2026-09-30 19:15:55 | INFO    | completed sample-v1-17fec19a58b8ab93d2c0_knn N=5 seed=123 method=knn seconds=1.00 progress=346
2026-09-30 19:15:57 | INFO    | completed sample-v1-d3ee619c22b43a87e792_mahalanobis N=5 seed=2026 method=mahalanobis seconds=0.38 progress=347
2026-09-30 19:15:59 | INFO    | completed sample-v1-d3ee619c22b43a87e792_knn N=5 seed=2026 method=knn seconds=0.95 progress=348
2026-09-30 19:16:01 | INFO    | completed sample-v1-7e7a11036d2fce7268ba_mahalanobis N=5 seed=42 method=mahalanobis seconds=0.37 progress=349
2026-09-30 19:16:02 | INFO    | completed sample-v1-7e7a11036d2fce7268ba_knn N=5 seed=42 method=knn seconds=0.96 progress=350
2026-09-30 19:16:04 | INFO    | completed sample-v1-faaba6ad5b35169074c1_mahalanobis N=5 seed=123 method=mahalanobis seconds=0.36 progress=351
2026-09-30 19:16:06 | INFO    | completed sample-v1-faaba6ad5b35169074c1_knn N=5 seed=123 method=knn seconds=1.00 progress=352
2026-09-30 19:16:08 | INFO    | completed sample-v1-910a9ca4c44f79730ec4_mahalanobis N=5 seed=2026 method=mahalanobis seconds=0.38 progress=353
2026-09-30 19:16:10 | INFO    | completed sample-v1-910a9ca4c44f79730ec4_knn N=5 seed=2026 method=knn seconds=0.99 progress=354
2026-09-30 19:16:12 | INFO    | completed sample-v1-c783f1851e9306f07bd4_mahalanobis N=5 seed=42 method=mahalanobis seconds=0.35 progress=355
2026-09-30 19:16:13 | INFO    | completed sample-v1-c783f1851e9306f07bd4_knn N=5 seed=42 method=knn seconds=0.99 progress=356
2026-09-30 19:16:15 | INFO    | completed sample-v1-1b34102ba34314970bea_mahalanobis N=5 seed=123 method=mahalanobis seconds=0.34 progress=357
2026-09-30 19:16:17 | INFO    | completed sample-v1-1b34102ba34314970bea_knn N=5 seed=123 method=knn seconds=0.94 progress=358
2026-09-30 19:16:19 | INFO    | completed sample-v1-f2645262bfc66e8a4163_mahalanobis N=5 seed=2026 method=mahalanobis seconds=0.36 progress=359
2026-09-30 19:16:20 | INFO    | completed sample-v1-f2645262bfc66e8a4163_knn N=5 seed=2026 method=knn seconds=0.93 progress=360
2026-09-30 19:16:22 | INFO    | completed sample-v1-6133b943f02e6fb8c40a_mahalanobis N=5 seed=42 method=mahalanobis seconds=0.34 progress=361
2026-09-30 19:16:24 | INFO    | completed sample-v1-6133b943f02e6fb8c40a_knn N=5 seed=42 method=knn seconds=1.00 progress=362
2026-09-30 19:16:26 | INFO    | completed sample-v1-9c5b20532310134f3609_mahalanobis N=5 seed=123 method=mahalanobis seconds=0.34 progress=363
2026-09-30 19:16:27 | INFO    | completed sample-v1-9c5b20532310134f3609_knn N=5 seed=123 method=knn seconds=0.94 progress=364
2026-09-30 19:16:29 | INFO    | completed sample-v1-2901a09ed8911d282ff3_mahalanobis N=5 seed=2026 method=mahalanobis seconds=0.37 progress=365
2026-09-30 19:16:31 | INFO    | completed sample-v1-2901a09ed8911d282ff3_knn N=5 seed=2026 method=knn seconds=0.93 progress=366
2026-09-30 19:16:33 | INFO    | completed sample-v1-64437103b77643e470a7_mahalanobis N=5 seed=42 method=mahalanobis seconds=0.35 progress=367
2026-09-30 19:16:34 | INFO    | completed sample-v1-64437103b77643e470a7_knn N=5 seed=42 method=knn seconds=0.98 progress=368
2026-09-30 19:16:36 | INFO    | completed sample-v1-7ca3a179a3816c447720_mahalanobis N=5 seed=123 method=mahalanobis seconds=0.37 progress=369
2026-09-30 19:16:38 | INFO    | completed sample-v1-7ca3a179a3816c447720_knn N=5 seed=123 method=knn seconds=1.00 progress=370
2026-09-30 19:16:40 | INFO    | completed sample-v1-65f47665833b6767c20a_mahalanobis N=5 seed=2026 method=mahalanobis seconds=0.42 progress=371
2026-09-30 19:16:42 | INFO    | completed sample-v1-65f47665833b6767c20a_knn N=5 seed=2026 method=knn seconds=0.95 progress=372
2026-09-30 19:16:44 | INFO    | completed sample-v1-9901a8a816ebd7e395d2_mahalanobis N=5 seed=42 method=mahalanobis seconds=0.36 progress=373
2026-09-30 19:16:45 | INFO    | completed sample-v1-9901a8a816ebd7e395d2_knn N=5 seed=42 method=knn seconds=0.99 progress=374
2026-09-30 19:16:47 | INFO    | completed sample-v1-1c4006c2f6d33f16f8d3_mahalanobis N=5 seed=123 method=mahalanobis seconds=0.36 progress=375
2026-09-30 19:16:49 | INFO    | completed sample-v1-1c4006c2f6d33f16f8d3_knn N=5 seed=123 method=knn seconds=0.99 progress=376
2026-09-30 19:16:51 | INFO    | completed sample-v1-fb96b5a138d5c9ce0814_mahalanobis N=5 seed=2026 method=mahalanobis seconds=0.41 progress=377
2026-09-30 19:16:52 | INFO    | completed sample-v1-fb96b5a138d5c9ce0814_knn N=5 seed=2026 method=knn seconds=0.95 progress=378
2026-09-30 19:16:54 | INFO    | completed sample-v1-76910664888363ae21b3_mahalanobis N=5 seed=42 method=mahalanobis seconds=0.36 progress=379
2026-09-30 19:16:56 | INFO    | completed sample-v1-76910664888363ae21b3_knn N=5 seed=42 method=knn seconds=0.95 progress=380
2026-09-30 19:16:58 | INFO    | completed sample-v1-7cb5adfd1af59df04e77_mahalanobis N=5 seed=123 method=mahalanobis seconds=0.36 progress=381
2026-09-30 19:16:59 | INFO    | completed sample-v1-7cb5adfd1af59df04e77_knn N=5 seed=123 method=knn seconds=0.96 progress=382
2026-09-30 19:17:01 | INFO    | completed sample-v1-df8c343ac486599ec343_mahalanobis N=5 seed=2026 method=mahalanobis seconds=0.41 progress=383
2026-09-30 19:17:03 | INFO    | completed sample-v1-df8c343ac486599ec343_knn N=5 seed=2026 method=knn seconds=0.94 progress=384
2026-09-30 19:17:05 | INFO    | completed sample-v1-97ec507a75d386786972_mahalanobis N=5 seed=42 method=mahalanobis seconds=0.33 progress=385
2026-09-30 19:17:07 | INFO    | completed sample-v1-97ec507a75d386786972_knn N=5 seed=42 method=knn seconds=0.94 progress=386
2026-09-30 19:17:08 | INFO    | completed sample-v1-97af8f0fdcda90ad1471_mahalanobis N=5 seed=123 method=mahalanobis seconds=0.34 progress=387
2026-09-30 19:17:10 | INFO    | completed sample-v1-97af8f0fdcda90ad1471_knn N=5 seed=123 method=knn seconds=0.96 progress=388
2026-09-30 19:17:12 | INFO    | completed sample-v1-22faf289227ceb004715_mahalanobis N=5 seed=2026 method=mahalanobis seconds=0.35 progress=389
2026-09-30 19:17:14 | INFO    | completed sample-v1-22faf289227ceb004715_knn N=5 seed=2026 method=knn seconds=0.93 progress=390
2026-09-30 19:17:15 | INFO    | completed sample-v1-b103348b275e9ac52ae2_mahalanobis N=5 seed=42 method=mahalanobis seconds=0.35 progress=391
2026-09-30 19:17:17 | INFO    | completed sample-v1-b103348b275e9ac52ae2_knn N=5 seed=42 method=knn seconds=0.95 progress=392
2026-09-30 19:17:19 | INFO    | completed sample-v1-178fe0741ed78c83ffb6_mahalanobis N=5 seed=123 method=mahalanobis seconds=0.34 progress=393
2026-09-30 19:17:20 | INFO    | completed sample-v1-178fe0741ed78c83ffb6_knn N=5 seed=123 method=knn seconds=0.96 progress=394
2026-09-30 19:17:22 | INFO    | completed sample-v1-0101bb44760bf6f06e3f_mahalanobis N=5 seed=2026 method=mahalanobis seconds=0.36 progress=395
2026-09-30 19:17:24 | INFO    | completed sample-v1-0101bb44760bf6f06e3f_knn N=5 seed=2026 method=knn seconds=0.94 progress=396
2026-09-30 19:17:26 | INFO    | completed sample-v1-afb2b0f2c4cdd65d523a_mahalanobis N=5 seed=42 method=mahalanobis seconds=0.35 progress=397
2026-09-30 19:17:28 | INFO    | completed sample-v1-afb2b0f2c4cdd65d523a_knn N=5 seed=42 method=knn seconds=0.94 progress=398
2026-09-30 19:17:29 | INFO    | completed sample-v1-db93943559cbdbf38958_mahalanobis N=5 seed=123 method=mahalanobis seconds=0.34 progress=399
2026-09-30 19:17:31 | INFO    | completed sample-v1-db93943559cbdbf38958_knn N=5 seed=123 method=knn seconds=0.99 progress=400
2026-09-30 19:17:33 | INFO    | completed sample-v1-23cd5ec1f441fec56785_mahalanobis N=5 seed=2026 method=mahalanobis seconds=0.35 progress=401
2026-09-30 19:17:35 | INFO    | completed sample-v1-23cd5ec1f441fec56785_knn N=5 seed=2026 method=knn seconds=0.93 progress=402
2026-09-30 19:17:37 | INFO    | completed sample-v1-210d3e83f53cf48dc7fc_mahalanobis N=5 seed=42 method=mahalanobis seconds=0.35 progress=403
2026-09-30 19:17:38 | INFO    | completed sample-v1-210d3e83f53cf48dc7fc_knn N=5 seed=42 method=knn seconds=0.94 progress=404
2026-09-30 19:17:40 | INFO    | completed sample-v1-877521ba826593034a8f_mahalanobis N=5 seed=123 method=mahalanobis seconds=0.33 progress=405
2026-09-30 19:17:42 | INFO    | completed sample-v1-877521ba826593034a8f_knn N=5 seed=123 method=knn seconds=0.94 progress=406
2026-09-30 19:17:44 | INFO    | completed sample-v1-7c21edad369eed2f8565_mahalanobis N=5 seed=2026 method=mahalanobis seconds=0.34 progress=407
2026-09-30 19:17:45 | INFO    | completed sample-v1-7c21edad369eed2f8565_knn N=5 seed=2026 method=knn seconds=0.92 progress=408
2026-09-30 19:17:47 | INFO    | completed sample-v1-ee230bb6b3b91384feb6_mahalanobis N=5 seed=42 method=mahalanobis seconds=0.34 progress=409
2026-09-30 19:17:49 | INFO    | completed sample-v1-ee230bb6b3b91384feb6_knn N=5 seed=42 method=knn seconds=0.93 progress=410
2026-09-30 19:17:50 | INFO    | completed sample-v1-9bb9c3af9cb7dfe9edd3_mahalanobis N=5 seed=123 method=mahalanobis seconds=0.34 progress=411
2026-09-30 19:17:52 | INFO    | completed sample-v1-9bb9c3af9cb7dfe9edd3_knn N=5 seed=123 method=knn seconds=0.93 progress=412
2026-09-30 19:17:54 | INFO    | completed sample-v1-0560aa78c550d924d144_mahalanobis N=5 seed=2026 method=mahalanobis seconds=0.37 progress=413
2026-09-30 19:17:55 | INFO    | completed sample-v1-0560aa78c550d924d144_knn N=5 seed=2026 method=knn seconds=0.92 progress=414
2026-09-30 19:17:58 | INFO    | completed sample-v1-1755a31a7ec8b1a87c55_mahalanobis N=5 seed=42 method=mahalanobis seconds=0.36 progress=415
2026-09-30 19:17:59 | INFO    | completed sample-v1-1755a31a7ec8b1a87c55_knn N=5 seed=42 method=knn seconds=0.93 progress=416
2026-09-30 19:18:01 | INFO    | completed sample-v1-b6ea8bc6abe667417d3d_mahalanobis N=5 seed=123 method=mahalanobis seconds=0.37 progress=417
2026-09-30 19:18:02 | INFO    | completed sample-v1-b6ea8bc6abe667417d3d_knn N=5 seed=123 method=knn seconds=0.95 progress=418
2026-09-30 19:18:04 | INFO    | completed sample-v1-faaa84e23abb7c7d8b3c_mahalanobis N=5 seed=2026 method=mahalanobis seconds=0.36 progress=419
2026-09-30 19:18:06 | INFO    | completed sample-v1-faaa84e23abb7c7d8b3c_knn N=5 seed=2026 method=knn seconds=0.92 progress=420
2026-09-30 19:18:08 | INFO    | completed sample-v1-3bce00db45af82df6e8d_mahalanobis N=5 seed=42 method=mahalanobis seconds=0.36 progress=421
2026-09-30 19:18:10 | INFO    | completed sample-v1-3bce00db45af82df6e8d_knn N=5 seed=42 method=knn seconds=0.95 progress=422
2026-09-30 19:18:12 | INFO    | completed sample-v1-20e46a3281fdf8df1bd1_mahalanobis N=5 seed=123 method=mahalanobis seconds=0.36 progress=423
2026-09-30 19:18:13 | INFO    | completed sample-v1-20e46a3281fdf8df1bd1_knn N=5 seed=123 method=knn seconds=0.96 progress=424
2026-09-30 19:18:15 | INFO    | completed sample-v1-75ea07f9e419a2a62d72_mahalanobis N=5 seed=2026 method=mahalanobis seconds=0.38 progress=425
2026-09-30 19:18:17 | INFO    | completed sample-v1-75ea07f9e419a2a62d72_knn N=5 seed=2026 method=knn seconds=0.96 progress=426
2026-09-30 19:18:19 | INFO    | completed sample-v1-30e9182ff42ba41e9e69_mahalanobis N=5 seed=42 method=mahalanobis seconds=0.39 progress=427
2026-09-30 19:18:20 | INFO    | completed sample-v1-30e9182ff42ba41e9e69_knn N=5 seed=42 method=knn seconds=0.91 progress=428
2026-09-30 19:18:22 | INFO    | completed sample-v1-8d80b52b53eb670d7795_mahalanobis N=5 seed=123 method=mahalanobis seconds=0.37 progress=429
2026-09-30 19:18:24 | INFO    | completed sample-v1-8d80b52b53eb670d7795_knn N=5 seed=123 method=knn seconds=0.99 progress=430
2026-09-30 19:18:26 | INFO    | completed sample-v1-cd66b52b84de8d0d72e8_mahalanobis N=5 seed=2026 method=mahalanobis seconds=0.38 progress=431
2026-09-30 19:18:27 | INFO    | completed sample-v1-cd66b52b84de8d0d72e8_knn N=5 seed=2026 method=knn seconds=0.95 progress=432
2026-09-30 19:18:29 | INFO    | completed sample-v1-822f2a6850309ba74cfa_mahalanobis N=5 seed=42 method=mahalanobis seconds=0.39 progress=433
2026-09-30 19:18:31 | INFO    | completed sample-v1-822f2a6850309ba74cfa_knn N=5 seed=42 method=knn seconds=0.92 progress=434
2026-09-30 19:18:33 | INFO    | completed sample-v1-ad80f1c4500acb502709_mahalanobis N=5 seed=123 method=mahalanobis seconds=0.38 progress=435
2026-09-30 19:18:35 | INFO    | completed sample-v1-ad80f1c4500acb502709_knn N=5 seed=123 method=knn seconds=0.99 progress=436
2026-09-30 19:18:37 | INFO    | completed sample-v1-bb2cbc7236316788c302_mahalanobis N=5 seed=2026 method=mahalanobis seconds=0.40 progress=437
2026-09-30 19:18:38 | INFO    | completed sample-v1-bb2cbc7236316788c302_knn N=5 seed=2026 method=knn seconds=0.96 progress=438
2026-09-30 19:18:40 | INFO    | completed sample-v1-f9cc7ed2d303a75a75ad_mahalanobis N=5 seed=42 method=mahalanobis seconds=0.39 progress=439
2026-09-30 19:18:42 | INFO    | completed sample-v1-f9cc7ed2d303a75a75ad_knn N=5 seed=42 method=knn seconds=0.95 progress=440
2026-09-30 19:18:44 | INFO    | completed sample-v1-4d497e2e6f8c12dcb85c_mahalanobis N=5 seed=123 method=mahalanobis seconds=0.35 progress=441
2026-09-30 19:18:45 | INFO    | completed sample-v1-4d497e2e6f8c12dcb85c_knn N=5 seed=123 method=knn seconds=0.95 progress=442
2026-09-30 19:18:47 | INFO    | completed sample-v1-01010048b121a3ff6263_mahalanobis N=5 seed=2026 method=mahalanobis seconds=0.38 progress=443
2026-09-30 19:18:49 | INFO    | completed sample-v1-01010048b121a3ff6263_knn N=5 seed=2026 method=knn seconds=0.96 progress=444
2026-09-30 19:18:51 | INFO    | completed sample-v1-608dd48e52d621fd97e3_mahalanobis N=5 seed=42 method=mahalanobis seconds=0.40 progress=445
2026-09-30 19:18:52 | INFO    | completed sample-v1-608dd48e52d621fd97e3_knn N=5 seed=42 method=knn seconds=0.93 progress=446
2026-09-30 19:18:54 | INFO    | completed sample-v1-f9bb5bd321bc92c3f262_mahalanobis N=5 seed=123 method=mahalanobis seconds=0.38 progress=447
2026-09-30 19:18:56 | INFO    | completed sample-v1-f9bb5bd321bc92c3f262_knn N=5 seed=123 method=knn seconds=1.00 progress=448
2026-09-30 19:18:58 | INFO    | completed sample-v1-0344155b9c1273fbaba2_mahalanobis N=5 seed=2026 method=mahalanobis seconds=0.37 progress=449
2026-09-30 19:19:00 | INFO    | completed sample-v1-0344155b9c1273fbaba2_knn N=5 seed=2026 method=knn seconds=0.94 progress=450
2026-09-30 19:19:02 | INFO    | completed sample-v1-f9f73ecd958cba61ddca_mahalanobis N=5 seed=42 method=mahalanobis seconds=0.34 progress=451
2026-09-30 19:19:03 | INFO    | completed sample-v1-f9f73ecd958cba61ddca_knn N=5 seed=42 method=knn seconds=0.97 progress=452
2026-09-30 19:19:05 | INFO    | completed sample-v1-5495c83556b05bea6226_mahalanobis N=5 seed=123 method=mahalanobis seconds=0.37 progress=453
2026-09-30 19:19:07 | INFO    | completed sample-v1-5495c83556b05bea6226_knn N=5 seed=123 method=knn seconds=0.99 progress=454
2026-09-30 19:19:09 | INFO    | completed sample-v1-10a95404d56306338c61_mahalanobis N=5 seed=2026 method=mahalanobis seconds=0.34 progress=455
2026-09-30 19:19:10 | INFO    | completed sample-v1-10a95404d56306338c61_knn N=5 seed=2026 method=knn seconds=0.99 progress=456
2026-09-30 19:19:12 | INFO    | completed sample-v1-0c16350535222db9fdbc_mahalanobis N=5 seed=42 method=mahalanobis seconds=0.38 progress=457
2026-09-30 19:19:14 | INFO    | completed sample-v1-0c16350535222db9fdbc_knn N=5 seed=42 method=knn seconds=1.00 progress=458
2026-09-30 19:19:16 | INFO    | completed sample-v1-0e853b2dfd9041810178_mahalanobis N=5 seed=123 method=mahalanobis seconds=0.36 progress=459
2026-09-30 19:19:18 | INFO    | completed sample-v1-0e853b2dfd9041810178_knn N=5 seed=123 method=knn seconds=0.95 progress=460
2026-09-30 19:19:20 | INFO    | completed sample-v1-17885d3750bab18990cf_mahalanobis N=5 seed=2026 method=mahalanobis seconds=0.33 progress=461
2026-09-30 19:19:21 | INFO    | completed sample-v1-17885d3750bab18990cf_knn N=5 seed=2026 method=knn seconds=0.92 progress=462
2026-09-30 19:19:23 | INFO    | completed sample-v1-a5cf0adefbbe2bd47f41_mahalanobis N=5 seed=42 method=mahalanobis seconds=0.34 progress=463
2026-09-30 19:19:25 | INFO    | completed sample-v1-a5cf0adefbbe2bd47f41_knn N=5 seed=42 method=knn seconds=0.90 progress=464
2026-09-30 19:19:26 | INFO    | completed sample-v1-90fcfc3882cce46f2ac0_mahalanobis N=5 seed=123 method=mahalanobis seconds=0.36 progress=465
2026-09-30 19:19:28 | INFO    | completed sample-v1-90fcfc3882cce46f2ac0_knn N=5 seed=123 method=knn seconds=0.99 progress=466
2026-09-30 19:19:30 | INFO    | completed sample-v1-984863ed399fac1a637e_mahalanobis N=5 seed=2026 method=mahalanobis seconds=0.33 progress=467
2026-09-30 19:19:31 | INFO    | completed sample-v1-984863ed399fac1a637e_knn N=5 seed=2026 method=knn seconds=0.94 progress=468
2026-09-30 19:19:33 | INFO    | completed sample-v1-e0845b0383ad69333b90_mahalanobis N=5 seed=42 method=mahalanobis seconds=0.33 progress=469
2026-09-30 19:19:35 | INFO    | completed sample-v1-e0845b0383ad69333b90_knn N=5 seed=42 method=knn seconds=0.89 progress=470
2026-09-30 19:19:37 | INFO    | completed sample-v1-b407e9e89874318cd5cf_mahalanobis N=5 seed=123 method=mahalanobis seconds=0.34 progress=471
2026-09-30 19:19:39 | INFO    | completed sample-v1-b407e9e89874318cd5cf_knn N=5 seed=123 method=knn seconds=0.96 progress=472
2026-09-30 19:19:40 | INFO    | completed sample-v1-247091ecbc21fc219560_mahalanobis N=5 seed=2026 method=mahalanobis seconds=0.33 progress=473
2026-09-30 19:19:42 | INFO    | completed sample-v1-247091ecbc21fc219560_knn N=5 seed=2026 method=knn seconds=0.92 progress=474
2026-09-30 19:19:44 | INFO    | completed sample-v1-c5e6c44d6bf2434883dc_mahalanobis N=5 seed=42 method=mahalanobis seconds=0.32 progress=475
2026-09-30 19:19:45 | INFO    | completed sample-v1-c5e6c44d6bf2434883dc_knn N=5 seed=42 method=knn seconds=0.94 progress=476
2026-09-30 19:19:47 | INFO    | completed sample-v1-72caa1210fb7033d22de_mahalanobis N=5 seed=123 method=mahalanobis seconds=0.34 progress=477
2026-09-30 19:19:49 | INFO    | completed sample-v1-72caa1210fb7033d22de_knn N=5 seed=123 method=knn seconds=0.98 progress=478
2026-09-30 19:19:51 | INFO    | completed sample-v1-a8356796b67665132584_mahalanobis N=5 seed=2026 method=mahalanobis seconds=0.34 progress=479
2026-09-30 19:19:52 | INFO    | completed sample-v1-a8356796b67665132584_knn N=5 seed=2026 method=knn seconds=0.94 progress=480
2026-09-30 19:19:54 | INFO    | completed sample-v1-e960162bf6d23f0d3685_mahalanobis N=5 seed=42 method=mahalanobis seconds=0.36 progress=481
2026-09-30 19:19:56 | INFO    | completed sample-v1-e960162bf6d23f0d3685_knn N=5 seed=42 method=knn seconds=0.93 progress=482
2026-09-30 19:19:58 | INFO    | completed sample-v1-fa0c60a566f42334db6e_mahalanobis N=5 seed=123 method=mahalanobis seconds=0.34 progress=483
2026-09-30 19:19:59 | INFO    | completed sample-v1-fa0c60a566f42334db6e_knn N=5 seed=123 method=knn seconds=1.00 progress=484
2026-09-30 19:20:01 | INFO    | completed sample-v1-0ac8668ebaf8b08eeeed_mahalanobis N=5 seed=2026 method=mahalanobis seconds=0.36 progress=485
2026-09-30 19:20:03 | INFO    | completed sample-v1-0ac8668ebaf8b08eeeed_knn N=5 seed=2026 method=knn seconds=0.93 progress=486
2026-09-30 19:20:05 | INFO    | completed sample-v1-9e4483f3d66e4e4b28a3_mahalanobis N=5 seed=42 method=mahalanobis seconds=0.33 progress=487
2026-09-30 19:20:06 | INFO    | completed sample-v1-9e4483f3d66e4e4b28a3_knn N=5 seed=42 method=knn seconds=0.90 progress=488
2026-09-30 19:20:08 | INFO    | completed sample-v1-95e9c3604c9902a7ec5c_mahalanobis N=5 seed=123 method=mahalanobis seconds=0.36 progress=489
2026-09-30 19:20:10 | INFO    | completed sample-v1-95e9c3604c9902a7ec5c_knn N=5 seed=123 method=knn seconds=1.05 progress=490
2026-09-30 19:20:12 | INFO    | completed sample-v1-5174b27d39218b167e45_mahalanobis N=5 seed=2026 method=mahalanobis seconds=0.34 progress=491
2026-09-30 19:20:13 | INFO    | completed sample-v1-5174b27d39218b167e45_knn N=5 seed=2026 method=knn seconds=0.91 progress=492
2026-09-30 19:20:15 | INFO    | completed sample-v1-8b08ac2775c284a6085a_mahalanobis N=5 seed=42 method=mahalanobis seconds=0.33 progress=493
2026-09-30 19:20:17 | INFO    | completed sample-v1-8b08ac2775c284a6085a_knn N=5 seed=42 method=knn seconds=0.91 progress=494
2026-09-30 19:20:18 | INFO    | completed sample-v1-466e0ab0fa345e1ef9bd_mahalanobis N=5 seed=123 method=mahalanobis seconds=0.33 progress=495
2026-09-30 19:20:20 | INFO    | completed sample-v1-466e0ab0fa345e1ef9bd_knn N=5 seed=123 method=knn seconds=0.91 progress=496
2026-09-30 19:20:22 | INFO    | completed sample-v1-086499f0199300fe740a_mahalanobis N=5 seed=2026 method=mahalanobis seconds=0.36 progress=497
2026-09-30 19:20:23 | INFO    | completed sample-v1-086499f0199300fe740a_knn N=5 seed=2026 method=knn seconds=0.93 progress=498
2026-09-30 19:20:25 | INFO    | completed sample-v1-034c4a71ab0f62a06a14_mahalanobis N=5 seed=42 method=mahalanobis seconds=0.33 progress=499
2026-09-30 19:20:27 | INFO    | completed sample-v1-034c4a71ab0f62a06a14_knn N=5 seed=42 method=knn seconds=0.88 progress=500
2026-09-30 19:20:29 | INFO    | completed sample-v1-bb94fb28e2c39d642563_mahalanobis N=5 seed=123 method=mahalanobis seconds=0.36 progress=501
2026-09-30 19:20:30 | INFO    | completed sample-v1-bb94fb28e2c39d642563_knn N=5 seed=123 method=knn seconds=0.98 progress=502
2026-09-30 19:20:32 | INFO    | completed sample-v1-38598a8c234b97b327d1_mahalanobis N=5 seed=2026 method=mahalanobis seconds=0.35 progress=503
2026-09-30 19:20:33 | INFO    | completed sample-v1-38598a8c234b97b327d1_knn N=5 seed=2026 method=knn seconds=0.92 progress=504
2026-09-30 19:20:35 | INFO    | completed sample-v1-d19577f47756e8fe639c_mahalanobis N=5 seed=42 method=mahalanobis seconds=0.36 progress=505
2026-09-30 19:20:37 | INFO    | completed sample-v1-d19577f47756e8fe639c_knn N=5 seed=42 method=knn seconds=0.92 progress=506
2026-09-30 19:20:39 | INFO    | completed sample-v1-17f776923f7988dceb59_mahalanobis N=5 seed=123 method=mahalanobis seconds=0.33 progress=507
2026-09-30 19:20:40 | INFO    | completed sample-v1-17f776923f7988dceb59_knn N=5 seed=123 method=knn seconds=0.92 progress=508
2026-09-30 19:20:42 | INFO    | completed sample-v1-d749b1dc7e4574aa8426_mahalanobis N=5 seed=2026 method=mahalanobis seconds=0.36 progress=509
2026-09-30 19:20:44 | INFO    | completed sample-v1-d749b1dc7e4574aa8426_knn N=5 seed=2026 method=knn seconds=0.94 progress=510
2026-09-30 19:20:46 | INFO    | completed sample-v1-200f0fc6540b88418537_mahalanobis N=5 seed=42 method=mahalanobis seconds=0.35 progress=511
2026-09-30 19:20:47 | INFO    | completed sample-v1-200f0fc6540b88418537_knn N=5 seed=42 method=knn seconds=0.90 progress=512
2026-09-30 19:20:49 | INFO    | completed sample-v1-e9f2a59d8513b5fb519f_mahalanobis N=5 seed=123 method=mahalanobis seconds=0.34 progress=513
2026-09-30 19:20:50 | INFO    | completed sample-v1-e9f2a59d8513b5fb519f_knn N=5 seed=123 method=knn seconds=0.92 progress=514
2026-09-30 19:20:52 | INFO    | completed sample-v1-8167c0b53ab601c4cedc_mahalanobis N=5 seed=2026 method=mahalanobis seconds=0.35 progress=515
2026-09-30 19:20:54 | INFO    | completed sample-v1-8167c0b53ab601c4cedc_knn N=5 seed=2026 method=knn seconds=0.93 progress=516
2026-09-30 19:20:56 | INFO    | completed sample-v1-f1293c2e06ac86b70b93_mahalanobis N=5 seed=42 method=mahalanobis seconds=0.34 progress=517
2026-09-30 19:20:57 | INFO    | completed sample-v1-f1293c2e06ac86b70b93_knn N=5 seed=42 method=knn seconds=0.90 progress=518
2026-09-30 19:20:59 | INFO    | completed sample-v1-643e35c11d2668e07682_mahalanobis N=5 seed=123 method=mahalanobis seconds=0.36 progress=519
2026-09-30 19:21:01 | INFO    | completed sample-v1-643e35c11d2668e07682_knn N=5 seed=123 method=knn seconds=0.96 progress=520
2026-09-30 19:21:03 | INFO    | completed sample-v1-67d02c35e1a09d451725_mahalanobis N=5 seed=2026 method=mahalanobis seconds=0.33 progress=521
2026-09-30 19:21:04 | INFO    | completed sample-v1-67d02c35e1a09d451725_knn N=5 seed=2026 method=knn seconds=0.91 progress=522
2026-09-30 19:21:06 | INFO    | completed sample-v1-6c575381e56611fff6b7_mahalanobis N=5 seed=42 method=mahalanobis seconds=0.33 progress=523
2026-09-30 19:21:07 | INFO    | completed sample-v1-6c575381e56611fff6b7_knn N=5 seed=42 method=knn seconds=0.90 progress=524
2026-09-30 19:21:09 | INFO    | completed sample-v1-08713ce15a60bcba213e_mahalanobis N=5 seed=123 method=mahalanobis seconds=0.34 progress=525
2026-09-30 19:21:11 | INFO    | completed sample-v1-08713ce15a60bcba213e_knn N=5 seed=123 method=knn seconds=0.95 progress=526
2026-09-30 19:21:13 | INFO    | completed sample-v1-57a722fdfeff0562da9b_mahalanobis N=5 seed=2026 method=mahalanobis seconds=0.33 progress=527
2026-09-30 19:21:14 | INFO    | completed sample-v1-57a722fdfeff0562da9b_knn N=5 seed=2026 method=knn seconds=0.91 progress=528
2026-09-30 19:21:16 | INFO    | completed sample-v1-55794f67d95964bf8464_mahalanobis N=5 seed=42 method=mahalanobis seconds=0.32 progress=529
2026-09-30 19:21:18 | INFO    | completed sample-v1-55794f67d95964bf8464_knn N=5 seed=42 method=knn seconds=0.89 progress=530
2026-09-30 19:21:19 | INFO    | completed sample-v1-cb2febf8c1b8d63d0db4_mahalanobis N=5 seed=123 method=mahalanobis seconds=0.34 progress=531
2026-09-30 19:21:21 | INFO    | completed sample-v1-cb2febf8c1b8d63d0db4_knn N=5 seed=123 method=knn seconds=0.92 progress=532
2026-09-30 19:21:23 | INFO    | completed sample-v1-77a89d4a8bfb2a78b516_mahalanobis N=5 seed=2026 method=mahalanobis seconds=0.34 progress=533
2026-09-30 19:21:24 | INFO    | completed sample-v1-77a89d4a8bfb2a78b516_knn N=5 seed=2026 method=knn seconds=0.92 progress=534
2026-09-30 19:21:26 | INFO    | completed sample-v1-ca3eeef86d8fd5e86eef_mahalanobis N=5 seed=42 method=mahalanobis seconds=0.32 progress=535
2026-09-30 19:21:28 | INFO    | completed sample-v1-ca3eeef86d8fd5e86eef_knn N=5 seed=42 method=knn seconds=0.88 progress=536
2026-09-30 19:21:29 | INFO    | completed sample-v1-dee9e1ed90dbb4b4cd29_mahalanobis N=5 seed=123 method=mahalanobis seconds=0.34 progress=537
2026-09-30 19:21:31 | INFO    | completed sample-v1-dee9e1ed90dbb4b4cd29_knn N=5 seed=123 method=knn seconds=0.94 progress=538
2026-09-30 19:21:33 | INFO    | completed sample-v1-0f9cf7ac88fa1d40ecbe_mahalanobis N=5 seed=2026 method=mahalanobis seconds=0.34 progress=539
2026-09-30 19:21:34 | INFO    | completed sample-v1-0f9cf7ac88fa1d40ecbe_knn N=5 seed=2026 method=knn seconds=0.92 progress=540
2026-09-30 19:21:36 | INFO    | completed sample-v1-9920b270c8e382d5e525_mahalanobis N=5 seed=42 method=mahalanobis seconds=0.33 progress=541
2026-09-30 19:21:38 | INFO    | completed sample-v1-9920b270c8e382d5e525_knn N=5 seed=42 method=knn seconds=0.91 progress=542
2026-09-30 19:21:40 | INFO    | completed sample-v1-2742f5e60c37be9ebcb6_mahalanobis N=5 seed=123 method=mahalanobis seconds=0.34 progress=543
2026-09-30 19:21:41 | INFO    | completed sample-v1-2742f5e60c37be9ebcb6_knn N=5 seed=123 method=knn seconds=0.99 progress=544
2026-09-30 19:21:43 | INFO    | completed sample-v1-2ea6b7034deb4def4a5f_mahalanobis N=5 seed=2026 method=mahalanobis seconds=0.34 progress=545
2026-09-30 19:21:45 | INFO    | completed sample-v1-2ea6b7034deb4def4a5f_knn N=5 seed=2026 method=knn seconds=0.91 progress=546
2026-09-30 19:21:47 | INFO    | completed sample-v1-09ad22ba4543b8a52f71_mahalanobis N=5 seed=42 method=mahalanobis seconds=0.33 progress=547
2026-09-30 19:21:48 | INFO    | completed sample-v1-09ad22ba4543b8a52f71_knn N=5 seed=42 method=knn seconds=0.94 progress=548
2026-09-30 19:21:50 | INFO    | completed sample-v1-3158c10e95514d354212_mahalanobis N=5 seed=123 method=mahalanobis seconds=0.40 progress=549
2026-09-30 19:21:52 | INFO    | completed sample-v1-3158c10e95514d354212_knn N=5 seed=123 method=knn seconds=0.95 progress=550
2026-09-30 19:21:53 | INFO    | completed sample-v1-e72aa447a6693a5d08b5_mahalanobis N=5 seed=2026 method=mahalanobis seconds=0.33 progress=551
2026-09-30 19:21:55 | INFO    | completed sample-v1-e72aa447a6693a5d08b5_knn N=5 seed=2026 method=knn seconds=0.93 progress=552
2026-09-30 19:21:57 | INFO    | completed sample-v1-6271a22fddf4c41d69d2_mahalanobis N=5 seed=42 method=mahalanobis seconds=0.33 progress=553
2026-09-30 19:21:59 | INFO    | completed sample-v1-6271a22fddf4c41d69d2_knn N=5 seed=42 method=knn seconds=0.93 progress=554
2026-09-30 19:22:00 | INFO    | completed sample-v1-6104f7bbae364deb7ee3_mahalanobis N=5 seed=123 method=mahalanobis seconds=0.36 progress=555
2026-09-30 19:22:02 | INFO    | completed sample-v1-6104f7bbae364deb7ee3_knn N=5 seed=123 method=knn seconds=0.92 progress=556
2026-09-30 19:22:04 | INFO    | completed sample-v1-291525ec8a2836f9d25d_mahalanobis N=5 seed=2026 method=mahalanobis seconds=0.33 progress=557
2026-09-30 19:22:05 | INFO    | completed sample-v1-291525ec8a2836f9d25d_knn N=5 seed=2026 method=knn seconds=0.89 progress=558
2026-09-30 19:22:07 | INFO    | completed sample-v1-cdef3a430d3ef586dd8d_mahalanobis N=5 seed=42 method=mahalanobis seconds=0.32 progress=559
2026-09-30 19:22:09 | INFO    | completed sample-v1-cdef3a430d3ef586dd8d_knn N=5 seed=42 method=knn seconds=0.89 progress=560
2026-09-30 19:22:11 | INFO    | completed sample-v1-ff40058bab4e7fdcf72a_mahalanobis N=5 seed=123 method=mahalanobis seconds=0.40 progress=561
2026-09-30 19:22:12 | INFO    | completed sample-v1-ff40058bab4e7fdcf72a_knn N=5 seed=123 method=knn seconds=1.01 progress=562
2026-09-30 19:22:14 | INFO    | completed sample-v1-99d87569a544d8f30e72_mahalanobis N=5 seed=2026 method=mahalanobis seconds=0.32 progress=563
2026-09-30 19:22:15 | INFO    | completed sample-v1-99d87569a544d8f30e72_knn N=5 seed=2026 method=knn seconds=0.90 progress=564
2026-09-30 19:22:17 | INFO    | completed sample-v1-e4f698fa7e790e409e3d_mahalanobis N=5 seed=42 method=mahalanobis seconds=0.34 progress=565
2026-09-30 19:22:19 | INFO    | completed sample-v1-e4f698fa7e790e409e3d_knn N=5 seed=42 method=knn seconds=0.89 progress=566
2026-09-30 19:22:21 | INFO    | completed sample-v1-15d6f3781838a65b603d_mahalanobis N=5 seed=123 method=mahalanobis seconds=0.33 progress=567
2026-09-30 19:22:22 | INFO    | completed sample-v1-15d6f3781838a65b603d_knn N=5 seed=123 method=knn seconds=0.91 progress=568
2026-09-30 19:22:24 | INFO    | completed sample-v1-14953736da08d4d72f6d_mahalanobis N=5 seed=2026 method=mahalanobis seconds=0.34 progress=569
2026-09-30 19:22:26 | INFO    | completed sample-v1-14953736da08d4d72f6d_knn N=5 seed=2026 method=knn seconds=0.91 progress=570
2026-09-30 19:22:27 | INFO    | completed sample-v1-6cd6d3aadf90c153ec48_mahalanobis N=5 seed=42 method=mahalanobis seconds=0.31 progress=571
2026-09-30 19:22:29 | INFO    | completed sample-v1-6cd6d3aadf90c153ec48_knn N=5 seed=42 method=knn seconds=0.90 progress=572
2026-09-30 19:22:31 | INFO    | completed sample-v1-26b07e774c3c437851ab_mahalanobis N=5 seed=123 method=mahalanobis seconds=0.34 progress=573
2026-09-30 19:22:32 | INFO    | completed sample-v1-26b07e774c3c437851ab_knn N=5 seed=123 method=knn seconds=0.90 progress=574
2026-09-30 19:22:34 | INFO    | completed sample-v1-aa422840545bad67cad3_mahalanobis N=5 seed=2026 method=mahalanobis seconds=0.33 progress=575
2026-09-30 19:22:36 | INFO    | completed sample-v1-aa422840545bad67cad3_knn N=5 seed=2026 method=knn seconds=0.91 progress=576
2026-09-30 19:22:38 | INFO    | completed sample-v1-dbee23bec1e6608abb0f_mahalanobis N=5 seed=42 method=mahalanobis seconds=0.35 progress=577
2026-09-30 19:22:39 | INFO    | completed sample-v1-dbee23bec1e6608abb0f_knn N=5 seed=42 method=knn seconds=0.92 progress=578
2026-09-30 19:22:41 | INFO    | completed sample-v1-3ca75639603b19a1edec_mahalanobis N=5 seed=123 method=mahalanobis seconds=0.35 progress=579
2026-09-30 19:22:42 | INFO    | completed sample-v1-3ca75639603b19a1edec_knn N=5 seed=123 method=knn seconds=0.99 progress=580
2026-09-30 19:22:44 | INFO    | completed sample-v1-ae93e6593acdd819b5fc_mahalanobis N=5 seed=2026 method=mahalanobis seconds=0.33 progress=581
2026-09-30 19:22:46 | INFO    | completed sample-v1-ae93e6593acdd819b5fc_knn N=5 seed=2026 method=knn seconds=0.92 progress=582
2026-09-30 19:22:48 | INFO    | completed sample-v1-05f7554281e7d09f65b3_mahalanobis N=5 seed=42 method=mahalanobis seconds=0.33 progress=583
2026-09-30 19:22:49 | INFO    | completed sample-v1-05f7554281e7d09f65b3_knn N=5 seed=42 method=knn seconds=0.93 progress=584
2026-09-30 19:22:51 | INFO    | completed sample-v1-10909fd52bf9e94c1709_mahalanobis N=5 seed=123 method=mahalanobis seconds=0.33 progress=585
2026-09-30 19:22:53 | INFO    | completed sample-v1-10909fd52bf9e94c1709_knn N=5 seed=123 method=knn seconds=0.94 progress=586
2026-09-30 19:22:55 | INFO    | completed sample-v1-94d26f1ebd178f517320_mahalanobis N=5 seed=2026 method=mahalanobis seconds=0.36 progress=587
2026-09-30 19:22:56 | INFO    | completed sample-v1-94d26f1ebd178f517320_knn N=5 seed=2026 method=knn seconds=0.91 progress=588
2026-09-30 19:22:58 | INFO    | completed sample-v1-8d61883110fd88f39ccb_mahalanobis N=5 seed=42 method=mahalanobis seconds=0.34 progress=589
2026-09-30 19:23:00 | INFO    | completed sample-v1-8d61883110fd88f39ccb_knn N=5 seed=42 method=knn seconds=0.93 progress=590
2026-09-30 19:23:02 | INFO    | completed sample-v1-b7d6b7ff7d6a617e5283_mahalanobis N=5 seed=123 method=mahalanobis seconds=0.36 progress=591
2026-09-30 19:23:03 | INFO    | completed sample-v1-b7d6b7ff7d6a617e5283_knn N=5 seed=123 method=knn seconds=0.92 progress=592
2026-09-30 19:23:05 | INFO    | completed sample-v1-5b58d417e1ab6023903a_mahalanobis N=5 seed=2026 method=mahalanobis seconds=0.33 progress=593
2026-09-30 19:23:07 | INFO    | completed sample-v1-5b58d417e1ab6023903a_knn N=5 seed=2026 method=knn seconds=0.96 progress=594
2026-09-30 19:23:08 | INFO    | completed sample-v1-5821760567bc60e8012f_mahalanobis N=5 seed=42 method=mahalanobis seconds=0.32 progress=595
2026-09-30 19:23:10 | INFO    | completed sample-v1-5821760567bc60e8012f_knn N=5 seed=42 method=knn seconds=0.89 progress=596
2026-09-30 19:23:12 | INFO    | completed sample-v1-af357a1b7f3a9a0c71f0_mahalanobis N=5 seed=123 method=mahalanobis seconds=0.35 progress=597
2026-09-30 19:23:13 | INFO    | completed sample-v1-af357a1b7f3a9a0c71f0_knn N=5 seed=123 method=knn seconds=0.93 progress=598
2026-09-30 19:23:15 | INFO    | completed sample-v1-f361ae7602b32a4b7575_mahalanobis N=5 seed=2026 method=mahalanobis seconds=0.32 progress=599
2026-09-30 19:23:17 | INFO    | completed sample-v1-f361ae7602b32a4b7575_knn N=5 seed=2026 method=knn seconds=0.96 progress=600
2026-09-30 19:23:18 | INFO    | completed sample-v1-13c83a9b1554dce67408_mahalanobis N=5 seed=42 method=mahalanobis seconds=0.34 progress=601
2026-09-30 19:23:20 | INFO    | completed sample-v1-13c83a9b1554dce67408_knn N=5 seed=42 method=knn seconds=0.90 progress=602
2026-09-30 19:23:22 | INFO    | completed sample-v1-9e5f756b1af613dbae58_mahalanobis N=5 seed=123 method=mahalanobis seconds=0.35 progress=603
2026-09-30 19:23:23 | INFO    | completed sample-v1-9e5f756b1af613dbae58_knn N=5 seed=123 method=knn seconds=0.95 progress=604
2026-09-30 19:23:25 | INFO    | completed sample-v1-8b60f80ce20cc56d07c6_mahalanobis N=5 seed=2026 method=mahalanobis seconds=0.33 progress=605
2026-09-30 19:23:27 | INFO    | completed sample-v1-8b60f80ce20cc56d07c6_knn N=5 seed=2026 method=knn seconds=0.95 progress=606
2026-09-30 19:23:29 | INFO    | completed sample-v1-7b79fad36137940bdc97_mahalanobis N=5 seed=42 method=mahalanobis seconds=0.35 progress=607
2026-09-30 19:23:30 | INFO    | completed sample-v1-7b79fad36137940bdc97_knn N=5 seed=42 method=knn seconds=0.96 progress=608
2026-09-30 19:23:32 | INFO    | completed sample-v1-7d3c068a2c78af20aefe_mahalanobis N=5 seed=123 method=mahalanobis seconds=0.33 progress=609
2026-09-30 19:23:34 | INFO    | completed sample-v1-7d3c068a2c78af20aefe_knn N=5 seed=123 method=knn seconds=0.93 progress=610
2026-09-30 19:23:35 | INFO    | completed sample-v1-d693c1c96ef2bab30b41_mahalanobis N=5 seed=2026 method=mahalanobis seconds=0.35 progress=611
2026-09-30 19:23:37 | INFO    | completed sample-v1-d693c1c96ef2bab30b41_knn N=5 seed=2026 method=knn seconds=0.92 progress=612
2026-09-30 19:23:39 | INFO    | completed sample-v1-0197b94a1d970478fd0b_mahalanobis N=5 seed=42 method=mahalanobis seconds=0.33 progress=613
2026-09-30 19:23:40 | INFO    | completed sample-v1-0197b94a1d970478fd0b_knn N=5 seed=42 method=knn seconds=0.91 progress=614
2026-09-30 19:23:42 | INFO    | completed sample-v1-1b61d4b5fcd99b2f37b8_mahalanobis N=5 seed=123 method=mahalanobis seconds=0.35 progress=615
2026-09-30 19:23:44 | INFO    | completed sample-v1-1b61d4b5fcd99b2f37b8_knn N=5 seed=123 method=knn seconds=0.92 progress=616
2026-09-30 19:23:46 | INFO    | completed sample-v1-1c05e93f42e8b8e3e70a_mahalanobis N=5 seed=2026 method=mahalanobis seconds=0.34 progress=617
2026-09-30 19:23:47 | INFO    | completed sample-v1-1c05e93f42e8b8e3e70a_knn N=5 seed=2026 method=knn seconds=0.91 progress=618
2026-09-30 19:23:49 | INFO    | completed sample-v1-663bc85dfb9185e88a9e_mahalanobis N=5 seed=42 method=mahalanobis seconds=0.34 progress=619
2026-09-30 19:23:51 | INFO    | completed sample-v1-663bc85dfb9185e88a9e_knn N=5 seed=42 method=knn seconds=0.90 progress=620
2026-09-30 19:23:53 | INFO    | completed sample-v1-a10c05342dd8d1fa0b08_mahalanobis N=5 seed=123 method=mahalanobis seconds=0.34 progress=621
2026-09-30 19:23:54 | INFO    | completed sample-v1-a10c05342dd8d1fa0b08_knn N=5 seed=123 method=knn seconds=0.91 progress=622
2026-09-30 19:23:56 | INFO    | completed sample-v1-42295e09f694de7e2f18_mahalanobis N=5 seed=2026 method=mahalanobis seconds=0.33 progress=623
2026-09-30 19:23:57 | INFO    | completed sample-v1-42295e09f694de7e2f18_knn N=5 seed=2026 method=knn seconds=0.92 progress=624
2026-09-30 19:23:59 | INFO    | completed sample-v1-9b35ce5da389cf3bf39e_mahalanobis N=5 seed=42 method=mahalanobis seconds=0.33 progress=625
2026-09-30 19:24:01 | INFO    | completed sample-v1-9b35ce5da389cf3bf39e_knn N=5 seed=42 method=knn seconds=0.91 progress=626
2026-09-30 19:24:03 | INFO    | completed sample-v1-0c599a4258766653b2e9_mahalanobis N=5 seed=123 method=mahalanobis seconds=0.34 progress=627
2026-09-30 19:24:04 | INFO    | completed sample-v1-0c599a4258766653b2e9_knn N=5 seed=123 method=knn seconds=0.93 progress=628
2026-09-30 19:24:06 | INFO    | completed sample-v1-16e1f8ce1e9d4cee9577_mahalanobis N=5 seed=2026 method=mahalanobis seconds=0.34 progress=629
2026-09-30 19:24:08 | INFO    | completed sample-v1-16e1f8ce1e9d4cee9577_knn N=5 seed=2026 method=knn seconds=0.90 progress=630
2026-09-30 19:24:10 | INFO    | completed sample-v1-9e906a098fda118175c8_mahalanobis N=5 seed=42 method=mahalanobis seconds=0.36 progress=631
2026-09-30 19:24:11 | INFO    | completed sample-v1-9e906a098fda118175c8_knn N=5 seed=42 method=knn seconds=0.91 progress=632
2026-09-30 19:24:13 | INFO    | completed sample-v1-fcf1a9538d6dcf8491d3_mahalanobis N=5 seed=123 method=mahalanobis seconds=0.35 progress=633
2026-09-30 19:24:15 | INFO    | completed sample-v1-fcf1a9538d6dcf8491d3_knn N=5 seed=123 method=knn seconds=0.96 progress=634
2026-09-30 19:24:16 | INFO    | completed sample-v1-98674eb02789b2f97d59_mahalanobis N=5 seed=2026 method=mahalanobis seconds=0.37 progress=635
2026-09-30 19:24:18 | INFO    | completed sample-v1-98674eb02789b2f97d59_knn N=5 seed=2026 method=knn seconds=0.92 progress=636
2026-09-30 19:24:20 | INFO    | completed sample-v1-ce70cb45244f4395797f_mahalanobis N=5 seed=42 method=mahalanobis seconds=0.34 progress=637
2026-09-30 19:24:22 | INFO    | completed sample-v1-ce70cb45244f4395797f_knn N=5 seed=42 method=knn seconds=0.92 progress=638
2026-09-30 19:24:24 | INFO    | completed sample-v1-6ecd4cafcee5d554512f_mahalanobis N=5 seed=123 method=mahalanobis seconds=0.35 progress=639
2026-09-30 19:24:25 | INFO    | completed sample-v1-6ecd4cafcee5d554512f_knn N=5 seed=123 method=knn seconds=0.96 progress=640
2026-09-30 19:24:27 | INFO    | completed sample-v1-c6b9e2378036944680f5_mahalanobis N=5 seed=2026 method=mahalanobis seconds=0.36 progress=641
2026-09-30 19:24:29 | INFO    | completed sample-v1-c6b9e2378036944680f5_knn N=5 seed=2026 method=knn seconds=0.93 progress=642
2026-09-30 19:24:31 | INFO    | completed sample-v1-5593235314aed8ec86a3_mahalanobis N=5 seed=42 method=mahalanobis seconds=0.35 progress=643
2026-09-30 19:24:32 | INFO    | completed sample-v1-5593235314aed8ec86a3_knn N=5 seed=42 method=knn seconds=0.90 progress=644
2026-09-30 19:24:34 | INFO    | completed sample-v1-1ac5986e115e65000103_mahalanobis N=5 seed=123 method=mahalanobis seconds=0.35 progress=645
2026-09-30 19:24:35 | INFO    | completed sample-v1-1ac5986e115e65000103_knn N=5 seed=123 method=knn seconds=0.92 progress=646
2026-09-30 19:24:37 | INFO    | completed sample-v1-26a4cf5415169040e58f_mahalanobis N=5 seed=2026 method=mahalanobis seconds=0.38 progress=647
2026-09-30 19:24:39 | INFO    | completed sample-v1-26a4cf5415169040e58f_knn N=5 seed=2026 method=knn seconds=0.92 progress=648
2026-09-30 19:24:41 | INFO    | completed sample-v1-052046efe4d9045734a6_mahalanobis N=5 seed=42 method=mahalanobis seconds=0.36 progress=649
2026-09-30 19:24:42 | INFO    | completed sample-v1-052046efe4d9045734a6_knn N=5 seed=42 method=knn seconds=0.94 progress=650
2026-09-30 19:24:44 | INFO    | completed sample-v1-8b16c00ec4abb81b4b6b_mahalanobis N=5 seed=123 method=mahalanobis seconds=0.36 progress=651
2026-09-30 19:24:46 | INFO    | completed sample-v1-8b16c00ec4abb81b4b6b_knn N=5 seed=123 method=knn seconds=0.96 progress=652
2026-09-30 19:24:48 | INFO    | completed sample-v1-27a221ac1709313f445a_mahalanobis N=5 seed=2026 method=mahalanobis seconds=0.36 progress=653
2026-09-30 19:24:50 | INFO    | completed sample-v1-27a221ac1709313f445a_knn N=5 seed=2026 method=knn seconds=0.98 progress=654
2026-09-30 19:24:52 | INFO    | completed sample-v1-6da794031d1d70bfb70f_mahalanobis N=5 seed=42 method=mahalanobis seconds=0.34 progress=655
2026-09-30 19:24:53 | INFO    | completed sample-v1-6da794031d1d70bfb70f_knn N=5 seed=42 method=knn seconds=0.94 progress=656
2026-09-30 19:24:55 | INFO    | completed sample-v1-9e4e7dfc65186e2f8d76_mahalanobis N=5 seed=123 method=mahalanobis seconds=0.34 progress=657
2026-09-30 19:24:56 | INFO    | completed sample-v1-9e4e7dfc65186e2f8d76_knn N=5 seed=123 method=knn seconds=0.93 progress=658
2026-09-30 19:24:58 | INFO    | completed sample-v1-faaf635b39c4c3d36e3a_mahalanobis N=5 seed=2026 method=mahalanobis seconds=0.43 progress=659
2026-09-30 19:25:00 | INFO    | completed sample-v1-faaf635b39c4c3d36e3a_knn N=5 seed=2026 method=knn seconds=0.93 progress=660
2026-09-30 19:25:02 | INFO    | completed sample-v1-96f91f2b9a4e5e18d38c_mahalanobis N=5 seed=42 method=mahalanobis seconds=0.35 progress=661
2026-09-30 19:25:03 | INFO    | completed sample-v1-96f91f2b9a4e5e18d38c_knn N=5 seed=42 method=knn seconds=0.94 progress=662
2026-09-30 19:25:05 | INFO    | completed sample-v1-8a59e894e5360baefe54_mahalanobis N=5 seed=123 method=mahalanobis seconds=0.34 progress=663
2026-09-30 19:25:07 | INFO    | completed sample-v1-8a59e894e5360baefe54_knn N=5 seed=123 method=knn seconds=0.91 progress=664
2026-09-30 19:25:09 | INFO    | completed sample-v1-a107f89b933cfa75adbc_mahalanobis N=5 seed=2026 method=mahalanobis seconds=0.41 progress=665
2026-09-30 19:25:10 | INFO    | completed sample-v1-a107f89b933cfa75adbc_knn N=5 seed=2026 method=knn seconds=0.92 progress=666
2026-09-30 19:25:12 | INFO    | completed sample-v1-015b7b7ba71fec0fcc21_mahalanobis N=5 seed=42 method=mahalanobis seconds=0.36 progress=667
2026-09-30 19:25:14 | INFO    | completed sample-v1-015b7b7ba71fec0fcc21_knn N=5 seed=42 method=knn seconds=0.89 progress=668
2026-09-30 19:25:15 | INFO    | completed sample-v1-e33451f6bc5a18bcfd55_mahalanobis N=5 seed=123 method=mahalanobis seconds=0.36 progress=669
2026-09-30 19:25:17 | INFO    | completed sample-v1-e33451f6bc5a18bcfd55_knn N=5 seed=123 method=knn seconds=0.97 progress=670
2026-09-30 19:25:19 | INFO    | completed sample-v1-44eb0cb760c89c8651ed_mahalanobis N=5 seed=2026 method=mahalanobis seconds=0.38 progress=671
2026-09-30 19:25:20 | INFO    | completed sample-v1-44eb0cb760c89c8651ed_knn N=5 seed=2026 method=knn seconds=0.91 progress=672
2026-09-30 19:25:22 | INFO    | completed sample-v1-49855c2c00d36e99caa6_mahalanobis N=5 seed=42 method=mahalanobis seconds=0.36 progress=673
2026-09-30 19:25:24 | INFO    | completed sample-v1-49855c2c00d36e99caa6_knn N=5 seed=42 method=knn seconds=0.90 progress=674
2026-09-30 19:25:26 | INFO    | completed sample-v1-730bd6a3263fe47f0d94_mahalanobis N=5 seed=123 method=mahalanobis seconds=0.38 progress=675
2026-09-30 19:25:27 | INFO    | completed sample-v1-730bd6a3263fe47f0d94_knn N=5 seed=123 method=knn seconds=0.95 progress=676
2026-09-30 19:25:29 | INFO    | completed sample-v1-206c8cacde96b4577847_mahalanobis N=5 seed=2026 method=mahalanobis seconds=0.35 progress=677
2026-09-30 19:25:31 | INFO    | completed sample-v1-206c8cacde96b4577847_knn N=5 seed=2026 method=knn seconds=0.96 progress=678
2026-09-30 19:25:33 | INFO    | completed sample-v1-72332e6891e48e0ca094_mahalanobis N=5 seed=42 method=mahalanobis seconds=0.35 progress=679
2026-09-30 19:25:34 | INFO    | completed sample-v1-72332e6891e48e0ca094_knn N=5 seed=42 method=knn seconds=0.94 progress=680
2026-09-30 19:25:36 | INFO    | completed sample-v1-5a66c0df1e3c001cae22_mahalanobis N=5 seed=123 method=mahalanobis seconds=0.38 progress=681
2026-09-30 19:25:38 | INFO    | completed sample-v1-5a66c0df1e3c001cae22_knn N=5 seed=123 method=knn seconds=0.95 progress=682
2026-09-30 19:25:40 | INFO    | completed sample-v1-3481e3830eb577b2e136_mahalanobis N=5 seed=2026 method=mahalanobis seconds=0.35 progress=683
2026-09-30 19:25:41 | INFO    | completed sample-v1-3481e3830eb577b2e136_knn N=5 seed=2026 method=knn seconds=0.90 progress=684
2026-09-30 19:25:43 | INFO    | completed sample-v1-6d80c32c272744363dbf_mahalanobis N=5 seed=42 method=mahalanobis seconds=0.35 progress=685
2026-09-30 19:25:45 | INFO    | completed sample-v1-6d80c32c272744363dbf_knn N=5 seed=42 method=knn seconds=0.89 progress=686
2026-09-30 19:25:47 | INFO    | completed sample-v1-ffb68c483f9317cf2819_mahalanobis N=5 seed=123 method=mahalanobis seconds=0.38 progress=687
2026-09-30 19:25:48 | INFO    | completed sample-v1-ffb68c483f9317cf2819_knn N=5 seed=123 method=knn seconds=0.95 progress=688
2026-09-30 19:25:50 | INFO    | completed sample-v1-fa912d8d78892861d1c7_mahalanobis N=5 seed=2026 method=mahalanobis seconds=0.37 progress=689
2026-09-30 19:25:52 | INFO    | completed sample-v1-fa912d8d78892861d1c7_knn N=5 seed=2026 method=knn seconds=0.91 progress=690
2026-09-30 19:25:54 | INFO    | completed sample-v1-f0bd57db1308cecf5b07_mahalanobis N=5 seed=42 method=mahalanobis seconds=0.39 progress=691
2026-09-30 19:25:55 | INFO    | completed sample-v1-f0bd57db1308cecf5b07_knn N=5 seed=42 method=knn seconds=0.94 progress=692
2026-09-30 19:25:57 | INFO    | completed sample-v1-22468ac8108680e0b08e_mahalanobis N=5 seed=123 method=mahalanobis seconds=0.36 progress=693
2026-09-30 19:25:59 | INFO    | completed sample-v1-22468ac8108680e0b08e_knn N=5 seed=123 method=knn seconds=0.96 progress=694
2026-09-30 19:26:01 | INFO    | completed sample-v1-8c28b7c12a76255070d4_mahalanobis N=5 seed=2026 method=mahalanobis seconds=0.38 progress=695
2026-09-30 19:26:02 | INFO    | completed sample-v1-8c28b7c12a76255070d4_knn N=5 seed=2026 method=knn seconds=0.96 progress=696
2026-09-30 19:26:05 | INFO    | completed sample-v1-a3e42126bb0a29994c04_mahalanobis N=5 seed=42 method=mahalanobis seconds=0.43 progress=697
2026-09-30 19:26:06 | INFO    | completed sample-v1-a3e42126bb0a29994c04_knn N=5 seed=42 method=knn seconds=0.97 progress=698
2026-09-30 19:26:08 | INFO    | completed sample-v1-104b5d83b6d0b4d23f03_mahalanobis N=5 seed=123 method=mahalanobis seconds=0.38 progress=699
2026-09-30 19:26:10 | INFO    | completed sample-v1-104b5d83b6d0b4d23f03_knn N=5 seed=123 method=knn seconds=0.96 progress=700
2026-09-30 19:26:12 | INFO    | completed sample-v1-2671e5411d2d2601c7c6_mahalanobis N=5 seed=2026 method=mahalanobis seconds=0.35 progress=701
2026-09-30 19:26:13 | INFO    | completed sample-v1-2671e5411d2d2601c7c6_knn N=5 seed=2026 method=knn seconds=0.93 progress=702
2026-09-30 19:26:15 | INFO    | completed sample-v1-62aa59618e67a4e2bd7f_mahalanobis N=5 seed=42 method=mahalanobis seconds=0.33 progress=703
2026-09-30 19:26:17 | INFO    | completed sample-v1-62aa59618e67a4e2bd7f_knn N=5 seed=42 method=knn seconds=0.91 progress=704
2026-09-30 19:26:19 | INFO    | completed sample-v1-458e6d1e19f87e2c2c38_mahalanobis N=5 seed=123 method=mahalanobis seconds=0.37 progress=705
2026-09-30 19:26:20 | INFO    | completed sample-v1-458e6d1e19f87e2c2c38_knn N=5 seed=123 method=knn seconds=0.91 progress=706
2026-09-30 19:26:22 | INFO    | completed sample-v1-6ad0ed1cfbe64b9d676a_mahalanobis N=5 seed=2026 method=mahalanobis seconds=0.36 progress=707
2026-09-30 19:26:24 | INFO    | completed sample-v1-6ad0ed1cfbe64b9d676a_knn N=5 seed=2026 method=knn seconds=0.92 progress=708
2026-09-30 19:26:25 | INFO    | completed sample-v1-df0f2663dadc5dfb5343_mahalanobis N=5 seed=42 method=mahalanobis seconds=0.33 progress=709
2026-09-30 19:26:27 | INFO    | completed sample-v1-df0f2663dadc5dfb5343_knn N=5 seed=42 method=knn seconds=0.95 progress=710
2026-09-30 19:26:29 | INFO    | completed sample-v1-9c23222ccab443192d78_mahalanobis N=5 seed=123 method=mahalanobis seconds=0.33 progress=711
2026-09-30 19:26:30 | INFO    | completed sample-v1-9c23222ccab443192d78_knn N=5 seed=123 method=knn seconds=0.92 progress=712
2026-09-30 19:26:32 | INFO    | completed sample-v1-f0e3807b6a19c03b6e86_mahalanobis N=5 seed=2026 method=mahalanobis seconds=0.37 progress=713
2026-09-30 19:26:34 | INFO    | completed sample-v1-f0e3807b6a19c03b6e86_knn N=5 seed=2026 method=knn seconds=0.91 progress=714
2026-09-30 19:26:36 | INFO    | completed sample-v1-5325eec8830d93be618a_mahalanobis N=5 seed=42 method=mahalanobis seconds=0.40 progress=715
2026-09-30 19:26:37 | INFO    | completed sample-v1-5325eec8830d93be618a_knn N=5 seed=42 method=knn seconds=0.91 progress=716
2026-09-30 19:26:39 | INFO    | completed sample-v1-775a25915d4901a5adb6_mahalanobis N=5 seed=123 method=mahalanobis seconds=0.34 progress=717
2026-09-30 19:26:41 | INFO    | completed sample-v1-775a25915d4901a5adb6_knn N=5 seed=123 method=knn seconds=0.95 progress=718
2026-09-30 19:26:43 | INFO    | completed sample-v1-edbb42a6ffc9afd902a4_mahalanobis N=5 seed=2026 method=mahalanobis seconds=0.36 progress=719
2026-09-30 19:26:44 | INFO    | completed sample-v1-edbb42a6ffc9afd902a4_knn N=5 seed=2026 method=knn seconds=0.92 progress=720
2026-09-30 19:26:46 | INFO    | completed sample-v1-a331748a637bcb4a6f8a_mahalanobis N=5 seed=42 method=mahalanobis seconds=0.38 progress=721
2026-09-30 19:26:48 | INFO    | completed sample-v1-a331748a637bcb4a6f8a_knn N=5 seed=42 method=knn seconds=0.92 progress=722
2026-09-30 19:26:49 | INFO    | completed sample-v1-6d7bdeb8ce36f49f63cf_mahalanobis N=5 seed=123 method=mahalanobis seconds=0.33 progress=723
2026-09-30 19:26:51 | INFO    | completed sample-v1-6d7bdeb8ce36f49f63cf_knn N=5 seed=123 method=knn seconds=0.95 progress=724
2026-09-30 19:26:53 | INFO    | completed sample-v1-49dd9eeb93cb596e5277_mahalanobis N=5 seed=2026 method=mahalanobis seconds=0.33 progress=725
2026-09-30 19:26:54 | INFO    | completed sample-v1-49dd9eeb93cb596e5277_knn N=5 seed=2026 method=knn seconds=0.89 progress=726
2026-09-30 19:26:56 | INFO    | completed sample-v1-ccd893e985fc880cc9ca_mahalanobis N=5 seed=42 method=mahalanobis seconds=0.40 progress=727
2026-09-30 19:26:58 | INFO    | completed sample-v1-ccd893e985fc880cc9ca_knn N=5 seed=42 method=knn seconds=0.92 progress=728
2026-09-30 19:27:00 | INFO    | completed sample-v1-ae3c6d9e089dae74f4cc_mahalanobis N=5 seed=123 method=mahalanobis seconds=0.34 progress=729
2026-09-30 19:27:01 | INFO    | completed sample-v1-ae3c6d9e089dae74f4cc_knn N=5 seed=123 method=knn seconds=0.92 progress=730
2026-09-30 19:27:03 | INFO    | completed sample-v1-0534ee16ed92f3e5ba92_mahalanobis N=5 seed=2026 method=mahalanobis seconds=0.33 progress=731
2026-09-30 19:27:05 | INFO    | completed sample-v1-0534ee16ed92f3e5ba92_knn N=5 seed=2026 method=knn seconds=0.91 progress=732
2026-09-30 19:27:07 | INFO    | completed sample-v1-8c1bf3f70808593702ba_mahalanobis N=5 seed=42 method=mahalanobis seconds=0.33 progress=733
2026-09-30 19:27:08 | INFO    | completed sample-v1-8c1bf3f70808593702ba_knn N=5 seed=42 method=knn seconds=0.92 progress=734
2026-09-30 19:27:10 | INFO    | completed sample-v1-7376255551c59a2f8d4d_mahalanobis N=5 seed=123 method=mahalanobis seconds=0.34 progress=735
2026-09-30 19:27:11 | INFO    | completed sample-v1-7376255551c59a2f8d4d_knn N=5 seed=123 method=knn seconds=0.92 progress=736
2026-09-30 19:27:13 | INFO    | completed sample-v1-ab141ff3e3f03baf9deb_mahalanobis N=5 seed=2026 method=mahalanobis seconds=0.33 progress=737
2026-09-30 19:27:15 | INFO    | completed sample-v1-ab141ff3e3f03baf9deb_knn N=5 seed=2026 method=knn seconds=0.89 progress=738
2026-09-30 19:27:17 | INFO    | completed sample-v1-d1e3a6a0ca8a1ddf62b9_mahalanobis N=5 seed=42 method=mahalanobis seconds=0.34 progress=739
2026-09-30 19:27:18 | INFO    | completed sample-v1-d1e3a6a0ca8a1ddf62b9_knn N=5 seed=42 method=knn seconds=0.90 progress=740
2026-09-30 19:27:20 | INFO    | completed sample-v1-c0aedd727221dedd852e_mahalanobis N=5 seed=123 method=mahalanobis seconds=0.33 progress=741
2026-09-30 19:27:22 | INFO    | completed sample-v1-c0aedd727221dedd852e_knn N=5 seed=123 method=knn seconds=0.91 progress=742
2026-09-30 19:27:23 | INFO    | completed sample-v1-6e3e2567c77fa166cf32_mahalanobis N=5 seed=2026 method=mahalanobis seconds=0.34 progress=743
2026-09-30 19:27:25 | INFO    | completed sample-v1-6e3e2567c77fa166cf32_knn N=5 seed=2026 method=knn seconds=0.90 progress=744
2026-09-30 19:27:27 | INFO    | completed sample-v1-1d94f655a107c63655e1_mahalanobis N=5 seed=42 method=mahalanobis seconds=0.34 progress=745
2026-09-30 19:27:28 | INFO    | completed sample-v1-1d94f655a107c63655e1_knn N=5 seed=42 method=knn seconds=0.92 progress=746
2026-09-30 19:27:30 | INFO    | completed sample-v1-e0637ef103160b4ab783_mahalanobis N=5 seed=123 method=mahalanobis seconds=0.36 progress=747
2026-09-30 19:27:32 | INFO    | completed sample-v1-e0637ef103160b4ab783_knn N=5 seed=123 method=knn seconds=0.94 progress=748
2026-09-30 19:27:34 | INFO    | completed sample-v1-dddc0d430abf87dd765b_mahalanobis N=5 seed=2026 method=mahalanobis seconds=0.34 progress=749
2026-09-30 19:27:35 | INFO    | completed sample-v1-dddc0d430abf87dd765b_knn N=5 seed=2026 method=knn seconds=0.92 progress=750
2026-09-30 19:27:37 | INFO    | completed sample-v1-4704347dd0f18d2fcafb_mahalanobis N=5 seed=42 method=mahalanobis seconds=0.35 progress=751
2026-09-30 19:27:39 | INFO    | completed sample-v1-4704347dd0f18d2fcafb_knn N=5 seed=42 method=knn seconds=0.91 progress=752
2026-09-30 19:27:41 | INFO    | completed sample-v1-4f8a9d3968e4cacf86c1_mahalanobis N=5 seed=123 method=mahalanobis seconds=0.35 progress=753
2026-09-30 19:27:42 | INFO    | completed sample-v1-4f8a9d3968e4cacf86c1_knn N=5 seed=123 method=knn seconds=0.96 progress=754
2026-09-30 19:27:44 | INFO    | completed sample-v1-a96c295acf55cc4e953d_mahalanobis N=5 seed=2026 method=mahalanobis seconds=0.36 progress=755
2026-09-30 19:27:45 | INFO    | completed sample-v1-a96c295acf55cc4e953d_knn N=5 seed=2026 method=knn seconds=0.89 progress=756
2026-09-30 19:27:51 | INFO    | aggregate protocol=A N=5 method=knn runs=378
2026-09-30 19:29:44 | INFO    | aggregate protocol=A N=5 method=mahalanobis runs=378
2026-09-30 19:31:50 | INFO    | matrix finished: completed=756 not_completed=0 root=C:\Users\andy0\AppData\Local\Temp\codex-d-drive\schoolshit\專題\src\_lineage_compare\p1_worktree\output\fault_type_matrix\2026-09-30-19-05-42
