2026-09-30 19:37:27 | INFO    | Logger initialized: fault_type_matrix
2026-09-30 19:37:27 | INFO    | log_file=logs\fault_type_matrix\2026-09-30-19-37-27.log
2026-09-30 19:37:27 | INFO    | output_dir=output\fault_type_matrix\2026-09-30-19-37-27
2026-09-30 19:37:30 | INFO    | completed sample-v1-b0e53bc157a9ddcbed5e_mahalanobis N=1 seed=42 method=mahalanobis seconds=0.51 progress=1
2026-09-30 19:37:31 | INFO    | completed sample-v1-b0e53bc157a9ddcbed5e_knn N=1 seed=42 method=knn seconds=0.35 progress=2
2026-09-30 19:37:33 | INFO    | completed sample-v1-d9cc7d1e6366862cb7ce_mahalanobis N=1 seed=123 method=mahalanobis seconds=0.34 progress=3
2026-09-30 19:37:33 | INFO    | completed sample-v1-d9cc7d1e6366862cb7ce_knn N=1 seed=123 method=knn seconds=0.35 progress=4
2026-09-30 19:37:35 | INFO    | completed sample-v1-966b2a9be7de4f73f281_mahalanobis N=1 seed=2026 method=mahalanobis seconds=0.35 progress=5
2026-09-30 19:37:36 | INFO    | completed sample-v1-966b2a9be7de4f73f281_knn N=1 seed=2026 method=knn seconds=0.34 progress=6
2026-09-30 19:37:37 | INFO    | completed sample-v1-bf5bf5145d2f27b6b015_mahalanobis N=1 seed=42 method=mahalanobis seconds=0.19 progress=7
2026-09-30 19:37:38 | INFO    | completed sample-v1-bf5bf5145d2f27b6b015_knn N=1 seed=42 method=knn seconds=0.44 progress=8
2026-09-30 19:37:40 | INFO    | completed sample-v1-d4e4fe7e78a462384bee_mahalanobis N=1 seed=123 method=mahalanobis seconds=0.17 progress=9
2026-09-30 19:37:40 | INFO    | completed sample-v1-d4e4fe7e78a462384bee_knn N=1 seed=123 method=knn seconds=0.36 progress=10
2026-09-30 19:37:42 | INFO    | completed sample-v1-8bb936039d042a13ccc5_mahalanobis N=1 seed=2026 method=mahalanobis seconds=0.23 progress=11
2026-09-30 19:37:43 | INFO    | completed sample-v1-8bb936039d042a13ccc5_knn N=1 seed=2026 method=knn seconds=0.42 progress=12
2026-09-30 19:37:44 | INFO    | completed sample-v1-c295bc16e1f1ff84372d_mahalanobis N=1 seed=42 method=mahalanobis seconds=0.18 progress=13
2026-09-30 19:37:45 | INFO    | completed sample-v1-c295bc16e1f1ff84372d_knn N=1 seed=42 method=knn seconds=0.36 progress=14
2026-09-30 19:37:47 | INFO    | completed sample-v1-02cecb840bd9d5f286c7_mahalanobis N=1 seed=123 method=mahalanobis seconds=0.17 progress=15
2026-09-30 19:37:48 | INFO    | completed sample-v1-02cecb840bd9d5f286c7_knn N=1 seed=123 method=knn seconds=0.39 progress=16
2026-09-30 19:37:49 | INFO    | completed sample-v1-4709ced97cf034b35ab7_mahalanobis N=1 seed=2026 method=mahalanobis seconds=0.16 progress=17
2026-09-30 19:37:50 | INFO    | completed sample-v1-4709ced97cf034b35ab7_knn N=1 seed=2026 method=knn seconds=0.40 progress=18
2026-09-30 19:37:51 | INFO    | completed sample-v1-8780e46f10ab8021f0be_mahalanobis N=1 seed=42 method=mahalanobis seconds=0.18 progress=19
2026-09-30 19:37:52 | INFO    | completed sample-v1-8780e46f10ab8021f0be_knn N=1 seed=42 method=knn seconds=0.37 progress=20
2026-09-30 19:37:54 | INFO    | completed sample-v1-55b8c3b32037d3a23d9c_mahalanobis N=1 seed=123 method=mahalanobis seconds=0.17 progress=21
2026-09-30 19:37:55 | INFO    | completed sample-v1-55b8c3b32037d3a23d9c_knn N=1 seed=123 method=knn seconds=0.38 progress=22
2026-09-30 19:37:56 | INFO    | completed sample-v1-99bacd30651bb20d125a_mahalanobis N=1 seed=2026 method=mahalanobis seconds=0.16 progress=23
2026-09-30 19:37:57 | INFO    | completed sample-v1-99bacd30651bb20d125a_knn N=1 seed=2026 method=knn seconds=0.37 progress=24
2026-09-30 19:37:58 | INFO    | completed sample-v1-34cfe003d64f329c1e4b_mahalanobis N=1 seed=42 method=mahalanobis seconds=0.17 progress=25
2026-09-30 19:37:59 | INFO    | completed sample-v1-34cfe003d64f329c1e4b_knn N=1 seed=42 method=knn seconds=0.36 progress=26
2026-09-30 19:38:00 | INFO    | completed sample-v1-a1ed5e28c66aece0919c_mahalanobis N=1 seed=123 method=mahalanobis seconds=0.17 progress=27
2026-09-30 19:38:01 | INFO    | completed sample-v1-a1ed5e28c66aece0919c_knn N=1 seed=123 method=knn seconds=0.36 progress=28
2026-09-30 19:38:03 | INFO    | completed sample-v1-292e02be14f076cea7c8_mahalanobis N=1 seed=2026 method=mahalanobis seconds=0.16 progress=29
2026-09-30 19:38:03 | INFO    | completed sample-v1-292e02be14f076cea7c8_knn N=1 seed=2026 method=knn seconds=0.36 progress=30
2026-09-30 19:38:05 | INFO    | completed sample-v1-19d3384755daadb00dff_mahalanobis N=1 seed=42 method=mahalanobis seconds=0.16 progress=31
2026-09-30 19:38:06 | INFO    | completed sample-v1-19d3384755daadb00dff_knn N=1 seed=42 method=knn seconds=0.36 progress=32
2026-09-30 19:38:07 | INFO    | completed sample-v1-3a77ba6caebee5097f64_mahalanobis N=1 seed=123 method=mahalanobis seconds=0.17 progress=33
2026-09-30 19:38:08 | INFO    | completed sample-v1-3a77ba6caebee5097f64_knn N=1 seed=123 method=knn seconds=0.39 progress=34
2026-09-30 19:38:09 | INFO    | completed sample-v1-1de68d8dff47b5eb2784_mahalanobis N=1 seed=2026 method=mahalanobis seconds=0.17 progress=35
2026-09-30 19:38:10 | INFO    | completed sample-v1-1de68d8dff47b5eb2784_knn N=1 seed=2026 method=knn seconds=0.36 progress=36
2026-09-30 19:38:12 | INFO    | completed sample-v1-2acbd5ce4bfacfeb2529_mahalanobis N=1 seed=42 method=mahalanobis seconds=0.19 progress=37
2026-09-30 19:38:13 | INFO    | completed sample-v1-2acbd5ce4bfacfeb2529_knn N=1 seed=42 method=knn seconds=0.35 progress=38
2026-09-30 19:38:14 | INFO    | completed sample-v1-876d40676621dcadaa04_mahalanobis N=1 seed=123 method=mahalanobis seconds=0.18 progress=39
2026-09-30 19:38:15 | INFO    | completed sample-v1-876d40676621dcadaa04_knn N=1 seed=123 method=knn seconds=0.39 progress=40
2026-09-30 19:38:16 | INFO    | completed sample-v1-771ff3c071998fe1b574_mahalanobis N=1 seed=2026 method=mahalanobis seconds=0.18 progress=41
2026-09-30 19:38:17 | INFO    | completed sample-v1-771ff3c071998fe1b574_knn N=1 seed=2026 method=knn seconds=0.36 progress=42
2026-09-30 19:38:19 | INFO    | completed sample-v1-1bf3e119e403843b2a87_mahalanobis N=1 seed=42 method=mahalanobis seconds=0.23 progress=43
2026-09-30 19:38:20 | INFO    | completed sample-v1-1bf3e119e403843b2a87_knn N=1 seed=42 method=knn seconds=0.37 progress=44
2026-09-30 19:38:21 | INFO    | completed sample-v1-6286005b893dfb34f678_mahalanobis N=1 seed=123 method=mahalanobis seconds=0.16 progress=45
2026-09-30 19:38:22 | INFO    | completed sample-v1-6286005b893dfb34f678_knn N=1 seed=123 method=knn seconds=0.35 progress=46
2026-09-30 19:38:23 | INFO    | completed sample-v1-4fdc7386fefe60f12f29_mahalanobis N=1 seed=2026 method=mahalanobis seconds=0.16 progress=47
2026-09-30 19:38:24 | INFO    | completed sample-v1-4fdc7386fefe60f12f29_knn N=1 seed=2026 method=knn seconds=0.35 progress=48
2026-09-30 19:38:25 | INFO    | completed sample-v1-0468cd0869ace601cfe7_mahalanobis N=1 seed=42 method=mahalanobis seconds=0.15 progress=49
2026-09-30 19:38:26 | INFO    | completed sample-v1-0468cd0869ace601cfe7_knn N=1 seed=42 method=knn seconds=0.38 progress=50
2026-09-30 19:38:27 | INFO    | completed sample-v1-cf5076339ba4f226541f_mahalanobis N=1 seed=123 method=mahalanobis seconds=0.15 progress=51
2026-09-30 19:38:28 | INFO    | completed sample-v1-cf5076339ba4f226541f_knn N=1 seed=123 method=knn seconds=0.33 progress=52
2026-09-30 19:38:30 | INFO    | completed sample-v1-6ed35dd7bb10b57ba66d_mahalanobis N=1 seed=2026 method=mahalanobis seconds=0.17 progress=53
2026-09-30 19:38:30 | INFO    | completed sample-v1-6ed35dd7bb10b57ba66d_knn N=1 seed=2026 method=knn seconds=0.36 progress=54
2026-09-30 19:38:32 | INFO    | completed sample-v1-45388ce0a4c86e79b8e8_mahalanobis N=2 seed=42 method=mahalanobis seconds=0.21 progress=55
2026-09-30 19:38:33 | INFO    | completed sample-v1-45388ce0a4c86e79b8e8_knn N=2 seed=42 method=knn seconds=0.50 progress=56
2026-09-30 19:38:34 | INFO    | completed sample-v1-b5701d1237b1e6dcbfba_mahalanobis N=2 seed=123 method=mahalanobis seconds=0.21 progress=57
2026-09-30 19:38:35 | INFO    | completed sample-v1-b5701d1237b1e6dcbfba_knn N=2 seed=123 method=knn seconds=0.53 progress=58
2026-09-30 19:38:37 | INFO    | completed sample-v1-a9b7d760f40a1a98b2f2_mahalanobis N=2 seed=2026 method=mahalanobis seconds=0.21 progress=59
2026-09-30 19:38:38 | INFO    | completed sample-v1-a9b7d760f40a1a98b2f2_knn N=2 seed=2026 method=knn seconds=0.50 progress=60
2026-09-30 19:38:40 | INFO    | completed sample-v1-3b37e0433d9599884ab6_mahalanobis N=2 seed=42 method=mahalanobis seconds=0.25 progress=61
2026-09-30 19:38:41 | INFO    | completed sample-v1-3b37e0433d9599884ab6_knn N=2 seed=42 method=knn seconds=0.50 progress=62
2026-09-30 19:38:42 | INFO    | completed sample-v1-0525ccb92a9a62149289_mahalanobis N=2 seed=123 method=mahalanobis seconds=0.23 progress=63
2026-09-30 19:38:43 | INFO    | completed sample-v1-0525ccb92a9a62149289_knn N=2 seed=123 method=knn seconds=0.52 progress=64
2026-09-30 19:38:45 | INFO    | completed sample-v1-67a0e0f57f3b67de4e09_mahalanobis N=2 seed=2026 method=mahalanobis seconds=0.22 progress=65
2026-09-30 19:38:46 | INFO    | completed sample-v1-67a0e0f57f3b67de4e09_knn N=2 seed=2026 method=knn seconds=0.52 progress=66
2026-09-30 19:38:47 | INFO    | completed sample-v1-e2684571d677c9c03763_mahalanobis N=2 seed=42 method=mahalanobis seconds=0.21 progress=67
2026-09-30 19:38:48 | INFO    | completed sample-v1-e2684571d677c9c03763_knn N=2 seed=42 method=knn seconds=0.50 progress=68
2026-09-30 19:38:50 | INFO    | completed sample-v1-8958bb592f54805449a1_mahalanobis N=2 seed=123 method=mahalanobis seconds=0.21 progress=69
2026-09-30 19:38:51 | INFO    | completed sample-v1-8958bb592f54805449a1_knn N=2 seed=123 method=knn seconds=0.52 progress=70
2026-09-30 19:38:53 | INFO    | completed sample-v1-3fc1d49dc750c6a499ea_mahalanobis N=2 seed=2026 method=mahalanobis seconds=0.23 progress=71
2026-09-30 19:38:54 | INFO    | completed sample-v1-3fc1d49dc750c6a499ea_knn N=2 seed=2026 method=knn seconds=0.50 progress=72
2026-09-30 19:38:55 | INFO    | completed sample-v1-8dac4fbf40b00689c90a_mahalanobis N=2 seed=42 method=mahalanobis seconds=0.22 progress=73
2026-09-30 19:38:56 | INFO    | completed sample-v1-8dac4fbf40b00689c90a_knn N=2 seed=42 method=knn seconds=0.50 progress=74
2026-09-30 19:38:58 | INFO    | completed sample-v1-f51f35116739c6a549ed_mahalanobis N=2 seed=123 method=mahalanobis seconds=0.21 progress=75
2026-09-30 19:38:59 | INFO    | completed sample-v1-f51f35116739c6a549ed_knn N=2 seed=123 method=knn seconds=0.50 progress=76
2026-09-30 19:39:00 | INFO    | completed sample-v1-38144b256f61f2cd8702_mahalanobis N=2 seed=2026 method=mahalanobis seconds=0.21 progress=77
2026-09-30 19:39:01 | INFO    | completed sample-v1-38144b256f61f2cd8702_knn N=2 seed=2026 method=knn seconds=0.49 progress=78
2026-09-30 19:39:03 | INFO    | completed sample-v1-1a77ebfa1b2ea9011b50_mahalanobis N=2 seed=42 method=mahalanobis seconds=0.20 progress=79
2026-09-30 19:39:04 | INFO    | completed sample-v1-1a77ebfa1b2ea9011b50_knn N=2 seed=42 method=knn seconds=0.51 progress=80
2026-09-30 19:39:05 | INFO    | completed sample-v1-6556438a2a0d9ebafeb5_mahalanobis N=2 seed=123 method=mahalanobis seconds=0.21 progress=81
2026-09-30 19:39:06 | INFO    | completed sample-v1-6556438a2a0d9ebafeb5_knn N=2 seed=123 method=knn seconds=0.51 progress=82
2026-09-30 19:39:08 | INFO    | completed sample-v1-5853ba116dda20c8768c_mahalanobis N=2 seed=2026 method=mahalanobis seconds=0.21 progress=83
2026-09-30 19:39:09 | INFO    | completed sample-v1-5853ba116dda20c8768c_knn N=2 seed=2026 method=knn seconds=0.53 progress=84
2026-09-30 19:39:11 | INFO    | completed sample-v1-f7f10b7b7d60fabbd275_mahalanobis N=2 seed=42 method=mahalanobis seconds=0.20 progress=85
2026-09-30 19:39:12 | INFO    | completed sample-v1-f7f10b7b7d60fabbd275_knn N=2 seed=42 method=knn seconds=0.49 progress=86
2026-09-30 19:39:13 | INFO    | completed sample-v1-bab6af3f4a2bc004f3c6_mahalanobis N=2 seed=123 method=mahalanobis seconds=0.21 progress=87
2026-09-30 19:39:14 | INFO    | completed sample-v1-bab6af3f4a2bc004f3c6_knn N=2 seed=123 method=knn seconds=0.53 progress=88
2026-09-30 19:39:16 | INFO    | completed sample-v1-a6016dcf4bf44445991c_mahalanobis N=2 seed=2026 method=mahalanobis seconds=0.22 progress=89
2026-09-30 19:39:17 | INFO    | completed sample-v1-a6016dcf4bf44445991c_knn N=2 seed=2026 method=knn seconds=0.50 progress=90
2026-09-30 19:39:18 | INFO    | completed sample-v1-35fe674e7acaea9e67d2_mahalanobis N=2 seed=42 method=mahalanobis seconds=0.21 progress=91
2026-09-30 19:39:19 | INFO    | completed sample-v1-35fe674e7acaea9e67d2_knn N=2 seed=42 method=knn seconds=0.50 progress=92
2026-09-30 19:39:21 | INFO    | completed sample-v1-84bfd5154ddc979983cb_mahalanobis N=2 seed=123 method=mahalanobis seconds=0.21 progress=93
2026-09-30 19:39:22 | INFO    | completed sample-v1-84bfd5154ddc979983cb_knn N=2 seed=123 method=knn seconds=0.51 progress=94
2026-09-30 19:39:23 | INFO    | completed sample-v1-8afd58d8c7ce40ce1401_mahalanobis N=2 seed=2026 method=mahalanobis seconds=0.23 progress=95
2026-09-30 19:39:24 | INFO    | completed sample-v1-8afd58d8c7ce40ce1401_knn N=2 seed=2026 method=knn seconds=0.50 progress=96
2026-09-30 19:39:26 | INFO    | completed sample-v1-cd9e427f78f07f104e48_mahalanobis N=2 seed=42 method=mahalanobis seconds=0.21 progress=97
2026-09-30 19:39:27 | INFO    | completed sample-v1-cd9e427f78f07f104e48_knn N=2 seed=42 method=knn seconds=0.50 progress=98
2026-09-30 19:39:28 | INFO    | completed sample-v1-5d1e385c33d6f804be21_mahalanobis N=2 seed=123 method=mahalanobis seconds=0.22 progress=99
2026-09-30 19:39:30 | INFO    | completed sample-v1-5d1e385c33d6f804be21_knn N=2 seed=123 method=knn seconds=0.52 progress=100
2026-09-30 19:39:31 | INFO    | completed sample-v1-babfd47ea31e80f5d36e_mahalanobis N=2 seed=2026 method=mahalanobis seconds=0.22 progress=101
2026-09-30 19:39:32 | INFO    | completed sample-v1-babfd47ea31e80f5d36e_knn N=2 seed=2026 method=knn seconds=0.50 progress=102
2026-09-30 19:39:34 | INFO    | completed sample-v1-04f75b48582eb66f10e7_mahalanobis N=2 seed=42 method=mahalanobis seconds=0.21 progress=103
2026-09-30 19:39:35 | INFO    | completed sample-v1-04f75b48582eb66f10e7_knn N=2 seed=42 method=knn seconds=0.49 progress=104
2026-09-30 19:39:36 | INFO    | completed sample-v1-5af5d2f3c22201f77c2d_mahalanobis N=2 seed=123 method=mahalanobis seconds=0.23 progress=105
2026-09-30 19:39:37 | INFO    | completed sample-v1-5af5d2f3c22201f77c2d_knn N=2 seed=123 method=knn seconds=0.56 progress=106
2026-09-30 19:39:39 | INFO    | completed sample-v1-676af62f2841f7a40c1d_mahalanobis N=2 seed=2026 method=mahalanobis seconds=0.22 progress=107
2026-09-30 19:39:40 | INFO    | completed sample-v1-676af62f2841f7a40c1d_knn N=2 seed=2026 method=knn seconds=0.49 progress=108
2026-09-30 19:39:41 | INFO    | completed sample-v1-d8d0a78972c023fb35ca_mahalanobis N=2 seed=42 method=mahalanobis seconds=0.20 progress=109
2026-09-30 19:39:42 | INFO    | completed sample-v1-d8d0a78972c023fb35ca_knn N=2 seed=42 method=knn seconds=0.50 progress=110
2026-09-30 19:39:44 | INFO    | completed sample-v1-e7d58c0fdc16cfeb578c_mahalanobis N=2 seed=123 method=mahalanobis seconds=0.21 progress=111
2026-09-30 19:39:45 | INFO    | completed sample-v1-e7d58c0fdc16cfeb578c_knn N=2 seed=123 method=knn seconds=0.52 progress=112
2026-09-30 19:39:46 | INFO    | completed sample-v1-d8c176a6d88c4604d0df_mahalanobis N=2 seed=2026 method=mahalanobis seconds=0.21 progress=113
2026-09-30 19:39:47 | INFO    | completed sample-v1-d8c176a6d88c4604d0df_knn N=2 seed=2026 method=knn seconds=0.51 progress=114
2026-09-30 19:39:49 | INFO    | completed sample-v1-23fbdbe1a9cfe29781b9_mahalanobis N=2 seed=42 method=mahalanobis seconds=0.20 progress=115
2026-09-30 19:39:50 | INFO    | completed sample-v1-23fbdbe1a9cfe29781b9_knn N=2 seed=42 method=knn seconds=0.48 progress=116
2026-09-30 19:39:52 | INFO    | completed sample-v1-2e30fd7252704de7cdea_mahalanobis N=2 seed=123 method=mahalanobis seconds=0.21 progress=117
2026-09-30 19:39:53 | INFO    | completed sample-v1-2e30fd7252704de7cdea_knn N=2 seed=123 method=knn seconds=0.51 progress=118
2026-09-30 19:39:54 | INFO    | completed sample-v1-bb5e2a5060351070d5b1_mahalanobis N=2 seed=2026 method=mahalanobis seconds=0.21 progress=119
2026-09-30 19:39:55 | INFO    | completed sample-v1-bb5e2a5060351070d5b1_knn N=2 seed=2026 method=knn seconds=0.50 progress=120
2026-09-30 19:39:57 | INFO    | completed sample-v1-7907317c00a571575672_mahalanobis N=2 seed=42 method=mahalanobis seconds=0.21 progress=121
2026-09-30 19:39:58 | INFO    | completed sample-v1-7907317c00a571575672_knn N=2 seed=42 method=knn seconds=0.49 progress=122
2026-09-30 19:39:59 | INFO    | completed sample-v1-464274a3e8de8b9340c1_mahalanobis N=2 seed=123 method=mahalanobis seconds=0.23 progress=123
2026-09-30 19:40:00 | INFO    | completed sample-v1-464274a3e8de8b9340c1_knn N=2 seed=123 method=knn seconds=0.53 progress=124
2026-09-30 19:40:02 | INFO    | completed sample-v1-d28d9900117f9291b858_mahalanobis N=2 seed=2026 method=mahalanobis seconds=0.21 progress=125
2026-09-30 19:40:03 | INFO    | completed sample-v1-d28d9900117f9291b858_knn N=2 seed=2026 method=knn seconds=0.50 progress=126
2026-09-30 19:40:04 | INFO    | completed sample-v1-33e893a543d0a1817d97_mahalanobis N=2 seed=42 method=mahalanobis seconds=0.20 progress=127
2026-09-30 19:40:05 | INFO    | completed sample-v1-33e893a543d0a1817d97_knn N=2 seed=42 method=knn seconds=0.56 progress=128
2026-09-30 19:40:07 | INFO    | completed sample-v1-2e0bc380809d6d6f819f_mahalanobis N=2 seed=123 method=mahalanobis seconds=0.21 progress=129
2026-09-30 19:40:08 | INFO    | completed sample-v1-2e0bc380809d6d6f819f_knn N=2 seed=123 method=knn seconds=0.48 progress=130
2026-09-30 19:40:09 | INFO    | completed sample-v1-bf5cecfc69e4f70e3281_mahalanobis N=2 seed=2026 method=mahalanobis seconds=0.25 progress=131
2026-09-30 19:40:10 | INFO    | completed sample-v1-bf5cecfc69e4f70e3281_knn N=2 seed=2026 method=knn seconds=0.49 progress=132
2026-09-30 19:40:12 | INFO    | completed sample-v1-5967431dcf714ffc4ce7_mahalanobis N=2 seed=42 method=mahalanobis seconds=0.21 progress=133
2026-09-30 19:40:13 | INFO    | completed sample-v1-5967431dcf714ffc4ce7_knn N=2 seed=42 method=knn seconds=0.49 progress=134
2026-09-30 19:40:15 | INFO    | completed sample-v1-bf1bc9ebe292e7cf1c42_mahalanobis N=2 seed=123 method=mahalanobis seconds=0.20 progress=135
2026-09-30 19:40:16 | INFO    | completed sample-v1-bf1bc9ebe292e7cf1c42_knn N=2 seed=123 method=knn seconds=0.52 progress=136
2026-09-30 19:40:17 | INFO    | completed sample-v1-9a0c218416d41e4006fe_mahalanobis N=2 seed=2026 method=mahalanobis seconds=0.25 progress=137
2026-09-30 19:40:18 | INFO    | completed sample-v1-9a0c218416d41e4006fe_knn N=2 seed=2026 method=knn seconds=0.54 progress=138
2026-09-30 19:40:20 | INFO    | completed sample-v1-8f43ac1ea72f1466241e_mahalanobis N=2 seed=42 method=mahalanobis seconds=0.20 progress=139
2026-09-30 19:40:21 | INFO    | completed sample-v1-8f43ac1ea72f1466241e_knn N=2 seed=42 method=knn seconds=0.50 progress=140
2026-09-30 19:40:22 | INFO    | completed sample-v1-4eb2d429be24e7340195_mahalanobis N=2 seed=123 method=mahalanobis seconds=0.21 progress=141
2026-09-30 19:40:23 | INFO    | completed sample-v1-4eb2d429be24e7340195_knn N=2 seed=123 method=knn seconds=0.51 progress=142
2026-09-30 19:40:25 | INFO    | completed sample-v1-dbefa0028cc1c4ac8fec_mahalanobis N=2 seed=2026 method=mahalanobis seconds=0.23 progress=143
2026-09-30 19:40:26 | INFO    | completed sample-v1-dbefa0028cc1c4ac8fec_knn N=2 seed=2026 method=knn seconds=0.50 progress=144
2026-09-30 19:40:28 | INFO    | completed sample-v1-80cc41f49ce2665a8aca_mahalanobis N=2 seed=42 method=mahalanobis seconds=0.22 progress=145
2026-09-30 19:40:29 | INFO    | completed sample-v1-80cc41f49ce2665a8aca_knn N=2 seed=42 method=knn seconds=0.48 progress=146
2026-09-30 19:40:30 | INFO    | completed sample-v1-83755f45dbaf99df8811_mahalanobis N=2 seed=123 method=mahalanobis seconds=0.21 progress=147
2026-09-30 19:40:31 | INFO    | completed sample-v1-83755f45dbaf99df8811_knn N=2 seed=123 method=knn seconds=0.52 progress=148
2026-09-30 19:40:33 | INFO    | completed sample-v1-409ff2aa9c02487b7472_mahalanobis N=2 seed=2026 method=mahalanobis seconds=0.22 progress=149
2026-09-30 19:40:34 | INFO    | completed sample-v1-409ff2aa9c02487b7472_knn N=2 seed=2026 method=knn seconds=0.50 progress=150
2026-09-30 19:40:35 | INFO    | completed sample-v1-1a270a3055ea59e0fe82_mahalanobis N=2 seed=42 method=mahalanobis seconds=0.21 progress=151
2026-09-30 19:40:36 | INFO    | completed sample-v1-1a270a3055ea59e0fe82_knn N=2 seed=42 method=knn seconds=0.48 progress=152
2026-09-30 19:40:38 | INFO    | completed sample-v1-5005a1dbe151c64a6c31_mahalanobis N=2 seed=123 method=mahalanobis seconds=0.26 progress=153
2026-09-30 19:40:39 | INFO    | completed sample-v1-5005a1dbe151c64a6c31_knn N=2 seed=123 method=knn seconds=0.51 progress=154
2026-09-30 19:40:40 | INFO    | completed sample-v1-34b38874a3006177815e_mahalanobis N=2 seed=2026 method=mahalanobis seconds=0.22 progress=155
2026-09-30 19:40:41 | INFO    | completed sample-v1-34b38874a3006177815e_knn N=2 seed=2026 method=knn seconds=0.50 progress=156
2026-09-30 19:40:43 | INFO    | completed sample-v1-92bcb01fceb6a591d041_mahalanobis N=2 seed=42 method=mahalanobis seconds=0.20 progress=157
2026-09-30 19:40:44 | INFO    | completed sample-v1-92bcb01fceb6a591d041_knn N=2 seed=42 method=knn seconds=0.48 progress=158
2026-09-30 19:40:45 | INFO    | completed sample-v1-6e9f3da17c97e326e335_mahalanobis N=2 seed=123 method=mahalanobis seconds=0.21 progress=159
2026-09-30 19:40:46 | INFO    | completed sample-v1-6e9f3da17c97e326e335_knn N=2 seed=123 method=knn seconds=0.48 progress=160
2026-09-30 19:40:48 | INFO    | completed sample-v1-72044b3135306a66f12f_mahalanobis N=2 seed=2026 method=mahalanobis seconds=0.21 progress=161
2026-09-30 19:40:49 | INFO    | completed sample-v1-72044b3135306a66f12f_knn N=2 seed=2026 method=knn seconds=0.49 progress=162
2026-09-30 19:40:50 | INFO    | completed sample-v1-1bab3430bc081a4565f7_mahalanobis N=2 seed=42 method=mahalanobis seconds=0.22 progress=163
2026-09-30 19:40:52 | INFO    | completed sample-v1-1bab3430bc081a4565f7_knn N=2 seed=42 method=knn seconds=0.49 progress=164
2026-09-30 19:40:53 | INFO    | completed sample-v1-8849132aefe671d18ad2_mahalanobis N=2 seed=123 method=mahalanobis seconds=0.21 progress=165
2026-09-30 19:40:54 | INFO    | completed sample-v1-8849132aefe671d18ad2_knn N=2 seed=123 method=knn seconds=0.50 progress=166
2026-09-30 19:40:56 | INFO    | completed sample-v1-2cfbe0fa1952bf95c5c2_mahalanobis N=2 seed=2026 method=mahalanobis seconds=0.22 progress=167
2026-09-30 19:40:57 | INFO    | completed sample-v1-2cfbe0fa1952bf95c5c2_knn N=2 seed=2026 method=knn seconds=0.48 progress=168
2026-09-30 19:40:58 | INFO    | completed sample-v1-2fc409dc9fa4695c00f9_mahalanobis N=2 seed=42 method=mahalanobis seconds=0.21 progress=169
2026-09-30 19:40:59 | INFO    | completed sample-v1-2fc409dc9fa4695c00f9_knn N=2 seed=42 method=knn seconds=0.51 progress=170
2026-09-30 19:41:01 | INFO    | completed sample-v1-6cfc019c966c967514b8_mahalanobis N=2 seed=123 method=mahalanobis seconds=0.22 progress=171
2026-09-30 19:41:02 | INFO    | completed sample-v1-6cfc019c966c967514b8_knn N=2 seed=123 method=knn seconds=0.52 progress=172
2026-09-30 19:41:03 | INFO    | completed sample-v1-6b1c84ed500e649af944_mahalanobis N=2 seed=2026 method=mahalanobis seconds=0.21 progress=173
2026-09-30 19:41:04 | INFO    | completed sample-v1-6b1c84ed500e649af944_knn N=2 seed=2026 method=knn seconds=0.49 progress=174
2026-09-30 19:41:06 | INFO    | completed sample-v1-1998df5560223963464f_mahalanobis N=2 seed=42 method=mahalanobis seconds=0.26 progress=175
2026-09-30 19:41:07 | INFO    | completed sample-v1-1998df5560223963464f_knn N=2 seed=42 method=knn seconds=0.48 progress=176
2026-09-30 19:41:08 | INFO    | completed sample-v1-d6f96806c9a832074fc5_mahalanobis N=2 seed=123 method=mahalanobis seconds=0.21 progress=177
2026-09-30 19:41:10 | INFO    | completed sample-v1-d6f96806c9a832074fc5_knn N=2 seed=123 method=knn seconds=0.54 progress=178
2026-09-30 19:41:11 | INFO    | completed sample-v1-326c7cebadcc326709d6_mahalanobis N=2 seed=2026 method=mahalanobis seconds=0.22 progress=179
2026-09-30 19:41:12 | INFO    | completed sample-v1-326c7cebadcc326709d6_knn N=2 seed=2026 method=knn seconds=0.49 progress=180
2026-09-30 19:41:14 | INFO    | completed sample-v1-a607cc2a9e9f395f0d76_mahalanobis N=2 seed=42 method=mahalanobis seconds=0.21 progress=181
2026-09-30 19:41:15 | INFO    | completed sample-v1-a607cc2a9e9f395f0d76_knn N=2 seed=42 method=knn seconds=0.49 progress=182
2026-09-30 19:41:16 | INFO    | completed sample-v1-57fab4b19fd341dbd856_mahalanobis N=2 seed=123 method=mahalanobis seconds=0.21 progress=183
2026-09-30 19:41:18 | INFO    | completed sample-v1-57fab4b19fd341dbd856_knn N=2 seed=123 method=knn seconds=0.53 progress=184
2026-09-30 19:41:19 | INFO    | completed sample-v1-ca917eabc12a1288a392_mahalanobis N=2 seed=2026 method=mahalanobis seconds=0.21 progress=185
2026-09-30 19:41:20 | INFO    | completed sample-v1-ca917eabc12a1288a392_knn N=2 seed=2026 method=knn seconds=0.54 progress=186
2026-09-30 19:41:22 | INFO    | completed sample-v1-ecaddc17954f41df008b_mahalanobis N=2 seed=42 method=mahalanobis seconds=0.27 progress=187
2026-09-30 19:41:23 | INFO    | completed sample-v1-ecaddc17954f41df008b_knn N=2 seed=42 method=knn seconds=0.54 progress=188
2026-09-30 19:41:25 | INFO    | completed sample-v1-371042c319d5a02ef4d7_mahalanobis N=2 seed=123 method=mahalanobis seconds=0.21 progress=189
2026-09-30 19:41:26 | INFO    | completed sample-v1-371042c319d5a02ef4d7_knn N=2 seed=123 method=knn seconds=0.50 progress=190
2026-09-30 19:41:27 | INFO    | completed sample-v1-bbe46b47211967e4908c_mahalanobis N=2 seed=2026 method=mahalanobis seconds=0.21 progress=191
2026-09-30 19:41:28 | INFO    | completed sample-v1-bbe46b47211967e4908c_knn N=2 seed=2026 method=knn seconds=0.51 progress=192
2026-09-30 19:41:30 | INFO    | completed sample-v1-6d68feace2ab909d8946_mahalanobis N=2 seed=42 method=mahalanobis seconds=0.21 progress=193
2026-09-30 19:41:31 | INFO    | completed sample-v1-6d68feace2ab909d8946_knn N=2 seed=42 method=knn seconds=0.50 progress=194
2026-09-30 19:41:32 | INFO    | completed sample-v1-fa38daac5d7fe4342ce6_mahalanobis N=2 seed=123 method=mahalanobis seconds=0.23 progress=195
2026-09-30 19:41:34 | INFO    | completed sample-v1-fa38daac5d7fe4342ce6_knn N=2 seed=123 method=knn seconds=0.53 progress=196
2026-09-30 19:41:35 | INFO    | completed sample-v1-575b1b18cf705b29a4a8_mahalanobis N=2 seed=2026 method=mahalanobis seconds=0.22 progress=197
2026-09-30 19:41:36 | INFO    | completed sample-v1-575b1b18cf705b29a4a8_knn N=2 seed=2026 method=knn seconds=0.55 progress=198
2026-09-30 19:41:38 | INFO    | completed sample-v1-0a33a68daaa4f778dfc5_mahalanobis N=2 seed=42 method=mahalanobis seconds=0.19 progress=199
2026-09-30 19:41:39 | INFO    | completed sample-v1-0a33a68daaa4f778dfc5_knn N=2 seed=42 method=knn seconds=0.50 progress=200
2026-09-30 19:41:40 | INFO    | completed sample-v1-593a82e41ca35bd3953c_mahalanobis N=2 seed=123 method=mahalanobis seconds=0.21 progress=201
2026-09-30 19:41:41 | INFO    | completed sample-v1-593a82e41ca35bd3953c_knn N=2 seed=123 method=knn seconds=0.51 progress=202
2026-09-30 19:41:43 | INFO    | completed sample-v1-bb94ac6d5d17456279fb_mahalanobis N=2 seed=2026 method=mahalanobis seconds=0.21 progress=203
2026-09-30 19:41:44 | INFO    | completed sample-v1-bb94ac6d5d17456279fb_knn N=2 seed=2026 method=knn seconds=0.50 progress=204
2026-09-30 19:41:45 | INFO    | completed sample-v1-86f911cee7098657b0c0_mahalanobis N=2 seed=42 method=mahalanobis seconds=0.19 progress=205
2026-09-30 19:41:47 | INFO    | completed sample-v1-86f911cee7098657b0c0_knn N=2 seed=42 method=knn seconds=0.50 progress=206
2026-09-30 19:41:48 | INFO    | completed sample-v1-10796707642844c939ed_mahalanobis N=2 seed=123 method=mahalanobis seconds=0.20 progress=207
2026-09-30 19:41:49 | INFO    | completed sample-v1-10796707642844c939ed_knn N=2 seed=123 method=knn seconds=0.48 progress=208
2026-09-30 19:41:50 | INFO    | completed sample-v1-b9815375ad0fde215795_mahalanobis N=2 seed=2026 method=mahalanobis seconds=0.21 progress=209
2026-09-30 19:41:51 | INFO    | completed sample-v1-b9815375ad0fde215795_knn N=2 seed=2026 method=knn seconds=0.49 progress=210
2026-09-30 19:41:53 | INFO    | completed sample-v1-2d35d463df62cae91b23_mahalanobis N=2 seed=42 method=mahalanobis seconds=0.20 progress=211
2026-09-30 19:41:54 | INFO    | completed sample-v1-2d35d463df62cae91b23_knn N=2 seed=42 method=knn seconds=0.50 progress=212
2026-09-30 19:41:56 | INFO    | completed sample-v1-4eded29288e2ec0e6c01_mahalanobis N=2 seed=123 method=mahalanobis seconds=0.21 progress=213
2026-09-30 19:41:57 | INFO    | completed sample-v1-4eded29288e2ec0e6c01_knn N=2 seed=123 method=knn seconds=0.51 progress=214
2026-09-30 19:41:59 | INFO    | completed sample-v1-98996f3f8ac42ff0c291_mahalanobis N=2 seed=2026 method=mahalanobis seconds=0.22 progress=215
2026-09-30 19:42:01 | INFO    | completed sample-v1-98996f3f8ac42ff0c291_knn N=2 seed=2026 method=knn seconds=0.50 progress=216
2026-09-30 19:42:03 | INFO    | completed sample-v1-cb7c77831f8cb6aa4068_mahalanobis N=2 seed=42 method=mahalanobis seconds=0.20 progress=217
2026-09-30 19:42:04 | INFO    | completed sample-v1-cb7c77831f8cb6aa4068_knn N=2 seed=42 method=knn seconds=0.49 progress=218
2026-09-30 19:42:07 | INFO    | completed sample-v1-0d2be547e1edd558d555_mahalanobis N=2 seed=123 method=mahalanobis seconds=0.21 progress=219
2026-09-30 19:42:08 | INFO    | completed sample-v1-0d2be547e1edd558d555_knn N=2 seed=123 method=knn seconds=0.52 progress=220
2026-09-30 19:42:10 | INFO    | completed sample-v1-cba16cad168e74b3aed8_mahalanobis N=2 seed=2026 method=mahalanobis seconds=0.21 progress=221
2026-09-30 19:42:11 | INFO    | completed sample-v1-cba16cad168e74b3aed8_knn N=2 seed=2026 method=knn seconds=0.50 progress=222
2026-09-30 19:42:13 | INFO    | completed sample-v1-2104f6a7ce7bae458a4c_mahalanobis N=2 seed=42 method=mahalanobis seconds=0.22 progress=223
2026-09-30 19:42:15 | INFO    | completed sample-v1-2104f6a7ce7bae458a4c_knn N=2 seed=42 method=knn seconds=0.49 progress=224
2026-09-30 19:42:17 | INFO    | completed sample-v1-c485366f9b3dd7335cff_mahalanobis N=2 seed=123 method=mahalanobis seconds=0.22 progress=225
2026-09-30 19:42:18 | INFO    | completed sample-v1-c485366f9b3dd7335cff_knn N=2 seed=123 method=knn seconds=0.57 progress=226
2026-09-30 19:42:19 | INFO    | completed sample-v1-1be2cd8b5eac33378449_mahalanobis N=2 seed=2026 method=mahalanobis seconds=0.25 progress=227
2026-09-30 19:42:21 | INFO    | completed sample-v1-1be2cd8b5eac33378449_knn N=2 seed=2026 method=knn seconds=0.61 progress=228
2026-09-30 19:42:22 | INFO    | completed sample-v1-4178e74fb3fbf7be9805_mahalanobis N=2 seed=42 method=mahalanobis seconds=0.21 progress=229
2026-09-30 19:42:23 | INFO    | completed sample-v1-4178e74fb3fbf7be9805_knn N=2 seed=42 method=knn seconds=0.49 progress=230
2026-09-30 19:42:25 | INFO    | completed sample-v1-e9fce93b8f1845ac98a0_mahalanobis N=2 seed=123 method=mahalanobis seconds=0.23 progress=231
2026-09-30 19:42:26 | INFO    | completed sample-v1-e9fce93b8f1845ac98a0_knn N=2 seed=123 method=knn seconds=0.52 progress=232
2026-09-30 19:42:28 | INFO    | completed sample-v1-976c5a54865fab49f5a3_mahalanobis N=2 seed=2026 method=mahalanobis seconds=0.23 progress=233
2026-09-30 19:42:30 | INFO    | completed sample-v1-976c5a54865fab49f5a3_knn N=2 seed=2026 method=knn seconds=0.57 progress=234
2026-09-30 19:42:31 | INFO    | completed sample-v1-f6f557d7f3959c3a5c57_mahalanobis N=3 seed=42 method=mahalanobis seconds=0.27 progress=235
2026-09-30 19:42:33 | INFO    | completed sample-v1-f6f557d7f3959c3a5c57_knn N=3 seed=42 method=knn seconds=0.67 progress=236
2026-09-30 19:42:35 | INFO    | completed sample-v1-0d8ccbc47f324caa80c4_mahalanobis N=3 seed=123 method=mahalanobis seconds=0.27 progress=237
2026-09-30 19:42:36 | INFO    | completed sample-v1-0d8ccbc47f324caa80c4_knn N=3 seed=123 method=knn seconds=0.68 progress=238
2026-09-30 19:42:38 | INFO    | completed sample-v1-42a4330b1511c1ff083b_mahalanobis N=3 seed=2026 method=mahalanobis seconds=0.29 progress=239
2026-09-30 19:42:39 | INFO    | completed sample-v1-42a4330b1511c1ff083b_knn N=3 seed=2026 method=knn seconds=0.70 progress=240
2026-09-30 19:42:41 | INFO    | completed sample-v1-8174fa93d4ca1bf3126f_mahalanobis N=3 seed=42 method=mahalanobis seconds=0.25 progress=241
2026-09-30 19:42:42 | INFO    | completed sample-v1-8174fa93d4ca1bf3126f_knn N=3 seed=42 method=knn seconds=0.70 progress=242
2026-09-30 19:42:44 | INFO    | completed sample-v1-673a2b1ff338b34cc209_mahalanobis N=3 seed=123 method=mahalanobis seconds=0.26 progress=243
2026-09-30 19:42:45 | INFO    | completed sample-v1-673a2b1ff338b34cc209_knn N=3 seed=123 method=knn seconds=0.68 progress=244
2026-09-30 19:42:47 | INFO    | completed sample-v1-edba508a330a3cecb454_mahalanobis N=3 seed=2026 method=mahalanobis seconds=0.28 progress=245
2026-09-30 19:42:49 | INFO    | completed sample-v1-edba508a330a3cecb454_knn N=3 seed=2026 method=knn seconds=0.67 progress=246
2026-09-30 19:42:51 | INFO    | completed sample-v1-ad13e19e46224c2442aa_mahalanobis N=3 seed=42 method=mahalanobis seconds=0.25 progress=247
2026-09-30 19:42:52 | INFO    | completed sample-v1-ad13e19e46224c2442aa_knn N=3 seed=42 method=knn seconds=0.66 progress=248
2026-09-30 19:42:55 | INFO    | completed sample-v1-84606be0ee8eeaf73533_mahalanobis N=3 seed=123 method=mahalanobis seconds=0.26 progress=249
2026-09-30 19:42:56 | INFO    | completed sample-v1-84606be0ee8eeaf73533_knn N=3 seed=123 method=knn seconds=0.70 progress=250
2026-09-30 19:42:58 | INFO    | completed sample-v1-80a2bea96b8eea663af9_mahalanobis N=3 seed=2026 method=mahalanobis seconds=0.31 progress=251
2026-09-30 19:43:00 | INFO    | completed sample-v1-80a2bea96b8eea663af9_knn N=3 seed=2026 method=knn seconds=0.72 progress=252
2026-09-30 19:43:02 | INFO    | completed sample-v1-24170c4c3b717210440d_mahalanobis N=3 seed=42 method=mahalanobis seconds=0.26 progress=253
2026-09-30 19:43:03 | INFO    | completed sample-v1-24170c4c3b717210440d_knn N=3 seed=42 method=knn seconds=0.65 progress=254
2026-09-30 19:43:05 | INFO    | completed sample-v1-510b920fc8b4559bf219_mahalanobis N=3 seed=123 method=mahalanobis seconds=0.27 progress=255
2026-09-30 19:43:06 | INFO    | completed sample-v1-510b920fc8b4559bf219_knn N=3 seed=123 method=knn seconds=0.70 progress=256
2026-09-30 19:43:08 | INFO    | completed sample-v1-5b1f85133ec5f1fd0ecb_mahalanobis N=3 seed=2026 method=mahalanobis seconds=0.29 progress=257
2026-09-30 19:43:09 | INFO    | completed sample-v1-5b1f85133ec5f1fd0ecb_knn N=3 seed=2026 method=knn seconds=0.70 progress=258
2026-09-30 19:43:11 | INFO    | completed sample-v1-4961df04ed5f485b73a3_mahalanobis N=3 seed=42 method=mahalanobis seconds=0.25 progress=259
2026-09-30 19:43:12 | INFO    | completed sample-v1-4961df04ed5f485b73a3_knn N=3 seed=42 method=knn seconds=0.68 progress=260
2026-09-30 19:43:14 | INFO    | completed sample-v1-2fdaf98429d4647899e3_mahalanobis N=3 seed=123 method=mahalanobis seconds=0.27 progress=261
2026-09-30 19:43:16 | INFO    | completed sample-v1-2fdaf98429d4647899e3_knn N=3 seed=123 method=knn seconds=0.70 progress=262
2026-09-30 19:43:17 | INFO    | completed sample-v1-aa2e480f6c63852ffa87_mahalanobis N=3 seed=2026 method=mahalanobis seconds=0.29 progress=263
2026-09-30 19:43:19 | INFO    | completed sample-v1-aa2e480f6c63852ffa87_knn N=3 seed=2026 method=knn seconds=0.69 progress=264
2026-09-30 19:43:21 | INFO    | completed sample-v1-35e813f0c3a90b75bd68_mahalanobis N=3 seed=42 method=mahalanobis seconds=0.26 progress=265
2026-09-30 19:43:22 | INFO    | completed sample-v1-35e813f0c3a90b75bd68_knn N=3 seed=42 method=knn seconds=0.69 progress=266
2026-09-30 19:43:24 | INFO    | completed sample-v1-8562d77facf355d45ebe_mahalanobis N=3 seed=123 method=mahalanobis seconds=0.25 progress=267
2026-09-30 19:43:25 | INFO    | completed sample-v1-8562d77facf355d45ebe_knn N=3 seed=123 method=knn seconds=0.66 progress=268
2026-09-30 19:43:27 | INFO    | completed sample-v1-6885e6dfefcba63efe60_mahalanobis N=3 seed=2026 method=mahalanobis seconds=0.26 progress=269
2026-09-30 19:43:28 | INFO    | completed sample-v1-6885e6dfefcba63efe60_knn N=3 seed=2026 method=knn seconds=0.64 progress=270
2026-09-30 19:43:30 | INFO    | completed sample-v1-2f42f3724d7b0f1a157b_mahalanobis N=3 seed=42 method=mahalanobis seconds=0.25 progress=271
2026-09-30 19:43:31 | INFO    | completed sample-v1-2f42f3724d7b0f1a157b_knn N=3 seed=42 method=knn seconds=0.66 progress=272
2026-09-30 19:43:33 | INFO    | completed sample-v1-cbd7cb292e44ec67b4e5_mahalanobis N=3 seed=123 method=mahalanobis seconds=0.25 progress=273
2026-09-30 19:43:34 | INFO    | completed sample-v1-cbd7cb292e44ec67b4e5_knn N=3 seed=123 method=knn seconds=0.72 progress=274
2026-09-30 19:43:36 | INFO    | completed sample-v1-6ebf5f73c328c8931e08_mahalanobis N=3 seed=2026 method=mahalanobis seconds=0.26 progress=275
2026-09-30 19:43:38 | INFO    | completed sample-v1-6ebf5f73c328c8931e08_knn N=3 seed=2026 method=knn seconds=0.65 progress=276
2026-09-30 19:43:40 | INFO    | completed sample-v1-170e62e5b3af9681856b_mahalanobis N=3 seed=42 method=mahalanobis seconds=0.25 progress=277
2026-09-30 19:43:42 | INFO    | completed sample-v1-170e62e5b3af9681856b_knn N=3 seed=42 method=knn seconds=0.64 progress=278
2026-09-30 19:43:43 | INFO    | completed sample-v1-90a19e85735d165114d6_mahalanobis N=3 seed=123 method=mahalanobis seconds=0.24 progress=279
2026-09-30 19:43:44 | INFO    | completed sample-v1-90a19e85735d165114d6_knn N=3 seed=123 method=knn seconds=0.65 progress=280
2026-09-30 19:43:46 | INFO    | completed sample-v1-ad2b4466d6a8c11e2ab8_mahalanobis N=3 seed=2026 method=mahalanobis seconds=0.26 progress=281
2026-09-30 19:43:47 | INFO    | completed sample-v1-ad2b4466d6a8c11e2ab8_knn N=3 seed=2026 method=knn seconds=0.65 progress=282
2026-09-30 19:43:49 | INFO    | completed sample-v1-90c728c5689992349a54_mahalanobis N=3 seed=42 method=mahalanobis seconds=0.24 progress=283
2026-09-30 19:43:50 | INFO    | completed sample-v1-90c728c5689992349a54_knn N=3 seed=42 method=knn seconds=0.66 progress=284
2026-09-30 19:43:52 | INFO    | completed sample-v1-bc6e587eaee538519069_mahalanobis N=3 seed=123 method=mahalanobis seconds=0.25 progress=285
2026-09-30 19:43:53 | INFO    | completed sample-v1-bc6e587eaee538519069_knn N=3 seed=123 method=knn seconds=0.64 progress=286
2026-09-30 19:43:55 | INFO    | completed sample-v1-24251a1a38b68be28e60_mahalanobis N=3 seed=2026 method=mahalanobis seconds=0.24 progress=287
2026-09-30 19:43:56 | INFO    | completed sample-v1-24251a1a38b68be28e60_knn N=3 seed=2026 method=knn seconds=0.65 progress=288
2026-09-30 19:43:58 | INFO    | completed sample-v1-5eb82d4558609cc04ffe_mahalanobis N=3 seed=42 method=mahalanobis seconds=0.24 progress=289
2026-09-30 19:43:59 | INFO    | completed sample-v1-5eb82d4558609cc04ffe_knn N=3 seed=42 method=knn seconds=0.61 progress=290
2026-09-30 19:44:01 | INFO    | completed sample-v1-e2fae6bdbd4523942af9_mahalanobis N=3 seed=123 method=mahalanobis seconds=0.25 progress=291
2026-09-30 19:44:02 | INFO    | completed sample-v1-e2fae6bdbd4523942af9_knn N=3 seed=123 method=knn seconds=0.63 progress=292
2026-09-30 19:44:04 | INFO    | completed sample-v1-82da34215f8f5d11d5b1_mahalanobis N=3 seed=2026 method=mahalanobis seconds=0.25 progress=293
2026-09-30 19:44:05 | INFO    | completed sample-v1-82da34215f8f5d11d5b1_knn N=3 seed=2026 method=knn seconds=0.64 progress=294
2026-09-30 19:44:07 | INFO    | completed sample-v1-93110f252e1b77464f76_mahalanobis N=3 seed=42 method=mahalanobis seconds=0.25 progress=295
2026-09-30 19:44:08 | INFO    | completed sample-v1-93110f252e1b77464f76_knn N=3 seed=42 method=knn seconds=0.64 progress=296
2026-09-30 19:44:10 | INFO    | completed sample-v1-1a5520b22cdf18d571b8_mahalanobis N=3 seed=123 method=mahalanobis seconds=0.25 progress=297
2026-09-30 19:44:11 | INFO    | completed sample-v1-1a5520b22cdf18d571b8_knn N=3 seed=123 method=knn seconds=0.68 progress=298
2026-09-30 19:44:13 | INFO    | completed sample-v1-496f64bce3d8bb354368_mahalanobis N=3 seed=2026 method=mahalanobis seconds=0.24 progress=299
2026-09-30 19:44:14 | INFO    | completed sample-v1-496f64bce3d8bb354368_knn N=3 seed=2026 method=knn seconds=0.69 progress=300
2026-09-30 19:44:16 | INFO    | completed sample-v1-c922026dda8b02944c35_mahalanobis N=3 seed=42 method=mahalanobis seconds=0.24 progress=301
2026-09-30 19:44:17 | INFO    | completed sample-v1-c922026dda8b02944c35_knn N=3 seed=42 method=knn seconds=0.62 progress=302
2026-09-30 19:44:19 | INFO    | completed sample-v1-e08451e0b836ecf1618b_mahalanobis N=3 seed=123 method=mahalanobis seconds=0.24 progress=303
2026-09-30 19:44:20 | INFO    | completed sample-v1-e08451e0b836ecf1618b_knn N=3 seed=123 method=knn seconds=0.63 progress=304
2026-09-30 19:44:22 | INFO    | completed sample-v1-a3853e4f2f44475920e3_mahalanobis N=3 seed=2026 method=mahalanobis seconds=0.25 progress=305
2026-09-30 19:44:23 | INFO    | completed sample-v1-a3853e4f2f44475920e3_knn N=3 seed=2026 method=knn seconds=0.65 progress=306
2026-09-30 19:44:24 | INFO    | completed sample-v1-7afd1b5afa888399932e_mahalanobis N=3 seed=42 method=mahalanobis seconds=0.24 progress=307
2026-09-30 19:44:26 | INFO    | completed sample-v1-7afd1b5afa888399932e_knn N=3 seed=42 method=knn seconds=0.63 progress=308
2026-09-30 19:44:27 | INFO    | completed sample-v1-71a19b584337ed22c361_mahalanobis N=3 seed=123 method=mahalanobis seconds=0.26 progress=309
2026-09-30 19:44:29 | INFO    | completed sample-v1-71a19b584337ed22c361_knn N=3 seed=123 method=knn seconds=0.66 progress=310
2026-09-30 19:44:30 | INFO    | completed sample-v1-e99439a25e5c291a395b_mahalanobis N=3 seed=2026 method=mahalanobis seconds=0.27 progress=311
2026-09-30 19:44:32 | INFO    | completed sample-v1-e99439a25e5c291a395b_knn N=3 seed=2026 method=knn seconds=0.63 progress=312
2026-09-30 19:44:33 | INFO    | completed sample-v1-3d318af310d9805d07ec_mahalanobis N=3 seed=42 method=mahalanobis seconds=0.25 progress=313
2026-09-30 19:44:35 | INFO    | completed sample-v1-3d318af310d9805d07ec_knn N=3 seed=42 method=knn seconds=0.62 progress=314
2026-09-30 19:44:36 | INFO    | completed sample-v1-e70d018450d1c20ccfa3_mahalanobis N=3 seed=123 method=mahalanobis seconds=0.25 progress=315
2026-09-30 19:44:38 | INFO    | completed sample-v1-e70d018450d1c20ccfa3_knn N=3 seed=123 method=knn seconds=0.67 progress=316
2026-09-30 19:44:39 | INFO    | completed sample-v1-3a0b6c9c76fba2cb458e_mahalanobis N=3 seed=2026 method=mahalanobis seconds=0.26 progress=317
2026-09-30 19:44:41 | INFO    | completed sample-v1-3a0b6c9c76fba2cb458e_knn N=3 seed=2026 method=knn seconds=0.64 progress=318
2026-09-30 19:44:42 | INFO    | completed sample-v1-a6cbbab3b70ac0597ef6_mahalanobis N=3 seed=42 method=mahalanobis seconds=0.25 progress=319
2026-09-30 19:44:44 | INFO    | completed sample-v1-a6cbbab3b70ac0597ef6_knn N=3 seed=42 method=knn seconds=0.64 progress=320
2026-09-30 19:44:45 | INFO    | completed sample-v1-7ecb8d7fc7c653d4479b_mahalanobis N=3 seed=123 method=mahalanobis seconds=0.26 progress=321
2026-09-30 19:44:47 | INFO    | completed sample-v1-7ecb8d7fc7c653d4479b_knn N=3 seed=123 method=knn seconds=0.65 progress=322
2026-09-30 19:44:48 | INFO    | completed sample-v1-b7b59e62ff1def641d64_mahalanobis N=3 seed=2026 method=mahalanobis seconds=0.28 progress=323
2026-09-30 19:44:49 | INFO    | completed sample-v1-b7b59e62ff1def641d64_knn N=3 seed=2026 method=knn seconds=0.64 progress=324
2026-09-30 19:44:51 | INFO    | completed sample-v1-603d74b0c798c0fc96b1_mahalanobis N=3 seed=42 method=mahalanobis seconds=0.24 progress=325
2026-09-30 19:44:52 | INFO    | completed sample-v1-603d74b0c798c0fc96b1_knn N=3 seed=42 method=knn seconds=0.63 progress=326
2026-09-30 19:44:54 | INFO    | completed sample-v1-32f8500d7573aef3639d_mahalanobis N=3 seed=123 method=mahalanobis seconds=0.25 progress=327
2026-09-30 19:44:55 | INFO    | completed sample-v1-32f8500d7573aef3639d_knn N=3 seed=123 method=knn seconds=0.61 progress=328
2026-09-30 19:44:57 | INFO    | completed sample-v1-b5a21bbbae7030b03b20_mahalanobis N=3 seed=2026 method=mahalanobis seconds=0.25 progress=329
2026-09-30 19:44:58 | INFO    | completed sample-v1-b5a21bbbae7030b03b20_knn N=3 seed=2026 method=knn seconds=0.65 progress=330
2026-09-30 19:45:00 | INFO    | completed sample-v1-bb738485bf77a912bc52_mahalanobis N=3 seed=42 method=mahalanobis seconds=0.27 progress=331
2026-09-30 19:45:01 | INFO    | completed sample-v1-bb738485bf77a912bc52_knn N=3 seed=42 method=knn seconds=0.63 progress=332
2026-09-30 19:45:03 | INFO    | completed sample-v1-f46ba58cbaac56bc35a1_mahalanobis N=3 seed=123 method=mahalanobis seconds=0.26 progress=333
2026-09-30 19:45:04 | INFO    | completed sample-v1-f46ba58cbaac56bc35a1_knn N=3 seed=123 method=knn seconds=0.66 progress=334
2026-09-30 19:45:06 | INFO    | completed sample-v1-1c49bdf696a6ece9137e_mahalanobis N=3 seed=2026 method=mahalanobis seconds=0.25 progress=335
2026-09-30 19:45:07 | INFO    | completed sample-v1-1c49bdf696a6ece9137e_knn N=3 seed=2026 method=knn seconds=0.64 progress=336
2026-09-30 19:45:09 | INFO    | completed sample-v1-231aeb78785a70a3986d_mahalanobis N=3 seed=42 method=mahalanobis seconds=0.25 progress=337
2026-09-30 19:45:10 | INFO    | completed sample-v1-231aeb78785a70a3986d_knn N=3 seed=42 method=knn seconds=0.61 progress=338
2026-09-30 19:45:12 | INFO    | completed sample-v1-c004c95718fa560408b9_mahalanobis N=3 seed=123 method=mahalanobis seconds=0.25 progress=339
2026-09-30 19:45:13 | INFO    | completed sample-v1-c004c95718fa560408b9_knn N=3 seed=123 method=knn seconds=0.64 progress=340
2026-09-30 19:45:15 | INFO    | completed sample-v1-0a395afbba164ecaa2c4_mahalanobis N=3 seed=2026 method=mahalanobis seconds=0.30 progress=341
2026-09-30 19:45:16 | INFO    | completed sample-v1-0a395afbba164ecaa2c4_knn N=3 seed=2026 method=knn seconds=0.63 progress=342
2026-09-30 19:45:18 | INFO    | completed sample-v1-911ae491bfec306846cb_mahalanobis N=3 seed=42 method=mahalanobis seconds=0.26 progress=343
2026-09-30 19:45:19 | INFO    | completed sample-v1-911ae491bfec306846cb_knn N=3 seed=42 method=knn seconds=0.63 progress=344
2026-09-30 19:45:21 | INFO    | completed sample-v1-b64a159c5b551abd64fa_mahalanobis N=3 seed=123 method=mahalanobis seconds=0.27 progress=345
2026-09-30 19:45:22 | INFO    | completed sample-v1-b64a159c5b551abd64fa_knn N=3 seed=123 method=knn seconds=0.66 progress=346
2026-09-30 19:45:24 | INFO    | completed sample-v1-a762ca81c08ca616ec31_mahalanobis N=3 seed=2026 method=mahalanobis seconds=0.28 progress=347
2026-09-30 19:45:25 | INFO    | completed sample-v1-a762ca81c08ca616ec31_knn N=3 seed=2026 method=knn seconds=0.63 progress=348
2026-09-30 19:45:27 | INFO    | completed sample-v1-01b774c7fd7e4f1fe383_mahalanobis N=3 seed=42 method=mahalanobis seconds=0.25 progress=349
2026-09-30 19:45:28 | INFO    | completed sample-v1-01b774c7fd7e4f1fe383_knn N=3 seed=42 method=knn seconds=0.63 progress=350
2026-09-30 19:45:29 | INFO    | completed sample-v1-697ebfcd93e3076cb14a_mahalanobis N=3 seed=123 method=mahalanobis seconds=0.25 progress=351
2026-09-30 19:45:31 | INFO    | completed sample-v1-697ebfcd93e3076cb14a_knn N=3 seed=123 method=knn seconds=0.65 progress=352
2026-09-30 19:45:32 | INFO    | completed sample-v1-46ae7d6f6dc3df6ca277_mahalanobis N=3 seed=2026 method=mahalanobis seconds=0.28 progress=353
2026-09-30 19:45:34 | INFO    | completed sample-v1-46ae7d6f6dc3df6ca277_knn N=3 seed=2026 method=knn seconds=0.64 progress=354
2026-09-30 19:45:36 | INFO    | completed sample-v1-57015982672f4f895432_mahalanobis N=3 seed=42 method=mahalanobis seconds=0.26 progress=355
2026-09-30 19:45:37 | INFO    | completed sample-v1-57015982672f4f895432_knn N=3 seed=42 method=knn seconds=0.63 progress=356
2026-09-30 19:45:39 | INFO    | completed sample-v1-34fc0380ad2b5328706c_mahalanobis N=3 seed=123 method=mahalanobis seconds=0.29 progress=357
2026-09-30 19:45:40 | INFO    | completed sample-v1-34fc0380ad2b5328706c_knn N=3 seed=123 method=knn seconds=0.69 progress=358
2026-09-30 19:45:41 | INFO    | completed sample-v1-ac4d3fb07c85d142ec20_mahalanobis N=3 seed=2026 method=mahalanobis seconds=0.26 progress=359
2026-09-30 19:45:43 | INFO    | completed sample-v1-ac4d3fb07c85d142ec20_knn N=3 seed=2026 method=knn seconds=0.64 progress=360
2026-09-30 19:45:45 | INFO    | completed sample-v1-147b9872c2796be59ca8_mahalanobis N=3 seed=42 method=mahalanobis seconds=0.26 progress=361
2026-09-30 19:45:46 | INFO    | completed sample-v1-147b9872c2796be59ca8_knn N=3 seed=42 method=knn seconds=0.62 progress=362
2026-09-30 19:45:47 | INFO    | completed sample-v1-75fa1118ce6c7c0a7e4d_mahalanobis N=3 seed=123 method=mahalanobis seconds=0.26 progress=363
2026-09-30 19:45:49 | INFO    | completed sample-v1-75fa1118ce6c7c0a7e4d_knn N=3 seed=123 method=knn seconds=0.66 progress=364
2026-09-30 19:45:50 | INFO    | completed sample-v1-ae7d2f1e91a1371f9b8f_mahalanobis N=3 seed=2026 method=mahalanobis seconds=0.25 progress=365
2026-09-30 19:45:52 | INFO    | completed sample-v1-ae7d2f1e91a1371f9b8f_knn N=3 seed=2026 method=knn seconds=0.69 progress=366
2026-09-30 19:45:53 | INFO    | completed sample-v1-c88e7aae3c418d6ff62a_mahalanobis N=3 seed=42 method=mahalanobis seconds=0.25 progress=367
2026-09-30 19:45:55 | INFO    | completed sample-v1-c88e7aae3c418d6ff62a_knn N=3 seed=42 method=knn seconds=0.65 progress=368
2026-09-30 19:45:56 | INFO    | completed sample-v1-b20d7c73d74885348636_mahalanobis N=3 seed=123 method=mahalanobis seconds=0.26 progress=369
2026-09-30 19:45:58 | INFO    | completed sample-v1-b20d7c73d74885348636_knn N=3 seed=123 method=knn seconds=0.67 progress=370
2026-09-30 19:45:59 | INFO    | completed sample-v1-808de84395cef6dafc5f_mahalanobis N=3 seed=2026 method=mahalanobis seconds=0.26 progress=371
2026-09-30 19:46:01 | INFO    | completed sample-v1-808de84395cef6dafc5f_knn N=3 seed=2026 method=knn seconds=0.63 progress=372
2026-09-30 19:46:02 | INFO    | completed sample-v1-22a5d920ba20ad9d8526_mahalanobis N=3 seed=42 method=mahalanobis seconds=0.25 progress=373
2026-09-30 19:46:04 | INFO    | completed sample-v1-22a5d920ba20ad9d8526_knn N=3 seed=42 method=knn seconds=0.65 progress=374
2026-09-30 19:46:05 | INFO    | completed sample-v1-1c29352d1464c9ec6c74_mahalanobis N=3 seed=123 method=mahalanobis seconds=0.26 progress=375
2026-09-30 19:46:07 | INFO    | completed sample-v1-1c29352d1464c9ec6c74_knn N=3 seed=123 method=knn seconds=0.67 progress=376
2026-09-30 19:46:08 | INFO    | completed sample-v1-dc99752b194aed9b9f54_mahalanobis N=3 seed=2026 method=mahalanobis seconds=0.26 progress=377
2026-09-30 19:46:10 | INFO    | completed sample-v1-dc99752b194aed9b9f54_knn N=3 seed=2026 method=knn seconds=0.64 progress=378
2026-09-30 19:46:12 | INFO    | completed sample-v1-cdf59f613a76fef0b1ec_mahalanobis N=3 seed=42 method=mahalanobis seconds=0.27 progress=379
2026-09-30 19:46:13 | INFO    | completed sample-v1-cdf59f613a76fef0b1ec_knn N=3 seed=42 method=knn seconds=0.64 progress=380
2026-09-30 19:46:14 | INFO    | completed sample-v1-e774dff1907c33ebe3f4_mahalanobis N=3 seed=123 method=mahalanobis seconds=0.26 progress=381
2026-09-30 19:46:16 | INFO    | completed sample-v1-e774dff1907c33ebe3f4_knn N=3 seed=123 method=knn seconds=0.64 progress=382
2026-09-30 19:46:17 | INFO    | completed sample-v1-1d85e9774ef955787aca_mahalanobis N=3 seed=2026 method=mahalanobis seconds=0.26 progress=383
2026-09-30 19:46:19 | INFO    | completed sample-v1-1d85e9774ef955787aca_knn N=3 seed=2026 method=knn seconds=0.64 progress=384
2026-09-30 19:46:21 | INFO    | completed sample-v1-f4e2220318cfb75495a3_mahalanobis N=3 seed=42 method=mahalanobis seconds=0.27 progress=385
2026-09-30 19:46:22 | INFO    | completed sample-v1-f4e2220318cfb75495a3_knn N=3 seed=42 method=knn seconds=0.64 progress=386
2026-09-30 19:46:23 | INFO    | completed sample-v1-3ee7eac11bb5131046cd_mahalanobis N=3 seed=123 method=mahalanobis seconds=0.26 progress=387
2026-09-30 19:46:25 | INFO    | completed sample-v1-3ee7eac11bb5131046cd_knn N=3 seed=123 method=knn seconds=0.67 progress=388
2026-09-30 19:46:26 | INFO    | completed sample-v1-932828579f354ae849b0_mahalanobis N=3 seed=2026 method=mahalanobis seconds=0.25 progress=389
2026-09-30 19:46:28 | INFO    | completed sample-v1-932828579f354ae849b0_knn N=3 seed=2026 method=knn seconds=0.63 progress=390
2026-09-30 19:46:30 | INFO    | completed sample-v1-ee0200c2ff9002ad7247_mahalanobis N=3 seed=42 method=mahalanobis seconds=0.27 progress=391
2026-09-30 19:46:31 | INFO    | completed sample-v1-ee0200c2ff9002ad7247_knn N=3 seed=42 method=knn seconds=0.65 progress=392
2026-09-30 19:46:33 | INFO    | completed sample-v1-9abd5265d39245b801c2_mahalanobis N=3 seed=123 method=mahalanobis seconds=0.32 progress=393
2026-09-30 19:46:34 | INFO    | completed sample-v1-9abd5265d39245b801c2_knn N=3 seed=123 method=knn seconds=0.66 progress=394
2026-09-30 19:46:35 | INFO    | completed sample-v1-7375a704f0111ec19fa1_mahalanobis N=3 seed=2026 method=mahalanobis seconds=0.26 progress=395
2026-09-30 19:46:37 | INFO    | completed sample-v1-7375a704f0111ec19fa1_knn N=3 seed=2026 method=knn seconds=0.63 progress=396
2026-09-30 19:46:38 | INFO    | completed sample-v1-4c176207cf8c568ee4e1_mahalanobis N=3 seed=42 method=mahalanobis seconds=0.25 progress=397
2026-09-30 19:46:40 | INFO    | completed sample-v1-4c176207cf8c568ee4e1_knn N=3 seed=42 method=knn seconds=0.65 progress=398
2026-09-30 19:46:41 | INFO    | completed sample-v1-ca18b3b3875c95c97f07_mahalanobis N=3 seed=123 method=mahalanobis seconds=0.26 progress=399
2026-09-30 19:46:43 | INFO    | completed sample-v1-ca18b3b3875c95c97f07_knn N=3 seed=123 method=knn seconds=0.63 progress=400
2026-09-30 19:46:44 | INFO    | completed sample-v1-bdc2c6bdf8a262c30e71_mahalanobis N=3 seed=2026 method=mahalanobis seconds=0.25 progress=401
2026-09-30 19:46:46 | INFO    | completed sample-v1-bdc2c6bdf8a262c30e71_knn N=3 seed=2026 method=knn seconds=0.63 progress=402
2026-09-30 19:46:47 | INFO    | completed sample-v1-79e898b1c20fd35742e1_mahalanobis N=3 seed=42 method=mahalanobis seconds=0.25 progress=403
2026-09-30 19:46:49 | INFO    | completed sample-v1-79e898b1c20fd35742e1_knn N=3 seed=42 method=knn seconds=0.67 progress=404
2026-09-30 19:46:50 | INFO    | completed sample-v1-a6b7a85c1c42bf1dd0bb_mahalanobis N=3 seed=123 method=mahalanobis seconds=0.26 progress=405
2026-09-30 19:46:51 | INFO    | completed sample-v1-a6b7a85c1c42bf1dd0bb_knn N=3 seed=123 method=knn seconds=0.63 progress=406
2026-09-30 19:46:53 | INFO    | completed sample-v1-34a750f0bc2d2ca7dba4_mahalanobis N=3 seed=2026 method=mahalanobis seconds=0.31 progress=407
2026-09-30 19:46:54 | INFO    | completed sample-v1-34a750f0bc2d2ca7dba4_knn N=3 seed=2026 method=knn seconds=0.65 progress=408
2026-09-30 19:46:56 | INFO    | completed sample-v1-e18f1905ab7f1a7fd13f_mahalanobis N=3 seed=42 method=mahalanobis seconds=0.25 progress=409
2026-09-30 19:46:57 | INFO    | completed sample-v1-e18f1905ab7f1a7fd13f_knn N=3 seed=42 method=knn seconds=0.62 progress=410
2026-09-30 19:46:59 | INFO    | completed sample-v1-136686f7d49fcf793b44_mahalanobis N=3 seed=123 method=mahalanobis seconds=0.26 progress=411
2026-09-30 19:47:00 | INFO    | completed sample-v1-136686f7d49fcf793b44_knn N=3 seed=123 method=knn seconds=0.64 progress=412
2026-09-30 19:47:02 | INFO    | completed sample-v1-b88dc655478491a796fb_mahalanobis N=3 seed=2026 method=mahalanobis seconds=0.26 progress=413
2026-09-30 19:47:03 | INFO    | completed sample-v1-b88dc655478491a796fb_knn N=3 seed=2026 method=knn seconds=0.61 progress=414
2026-09-30 19:47:05 | INFO    | completed sample-v1-471bbf3780884c8685b8_mahalanobis N=4 seed=42 method=mahalanobis seconds=0.32 progress=415
2026-09-30 19:47:07 | INFO    | completed sample-v1-471bbf3780884c8685b8_knn N=4 seed=42 method=knn seconds=0.79 progress=416
2026-09-30 19:47:09 | INFO    | completed sample-v1-1a0c88287137536f16b5_mahalanobis N=4 seed=123 method=mahalanobis seconds=0.31 progress=417
2026-09-30 19:47:10 | INFO    | completed sample-v1-1a0c88287137536f16b5_knn N=4 seed=123 method=knn seconds=0.86 progress=418
2026-09-30 19:47:12 | INFO    | completed sample-v1-f347cbbb6e4a614e894f_mahalanobis N=4 seed=2026 method=mahalanobis seconds=0.32 progress=419
2026-09-30 19:47:13 | INFO    | completed sample-v1-f347cbbb6e4a614e894f_knn N=4 seed=2026 method=knn seconds=0.80 progress=420
2026-09-30 19:47:15 | INFO    | completed sample-v1-bfaeaf1136acc21cd333_mahalanobis N=4 seed=42 method=mahalanobis seconds=0.30 progress=421
2026-09-30 19:47:17 | INFO    | completed sample-v1-bfaeaf1136acc21cd333_knn N=4 seed=42 method=knn seconds=0.80 progress=422
2026-09-30 19:47:19 | INFO    | completed sample-v1-e8c75ec014affcd4b16a_mahalanobis N=4 seed=123 method=mahalanobis seconds=0.32 progress=423
2026-09-30 19:47:20 | INFO    | completed sample-v1-e8c75ec014affcd4b16a_knn N=4 seed=123 method=knn seconds=0.82 progress=424
2026-09-30 19:47:22 | INFO    | completed sample-v1-20502e1a4fc7bdce18f4_mahalanobis N=4 seed=2026 method=mahalanobis seconds=0.35 progress=425
2026-09-30 19:47:24 | INFO    | completed sample-v1-20502e1a4fc7bdce18f4_knn N=4 seed=2026 method=knn seconds=0.80 progress=426
2026-09-30 19:47:26 | INFO    | completed sample-v1-3ba1978c703e11e96215_mahalanobis N=4 seed=42 method=mahalanobis seconds=0.31 progress=427
2026-09-30 19:47:27 | INFO    | completed sample-v1-3ba1978c703e11e96215_knn N=4 seed=42 method=knn seconds=0.79 progress=428
2026-09-30 19:47:29 | INFO    | completed sample-v1-68003804d8a7682eb3c7_mahalanobis N=4 seed=123 method=mahalanobis seconds=0.32 progress=429
2026-09-30 19:47:31 | INFO    | completed sample-v1-68003804d8a7682eb3c7_knn N=4 seed=123 method=knn seconds=0.83 progress=430
2026-09-30 19:47:32 | INFO    | completed sample-v1-179851ad11dce51bb57f_mahalanobis N=4 seed=2026 method=mahalanobis seconds=0.33 progress=431
2026-09-30 19:47:34 | INFO    | completed sample-v1-179851ad11dce51bb57f_knn N=4 seed=2026 method=knn seconds=0.82 progress=432
2026-09-30 19:47:36 | INFO    | completed sample-v1-eb40348db3090b2d998d_mahalanobis N=4 seed=42 method=mahalanobis seconds=0.30 progress=433
2026-09-30 19:47:37 | INFO    | completed sample-v1-eb40348db3090b2d998d_knn N=4 seed=42 method=knn seconds=0.80 progress=434
2026-09-30 19:47:39 | INFO    | completed sample-v1-a223fc5d879804554f11_mahalanobis N=4 seed=123 method=mahalanobis seconds=0.31 progress=435
2026-09-30 19:47:41 | INFO    | completed sample-v1-a223fc5d879804554f11_knn N=4 seed=123 method=knn seconds=0.81 progress=436
2026-09-30 19:47:43 | INFO    | completed sample-v1-071ac46440105c562009_mahalanobis N=4 seed=2026 method=mahalanobis seconds=0.38 progress=437
2026-09-30 19:47:44 | INFO    | completed sample-v1-071ac46440105c562009_knn N=4 seed=2026 method=knn seconds=0.78 progress=438
2026-09-30 19:47:46 | INFO    | completed sample-v1-4797a6133dbf3c10aef3_mahalanobis N=4 seed=42 method=mahalanobis seconds=0.31 progress=439
2026-09-30 19:47:48 | INFO    | completed sample-v1-4797a6133dbf3c10aef3_knn N=4 seed=42 method=knn seconds=0.77 progress=440
2026-09-30 19:47:50 | INFO    | completed sample-v1-3cb7f0650727c293bbad_mahalanobis N=4 seed=123 method=mahalanobis seconds=0.33 progress=441
2026-09-30 19:47:51 | INFO    | completed sample-v1-3cb7f0650727c293bbad_knn N=4 seed=123 method=knn seconds=0.83 progress=442
2026-09-30 19:47:53 | INFO    | completed sample-v1-80789fa90c6b9a135568_mahalanobis N=4 seed=2026 method=mahalanobis seconds=0.33 progress=443
2026-09-30 19:47:55 | INFO    | completed sample-v1-80789fa90c6b9a135568_knn N=4 seed=2026 method=knn seconds=0.81 progress=444
2026-09-30 19:47:57 | INFO    | completed sample-v1-7f8fcaf4ff5f23954c64_mahalanobis N=4 seed=42 method=mahalanobis seconds=0.31 progress=445
2026-09-30 19:47:58 | INFO    | completed sample-v1-7f8fcaf4ff5f23954c64_knn N=4 seed=42 method=knn seconds=0.80 progress=446
2026-09-30 19:48:00 | INFO    | completed sample-v1-f2df07e4a6f83fa09fb6_mahalanobis N=4 seed=123 method=mahalanobis seconds=0.33 progress=447
2026-09-30 19:48:02 | INFO    | completed sample-v1-f2df07e4a6f83fa09fb6_knn N=4 seed=123 method=knn seconds=0.88 progress=448
2026-09-30 19:48:03 | INFO    | completed sample-v1-3e2fbb766e7ebb5f1273_mahalanobis N=4 seed=2026 method=mahalanobis seconds=0.31 progress=449
2026-09-30 19:48:05 | INFO    | completed sample-v1-3e2fbb766e7ebb5f1273_knn N=4 seed=2026 method=knn seconds=0.79 progress=450
2026-09-30 19:48:07 | INFO    | completed sample-v1-f467fb349b8e9fbe221c_mahalanobis N=4 seed=42 method=mahalanobis seconds=0.31 progress=451
2026-09-30 19:48:08 | INFO    | completed sample-v1-f467fb349b8e9fbe221c_knn N=4 seed=42 method=knn seconds=0.78 progress=452
2026-09-30 19:48:10 | INFO    | completed sample-v1-72390af9fe9c84b058e2_mahalanobis N=4 seed=123 method=mahalanobis seconds=0.30 progress=453
2026-09-30 19:48:12 | INFO    | completed sample-v1-72390af9fe9c84b058e2_knn N=4 seed=123 method=knn seconds=0.77 progress=454
2026-09-30 19:48:13 | INFO    | completed sample-v1-d4229764d68959fcec38_mahalanobis N=4 seed=2026 method=mahalanobis seconds=0.34 progress=455
2026-09-30 19:48:15 | INFO    | completed sample-v1-d4229764d68959fcec38_knn N=4 seed=2026 method=knn seconds=0.81 progress=456
2026-09-30 19:48:17 | INFO    | completed sample-v1-cf69c6d7d67f80d63361_mahalanobis N=4 seed=42 method=mahalanobis seconds=0.32 progress=457
2026-09-30 19:48:19 | INFO    | completed sample-v1-cf69c6d7d67f80d63361_knn N=4 seed=42 method=knn seconds=0.84 progress=458
2026-09-30 19:48:21 | INFO    | completed sample-v1-016e34667a83fbacc446_mahalanobis N=4 seed=123 method=mahalanobis seconds=0.34 progress=459
2026-09-30 19:48:22 | INFO    | completed sample-v1-016e34667a83fbacc446_knn N=4 seed=123 method=knn seconds=0.97 progress=460
2026-09-30 19:48:24 | INFO    | completed sample-v1-9d7d27f7e0da61a842c1_mahalanobis N=4 seed=2026 method=mahalanobis seconds=0.31 progress=461
2026-09-30 19:48:26 | INFO    | completed sample-v1-9d7d27f7e0da61a842c1_knn N=4 seed=2026 method=knn seconds=0.80 progress=462
2026-09-30 19:48:28 | INFO    | completed sample-v1-a2d1a937dda0f9403038_mahalanobis N=4 seed=42 method=mahalanobis seconds=0.30 progress=463
2026-09-30 19:48:29 | INFO    | completed sample-v1-a2d1a937dda0f9403038_knn N=4 seed=42 method=knn seconds=0.81 progress=464
2026-09-30 19:48:31 | INFO    | completed sample-v1-acb4fb6c7587ccbdc6cd_mahalanobis N=4 seed=123 method=mahalanobis seconds=0.30 progress=465
2026-09-30 19:48:33 | INFO    | completed sample-v1-acb4fb6c7587ccbdc6cd_knn N=4 seed=123 method=knn seconds=0.80 progress=466
2026-09-30 19:48:34 | INFO    | completed sample-v1-400b6ac745dd228fd47f_mahalanobis N=4 seed=2026 method=mahalanobis seconds=0.34 progress=467
2026-09-30 19:48:36 | INFO    | completed sample-v1-400b6ac745dd228fd47f_knn N=4 seed=2026 method=knn seconds=0.81 progress=468
2026-09-30 19:48:38 | INFO    | completed sample-v1-97ecbccfe0ef7d9688f3_mahalanobis N=4 seed=42 method=mahalanobis seconds=0.29 progress=469
2026-09-30 19:48:39 | INFO    | completed sample-v1-97ecbccfe0ef7d9688f3_knn N=4 seed=42 method=knn seconds=0.79 progress=470
2026-09-30 19:48:41 | INFO    | completed sample-v1-100a1d98878d34d3d69e_mahalanobis N=4 seed=123 method=mahalanobis seconds=0.29 progress=471
2026-09-30 19:48:43 | INFO    | completed sample-v1-100a1d98878d34d3d69e_knn N=4 seed=123 method=knn seconds=0.78 progress=472
2026-09-30 19:48:44 | INFO    | completed sample-v1-a7e6e0405cecedc997d5_mahalanobis N=4 seed=2026 method=mahalanobis seconds=0.30 progress=473
2026-09-30 19:48:46 | INFO    | completed sample-v1-a7e6e0405cecedc997d5_knn N=4 seed=2026 method=knn seconds=0.78 progress=474
2026-09-30 19:48:48 | INFO    | completed sample-v1-ea32f22cec23adc1e01e_mahalanobis N=4 seed=42 method=mahalanobis seconds=0.30 progress=475
2026-09-30 19:48:49 | INFO    | completed sample-v1-ea32f22cec23adc1e01e_knn N=4 seed=42 method=knn seconds=0.79 progress=476
2026-09-30 19:48:51 | INFO    | completed sample-v1-bbdfcc50483efda52f5e_mahalanobis N=4 seed=123 method=mahalanobis seconds=0.31 progress=477
2026-09-30 19:48:53 | INFO    | completed sample-v1-bbdfcc50483efda52f5e_knn N=4 seed=123 method=knn seconds=0.81 progress=478
2026-09-30 19:48:55 | INFO    | completed sample-v1-897d3f901c11c3e2e2e1_mahalanobis N=4 seed=2026 method=mahalanobis seconds=0.30 progress=479
2026-09-30 19:48:56 | INFO    | completed sample-v1-897d3f901c11c3e2e2e1_knn N=4 seed=2026 method=knn seconds=0.78 progress=480
2026-09-30 19:48:58 | INFO    | completed sample-v1-fc08b7e4f40e7b74a484_mahalanobis N=4 seed=42 method=mahalanobis seconds=0.28 progress=481
2026-09-30 19:48:59 | INFO    | completed sample-v1-fc08b7e4f40e7b74a484_knn N=4 seed=42 method=knn seconds=0.79 progress=482
2026-09-30 19:49:01 | INFO    | completed sample-v1-46f48291e75664ed7e3d_mahalanobis N=4 seed=123 method=mahalanobis seconds=0.35 progress=483
2026-09-30 19:49:03 | INFO    | completed sample-v1-46f48291e75664ed7e3d_knn N=4 seed=123 method=knn seconds=0.76 progress=484
2026-09-30 19:49:05 | INFO    | completed sample-v1-8048f736fc560d5827b9_mahalanobis N=4 seed=2026 method=mahalanobis seconds=0.32 progress=485
2026-09-30 19:49:06 | INFO    | completed sample-v1-8048f736fc560d5827b9_knn N=4 seed=2026 method=knn seconds=0.77 progress=486
2026-09-30 19:49:08 | INFO    | completed sample-v1-654fa799a66e7dd15b11_mahalanobis N=4 seed=42 method=mahalanobis seconds=0.31 progress=487
2026-09-30 19:49:09 | INFO    | completed sample-v1-654fa799a66e7dd15b11_knn N=4 seed=42 method=knn seconds=0.78 progress=488
2026-09-30 19:49:11 | INFO    | completed sample-v1-f0ccba78dc40de7b6cca_mahalanobis N=4 seed=123 method=mahalanobis seconds=0.32 progress=489
2026-09-30 19:49:13 | INFO    | completed sample-v1-f0ccba78dc40de7b6cca_knn N=4 seed=123 method=knn seconds=0.81 progress=490
2026-09-30 19:49:15 | INFO    | completed sample-v1-3b2c7ec7136e9e7d3dc5_mahalanobis N=4 seed=2026 method=mahalanobis seconds=0.30 progress=491
2026-09-30 19:49:16 | INFO    | completed sample-v1-3b2c7ec7136e9e7d3dc5_knn N=4 seed=2026 method=knn seconds=0.78 progress=492
2026-09-30 19:49:18 | INFO    | completed sample-v1-d8fd3647c1a164d63e7c_mahalanobis N=4 seed=42 method=mahalanobis seconds=0.29 progress=493
2026-09-30 19:49:19 | INFO    | completed sample-v1-d8fd3647c1a164d63e7c_knn N=4 seed=42 method=knn seconds=0.80 progress=494
2026-09-30 19:49:21 | INFO    | completed sample-v1-33180478edf5b08daf25_mahalanobis N=4 seed=123 method=mahalanobis seconds=0.30 progress=495
2026-09-30 19:49:23 | INFO    | completed sample-v1-33180478edf5b08daf25_knn N=4 seed=123 method=knn seconds=0.79 progress=496
2026-09-30 19:49:25 | INFO    | completed sample-v1-fc2e2f301ea2bca8f8e9_mahalanobis N=4 seed=2026 method=mahalanobis seconds=0.32 progress=497
2026-09-30 19:49:26 | INFO    | completed sample-v1-fc2e2f301ea2bca8f8e9_knn N=4 seed=2026 method=knn seconds=0.79 progress=498
2026-09-30 19:49:28 | INFO    | completed sample-v1-ba41c3832c557fdc4a3d_mahalanobis N=4 seed=42 method=mahalanobis seconds=0.30 progress=499
2026-09-30 19:49:29 | INFO    | completed sample-v1-ba41c3832c557fdc4a3d_knn N=4 seed=42 method=knn seconds=0.75 progress=500
2026-09-30 19:49:31 | INFO    | completed sample-v1-7cef1d24f737f3bba8db_mahalanobis N=4 seed=123 method=mahalanobis seconds=0.30 progress=501
2026-09-30 19:49:33 | INFO    | completed sample-v1-7cef1d24f737f3bba8db_knn N=4 seed=123 method=knn seconds=0.84 progress=502
2026-09-30 19:49:35 | INFO    | completed sample-v1-6f04e1213095a0286721_mahalanobis N=4 seed=2026 method=mahalanobis seconds=0.32 progress=503
2026-09-30 19:49:36 | INFO    | completed sample-v1-6f04e1213095a0286721_knn N=4 seed=2026 method=knn seconds=0.82 progress=504
2026-09-30 19:49:38 | INFO    | completed sample-v1-ddc638ea606f598fde6f_mahalanobis N=4 seed=42 method=mahalanobis seconds=0.30 progress=505
2026-09-30 19:49:39 | INFO    | completed sample-v1-ddc638ea606f598fde6f_knn N=4 seed=42 method=knn seconds=0.78 progress=506
2026-09-30 19:49:41 | INFO    | completed sample-v1-88a2c067b92b9caef4c1_mahalanobis N=4 seed=123 method=mahalanobis seconds=0.31 progress=507
2026-09-30 19:49:43 | INFO    | completed sample-v1-88a2c067b92b9caef4c1_knn N=4 seed=123 method=knn seconds=0.77 progress=508
2026-09-30 19:49:45 | INFO    | completed sample-v1-baa7b5bacb284a442b4a_mahalanobis N=4 seed=2026 method=mahalanobis seconds=0.33 progress=509
2026-09-30 19:49:46 | INFO    | completed sample-v1-baa7b5bacb284a442b4a_knn N=4 seed=2026 method=knn seconds=0.79 progress=510
2026-09-30 19:49:48 | INFO    | completed sample-v1-90f7a232a05972cb9eb9_mahalanobis N=4 seed=42 method=mahalanobis seconds=0.32 progress=511
2026-09-30 19:49:49 | INFO    | completed sample-v1-90f7a232a05972cb9eb9_knn N=4 seed=42 method=knn seconds=0.78 progress=512
2026-09-30 19:49:51 | INFO    | completed sample-v1-3c3b06d6132d6cea900f_mahalanobis N=4 seed=123 method=mahalanobis seconds=0.36 progress=513
2026-09-30 19:49:53 | INFO    | completed sample-v1-3c3b06d6132d6cea900f_knn N=4 seed=123 method=knn seconds=0.83 progress=514
2026-09-30 19:49:55 | INFO    | completed sample-v1-f4f34032fbf944bba9c2_mahalanobis N=4 seed=2026 method=mahalanobis seconds=0.30 progress=515
2026-09-30 19:49:56 | INFO    | completed sample-v1-f4f34032fbf944bba9c2_knn N=4 seed=2026 method=knn seconds=0.80 progress=516
2026-09-30 19:49:58 | INFO    | completed sample-v1-1847843ec2d6011dc7e1_mahalanobis N=4 seed=42 method=mahalanobis seconds=0.29 progress=517
2026-09-30 19:50:00 | INFO    | completed sample-v1-1847843ec2d6011dc7e1_knn N=4 seed=42 method=knn seconds=0.76 progress=518
2026-09-30 19:50:02 | INFO    | completed sample-v1-d073399cfcd901df4333_mahalanobis N=4 seed=123 method=mahalanobis seconds=0.33 progress=519
2026-09-30 19:50:03 | INFO    | completed sample-v1-d073399cfcd901df4333_knn N=4 seed=123 method=knn seconds=0.84 progress=520
2026-09-30 19:50:05 | INFO    | completed sample-v1-04f89eeaba80c82108cd_mahalanobis N=4 seed=2026 method=mahalanobis seconds=0.32 progress=521
2026-09-30 19:50:06 | INFO    | completed sample-v1-04f89eeaba80c82108cd_knn N=4 seed=2026 method=knn seconds=0.79 progress=522
2026-09-30 19:50:08 | INFO    | completed sample-v1-62485fe76dc50dd51c10_mahalanobis N=4 seed=42 method=mahalanobis seconds=0.31 progress=523
2026-09-30 19:50:10 | INFO    | completed sample-v1-62485fe76dc50dd51c10_knn N=4 seed=42 method=knn seconds=0.77 progress=524
2026-09-30 19:50:12 | INFO    | completed sample-v1-df221629ea37bc4ca907_mahalanobis N=4 seed=123 method=mahalanobis seconds=0.31 progress=525
2026-09-30 19:50:13 | INFO    | completed sample-v1-df221629ea37bc4ca907_knn N=4 seed=123 method=knn seconds=0.82 progress=526
2026-09-30 19:50:15 | INFO    | completed sample-v1-57b1ddc4b6f725d3c0b4_mahalanobis N=4 seed=2026 method=mahalanobis seconds=0.31 progress=527
2026-09-30 19:50:17 | INFO    | completed sample-v1-57b1ddc4b6f725d3c0b4_knn N=4 seed=2026 method=knn seconds=0.79 progress=528
2026-09-30 19:50:19 | INFO    | completed sample-v1-556b0a9170c3a6f5d629_mahalanobis N=4 seed=42 method=mahalanobis seconds=0.35 progress=529
2026-09-30 19:50:20 | INFO    | completed sample-v1-556b0a9170c3a6f5d629_knn N=4 seed=42 method=knn seconds=0.79 progress=530
2026-09-30 19:50:22 | INFO    | completed sample-v1-a8e9a15707977f924de7_mahalanobis N=4 seed=123 method=mahalanobis seconds=0.31 progress=531
2026-09-30 19:50:24 | INFO    | completed sample-v1-a8e9a15707977f924de7_knn N=4 seed=123 method=knn seconds=0.81 progress=532
2026-09-30 19:50:25 | INFO    | completed sample-v1-b1211d07da044f8c2f6d_mahalanobis N=4 seed=2026 method=mahalanobis seconds=0.31 progress=533
2026-09-30 19:50:27 | INFO    | completed sample-v1-b1211d07da044f8c2f6d_knn N=4 seed=2026 method=knn seconds=0.79 progress=534
2026-09-30 19:50:29 | INFO    | completed sample-v1-00581d285e9bed58b8cb_mahalanobis N=4 seed=42 method=mahalanobis seconds=0.30 progress=535
2026-09-30 19:50:30 | INFO    | completed sample-v1-00581d285e9bed58b8cb_knn N=4 seed=42 method=knn seconds=0.76 progress=536
2026-09-30 19:50:32 | INFO    | completed sample-v1-2f37b54c3613533162e7_mahalanobis N=4 seed=123 method=mahalanobis seconds=0.31 progress=537
2026-09-30 19:50:34 | INFO    | completed sample-v1-2f37b54c3613533162e7_knn N=4 seed=123 method=knn seconds=0.78 progress=538
2026-09-30 19:50:35 | INFO    | completed sample-v1-07ce6bd9a756d7749b54_mahalanobis N=4 seed=2026 method=mahalanobis seconds=0.32 progress=539
2026-09-30 19:50:37 | INFO    | completed sample-v1-07ce6bd9a756d7749b54_knn N=4 seed=2026 method=knn seconds=0.80 progress=540
2026-09-30 19:50:39 | INFO    | completed sample-v1-e2804573d8b330015c1e_mahalanobis N=4 seed=42 method=mahalanobis seconds=0.29 progress=541
2026-09-30 19:50:40 | INFO    | completed sample-v1-e2804573d8b330015c1e_knn N=4 seed=42 method=knn seconds=0.79 progress=542
2026-09-30 19:50:42 | INFO    | completed sample-v1-2c5f59221f000622506a_mahalanobis N=4 seed=123 method=mahalanobis seconds=0.31 progress=543
2026-09-30 19:50:44 | INFO    | completed sample-v1-2c5f59221f000622506a_knn N=4 seed=123 method=knn seconds=0.80 progress=544
2026-09-30 19:50:45 | INFO    | completed sample-v1-0e27efb9a40eed0ab129_mahalanobis N=4 seed=2026 method=mahalanobis seconds=0.31 progress=545
2026-09-30 19:50:47 | INFO    | completed sample-v1-0e27efb9a40eed0ab129_knn N=4 seed=2026 method=knn seconds=0.84 progress=546
2026-09-30 19:50:49 | INFO    | completed sample-v1-142d3df2f18571a26e3f_mahalanobis N=4 seed=42 method=mahalanobis seconds=0.31 progress=547
2026-09-30 19:50:50 | INFO    | completed sample-v1-142d3df2f18571a26e3f_knn N=4 seed=42 method=knn seconds=0.80 progress=548
2026-09-30 19:50:52 | INFO    | completed sample-v1-867b1f46a7eefb58ef40_mahalanobis N=4 seed=123 method=mahalanobis seconds=0.32 progress=549
2026-09-30 19:50:54 | INFO    | completed sample-v1-867b1f46a7eefb58ef40_knn N=4 seed=123 method=knn seconds=0.84 progress=550
2026-09-30 19:50:56 | INFO    | completed sample-v1-ff7d52579ee46183a97a_mahalanobis N=4 seed=2026 method=mahalanobis seconds=0.31 progress=551
2026-09-30 19:50:57 | INFO    | completed sample-v1-ff7d52579ee46183a97a_knn N=4 seed=2026 method=knn seconds=0.80 progress=552
2026-09-30 19:50:59 | INFO    | completed sample-v1-e6b7189f5c499b0c6086_mahalanobis N=4 seed=42 method=mahalanobis seconds=0.30 progress=553
2026-09-30 19:51:01 | INFO    | completed sample-v1-e6b7189f5c499b0c6086_knn N=4 seed=42 method=knn seconds=0.77 progress=554
2026-09-30 19:51:03 | INFO    | completed sample-v1-b596b5b5a18c2afc1c29_mahalanobis N=4 seed=123 method=mahalanobis seconds=0.31 progress=555
2026-09-30 19:51:04 | INFO    | completed sample-v1-b596b5b5a18c2afc1c29_knn N=4 seed=123 method=knn seconds=0.83 progress=556
2026-09-30 19:51:06 | INFO    | completed sample-v1-c6f59249d7892855e8bc_mahalanobis N=4 seed=2026 method=mahalanobis seconds=0.30 progress=557
2026-09-30 19:51:07 | INFO    | completed sample-v1-c6f59249d7892855e8bc_knn N=4 seed=2026 method=knn seconds=0.78 progress=558
2026-09-30 19:51:09 | INFO    | completed sample-v1-d8d44aa4232ca75d5c41_mahalanobis N=4 seed=42 method=mahalanobis seconds=0.34 progress=559
2026-09-30 19:51:11 | INFO    | completed sample-v1-d8d44aa4232ca75d5c41_knn N=4 seed=42 method=knn seconds=0.76 progress=560
2026-09-30 19:51:13 | INFO    | completed sample-v1-a98c7270ca1ce8fdae12_mahalanobis N=4 seed=123 method=mahalanobis seconds=0.30 progress=561
2026-09-30 19:51:14 | INFO    | completed sample-v1-a98c7270ca1ce8fdae12_knn N=4 seed=123 method=knn seconds=0.79 progress=562
2026-09-30 19:51:16 | INFO    | completed sample-v1-70d4ed237f6567c28f07_mahalanobis N=4 seed=2026 method=mahalanobis seconds=0.31 progress=563
2026-09-30 19:51:17 | INFO    | completed sample-v1-70d4ed237f6567c28f07_knn N=4 seed=2026 method=knn seconds=0.78 progress=564
2026-09-30 19:51:19 | INFO    | completed sample-v1-e0a5e724ff1714213e4d_mahalanobis N=4 seed=42 method=mahalanobis seconds=0.32 progress=565
2026-09-30 19:51:21 | INFO    | completed sample-v1-e0a5e724ff1714213e4d_knn N=4 seed=42 method=knn seconds=0.79 progress=566
2026-09-30 19:51:23 | INFO    | completed sample-v1-10deb1e3d35eb8286148_mahalanobis N=4 seed=123 method=mahalanobis seconds=0.31 progress=567
2026-09-30 19:51:24 | INFO    | completed sample-v1-10deb1e3d35eb8286148_knn N=4 seed=123 method=knn seconds=0.82 progress=568
2026-09-30 19:51:26 | INFO    | completed sample-v1-3d9a7e5133fca7efc7ee_mahalanobis N=4 seed=2026 method=mahalanobis seconds=0.34 progress=569
2026-09-30 19:51:28 | INFO    | completed sample-v1-3d9a7e5133fca7efc7ee_knn N=4 seed=2026 method=knn seconds=0.80 progress=570
2026-09-30 19:51:30 | INFO    | completed sample-v1-9c8cc4fd534838bafe7c_mahalanobis N=4 seed=42 method=mahalanobis seconds=0.32 progress=571
2026-09-30 19:51:31 | INFO    | completed sample-v1-9c8cc4fd534838bafe7c_knn N=4 seed=42 method=knn seconds=0.84 progress=572
2026-09-30 19:51:33 | INFO    | completed sample-v1-f0ae9b491323320a2541_mahalanobis N=4 seed=123 method=mahalanobis seconds=0.34 progress=573
2026-09-30 19:51:35 | INFO    | completed sample-v1-f0ae9b491323320a2541_knn N=4 seed=123 method=knn seconds=0.82 progress=574
2026-09-30 19:51:37 | INFO    | completed sample-v1-8b1618428c59ca17e9cc_mahalanobis N=4 seed=2026 method=mahalanobis seconds=0.32 progress=575
2026-09-30 19:51:38 | INFO    | completed sample-v1-8b1618428c59ca17e9cc_knn N=4 seed=2026 method=knn seconds=0.81 progress=576
2026-09-30 19:51:40 | INFO    | completed sample-v1-7ea622b4b9f413289059_mahalanobis N=4 seed=42 method=mahalanobis seconds=0.36 progress=577
2026-09-30 19:51:42 | INFO    | completed sample-v1-7ea622b4b9f413289059_knn N=4 seed=42 method=knn seconds=0.78 progress=578
2026-09-30 19:51:43 | INFO    | completed sample-v1-9bdadb64fbb8b1ea0f3b_mahalanobis N=4 seed=123 method=mahalanobis seconds=0.31 progress=579
2026-09-30 19:51:45 | INFO    | completed sample-v1-9bdadb64fbb8b1ea0f3b_knn N=4 seed=123 method=knn seconds=0.78 progress=580
2026-09-30 19:51:47 | INFO    | completed sample-v1-c38c835c53ea94ca778c_mahalanobis N=4 seed=2026 method=mahalanobis seconds=0.31 progress=581
2026-09-30 19:51:48 | INFO    | completed sample-v1-c38c835c53ea94ca778c_knn N=4 seed=2026 method=knn seconds=0.78 progress=582
2026-09-30 19:51:50 | INFO    | completed sample-v1-650a8c0c66de5a8f59b4_mahalanobis N=4 seed=42 method=mahalanobis seconds=0.35 progress=583
2026-09-30 19:51:52 | INFO    | completed sample-v1-650a8c0c66de5a8f59b4_knn N=4 seed=42 method=knn seconds=0.77 progress=584
2026-09-30 19:51:54 | INFO    | completed sample-v1-ea3983f903f5ae3c9078_mahalanobis N=4 seed=123 method=mahalanobis seconds=0.30 progress=585
2026-09-30 19:51:55 | INFO    | completed sample-v1-ea3983f903f5ae3c9078_knn N=4 seed=123 method=knn seconds=0.79 progress=586
2026-09-30 19:51:57 | INFO    | completed sample-v1-8500dae896cded156517_mahalanobis N=4 seed=2026 method=mahalanobis seconds=0.33 progress=587
2026-09-30 19:51:59 | INFO    | completed sample-v1-8500dae896cded156517_knn N=4 seed=2026 method=knn seconds=0.78 progress=588
2026-09-30 19:52:01 | INFO    | completed sample-v1-8443232139eb8d29ba42_mahalanobis N=4 seed=42 method=mahalanobis seconds=0.30 progress=589
2026-09-30 19:52:03 | INFO    | completed sample-v1-8443232139eb8d29ba42_knn N=4 seed=42 method=knn seconds=0.82 progress=590
2026-09-30 19:52:06 | INFO    | completed sample-v1-e48739685c94c0d4a150_mahalanobis N=4 seed=123 method=mahalanobis seconds=0.32 progress=591
2026-09-30 19:52:07 | INFO    | completed sample-v1-e48739685c94c0d4a150_knn N=4 seed=123 method=knn seconds=0.85 progress=592
2026-09-30 19:52:09 | INFO    | completed sample-v1-7c144d74f2f88db25138_mahalanobis N=4 seed=2026 method=mahalanobis seconds=0.32 progress=593
2026-09-30 19:52:11 | INFO    | completed sample-v1-7c144d74f2f88db25138_knn N=4 seed=2026 method=knn seconds=0.78 progress=594
2026-09-30 19:52:13 | INFO    | completed sample-v1-dbbb1c8e26ba9a28212c_mahalanobis N=6 seed=42 method=mahalanobis seconds=0.42 progress=595
2026-09-30 19:52:15 | INFO    | completed sample-v1-dbbb1c8e26ba9a28212c_knn N=6 seed=42 method=knn seconds=1.11 progress=596
2026-09-30 19:52:17 | INFO    | completed sample-v1-46f03419b700e690d7b6_mahalanobis N=6 seed=123 method=mahalanobis seconds=0.43 progress=597
2026-09-30 19:52:19 | INFO    | completed sample-v1-46f03419b700e690d7b6_knn N=6 seed=123 method=knn seconds=1.13 progress=598
2026-09-30 19:52:22 | INFO    | completed sample-v1-9287af3276373254fa93_mahalanobis N=6 seed=2026 method=mahalanobis seconds=0.47 progress=599
2026-09-30 19:52:24 | INFO    | completed sample-v1-9287af3276373254fa93_knn N=6 seed=2026 method=knn seconds=1.12 progress=600
2026-09-30 19:52:26 | INFO    | completed sample-v1-bf5355fa0bcb913ffa13_mahalanobis N=6 seed=42 method=mahalanobis seconds=0.42 progress=601
2026-09-30 19:52:28 | INFO    | completed sample-v1-bf5355fa0bcb913ffa13_knn N=6 seed=42 method=knn seconds=1.11 progress=602
2026-09-30 19:52:30 | INFO    | completed sample-v1-3c5924c5d3e2bde93651_mahalanobis N=6 seed=123 method=mahalanobis seconds=0.45 progress=603
2026-09-30 19:52:32 | INFO    | completed sample-v1-3c5924c5d3e2bde93651_knn N=6 seed=123 method=knn seconds=1.16 progress=604
2026-09-30 19:52:35 | INFO    | completed sample-v1-143d9a3779c83c2730b1_mahalanobis N=6 seed=2026 method=mahalanobis seconds=0.43 progress=605
2026-09-30 19:52:37 | INFO    | completed sample-v1-143d9a3779c83c2730b1_knn N=6 seed=2026 method=knn seconds=1.12 progress=606
2026-09-30 19:52:39 | INFO    | completed sample-v1-e7eb0a56739ddf77e205_mahalanobis N=6 seed=42 method=mahalanobis seconds=0.43 progress=607
2026-09-30 19:52:41 | INFO    | completed sample-v1-e7eb0a56739ddf77e205_knn N=6 seed=42 method=knn seconds=1.18 progress=608
2026-09-30 19:52:43 | INFO    | completed sample-v1-1de562a70d19cc947c65_mahalanobis N=6 seed=123 method=mahalanobis seconds=0.45 progress=609
2026-09-30 19:52:45 | INFO    | completed sample-v1-1de562a70d19cc947c65_knn N=6 seed=123 method=knn seconds=1.16 progress=610
2026-09-30 19:52:48 | INFO    | completed sample-v1-e82ffe34e5b33a43cca7_mahalanobis N=6 seed=2026 method=mahalanobis seconds=0.44 progress=611
2026-09-30 19:52:50 | INFO    | completed sample-v1-e82ffe34e5b33a43cca7_knn N=6 seed=2026 method=knn seconds=1.12 progress=612
2026-09-30 19:52:52 | INFO    | completed sample-v1-416fbe8e05d7403023d8_mahalanobis N=6 seed=42 method=mahalanobis seconds=0.44 progress=613
2026-09-30 19:52:54 | INFO    | completed sample-v1-416fbe8e05d7403023d8_knn N=6 seed=42 method=knn seconds=1.09 progress=614
2026-09-30 19:52:56 | INFO    | completed sample-v1-a4a4b152dda7c1401ba0_mahalanobis N=6 seed=123 method=mahalanobis seconds=0.43 progress=615
2026-09-30 19:52:58 | INFO    | completed sample-v1-a4a4b152dda7c1401ba0_knn N=6 seed=123 method=knn seconds=1.14 progress=616
2026-09-30 19:53:01 | INFO    | completed sample-v1-214133a9a259d9675cb2_mahalanobis N=6 seed=2026 method=mahalanobis seconds=0.46 progress=617
2026-09-30 19:53:03 | INFO    | completed sample-v1-214133a9a259d9675cb2_knn N=6 seed=2026 method=knn seconds=1.14 progress=618
2026-09-30 19:53:05 | INFO    | completed sample-v1-ca1882ead00c368412da_mahalanobis N=6 seed=42 method=mahalanobis seconds=0.42 progress=619
2026-09-30 19:53:07 | INFO    | completed sample-v1-ca1882ead00c368412da_knn N=6 seed=42 method=knn seconds=1.08 progress=620
2026-09-30 19:53:09 | INFO    | completed sample-v1-c7e8ed3038b8dbc26acf_mahalanobis N=6 seed=123 method=mahalanobis seconds=0.41 progress=621
2026-09-30 19:53:11 | INFO    | completed sample-v1-c7e8ed3038b8dbc26acf_knn N=6 seed=123 method=knn seconds=1.18 progress=622
2026-09-30 19:53:14 | INFO    | completed sample-v1-14c0eaf2bc6c1910cf3b_mahalanobis N=6 seed=2026 method=mahalanobis seconds=0.47 progress=623
2026-09-30 19:53:16 | INFO    | completed sample-v1-14c0eaf2bc6c1910cf3b_knn N=6 seed=2026 method=knn seconds=1.12 progress=624
2026-09-30 19:53:18 | INFO    | completed sample-v1-1646d79c5f37e4d6b9e6_mahalanobis N=6 seed=42 method=mahalanobis seconds=0.40 progress=625
2026-09-30 19:53:20 | INFO    | completed sample-v1-1646d79c5f37e4d6b9e6_knn N=6 seed=42 method=knn seconds=1.10 progress=626
2026-09-30 19:53:22 | INFO    | completed sample-v1-441b1adfc1f4bdb54396_mahalanobis N=6 seed=123 method=mahalanobis seconds=0.43 progress=627
2026-09-30 19:53:24 | INFO    | completed sample-v1-441b1adfc1f4bdb54396_knn N=6 seed=123 method=knn seconds=1.13 progress=628
2026-09-30 19:53:27 | INFO    | completed sample-v1-fce213d4fd1967e16562_mahalanobis N=6 seed=2026 method=mahalanobis seconds=0.44 progress=629
2026-09-30 19:53:28 | INFO    | completed sample-v1-fce213d4fd1967e16562_knn N=6 seed=2026 method=knn seconds=1.11 progress=630
2026-09-30 19:53:31 | INFO    | completed sample-v1-d3e2cab17621a49f3fce_mahalanobis N=6 seed=42 method=mahalanobis seconds=0.41 progress=631
2026-09-30 19:53:33 | INFO    | completed sample-v1-d3e2cab17621a49f3fce_knn N=6 seed=42 method=knn seconds=1.08 progress=632
2026-09-30 19:53:35 | INFO    | completed sample-v1-937affa3c02da2bf2caa_mahalanobis N=6 seed=123 method=mahalanobis seconds=0.44 progress=633
2026-09-30 19:53:37 | INFO    | completed sample-v1-937affa3c02da2bf2caa_knn N=6 seed=123 method=knn seconds=1.16 progress=634
2026-09-30 19:53:39 | INFO    | completed sample-v1-b40698e976cea12609af_mahalanobis N=6 seed=2026 method=mahalanobis seconds=0.43 progress=635
2026-09-30 19:53:41 | INFO    | completed sample-v1-b40698e976cea12609af_knn N=6 seed=2026 method=knn seconds=1.12 progress=636
2026-09-30 19:53:44 | INFO    | completed sample-v1-3badf85f0fa852bcc9f6_mahalanobis N=6 seed=42 method=mahalanobis seconds=0.49 progress=637
2026-09-30 19:53:46 | INFO    | completed sample-v1-3badf85f0fa852bcc9f6_knn N=6 seed=42 method=knn seconds=1.12 progress=638
2026-09-30 19:53:48 | INFO    | completed sample-v1-3791d01295e3f244265e_mahalanobis N=6 seed=123 method=mahalanobis seconds=0.42 progress=639
2026-09-30 19:53:50 | INFO    | completed sample-v1-3791d01295e3f244265e_knn N=6 seed=123 method=knn seconds=1.22 progress=640
2026-09-30 19:53:52 | INFO    | completed sample-v1-e6dc46865a6464810ec7_mahalanobis N=6 seed=2026 method=mahalanobis seconds=0.47 progress=641
2026-09-30 19:53:55 | INFO    | completed sample-v1-e6dc46865a6464810ec7_knn N=6 seed=2026 method=knn seconds=1.19 progress=642
2026-09-30 19:53:57 | INFO    | completed sample-v1-946fcec53dfbf0d8b6fc_mahalanobis N=6 seed=42 method=mahalanobis seconds=0.42 progress=643
2026-09-30 19:53:59 | INFO    | completed sample-v1-946fcec53dfbf0d8b6fc_knn N=6 seed=42 method=knn seconds=1.11 progress=644
2026-09-30 19:54:01 | INFO    | completed sample-v1-bbb75ea35034bc3805fd_mahalanobis N=6 seed=123 method=mahalanobis seconds=0.41 progress=645
2026-09-30 19:54:03 | INFO    | completed sample-v1-bbb75ea35034bc3805fd_knn N=6 seed=123 method=knn seconds=1.12 progress=646
2026-09-30 19:54:06 | INFO    | completed sample-v1-dbe2598117e852cf8139_mahalanobis N=6 seed=2026 method=mahalanobis seconds=0.49 progress=647
2026-09-30 19:54:08 | INFO    | completed sample-v1-dbe2598117e852cf8139_knn N=6 seed=2026 method=knn seconds=1.09 progress=648
2026-09-30 19:54:10 | INFO    | completed sample-v1-9bdd0a05c0fc10cfc647_mahalanobis N=6 seed=42 method=mahalanobis seconds=0.42 progress=649
2026-09-30 19:54:12 | INFO    | completed sample-v1-9bdd0a05c0fc10cfc647_knn N=6 seed=42 method=knn seconds=1.11 progress=650
2026-09-30 19:54:14 | INFO    | completed sample-v1-d781ae8530a9f4d606f9_mahalanobis N=6 seed=123 method=mahalanobis seconds=0.48 progress=651
2026-09-30 19:54:16 | INFO    | completed sample-v1-d781ae8530a9f4d606f9_knn N=6 seed=123 method=knn seconds=1.19 progress=652
2026-09-30 19:54:19 | INFO    | completed sample-v1-802e16cb201f58afd2d5_mahalanobis N=6 seed=2026 method=mahalanobis seconds=0.44 progress=653
2026-09-30 19:54:21 | INFO    | completed sample-v1-802e16cb201f58afd2d5_knn N=6 seed=2026 method=knn seconds=1.15 progress=654
2026-09-30 19:54:23 | INFO    | completed sample-v1-ca259b8cf6f4803bc7bc_mahalanobis N=6 seed=42 method=mahalanobis seconds=0.44 progress=655
2026-09-30 19:54:25 | INFO    | completed sample-v1-ca259b8cf6f4803bc7bc_knn N=6 seed=42 method=knn seconds=1.15 progress=656
2026-09-30 19:54:27 | INFO    | completed sample-v1-e99ee5357590b73392cf_mahalanobis N=6 seed=123 method=mahalanobis seconds=0.42 progress=657
2026-09-30 19:54:29 | INFO    | completed sample-v1-e99ee5357590b73392cf_knn N=6 seed=123 method=knn seconds=1.13 progress=658
2026-09-30 19:54:32 | INFO    | completed sample-v1-383b3411cb3f77c3385d_mahalanobis N=6 seed=2026 method=mahalanobis seconds=0.44 progress=659
2026-09-30 19:54:34 | INFO    | completed sample-v1-383b3411cb3f77c3385d_knn N=6 seed=2026 method=knn seconds=1.13 progress=660
2026-09-30 19:54:36 | INFO    | completed sample-v1-e941f0071c7f7ad69160_mahalanobis N=6 seed=42 method=mahalanobis seconds=0.49 progress=661
2026-09-30 19:54:38 | INFO    | completed sample-v1-e941f0071c7f7ad69160_knn N=6 seed=42 method=knn seconds=1.10 progress=662
2026-09-30 19:54:40 | INFO    | completed sample-v1-3dab8b2ed835b5025dab_mahalanobis N=6 seed=123 method=mahalanobis seconds=0.42 progress=663
2026-09-30 19:54:42 | INFO    | completed sample-v1-3dab8b2ed835b5025dab_knn N=6 seed=123 method=knn seconds=1.14 progress=664
2026-09-30 19:54:45 | INFO    | completed sample-v1-1625517da26fea79bbd9_mahalanobis N=6 seed=2026 method=mahalanobis seconds=0.43 progress=665
2026-09-30 19:54:47 | INFO    | completed sample-v1-1625517da26fea79bbd9_knn N=6 seed=2026 method=knn seconds=1.11 progress=666
2026-09-30 19:54:49 | INFO    | completed sample-v1-1556deb0762cbe209fa2_mahalanobis N=6 seed=42 method=mahalanobis seconds=0.44 progress=667
2026-09-30 19:54:51 | INFO    | completed sample-v1-1556deb0762cbe209fa2_knn N=6 seed=42 method=knn seconds=1.12 progress=668
2026-09-30 19:54:53 | INFO    | completed sample-v1-6924375f1ccabed32f72_mahalanobis N=6 seed=123 method=mahalanobis seconds=0.42 progress=669
2026-09-30 19:54:55 | INFO    | completed sample-v1-6924375f1ccabed32f72_knn N=6 seed=123 method=knn seconds=1.13 progress=670
2026-09-30 19:54:58 | INFO    | completed sample-v1-b744de52be13389fa918_mahalanobis N=6 seed=2026 method=mahalanobis seconds=0.46 progress=671
2026-09-30 19:55:00 | INFO    | completed sample-v1-b744de52be13389fa918_knn N=6 seed=2026 method=knn seconds=1.11 progress=672
2026-09-30 19:55:02 | INFO    | completed sample-v1-f863a9b5a09f5307680d_mahalanobis N=6 seed=42 method=mahalanobis seconds=0.41 progress=673
2026-09-30 19:55:04 | INFO    | completed sample-v1-f863a9b5a09f5307680d_knn N=6 seed=42 method=knn seconds=1.09 progress=674
2026-09-30 19:55:06 | INFO    | completed sample-v1-b758b4c58acc16975429_mahalanobis N=6 seed=123 method=mahalanobis seconds=0.43 progress=675
2026-09-30 19:55:08 | INFO    | completed sample-v1-b758b4c58acc16975429_knn N=6 seed=123 method=knn seconds=1.11 progress=676
2026-09-30 19:55:11 | INFO    | completed sample-v1-915082a1cacd0ec50fb8_mahalanobis N=6 seed=2026 method=mahalanobis seconds=0.46 progress=677
2026-09-30 19:55:12 | INFO    | completed sample-v1-915082a1cacd0ec50fb8_knn N=6 seed=2026 method=knn seconds=1.12 progress=678
2026-09-30 19:55:15 | INFO    | completed sample-v1-ce49ee1b36bce04ad6ac_mahalanobis N=6 seed=42 method=mahalanobis seconds=0.43 progress=679
2026-09-30 19:55:17 | INFO    | completed sample-v1-ce49ee1b36bce04ad6ac_knn N=6 seed=42 method=knn seconds=1.08 progress=680
2026-09-30 19:55:19 | INFO    | completed sample-v1-ca1d7b7c0b4c75bc7934_mahalanobis N=6 seed=123 method=mahalanobis seconds=0.42 progress=681
2026-09-30 19:55:21 | INFO    | completed sample-v1-ca1d7b7c0b4c75bc7934_knn N=6 seed=123 method=knn seconds=1.13 progress=682
2026-09-30 19:55:23 | INFO    | completed sample-v1-aa57c06bd4df4adf4ed5_mahalanobis N=6 seed=2026 method=mahalanobis seconds=0.43 progress=683
2026-09-30 19:55:25 | INFO    | completed sample-v1-aa57c06bd4df4adf4ed5_knn N=6 seed=2026 method=knn seconds=1.08 progress=684
2026-09-30 19:55:28 | INFO    | completed sample-v1-be19a418b15ed00f7a27_mahalanobis N=6 seed=42 method=mahalanobis seconds=0.41 progress=685
2026-09-30 19:55:30 | INFO    | completed sample-v1-be19a418b15ed00f7a27_knn N=6 seed=42 method=knn seconds=1.07 progress=686
2026-09-30 19:55:32 | INFO    | completed sample-v1-43dae9383018ff910b9a_mahalanobis N=6 seed=123 method=mahalanobis seconds=0.43 progress=687
2026-09-30 19:55:34 | INFO    | completed sample-v1-43dae9383018ff910b9a_knn N=6 seed=123 method=knn seconds=1.15 progress=688
2026-09-30 19:55:36 | INFO    | completed sample-v1-698ed596dcb010eaffff_mahalanobis N=6 seed=2026 method=mahalanobis seconds=0.43 progress=689
2026-09-30 19:55:38 | INFO    | completed sample-v1-698ed596dcb010eaffff_knn N=6 seed=2026 method=knn seconds=1.13 progress=690
2026-09-30 19:55:41 | INFO    | completed sample-v1-829e407722ab14cc4e74_mahalanobis N=6 seed=42 method=mahalanobis seconds=0.41 progress=691
2026-09-30 19:55:42 | INFO    | completed sample-v1-829e407722ab14cc4e74_knn N=6 seed=42 method=knn seconds=1.10 progress=692
2026-09-30 19:55:45 | INFO    | completed sample-v1-5e5bbc72ab05070e9807_mahalanobis N=6 seed=123 method=mahalanobis seconds=0.48 progress=693
2026-09-30 19:55:47 | INFO    | completed sample-v1-5e5bbc72ab05070e9807_knn N=6 seed=123 method=knn seconds=1.16 progress=694
2026-09-30 19:55:49 | INFO    | completed sample-v1-925d746a1e24d47bea7e_mahalanobis N=6 seed=2026 method=mahalanobis seconds=0.45 progress=695
2026-09-30 19:55:51 | INFO    | completed sample-v1-925d746a1e24d47bea7e_knn N=6 seed=2026 method=knn seconds=1.17 progress=696
2026-09-30 19:55:54 | INFO    | completed sample-v1-01a59f7c01522f519cf7_mahalanobis N=6 seed=42 method=mahalanobis seconds=0.44 progress=697
2026-09-30 19:55:56 | INFO    | completed sample-v1-01a59f7c01522f519cf7_knn N=6 seed=42 method=knn seconds=1.12 progress=698
2026-09-30 19:55:58 | INFO    | completed sample-v1-b0e1fd45d3a7e1a81376_mahalanobis N=6 seed=123 method=mahalanobis seconds=0.43 progress=699
2026-09-30 19:56:00 | INFO    | completed sample-v1-b0e1fd45d3a7e1a81376_knn N=6 seed=123 method=knn seconds=1.11 progress=700
2026-09-30 19:56:02 | INFO    | completed sample-v1-56fd49912a04f5d656ed_mahalanobis N=6 seed=2026 method=mahalanobis seconds=0.45 progress=701
2026-09-30 19:56:04 | INFO    | completed sample-v1-56fd49912a04f5d656ed_knn N=6 seed=2026 method=knn seconds=1.13 progress=702
2026-09-30 19:56:06 | INFO    | completed sample-v1-a8a5ae74700e911e11bb_mahalanobis N=6 seed=42 method=mahalanobis seconds=0.42 progress=703
2026-09-30 19:56:08 | INFO    | completed sample-v1-a8a5ae74700e911e11bb_knn N=6 seed=42 method=knn seconds=1.07 progress=704
2026-09-30 19:56:11 | INFO    | completed sample-v1-83b613bdf1007da1eece_mahalanobis N=6 seed=123 method=mahalanobis seconds=0.42 progress=705
2026-09-30 19:56:13 | INFO    | completed sample-v1-83b613bdf1007da1eece_knn N=6 seed=123 method=knn seconds=1.10 progress=706
2026-09-30 19:56:15 | INFO    | completed sample-v1-f905cfcbc04d78d6576e_mahalanobis N=6 seed=2026 method=mahalanobis seconds=0.45 progress=707
2026-09-30 19:56:17 | INFO    | completed sample-v1-f905cfcbc04d78d6576e_knn N=6 seed=2026 method=knn seconds=1.11 progress=708
2026-09-30 19:56:20 | INFO    | completed sample-v1-770c61d15ab37ea0a204_mahalanobis N=6 seed=42 method=mahalanobis seconds=0.46 progress=709
2026-09-30 19:56:22 | INFO    | completed sample-v1-770c61d15ab37ea0a204_knn N=6 seed=42 method=knn seconds=1.08 progress=710
2026-09-30 19:56:24 | INFO    | completed sample-v1-54d0da6139bf93c568c3_mahalanobis N=6 seed=123 method=mahalanobis seconds=0.43 progress=711
2026-09-30 19:56:26 | INFO    | completed sample-v1-54d0da6139bf93c568c3_knn N=6 seed=123 method=knn seconds=1.09 progress=712
2026-09-30 19:56:28 | INFO    | completed sample-v1-7ca9efce2681d92ca439_mahalanobis N=6 seed=2026 method=mahalanobis seconds=0.44 progress=713
2026-09-30 19:56:30 | INFO    | completed sample-v1-7ca9efce2681d92ca439_knn N=6 seed=2026 method=knn seconds=1.10 progress=714
2026-09-30 19:56:33 | INFO    | completed sample-v1-32209b785134e77e0f62_mahalanobis N=6 seed=42 method=mahalanobis seconds=0.43 progress=715
2026-09-30 19:56:35 | INFO    | completed sample-v1-32209b785134e77e0f62_knn N=6 seed=42 method=knn seconds=1.10 progress=716
2026-09-30 19:56:38 | INFO    | completed sample-v1-f1fc61e5a2ff9083500d_mahalanobis N=6 seed=123 method=mahalanobis seconds=0.46 progress=717
2026-09-30 19:56:40 | INFO    | completed sample-v1-f1fc61e5a2ff9083500d_knn N=6 seed=123 method=knn seconds=1.15 progress=718
2026-09-30 19:56:43 | INFO    | completed sample-v1-61206371d27193ccac3d_mahalanobis N=6 seed=2026 method=mahalanobis seconds=0.45 progress=719
2026-09-30 19:56:45 | INFO    | completed sample-v1-61206371d27193ccac3d_knn N=6 seed=2026 method=knn seconds=1.16 progress=720
2026-09-30 19:56:47 | INFO    | completed sample-v1-531404b6a8b005e90c38_mahalanobis N=6 seed=42 method=mahalanobis seconds=0.41 progress=721
2026-09-30 19:56:49 | INFO    | completed sample-v1-531404b6a8b005e90c38_knn N=6 seed=42 method=knn seconds=1.07 progress=722
2026-09-30 19:56:51 | INFO    | completed sample-v1-71b700928e3706bc99cf_mahalanobis N=6 seed=123 method=mahalanobis seconds=0.43 progress=723
2026-09-30 19:56:53 | INFO    | completed sample-v1-71b700928e3706bc99cf_knn N=6 seed=123 method=knn seconds=1.11 progress=724
2026-09-30 19:56:56 | INFO    | completed sample-v1-c5f9d2fbe0dab6fe3395_mahalanobis N=6 seed=2026 method=mahalanobis seconds=0.46 progress=725
2026-09-30 19:56:57 | INFO    | completed sample-v1-c5f9d2fbe0dab6fe3395_knn N=6 seed=2026 method=knn seconds=1.11 progress=726
2026-09-30 19:57:00 | INFO    | completed sample-v1-a41f4b72d98632b9d1dc_mahalanobis N=6 seed=42 method=mahalanobis seconds=0.43 progress=727
2026-09-30 19:57:02 | INFO    | completed sample-v1-a41f4b72d98632b9d1dc_knn N=6 seed=42 method=knn seconds=1.07 progress=728
2026-09-30 19:57:04 | INFO    | completed sample-v1-cd9c0f48d0fa8a42a5e0_mahalanobis N=6 seed=123 method=mahalanobis seconds=0.45 progress=729
2026-09-30 19:57:06 | INFO    | completed sample-v1-cd9c0f48d0fa8a42a5e0_knn N=6 seed=123 method=knn seconds=1.14 progress=730
2026-09-30 19:57:08 | INFO    | completed sample-v1-5bf9fa43df7c4b2d8089_mahalanobis N=6 seed=2026 method=mahalanobis seconds=0.43 progress=731
2026-09-30 19:57:10 | INFO    | completed sample-v1-5bf9fa43df7c4b2d8089_knn N=6 seed=2026 method=knn seconds=1.09 progress=732
2026-09-30 19:57:13 | INFO    | completed sample-v1-f09949b69fbb1c4c1f78_mahalanobis N=6 seed=42 method=mahalanobis seconds=0.42 progress=733
2026-09-30 19:57:15 | INFO    | completed sample-v1-f09949b69fbb1c4c1f78_knn N=6 seed=42 method=knn seconds=1.08 progress=734
2026-09-30 19:57:17 | INFO    | completed sample-v1-85ff4a88eee170177581_mahalanobis N=6 seed=123 method=mahalanobis seconds=0.46 progress=735
2026-09-30 19:57:19 | INFO    | completed sample-v1-85ff4a88eee170177581_knn N=6 seed=123 method=knn seconds=1.18 progress=736
2026-09-30 19:57:21 | INFO    | completed sample-v1-7e3559e3020387049247_mahalanobis N=6 seed=2026 method=mahalanobis seconds=0.44 progress=737
2026-09-30 19:57:23 | INFO    | completed sample-v1-7e3559e3020387049247_knn N=6 seed=2026 method=knn seconds=1.09 progress=738
2026-09-30 19:57:26 | INFO    | completed sample-v1-1ddc5e9bb4a3a767c19c_mahalanobis N=6 seed=42 method=mahalanobis seconds=0.43 progress=739
2026-09-30 19:57:28 | INFO    | completed sample-v1-1ddc5e9bb4a3a767c19c_knn N=6 seed=42 method=knn seconds=1.07 progress=740
2026-09-30 19:57:30 | INFO    | completed sample-v1-2803b6054b3b2ebd5644_mahalanobis N=6 seed=123 method=mahalanobis seconds=0.48 progress=741
2026-09-30 19:57:32 | INFO    | completed sample-v1-2803b6054b3b2ebd5644_knn N=6 seed=123 method=knn seconds=1.12 progress=742
2026-09-30 19:57:34 | INFO    | completed sample-v1-284e635214532de8aaab_mahalanobis N=6 seed=2026 method=mahalanobis seconds=0.46 progress=743
2026-09-30 19:57:36 | INFO    | completed sample-v1-284e635214532de8aaab_knn N=6 seed=2026 method=knn seconds=1.17 progress=744
2026-09-30 19:57:38 | INFO    | completed sample-v1-034521a909d85867573f_mahalanobis N=6 seed=42 method=mahalanobis seconds=0.43 progress=745
2026-09-30 19:57:40 | INFO    | completed sample-v1-034521a909d85867573f_knn N=6 seed=42 method=knn seconds=1.13 progress=746
2026-09-30 19:57:43 | INFO    | completed sample-v1-7c97f60f209cb3c7bb51_mahalanobis N=6 seed=123 method=mahalanobis seconds=0.43 progress=747
2026-09-30 19:57:45 | INFO    | completed sample-v1-7c97f60f209cb3c7bb51_knn N=6 seed=123 method=knn seconds=1.15 progress=748
2026-09-30 19:57:47 | INFO    | completed sample-v1-96c549f4539824e1ee5b_mahalanobis N=6 seed=2026 method=mahalanobis seconds=0.52 progress=749
2026-09-30 19:57:49 | INFO    | completed sample-v1-96c549f4539824e1ee5b_knn N=6 seed=2026 method=knn seconds=1.10 progress=750
2026-09-30 19:57:52 | INFO    | completed sample-v1-ffcd3cfc10565f3c8baf_mahalanobis N=6 seed=42 method=mahalanobis seconds=0.42 progress=751
2026-09-30 19:57:53 | INFO    | completed sample-v1-ffcd3cfc10565f3c8baf_knn N=6 seed=42 method=knn seconds=1.10 progress=752
2026-09-30 19:57:56 | INFO    | completed sample-v1-622c4cda68a382b79094_mahalanobis N=6 seed=123 method=mahalanobis seconds=0.45 progress=753
2026-09-30 19:57:58 | INFO    | completed sample-v1-622c4cda68a382b79094_knn N=6 seed=123 method=knn seconds=1.10 progress=754
2026-09-30 19:58:00 | INFO    | completed sample-v1-0ce84db72ad34e7a6286_mahalanobis N=6 seed=2026 method=mahalanobis seconds=0.42 progress=755
2026-09-30 19:58:02 | INFO    | completed sample-v1-0ce84db72ad34e7a6286_knn N=6 seed=2026 method=knn seconds=1.08 progress=756
2026-09-30 19:58:04 | INFO    | completed sample-v1-e081e58531cd5cbd6ff5_mahalanobis N=6 seed=42 method=mahalanobis seconds=0.42 progress=757
2026-09-30 19:58:06 | INFO    | completed sample-v1-e081e58531cd5cbd6ff5_knn N=6 seed=42 method=knn seconds=1.09 progress=758
2026-09-30 19:58:09 | INFO    | completed sample-v1-a87b08ca76fde8c1007e_mahalanobis N=6 seed=123 method=mahalanobis seconds=0.43 progress=759
2026-09-30 19:58:11 | INFO    | completed sample-v1-a87b08ca76fde8c1007e_knn N=6 seed=123 method=knn seconds=1.12 progress=760
2026-09-30 19:58:13 | INFO    | completed sample-v1-c2d20cc193cce23f655a_mahalanobis N=6 seed=2026 method=mahalanobis seconds=0.44 progress=761
2026-09-30 19:58:15 | INFO    | completed sample-v1-c2d20cc193cce23f655a_knn N=6 seed=2026 method=knn seconds=1.08 progress=762
2026-09-30 19:58:17 | INFO    | completed sample-v1-9ef5c91a818237da0eae_mahalanobis N=6 seed=42 method=mahalanobis seconds=0.45 progress=763
2026-09-30 19:58:19 | INFO    | completed sample-v1-9ef5c91a818237da0eae_knn N=6 seed=42 method=knn seconds=1.09 progress=764
2026-09-30 19:58:21 | INFO    | completed sample-v1-ae9b4e136f70d58f1e4f_mahalanobis N=6 seed=123 method=mahalanobis seconds=0.44 progress=765
2026-09-30 19:58:23 | INFO    | completed sample-v1-ae9b4e136f70d58f1e4f_knn N=6 seed=123 method=knn seconds=1.15 progress=766
2026-09-30 19:58:26 | INFO    | completed sample-v1-ece694eca8eaaa2a19ba_mahalanobis N=6 seed=2026 method=mahalanobis seconds=0.41 progress=767
2026-09-30 19:58:28 | INFO    | completed sample-v1-ece694eca8eaaa2a19ba_knn N=6 seed=2026 method=knn seconds=1.10 progress=768
2026-09-30 19:58:30 | INFO    | completed sample-v1-7f6c3647fa9f9ca5a63c_mahalanobis N=6 seed=42 method=mahalanobis seconds=0.44 progress=769
2026-09-30 19:58:32 | INFO    | completed sample-v1-7f6c3647fa9f9ca5a63c_knn N=6 seed=42 method=knn seconds=1.14 progress=770
2026-09-30 19:58:34 | INFO    | completed sample-v1-09744fe1226a0ca3416c_mahalanobis N=6 seed=123 method=mahalanobis seconds=0.43 progress=771
2026-09-30 19:58:36 | INFO    | completed sample-v1-09744fe1226a0ca3416c_knn N=6 seed=123 method=knn seconds=1.11 progress=772
2026-09-30 19:58:39 | INFO    | completed sample-v1-72e229637cc13050a98d_mahalanobis N=6 seed=2026 method=mahalanobis seconds=0.49 progress=773
2026-09-30 19:58:40 | INFO    | completed sample-v1-72e229637cc13050a98d_knn N=6 seed=2026 method=knn seconds=1.09 progress=774
2026-09-30 19:58:43 | INFO    | completed sample-v1-c2e9057036dd07f188a9_mahalanobis N=7 seed=42 method=mahalanobis seconds=0.49 progress=775
2026-09-30 19:58:45 | INFO    | completed sample-v1-c2e9057036dd07f188a9_knn N=7 seed=42 method=knn seconds=1.23 progress=776
2026-09-30 19:58:48 | INFO    | completed sample-v1-c0b48382874622d36878_mahalanobis N=7 seed=123 method=mahalanobis seconds=0.50 progress=777
2026-09-30 19:58:50 | INFO    | completed sample-v1-c0b48382874622d36878_knn N=7 seed=123 method=knn seconds=1.33 progress=778
2026-09-30 19:58:53 | INFO    | completed sample-v1-8cae9b06021679f04050_mahalanobis N=7 seed=2026 method=mahalanobis seconds=0.50 progress=779
2026-09-30 19:58:55 | INFO    | completed sample-v1-8cae9b06021679f04050_knn N=7 seed=2026 method=knn seconds=1.28 progress=780
2026-09-30 19:58:58 | INFO    | completed sample-v1-fbe465643d4c4e254ecc_mahalanobis N=7 seed=42 method=mahalanobis seconds=0.47 progress=781
2026-09-30 19:59:00 | INFO    | completed sample-v1-fbe465643d4c4e254ecc_knn N=7 seed=42 method=knn seconds=1.34 progress=782
2026-09-30 19:59:02 | INFO    | completed sample-v1-d6b1c9d99b24bb84d223_mahalanobis N=7 seed=123 method=mahalanobis seconds=0.44 progress=783
2026-09-30 19:59:05 | INFO    | completed sample-v1-d6b1c9d99b24bb84d223_knn N=7 seed=123 method=knn seconds=1.30 progress=784
2026-09-30 19:59:07 | INFO    | completed sample-v1-d7c2ddb4955ae851b1eb_mahalanobis N=7 seed=2026 method=mahalanobis seconds=0.49 progress=785
2026-09-30 19:59:09 | INFO    | completed sample-v1-d7c2ddb4955ae851b1eb_knn N=7 seed=2026 method=knn seconds=1.37 progress=786
2026-09-30 19:59:12 | INFO    | completed sample-v1-e4659ee630a5e9d447b8_mahalanobis N=7 seed=42 method=mahalanobis seconds=0.48 progress=787
2026-09-30 19:59:14 | INFO    | completed sample-v1-e4659ee630a5e9d447b8_knn N=7 seed=42 method=knn seconds=1.25 progress=788
2026-09-30 19:59:17 | INFO    | completed sample-v1-82e47fed60fb2a44ff90_mahalanobis N=7 seed=123 method=mahalanobis seconds=0.49 progress=789
2026-09-30 19:59:19 | INFO    | completed sample-v1-82e47fed60fb2a44ff90_knn N=7 seed=123 method=knn seconds=1.31 progress=790
2026-09-30 19:59:22 | INFO    | completed sample-v1-209e42fdea3e957defd8_mahalanobis N=7 seed=2026 method=mahalanobis seconds=0.50 progress=791
2026-09-30 19:59:24 | INFO    | completed sample-v1-209e42fdea3e957defd8_knn N=7 seed=2026 method=knn seconds=1.26 progress=792
2026-09-30 19:59:26 | INFO    | completed sample-v1-57d30afd8da00054254f_mahalanobis N=7 seed=42 method=mahalanobis seconds=0.50 progress=793
2026-09-30 19:59:28 | INFO    | completed sample-v1-57d30afd8da00054254f_knn N=7 seed=42 method=knn seconds=1.31 progress=794
2026-09-30 19:59:31 | INFO    | completed sample-v1-59cc15a6425da9abbe23_mahalanobis N=7 seed=123 method=mahalanobis seconds=0.47 progress=795
2026-09-30 19:59:33 | INFO    | completed sample-v1-59cc15a6425da9abbe23_knn N=7 seed=123 method=knn seconds=1.26 progress=796
2026-09-30 19:59:36 | INFO    | completed sample-v1-79d644efa952cfb5f89d_mahalanobis N=7 seed=2026 method=mahalanobis seconds=0.52 progress=797
2026-09-30 19:59:38 | INFO    | completed sample-v1-79d644efa952cfb5f89d_knn N=7 seed=2026 method=knn seconds=1.28 progress=798
2026-09-30 19:59:41 | INFO    | completed sample-v1-a377471a7fffd71e2e9f_mahalanobis N=7 seed=42 method=mahalanobis seconds=0.49 progress=799
2026-09-30 19:59:43 | INFO    | completed sample-v1-a377471a7fffd71e2e9f_knn N=7 seed=42 method=knn seconds=1.24 progress=800
2026-09-30 19:59:45 | INFO    | completed sample-v1-51b28fe2927d263ee181_mahalanobis N=7 seed=123 method=mahalanobis seconds=0.50 progress=801
2026-09-30 19:59:48 | INFO    | completed sample-v1-51b28fe2927d263ee181_knn N=7 seed=123 method=knn seconds=1.33 progress=802
2026-09-30 19:59:50 | INFO    | completed sample-v1-47cc237164ed9f0f2a1b_mahalanobis N=7 seed=2026 method=mahalanobis seconds=0.49 progress=803
2026-09-30 19:59:52 | INFO    | completed sample-v1-47cc237164ed9f0f2a1b_knn N=7 seed=2026 method=knn seconds=1.27 progress=804
2026-09-30 19:59:55 | INFO    | completed sample-v1-01d04f74ed1bf03a4cc6_mahalanobis N=7 seed=42 method=mahalanobis seconds=0.47 progress=805
2026-09-30 19:59:57 | INFO    | completed sample-v1-01d04f74ed1bf03a4cc6_knn N=7 seed=42 method=knn seconds=1.24 progress=806
2026-09-30 20:00:00 | INFO    | completed sample-v1-2b62a218e6335e081a14_mahalanobis N=7 seed=123 method=mahalanobis seconds=0.50 progress=807
2026-09-30 20:00:02 | INFO    | completed sample-v1-2b62a218e6335e081a14_knn N=7 seed=123 method=knn seconds=1.29 progress=808
2026-09-30 20:00:04 | INFO    | completed sample-v1-a2c99e90b89a49d7081c_mahalanobis N=7 seed=2026 method=mahalanobis seconds=0.48 progress=809
2026-09-30 20:00:07 | INFO    | completed sample-v1-a2c99e90b89a49d7081c_knn N=7 seed=2026 method=knn seconds=1.24 progress=810
2026-09-30 20:00:09 | INFO    | completed sample-v1-a34ddf19e8a886a48c94_mahalanobis N=7 seed=42 method=mahalanobis seconds=0.46 progress=811
2026-09-30 20:00:11 | INFO    | completed sample-v1-a34ddf19e8a886a48c94_knn N=7 seed=42 method=knn seconds=1.25 progress=812
2026-09-30 20:00:14 | INFO    | completed sample-v1-e2885fb9a3a955d21f46_mahalanobis N=7 seed=123 method=mahalanobis seconds=0.48 progress=813
2026-09-30 20:00:16 | INFO    | completed sample-v1-e2885fb9a3a955d21f46_knn N=7 seed=123 method=knn seconds=1.29 progress=814
2026-09-30 20:00:19 | INFO    | completed sample-v1-98faa5a899eeb7fd78ea_mahalanobis N=7 seed=2026 method=mahalanobis seconds=0.49 progress=815
2026-09-30 20:00:21 | INFO    | completed sample-v1-98faa5a899eeb7fd78ea_knn N=7 seed=2026 method=knn seconds=1.29 progress=816
2026-09-30 20:00:23 | INFO    | completed sample-v1-df48f1ccbe98cc43d317_mahalanobis N=7 seed=42 method=mahalanobis seconds=0.47 progress=817
2026-09-30 20:00:26 | INFO    | completed sample-v1-df48f1ccbe98cc43d317_knn N=7 seed=42 method=knn seconds=1.20 progress=818
2026-09-30 20:00:28 | INFO    | completed sample-v1-ec43243bd38743f38226_mahalanobis N=7 seed=123 method=mahalanobis seconds=0.50 progress=819
2026-09-30 20:00:30 | INFO    | completed sample-v1-ec43243bd38743f38226_knn N=7 seed=123 method=knn seconds=1.30 progress=820
2026-09-30 20:00:33 | INFO    | completed sample-v1-c0bcdc594c7a52338c0c_mahalanobis N=7 seed=2026 method=mahalanobis seconds=0.49 progress=821
2026-09-30 20:00:35 | INFO    | completed sample-v1-c0bcdc594c7a52338c0c_knn N=7 seed=2026 method=knn seconds=1.26 progress=822
2026-09-30 20:00:38 | INFO    | completed sample-v1-ba5768dee9103b2f9357_mahalanobis N=7 seed=42 method=mahalanobis seconds=0.47 progress=823
2026-09-30 20:00:40 | INFO    | completed sample-v1-ba5768dee9103b2f9357_knn N=7 seed=42 method=knn seconds=1.23 progress=824
2026-09-30 20:00:42 | INFO    | completed sample-v1-210f2137fe0c13f49b1a_mahalanobis N=7 seed=123 method=mahalanobis seconds=0.52 progress=825
2026-09-30 20:00:45 | INFO    | completed sample-v1-210f2137fe0c13f49b1a_knn N=7 seed=123 method=knn seconds=1.31 progress=826
2026-09-30 20:00:47 | INFO    | completed sample-v1-85a710425f65141267d4_mahalanobis N=7 seed=2026 method=mahalanobis seconds=0.53 progress=827
2026-09-30 20:00:49 | INFO    | completed sample-v1-85a710425f65141267d4_knn N=7 seed=2026 method=knn seconds=1.33 progress=828
2026-09-30 20:00:52 | INFO    | completed sample-v1-3fc2c1683fd7a8a9eb6d_mahalanobis N=7 seed=42 method=mahalanobis seconds=0.53 progress=829
2026-09-30 20:00:55 | INFO    | completed sample-v1-3fc2c1683fd7a8a9eb6d_knn N=7 seed=42 method=knn seconds=1.30 progress=830
2026-09-30 20:00:57 | INFO    | completed sample-v1-b139adfd2c186bc5648c_mahalanobis N=7 seed=123 method=mahalanobis seconds=0.51 progress=831
2026-09-30 20:01:00 | INFO    | completed sample-v1-b139adfd2c186bc5648c_knn N=7 seed=123 method=knn seconds=1.30 progress=832
2026-09-30 20:01:02 | INFO    | completed sample-v1-eba69e4719c32f67a753_mahalanobis N=7 seed=2026 method=mahalanobis seconds=0.51 progress=833
2026-09-30 20:01:05 | INFO    | completed sample-v1-eba69e4719c32f67a753_knn N=7 seed=2026 method=knn seconds=1.29 progress=834
2026-09-30 20:01:07 | INFO    | completed sample-v1-8db526f0c064501a2ce9_mahalanobis N=7 seed=42 method=mahalanobis seconds=0.45 progress=835
2026-09-30 20:01:09 | INFO    | completed sample-v1-8db526f0c064501a2ce9_knn N=7 seed=42 method=knn seconds=1.25 progress=836
2026-09-30 20:01:12 | INFO    | completed sample-v1-6d4dcdf8b9e0e55bf1f1_mahalanobis N=7 seed=123 method=mahalanobis seconds=0.46 progress=837
2026-09-30 20:01:14 | INFO    | completed sample-v1-6d4dcdf8b9e0e55bf1f1_knn N=7 seed=123 method=knn seconds=1.26 progress=838
2026-09-30 20:01:17 | INFO    | completed sample-v1-3e60dd6c4f03bfceb539_mahalanobis N=7 seed=2026 method=mahalanobis seconds=0.51 progress=839
2026-09-30 20:01:19 | INFO    | completed sample-v1-3e60dd6c4f03bfceb539_knn N=7 seed=2026 method=knn seconds=1.27 progress=840
2026-09-30 20:01:22 | INFO    | completed sample-v1-9217053cd37fb854e8d3_mahalanobis N=7 seed=42 method=mahalanobis seconds=0.46 progress=841
2026-09-30 20:01:24 | INFO    | completed sample-v1-9217053cd37fb854e8d3_knn N=7 seed=42 method=knn seconds=1.23 progress=842
2026-09-30 20:01:26 | INFO    | completed sample-v1-d72a61f545eeab21cbaa_mahalanobis N=7 seed=123 method=mahalanobis seconds=0.50 progress=843
2026-09-30 20:01:29 | INFO    | completed sample-v1-d72a61f545eeab21cbaa_knn N=7 seed=123 method=knn seconds=1.31 progress=844
2026-09-30 20:01:31 | INFO    | completed sample-v1-c0248d89416c6f0ca0ea_mahalanobis N=7 seed=2026 method=mahalanobis seconds=0.50 progress=845
2026-09-30 20:01:33 | INFO    | completed sample-v1-c0248d89416c6f0ca0ea_knn N=7 seed=2026 method=knn seconds=1.28 progress=846
2026-09-30 20:01:36 | INFO    | completed sample-v1-460392198f3d34d62ac2_mahalanobis N=7 seed=42 method=mahalanobis seconds=0.48 progress=847
2026-09-30 20:01:38 | INFO    | completed sample-v1-460392198f3d34d62ac2_knn N=7 seed=42 method=knn seconds=1.26 progress=848
2026-09-30 20:01:41 | INFO    | completed sample-v1-e8d29a99187b7bcb3a75_mahalanobis N=7 seed=123 method=mahalanobis seconds=0.50 progress=849
2026-09-30 20:01:43 | INFO    | completed sample-v1-e8d29a99187b7bcb3a75_knn N=7 seed=123 method=knn seconds=1.35 progress=850
2026-09-30 20:01:46 | INFO    | completed sample-v1-9f5940b9221f3b6aeb3b_mahalanobis N=7 seed=2026 method=mahalanobis seconds=0.48 progress=851
2026-09-30 20:01:48 | INFO    | completed sample-v1-9f5940b9221f3b6aeb3b_knn N=7 seed=2026 method=knn seconds=1.27 progress=852
2026-09-30 20:01:51 | INFO    | completed sample-v1-00e25b5fdfcf7e47efbc_mahalanobis N=7 seed=42 method=mahalanobis seconds=0.48 progress=853
2026-09-30 20:01:53 | INFO    | completed sample-v1-00e25b5fdfcf7e47efbc_knn N=7 seed=42 method=knn seconds=1.28 progress=854
2026-09-30 20:01:55 | INFO    | completed sample-v1-1ff399f18d87b63cb8d5_mahalanobis N=7 seed=123 method=mahalanobis seconds=0.48 progress=855
2026-09-30 20:01:58 | INFO    | completed sample-v1-1ff399f18d87b63cb8d5_knn N=7 seed=123 method=knn seconds=1.28 progress=856
2026-09-30 20:02:00 | INFO    | completed sample-v1-5da3ff3e8170bfee2d0f_mahalanobis N=7 seed=2026 method=mahalanobis seconds=0.51 progress=857
2026-09-30 20:02:03 | INFO    | completed sample-v1-5da3ff3e8170bfee2d0f_knn N=7 seed=2026 method=knn seconds=1.25 progress=858
2026-09-30 20:02:05 | INFO    | completed sample-v1-4c8af0fe3905a159ee81_mahalanobis N=7 seed=42 method=mahalanobis seconds=0.47 progress=859
2026-09-30 20:02:07 | INFO    | completed sample-v1-4c8af0fe3905a159ee81_knn N=7 seed=42 method=knn seconds=1.33 progress=860
2026-09-30 20:02:10 | INFO    | completed sample-v1-5768b2370e7b36b8fdc8_mahalanobis N=7 seed=123 method=mahalanobis seconds=0.46 progress=861
2026-09-30 20:02:12 | INFO    | completed sample-v1-5768b2370e7b36b8fdc8_knn N=7 seed=123 method=knn seconds=1.26 progress=862
2026-09-30 20:02:15 | INFO    | completed sample-v1-9f39af479468ccd80391_mahalanobis N=7 seed=2026 method=mahalanobis seconds=0.47 progress=863
2026-09-30 20:02:17 | INFO    | completed sample-v1-9f39af479468ccd80391_knn N=7 seed=2026 method=knn seconds=1.25 progress=864
2026-09-30 20:02:19 | INFO    | completed sample-v1-d76a800218d1d24c6966_mahalanobis N=7 seed=42 method=mahalanobis seconds=0.48 progress=865
2026-09-30 20:02:21 | INFO    | completed sample-v1-d76a800218d1d24c6966_knn N=7 seed=42 method=knn seconds=1.23 progress=866
2026-09-30 20:02:24 | INFO    | completed sample-v1-5ae59f96840316d8664c_mahalanobis N=7 seed=123 method=mahalanobis seconds=0.46 progress=867
2026-09-30 20:02:26 | INFO    | completed sample-v1-5ae59f96840316d8664c_knn N=7 seed=123 method=knn seconds=1.31 progress=868
2026-09-30 20:02:29 | INFO    | completed sample-v1-6745653b0bdc7afbb05d_mahalanobis N=7 seed=2026 method=mahalanobis seconds=0.50 progress=869
2026-09-30 20:02:31 | INFO    | completed sample-v1-6745653b0bdc7afbb05d_knn N=7 seed=2026 method=knn seconds=1.26 progress=870
2026-09-30 20:02:33 | INFO    | completed sample-v1-62cce5e60bdbee537317_mahalanobis N=7 seed=42 method=mahalanobis seconds=0.44 progress=871
2026-09-30 20:02:35 | INFO    | completed sample-v1-62cce5e60bdbee537317_knn N=7 seed=42 method=knn seconds=1.23 progress=872
2026-09-30 20:02:38 | INFO    | completed sample-v1-c4410c6b34e6302eb00e_mahalanobis N=7 seed=123 method=mahalanobis seconds=0.56 progress=873
2026-09-30 20:02:40 | INFO    | completed sample-v1-c4410c6b34e6302eb00e_knn N=7 seed=123 method=knn seconds=1.33 progress=874
2026-09-30 20:02:43 | INFO    | completed sample-v1-f9c7eda9771064a04c33_mahalanobis N=7 seed=2026 method=mahalanobis seconds=0.52 progress=875
2026-09-30 20:02:45 | INFO    | completed sample-v1-f9c7eda9771064a04c33_knn N=7 seed=2026 method=knn seconds=1.31 progress=876
2026-09-30 20:02:48 | INFO    | completed sample-v1-656373aefed05ea78fbf_mahalanobis N=7 seed=42 method=mahalanobis seconds=0.51 progress=877
2026-09-30 20:02:50 | INFO    | completed sample-v1-656373aefed05ea78fbf_knn N=7 seed=42 method=knn seconds=1.26 progress=878
2026-09-30 20:02:53 | INFO    | completed sample-v1-4c1b95b86916c87d497c_mahalanobis N=7 seed=123 method=mahalanobis seconds=0.48 progress=879
2026-09-30 20:02:55 | INFO    | completed sample-v1-4c1b95b86916c87d497c_knn N=7 seed=123 method=knn seconds=1.32 progress=880
2026-09-30 20:02:57 | INFO    | completed sample-v1-21795e2bd804de851b41_mahalanobis N=7 seed=2026 method=mahalanobis seconds=0.53 progress=881
2026-09-30 20:03:00 | INFO    | completed sample-v1-21795e2bd804de851b41_knn N=7 seed=2026 method=knn seconds=1.29 progress=882
2026-09-30 20:03:02 | INFO    | completed sample-v1-8ec571947f3920490759_mahalanobis N=7 seed=42 method=mahalanobis seconds=0.48 progress=883
2026-09-30 20:03:04 | INFO    | completed sample-v1-8ec571947f3920490759_knn N=7 seed=42 method=knn seconds=1.26 progress=884
2026-09-30 20:03:07 | INFO    | completed sample-v1-a5a9a71178c790642e43_mahalanobis N=7 seed=123 method=mahalanobis seconds=0.49 progress=885
2026-09-30 20:03:09 | INFO    | completed sample-v1-a5a9a71178c790642e43_knn N=7 seed=123 method=knn seconds=1.29 progress=886
2026-09-30 20:03:12 | INFO    | completed sample-v1-cf4dc480d964f7a145c2_mahalanobis N=7 seed=2026 method=mahalanobis seconds=0.50 progress=887
2026-09-30 20:03:14 | INFO    | completed sample-v1-cf4dc480d964f7a145c2_knn N=7 seed=2026 method=knn seconds=1.26 progress=888
2026-09-30 20:03:17 | INFO    | completed sample-v1-955b0e0f64c5b64f6d4b_mahalanobis N=7 seed=42 method=mahalanobis seconds=0.48 progress=889
2026-09-30 20:03:19 | INFO    | completed sample-v1-955b0e0f64c5b64f6d4b_knn N=7 seed=42 method=knn seconds=1.24 progress=890
2026-09-30 20:03:22 | INFO    | completed sample-v1-876887c721f885ac1adf_mahalanobis N=7 seed=123 method=mahalanobis seconds=0.49 progress=891
2026-09-30 20:03:24 | INFO    | completed sample-v1-876887c721f885ac1adf_knn N=7 seed=123 method=knn seconds=1.27 progress=892
2026-09-30 20:03:26 | INFO    | completed sample-v1-b4645f98f27eabb5c1ef_mahalanobis N=7 seed=2026 method=mahalanobis seconds=0.50 progress=893
2026-09-30 20:03:28 | INFO    | completed sample-v1-b4645f98f27eabb5c1ef_knn N=7 seed=2026 method=knn seconds=1.30 progress=894
2026-09-30 20:03:31 | INFO    | completed sample-v1-d1cc15998e435ef329ae_mahalanobis N=7 seed=42 method=mahalanobis seconds=0.46 progress=895
2026-09-30 20:03:33 | INFO    | completed sample-v1-d1cc15998e435ef329ae_knn N=7 seed=42 method=knn seconds=1.22 progress=896
2026-09-30 20:03:36 | INFO    | completed sample-v1-62e23f96e8fad1889475_mahalanobis N=7 seed=123 method=mahalanobis seconds=0.51 progress=897
2026-09-30 20:03:38 | INFO    | completed sample-v1-62e23f96e8fad1889475_knn N=7 seed=123 method=knn seconds=1.27 progress=898
2026-09-30 20:03:41 | INFO    | completed sample-v1-2802eb0e69b9961fad89_mahalanobis N=7 seed=2026 method=mahalanobis seconds=0.48 progress=899
2026-09-30 20:03:43 | INFO    | completed sample-v1-2802eb0e69b9961fad89_knn N=7 seed=2026 method=knn seconds=1.30 progress=900
2026-09-30 20:03:45 | INFO    | completed sample-v1-dbd9324e8812d854ff1c_mahalanobis N=7 seed=42 method=mahalanobis seconds=0.46 progress=901
2026-09-30 20:03:48 | INFO    | completed sample-v1-dbd9324e8812d854ff1c_knn N=7 seed=42 method=knn seconds=1.30 progress=902
2026-09-30 20:03:50 | INFO    | completed sample-v1-d349b4a5b10dc3d8fc58_mahalanobis N=7 seed=123 method=mahalanobis seconds=0.52 progress=903
2026-09-30 20:03:52 | INFO    | completed sample-v1-d349b4a5b10dc3d8fc58_knn N=7 seed=123 method=knn seconds=1.28 progress=904
2026-09-30 20:03:55 | INFO    | completed sample-v1-37809ab188bef1a8777f_mahalanobis N=7 seed=2026 method=mahalanobis seconds=0.45 progress=905
2026-09-30 20:03:57 | INFO    | completed sample-v1-37809ab188bef1a8777f_knn N=7 seed=2026 method=knn seconds=1.22 progress=906
2026-09-30 20:04:00 | INFO    | completed sample-v1-d002e5818254f50d85cf_mahalanobis N=7 seed=42 method=mahalanobis seconds=0.48 progress=907
2026-09-30 20:04:02 | INFO    | completed sample-v1-d002e5818254f50d85cf_knn N=7 seed=42 method=knn seconds=1.20 progress=908
2026-09-30 20:04:04 | INFO    | completed sample-v1-0381a70094a1459573a0_mahalanobis N=7 seed=123 method=mahalanobis seconds=0.44 progress=909
2026-09-30 20:04:06 | INFO    | completed sample-v1-0381a70094a1459573a0_knn N=7 seed=123 method=knn seconds=1.25 progress=910
2026-09-30 20:04:08 | INFO    | completed sample-v1-8211808a836c6fec4e12_mahalanobis N=7 seed=2026 method=mahalanobis seconds=0.45 progress=911
2026-09-30 20:04:10 | INFO    | completed sample-v1-8211808a836c6fec4e12_knn N=7 seed=2026 method=knn seconds=1.23 progress=912
2026-09-30 20:04:13 | INFO    | completed sample-v1-b448d2406a9362c5d4c4_mahalanobis N=7 seed=42 method=mahalanobis seconds=0.43 progress=913
2026-09-30 20:04:15 | INFO    | completed sample-v1-b448d2406a9362c5d4c4_knn N=7 seed=42 method=knn seconds=1.20 progress=914
2026-09-30 20:04:17 | INFO    | completed sample-v1-3420e9da1e092861cb2a_mahalanobis N=7 seed=123 method=mahalanobis seconds=0.48 progress=915
2026-09-30 20:04:19 | INFO    | completed sample-v1-3420e9da1e092861cb2a_knn N=7 seed=123 method=knn seconds=1.22 progress=916
2026-09-30 20:04:22 | INFO    | completed sample-v1-4a93813c3e2db2811a25_mahalanobis N=7 seed=2026 method=mahalanobis seconds=0.45 progress=917
2026-09-30 20:04:24 | INFO    | completed sample-v1-4a93813c3e2db2811a25_knn N=7 seed=2026 method=knn seconds=1.22 progress=918
2026-09-30 20:04:26 | INFO    | completed sample-v1-e0e0d6fa118b70ea001d_mahalanobis N=7 seed=42 method=mahalanobis seconds=0.43 progress=919
2026-09-30 20:04:28 | INFO    | completed sample-v1-e0e0d6fa118b70ea001d_knn N=7 seed=42 method=knn seconds=1.19 progress=920
2026-09-30 20:04:31 | INFO    | completed sample-v1-0e7ed096563c9605b9e0_mahalanobis N=7 seed=123 method=mahalanobis seconds=0.44 progress=921
2026-09-30 20:04:33 | INFO    | completed sample-v1-0e7ed096563c9605b9e0_knn N=7 seed=123 method=knn seconds=1.25 progress=922
2026-09-30 20:04:35 | INFO    | completed sample-v1-153ee58e784b426779cc_mahalanobis N=7 seed=2026 method=mahalanobis seconds=0.47 progress=923
2026-09-30 20:04:37 | INFO    | completed sample-v1-153ee58e784b426779cc_knn N=7 seed=2026 method=knn seconds=1.23 progress=924
2026-09-30 20:04:40 | INFO    | completed sample-v1-1863a27450936e498687_mahalanobis N=7 seed=42 method=mahalanobis seconds=0.44 progress=925
2026-09-30 20:04:42 | INFO    | completed sample-v1-1863a27450936e498687_knn N=7 seed=42 method=knn seconds=1.21 progress=926
2026-09-30 20:04:44 | INFO    | completed sample-v1-e6281e022581c1fccc7e_mahalanobis N=7 seed=123 method=mahalanobis seconds=0.44 progress=927
2026-09-30 20:04:46 | INFO    | completed sample-v1-e6281e022581c1fccc7e_knn N=7 seed=123 method=knn seconds=1.24 progress=928
2026-09-30 20:04:49 | INFO    | completed sample-v1-8beeeb3fc3bbf10e2efc_mahalanobis N=7 seed=2026 method=mahalanobis seconds=0.47 progress=929
2026-09-30 20:04:51 | INFO    | completed sample-v1-8beeeb3fc3bbf10e2efc_knn N=7 seed=2026 method=knn seconds=1.25 progress=930
2026-09-30 20:04:53 | INFO    | completed sample-v1-71bc26c1665350432e2a_mahalanobis N=7 seed=42 method=mahalanobis seconds=0.45 progress=931
2026-09-30 20:04:55 | INFO    | completed sample-v1-71bc26c1665350432e2a_knn N=7 seed=42 method=knn seconds=1.19 progress=932
2026-09-30 20:04:58 | INFO    | completed sample-v1-429d3d3605cbe053fa0b_mahalanobis N=7 seed=123 method=mahalanobis seconds=0.45 progress=933
2026-09-30 20:05:00 | INFO    | completed sample-v1-429d3d3605cbe053fa0b_knn N=7 seed=123 method=knn seconds=1.26 progress=934
2026-09-30 20:05:02 | INFO    | completed sample-v1-f5696635e8afaca12ea1_mahalanobis N=7 seed=2026 method=mahalanobis seconds=0.48 progress=935
2026-09-30 20:05:04 | INFO    | completed sample-v1-f5696635e8afaca12ea1_knn N=7 seed=2026 method=knn seconds=1.21 progress=936
2026-09-30 20:05:07 | INFO    | completed sample-v1-ff7c70b114704c2aac70_mahalanobis N=7 seed=42 method=mahalanobis seconds=0.45 progress=937
2026-09-30 20:05:09 | INFO    | completed sample-v1-ff7c70b114704c2aac70_knn N=7 seed=42 method=knn seconds=1.20 progress=938
2026-09-30 20:05:11 | INFO    | completed sample-v1-86a701a3b3ae0a9bec36_mahalanobis N=7 seed=123 method=mahalanobis seconds=0.50 progress=939
2026-09-30 20:05:14 | INFO    | completed sample-v1-86a701a3b3ae0a9bec36_knn N=7 seed=123 method=knn seconds=1.34 progress=940
2026-09-30 20:05:16 | INFO    | completed sample-v1-7c4da632a80390c3e8f2_mahalanobis N=7 seed=2026 method=mahalanobis seconds=0.45 progress=941
2026-09-30 20:05:18 | INFO    | completed sample-v1-7c4da632a80390c3e8f2_knn N=7 seed=2026 method=knn seconds=1.22 progress=942
2026-09-30 20:05:21 | INFO    | completed sample-v1-df9020eb920035b69061_mahalanobis N=7 seed=42 method=mahalanobis seconds=0.44 progress=943
2026-09-30 20:05:23 | INFO    | completed sample-v1-df9020eb920035b69061_knn N=7 seed=42 method=knn seconds=1.22 progress=944
2026-09-30 20:05:25 | INFO    | completed sample-v1-051b17bbc8566e33001e_mahalanobis N=7 seed=123 method=mahalanobis seconds=0.45 progress=945
2026-09-30 20:05:27 | INFO    | completed sample-v1-051b17bbc8566e33001e_knn N=7 seed=123 method=knn seconds=1.31 progress=946
2026-09-30 20:05:30 | INFO    | completed sample-v1-a92b77a20a899fe0cbb5_mahalanobis N=7 seed=2026 method=mahalanobis seconds=0.46 progress=947
2026-09-30 20:05:32 | INFO    | completed sample-v1-a92b77a20a899fe0cbb5_knn N=7 seed=2026 method=knn seconds=1.36 progress=948
2026-09-30 20:05:35 | INFO    | completed sample-v1-8d7cfa145f29db8d1517_mahalanobis N=7 seed=42 method=mahalanobis seconds=0.46 progress=949
2026-09-30 20:05:37 | INFO    | completed sample-v1-8d7cfa145f29db8d1517_knn N=7 seed=42 method=knn seconds=1.27 progress=950
2026-09-30 20:05:40 | INFO    | completed sample-v1-b982a9cd012ef69b4c55_mahalanobis N=7 seed=123 method=mahalanobis seconds=0.47 progress=951
2026-09-30 20:05:42 | INFO    | completed sample-v1-b982a9cd012ef69b4c55_knn N=7 seed=123 method=knn seconds=1.33 progress=952
2026-09-30 20:05:44 | INFO    | completed sample-v1-5c51b1bc03dfeddc0116_mahalanobis N=7 seed=2026 method=mahalanobis seconds=0.47 progress=953
2026-09-30 20:05:47 | INFO    | completed sample-v1-5c51b1bc03dfeddc0116_knn N=7 seed=2026 method=knn seconds=1.30 progress=954
2026-09-30 20:05:50 | INFO    | completed sample-v1-fff4503fe3e18c544077_mahalanobis N=8 seed=42 method=mahalanobis seconds=0.54 progress=955
2026-09-30 20:05:52 | INFO    | completed sample-v1-fff4503fe3e18c544077_knn N=8 seed=42 method=knn seconds=1.36 progress=956
2026-09-30 20:05:55 | INFO    | completed sample-v1-376bdb0ea028beaf1b47_mahalanobis N=8 seed=123 method=mahalanobis seconds=0.54 progress=957
2026-09-30 20:05:57 | INFO    | completed sample-v1-376bdb0ea028beaf1b47_knn N=8 seed=123 method=knn seconds=1.45 progress=958
2026-09-30 20:06:00 | INFO    | completed sample-v1-a2d6c1fa933e336ad093_mahalanobis N=8 seed=2026 method=mahalanobis seconds=0.53 progress=959
2026-09-30 20:06:02 | INFO    | completed sample-v1-a2d6c1fa933e336ad093_knn N=8 seed=2026 method=knn seconds=1.47 progress=960
2026-09-30 20:06:05 | INFO    | completed sample-v1-0f32c80340c4a4af8c0a_mahalanobis N=8 seed=42 method=mahalanobis seconds=0.49 progress=961
2026-09-30 20:06:07 | INFO    | completed sample-v1-0f32c80340c4a4af8c0a_knn N=8 seed=42 method=knn seconds=1.37 progress=962
2026-09-30 20:06:09 | INFO    | completed sample-v1-2dc1e5ec12541619fc91_mahalanobis N=8 seed=123 method=mahalanobis seconds=0.50 progress=963
2026-09-30 20:06:12 | INFO    | completed sample-v1-2dc1e5ec12541619fc91_knn N=8 seed=123 method=knn seconds=1.40 progress=964
2026-09-30 20:06:14 | INFO    | completed sample-v1-c27d807694418409c476_mahalanobis N=8 seed=2026 method=mahalanobis seconds=0.55 progress=965
2026-09-30 20:06:17 | INFO    | completed sample-v1-c27d807694418409c476_knn N=8 seed=2026 method=knn seconds=1.41 progress=966
2026-09-30 20:06:19 | INFO    | completed sample-v1-d81d7870ccb951b9087b_mahalanobis N=8 seed=42 method=mahalanobis seconds=0.48 progress=967
2026-09-30 20:06:22 | INFO    | completed sample-v1-d81d7870ccb951b9087b_knn N=8 seed=42 method=knn seconds=1.37 progress=968
2026-09-30 20:06:24 | INFO    | completed sample-v1-3b2f74297226eb865b5a_mahalanobis N=8 seed=123 method=mahalanobis seconds=0.50 progress=969
2026-09-30 20:06:27 | INFO    | completed sample-v1-3b2f74297226eb865b5a_knn N=8 seed=123 method=knn seconds=1.41 progress=970
2026-09-30 20:06:29 | INFO    | completed sample-v1-94b4748515b630bec4ff_mahalanobis N=8 seed=2026 method=mahalanobis seconds=0.51 progress=971
2026-09-30 20:06:31 | INFO    | completed sample-v1-94b4748515b630bec4ff_knn N=8 seed=2026 method=knn seconds=1.39 progress=972
2026-09-30 20:06:34 | INFO    | completed sample-v1-5c88925f837a61136bfe_mahalanobis N=8 seed=42 method=mahalanobis seconds=0.52 progress=973
2026-09-30 20:06:36 | INFO    | completed sample-v1-5c88925f837a61136bfe_knn N=8 seed=42 method=knn seconds=1.36 progress=974
2026-09-30 20:06:39 | INFO    | completed sample-v1-69f79be48a48f85d3d73_mahalanobis N=8 seed=123 method=mahalanobis seconds=0.52 progress=975
2026-09-30 20:06:41 | INFO    | completed sample-v1-69f79be48a48f85d3d73_knn N=8 seed=123 method=knn seconds=1.44 progress=976
2026-09-30 20:06:44 | INFO    | completed sample-v1-c8eaac1238df8366ea89_mahalanobis N=8 seed=2026 method=mahalanobis seconds=0.54 progress=977
2026-09-30 20:06:47 | INFO    | completed sample-v1-c8eaac1238df8366ea89_knn N=8 seed=2026 method=knn seconds=1.43 progress=978
2026-09-30 20:06:49 | INFO    | completed sample-v1-f90abffbdf8c80cc34c1_mahalanobis N=8 seed=42 method=mahalanobis seconds=0.49 progress=979
2026-09-30 20:06:51 | INFO    | completed sample-v1-f90abffbdf8c80cc34c1_knn N=8 seed=42 method=knn seconds=1.38 progress=980
2026-09-30 20:06:54 | INFO    | completed sample-v1-21b437f27dff3325e767_mahalanobis N=8 seed=123 method=mahalanobis seconds=0.53 progress=981
2026-09-30 20:06:56 | INFO    | completed sample-v1-21b437f27dff3325e767_knn N=8 seed=123 method=knn seconds=1.43 progress=982
2026-09-30 20:06:59 | INFO    | completed sample-v1-d98359a93a55a304fa85_mahalanobis N=8 seed=2026 method=mahalanobis seconds=0.52 progress=983
2026-09-30 20:07:01 | INFO    | completed sample-v1-d98359a93a55a304fa85_knn N=8 seed=2026 method=knn seconds=1.41 progress=984
2026-09-30 20:07:04 | INFO    | completed sample-v1-195e14874738d1337fb7_mahalanobis N=8 seed=42 method=mahalanobis seconds=0.54 progress=985
2026-09-30 20:07:06 | INFO    | completed sample-v1-195e14874738d1337fb7_knn N=8 seed=42 method=knn seconds=1.44 progress=986
2026-09-30 20:07:09 | INFO    | completed sample-v1-752276bbb12265c6c5a3_mahalanobis N=8 seed=123 method=mahalanobis seconds=0.52 progress=987
2026-09-30 20:07:11 | INFO    | completed sample-v1-752276bbb12265c6c5a3_knn N=8 seed=123 method=knn seconds=1.40 progress=988
2026-09-30 20:07:14 | INFO    | completed sample-v1-4b2fe9b50f4baacf84ec_mahalanobis N=8 seed=2026 method=mahalanobis seconds=0.53 progress=989
2026-09-30 20:07:16 | INFO    | completed sample-v1-4b2fe9b50f4baacf84ec_knn N=8 seed=2026 method=knn seconds=1.38 progress=990
2026-09-30 20:07:19 | INFO    | completed sample-v1-9eb98beb704c5d6025b0_mahalanobis N=8 seed=42 method=mahalanobis seconds=0.55 progress=991
2026-09-30 20:07:21 | INFO    | completed sample-v1-9eb98beb704c5d6025b0_knn N=8 seed=42 method=knn seconds=1.38 progress=992
2026-09-30 20:07:24 | INFO    | completed sample-v1-30792d70f7157ac264ba_mahalanobis N=8 seed=123 method=mahalanobis seconds=0.50 progress=993
2026-09-30 20:07:26 | INFO    | completed sample-v1-30792d70f7157ac264ba_knn N=8 seed=123 method=knn seconds=1.42 progress=994
2026-09-30 20:07:29 | INFO    | completed sample-v1-7018140ea55cf10f108f_mahalanobis N=8 seed=2026 method=mahalanobis seconds=0.49 progress=995
2026-09-30 20:07:31 | INFO    | completed sample-v1-7018140ea55cf10f108f_knn N=8 seed=2026 method=knn seconds=1.34 progress=996
2026-09-30 20:07:34 | INFO    | completed sample-v1-eb1182960ca8905374cb_mahalanobis N=8 seed=42 method=mahalanobis seconds=0.52 progress=997
2026-09-30 20:07:36 | INFO    | completed sample-v1-eb1182960ca8905374cb_knn N=8 seed=42 method=knn seconds=1.51 progress=998
2026-09-30 20:07:39 | INFO    | completed sample-v1-91442cc638bc28c841c7_mahalanobis N=8 seed=123 method=mahalanobis seconds=0.52 progress=999
2026-09-30 20:07:41 | INFO    | completed sample-v1-91442cc638bc28c841c7_knn N=8 seed=123 method=knn seconds=1.39 progress=1000
2026-09-30 20:07:43 | INFO    | completed sample-v1-48d0a18d6eb34c2d187c_mahalanobis N=8 seed=2026 method=mahalanobis seconds=0.48 progress=1001
2026-09-30 20:07:46 | INFO    | completed sample-v1-48d0a18d6eb34c2d187c_knn N=8 seed=2026 method=knn seconds=1.35 progress=1002
2026-09-30 20:07:48 | INFO    | completed sample-v1-7144b4b949f87760daa2_mahalanobis N=8 seed=42 method=mahalanobis seconds=0.49 progress=1003
2026-09-30 20:07:51 | INFO    | completed sample-v1-7144b4b949f87760daa2_knn N=8 seed=42 method=knn seconds=1.41 progress=1004
2026-09-30 20:07:54 | INFO    | completed sample-v1-8945c008bd94050f93a7_mahalanobis N=8 seed=123 method=mahalanobis seconds=0.54 progress=1005
2026-09-30 20:07:56 | INFO    | completed sample-v1-8945c008bd94050f93a7_knn N=8 seed=123 method=knn seconds=1.46 progress=1006
2026-09-30 20:07:59 | INFO    | completed sample-v1-12f05b7f76f3a7ce924f_mahalanobis N=8 seed=2026 method=mahalanobis seconds=0.51 progress=1007
2026-09-30 20:08:01 | INFO    | completed sample-v1-12f05b7f76f3a7ce924f_knn N=8 seed=2026 method=knn seconds=1.36 progress=1008
2026-09-30 20:08:04 | INFO    | completed sample-v1-dc86eba80e1dfcc6d0b4_mahalanobis N=9 seed=42 method=mahalanobis seconds=0.52 progress=1009
2026-09-30 20:08:06 | INFO    | completed sample-v1-dc86eba80e1dfcc6d0b4_knn N=9 seed=42 method=knn seconds=1.54 progress=1010
2026-09-30 20:08:09 | INFO    | completed sample-v1-61aab76f272acc6b934e_mahalanobis N=9 seed=123 method=mahalanobis seconds=0.53 progress=1011
2026-09-30 20:08:11 | INFO    | completed sample-v1-61aab76f272acc6b934e_knn N=9 seed=123 method=knn seconds=1.52 progress=1012
2026-09-30 20:08:14 | INFO    | completed sample-v1-f6cccd4fae93bcee672f_mahalanobis N=9 seed=2026 method=mahalanobis seconds=0.55 progress=1013
2026-09-30 20:08:16 | INFO    | completed sample-v1-f6cccd4fae93bcee672f_knn N=9 seed=2026 method=knn seconds=1.49 progress=1014
2026-09-30 20:08:24 | INFO    | aggregate protocol=A N=1 method=knn runs=27
2026-09-30 20:08:27 | INFO    | aggregate protocol=A N=1 method=mahalanobis runs=27
2026-09-30 20:08:31 | INFO    | aggregate protocol=A N=2 method=knn runs=90
2026-09-30 20:08:47 | INFO    | aggregate protocol=A N=2 method=mahalanobis runs=90
2026-09-30 20:09:02 | INFO    | aggregate protocol=A N=3 method=knn runs=90
2026-09-30 20:09:20 | INFO    | aggregate protocol=A N=3 method=mahalanobis runs=90
2026-09-30 20:09:37 | INFO    | aggregate protocol=A N=4 method=knn runs=90
2026-09-30 20:09:57 | INFO    | aggregate protocol=A N=4 method=mahalanobis runs=90
2026-09-30 20:10:17 | INFO    | aggregate protocol=A N=6 method=knn runs=90
2026-09-30 20:10:43 | INFO    | aggregate protocol=A N=6 method=mahalanobis runs=90
2026-09-30 20:11:09 | INFO    | aggregate protocol=A N=7 method=knn runs=90
2026-09-30 20:11:36 | INFO    | aggregate protocol=A N=7 method=mahalanobis runs=90
2026-09-30 20:12:05 | INFO    | aggregate protocol=A N=8 method=knn runs=27
2026-09-30 20:12:13 | INFO    | aggregate protocol=A N=8 method=mahalanobis runs=27
2026-09-30 20:12:21 | INFO    | aggregate protocol=A N=9 method=knn runs=3
2026-09-30 20:12:22 | INFO    | aggregate protocol=A N=9 method=mahalanobis runs=3
2026-09-30 20:12:22 | INFO    | matrix finished: completed=1014 not_completed=0 root=C:\Users\andy0\AppData\Local\Temp\codex-d-drive\schoolshit\專題\src\_lineage_compare\p1_worktree\output\fault_type_matrix\2026-09-30-19-37-27
