"archive_path","entry_path","depth","entry_kind","uncompressed_size_bytes","compressed_size_bytes","last_write_time"
"馬達研究\階段1.zip","階段1/","0","directory","0","0","2025-06-30T18:24:28.0000000+08:00"
"馬達研究\階段1.zip","階段1/csv.zip","0","nested_archive","1573706417","1574186100","2025-06-30T18:24:12.0000000+08:00"
"馬達研究\階段1.zip::階段1/csv.zip","csv/","1","directory","0","0","2025-06-30T18:23:38.0000000+08:00"
"馬達研究\階段1.zip::階段1/csv.zip","csv/T1/","1","directory","0","0","2025-06-30T18:23:16.0000000+08:00"
"馬達研究\階段1.zip::階段1/csv.zip","csv/T1/11000rpm.zip","1","nested_archive","527866773","526696092","2025-06-30T18:22:16.0000000+08:00"
"馬達研究\階段1.zip::階段1/csv.zip::csv/T1/11000rpm.zip","11000rpm/","2","directory","0","0","2025-02-18T12:20:38.0000000+08:00"
"馬達研究\階段1.zip::階段1/csv.zip::csv/T1/11000rpm.zip","11000rpm/1screws/","2","directory","0","0","2025-04-17T10:30:38.0000000+08:00"
"馬達研究\階段1.zip::階段1/csv.zip::csv/T1/11000rpm.zip","11000rpm/1screws/T1_Acceleration_X_data.csv","2","file","57151966","15177391","2025-04-23T10:48:36.0000000+08:00"
"馬達研究\階段1.zip::階段1/csv.zip::csv/T1/11000rpm.zip","11000rpm/1screws/T1_Acceleration_Y_data.csv","2","file","57858569","15228222","2025-04-23T10:49:24.0000000+08:00"
"馬達研究\階段1.zip::階段1/csv.zip::csv/T1/11000rpm.zip","11000rpm/1screws/T1_Acceleration_Z_data.csv","2","file","57203759","15250273","2025-04-23T10:50:06.0000000+08:00"
"馬達研究\階段1.zip::階段1/csv.zip::csv/T1/11000rpm.zip","11000rpm/1screws/T1_Current_data.csv","2","file","53129520","5787631","2025-04-23T10:50:52.0000000+08:00"
"馬達研究\階段1.zip::階段1/csv.zip::csv/T1/11000rpm.zip","11000rpm/1screws/T1_Delta_T_data.csv","2","file","102550782","1426352","2025-04-23T10:51:42.0000000+08:00"
"馬達研究\階段1.zip::階段1/csv.zip::csv/T1/11000rpm.zip","11000rpm/2screws/","2","directory","0","0","2025-04-17T10:28:32.0000000+08:00"
"馬達研究\階段1.zip::階段1/csv.zip::csv/T1/11000rpm.zip","11000rpm/2screws/T1_Acceleration_X_data.csv","2","file","56801552","15234864","2025-04-23T10:44:06.0000000+08:00"
"馬達研究\階段1.zip::階段1/csv.zip::csv/T1/11000rpm.zip","11000rpm/2screws/T1_Acceleration_Y_data.csv","2","file","57676358","15135312","2025-04-23T10:44:54.0000000+08:00"
"馬達研究\階段1.zip::階段1/csv.zip::csv/T1/11000rpm.zip","11000rpm/2screws/T1_Acceleration_Z_data.csv","2","file","56950124","15353976","2025-04-23T10:45:38.0000000+08:00"
"馬達研究\階段1.zip::階段1/csv.zip::csv/T1/11000rpm.zip","11000rpm/2screws/T1_Current_data.csv","2","file","52940189","5671942","2025-04-23T10:46:22.0000000+08:00"
"馬達研究\階段1.zip::階段1/csv.zip::csv/T1/11000rpm.zip","11000rpm/2screws/T1_Delta_T_data.csv","2","file","99418779","1372234","2025-04-23T10:47:10.0000000+08:00"
"馬達研究\階段1.zip::階段1/csv.zip::csv/T1/11000rpm.zip","11000rpm/3screws/","2","directory","0","0","2025-04-17T10:26:24.0000000+08:00"
"馬達研究\階段1.zip::階段1/csv.zip::csv/T1/11000rpm.zip","11000rpm/3screws/T1_Acceleration_X_data.csv","2","file","57218481","15411156","2025-04-23T10:39:16.0000000+08:00"
"馬達研究\階段1.zip::階段1/csv.zip::csv/T1/11000rpm.zip","11000rpm/3screws/T1_Acceleration_Y_data.csv","2","file","57419728","15132377","2025-04-23T10:40:08.0000000+08:00"
"馬達研究\階段1.zip::階段1/csv.zip::csv/T1/11000rpm.zip","11000rpm/3screws/T1_Acceleration_Z_data.csv","2","file","57112267","15473313","2025-04-23T10:40:54.0000000+08:00"
"馬達研究\階段1.zip::階段1/csv.zip::csv/T1/11000rpm.zip","11000rpm/3screws/T1_Current_data.csv","2","file","53132619","5813127","2025-04-23T10:41:42.0000000+08:00"
"馬達研究\階段1.zip::階段1/csv.zip::csv/T1/11000rpm.zip","11000rpm/3screws/T1_Delta_T_data.csv","2","file","100006002","1398428","2025-04-23T10:42:34.0000000+08:00"
"馬達研究\階段1.zip::階段1/csv.zip::csv/T1/11000rpm.zip","11000rpm/3_14screws/","2","directory","0","0","2025-04-17T10:32:20.0000000+08:00"
"馬達研究\階段1.zip::階段1/csv.zip::csv/T1/11000rpm.zip","11000rpm/3_14screws/T1_Acceleration_X_data.csv","2","file","56968358","15160451","2025-04-23T10:53:08.0000000+08:00"
"馬達研究\階段1.zip::階段1/csv.zip::csv/T1/11000rpm.zip","11000rpm/3_14screws/T1_Acceleration_Y_data.csv","2","file","57796655","15168812","2025-04-23T10:53:56.0000000+08:00"
"馬達研究\階段1.zip::階段1/csv.zip::csv/T1/11000rpm.zip","11000rpm/3_14screws/T1_Acceleration_Z_data.csv","2","file","57112726","15402558","2025-04-23T10:54:34.0000000+08:00"
"馬達研究\階段1.zip::階段1/csv.zip::csv/T1/11000rpm.zip","11000rpm/3_14screws/T1_Current_data.csv","2","file","53123099","5782410","2025-04-23T10:55:10.0000000+08:00"
"馬達研究\階段1.zip::階段1/csv.zip::csv/T1/11000rpm.zip","11000rpm/3_14screws/T1_Delta_T_data.csv","2","file","100753329","1401157","2025-04-23T10:55:50.0000000+08:00"
"馬達研究\階段1.zip::階段1/csv.zip::csv/T1/11000rpm.zip","11000rpm/4screws/","2","directory","0","0","2025-04-17T10:24:16.0000000+08:00"
"馬達研究\階段1.zip::階段1/csv.zip::csv/T1/11000rpm.zip","11000rpm/4screws/T1_Acceleration_X_data.csv","2","file","57088687","15288504","2025-04-23T10:34:26.0000000+08:00"
"馬達研究\階段1.zip::階段1/csv.zip::csv/T1/11000rpm.zip","11000rpm/4screws/T1_Acceleration_Y_data.csv","2","file","57365947","15283990","2025-04-23T10:35:16.0000000+08:00"
"馬達研究\階段1.zip::階段1/csv.zip::csv/T1/11000rpm.zip","11000rpm/4screws/T1_Acceleration_Z_data.csv","2","file","57114773","15457795","2025-04-23T10:36:02.0000000+08:00"
"馬達研究\階段1.zip::階段1/csv.zip::csv/T1/11000rpm.zip","11000rpm/4screws/T1_Current_data.csv","2","file","52953734","5695820","2025-04-23T10:36:50.0000000+08:00"
"馬達研究\階段1.zip::階段1/csv.zip::csv/T1/11000rpm.zip","11000rpm/4screws/T1_Delta_T_data.csv","2","file","100544761","1400919","2025-04-23T10:37:42.0000000+08:00"
"馬達研究\階段1.zip::階段1/csv.zip::csv/T1/11000rpm.zip","11000rpm/4_146screws/","2","directory","0","0","2025-04-17T10:34:00.0000000+08:00"
"馬達研究\階段1.zip::階段1/csv.zip::csv/T1/11000rpm.zip","11000rpm/4_146screws/T1_Acceleration_X_data.csv","2","file","57060939","14818600","2025-04-23T10:56:50.0000000+08:00"
"馬達研究\階段1.zip::階段1/csv.zip::csv/T1/11000rpm.zip","11000rpm/4_146screws/T1_Acceleration_Y_data.csv","2","file","58176784","14997001","2025-04-23T10:57:18.0000000+08:00"
"馬達研究\階段1.zip::階段1/csv.zip::csv/T1/11000rpm.zip","11000rpm/4_146screws/T1_Acceleration_Z_data.csv","2","file","57329056","14944327","2025-04-23T10:57:40.0000000+08:00"
"馬達研究\階段1.zip::階段1/csv.zip::csv/T1/11000rpm.zip","11000rpm/4_146screws/T1_Current_data.csv","2","file","53191154","5876892","2025-04-23T10:57:58.0000000+08:00"
"馬達研究\階段1.zip::階段1/csv.zip::csv/T1/11000rpm.zip","11000rpm/4_146screws/T1_Delta_T_data.csv","2","file","100432675","1400298","2025-04-23T10:58:16.0000000+08:00"
"馬達研究\階段1.zip::階段1/csv.zip::csv/T1/11000rpm.zip","11000rpm/5screws/","2","directory","0","0","2025-04-17T10:22:06.0000000+08:00"
"馬達研究\階段1.zip::階段1/csv.zip::csv/T1/11000rpm.zip","11000rpm/5screws/T1_Acceleration_X_data.csv","2","file","57334458","15366879","2025-04-23T10:29:18.0000000+08:00"
"馬達研究\階段1.zip::階段1/csv.zip::csv/T1/11000rpm.zip","11000rpm/5screws/T1_Acceleration_Y_data.csv","2","file","57434789","15146089","2025-04-23T10:30:12.0000000+08:00"
"馬達研究\階段1.zip::階段1/csv.zip::csv/T1/11000rpm.zip","11000rpm/5screws/T1_Acceleration_Z_data.csv","2","file","57146832","15471224","2025-04-23T10:31:08.0000000+08:00"
"馬達研究\階段1.zip::階段1/csv.zip::csv/T1/11000rpm.zip","11000rpm/5screws/T1_Current_data.csv","2","file","53170319","5803997","2025-04-23T10:32:00.0000000+08:00"
"馬達研究\階段1.zip::階段1/csv.zip::csv/T1/11000rpm.zip","11000rpm/5screws/T1_Delta_T_data.csv","2","file","102668671","1422618","2025-04-23T10:32:54.0000000+08:00"
"馬達研究\階段1.zip::階段1/csv.zip::csv/T1/11000rpm.zip","11000rpm/6screws/","2","directory","0","0","2025-04-17T10:19:54.0000000+08:00"
"馬達研究\階段1.zip::階段1/csv.zip::csv/T1/11000rpm.zip","11000rpm/6screws/T1_Acceleration_X_data.csv","2","file","57243416","15236318","2025-04-23T10:23:36.0000000+08:00"
"馬達研究\階段1.zip::階段1/csv.zip::csv/T1/11000rpm.zip","11000rpm/6screws/T1_Acceleration_Y_data.csv","2","file","58047462","15050326","2025-04-23T10:24:34.0000000+08:00"
"馬達研究\階段1.zip::階段1/csv.zip::csv/T1/11000rpm.zip","11000rpm/6screws/T1_Acceleration_Z_data.csv","2","file","57186224","15345188","2025-04-23T10:25:28.0000000+08:00"
"馬達研究\階段1.zip::階段1/csv.zip::csv/T1/11000rpm.zip","11000rpm/6screws/T1_Current_data.csv","2","file","53189375","5708996","2025-04-23T10:26:28.0000000+08:00"
"馬達研究\階段1.zip::階段1/csv.zip::csv/T1/11000rpm.zip","11000rpm/6screws/T1_Delta_T_data.csv","2","file","102022302","1408869","2025-04-23T10:27:30.0000000+08:00"
"馬達研究\階段1.zip::階段1/csv.zip::csv/T1/11000rpm.zip","11000rpm/7screws/","2","directory","0","0","2025-04-17T10:17:50.0000000+08:00"
"馬達研究\階段1.zip::階段1/csv.zip::csv/T1/11000rpm.zip","11000rpm/7screws/T1_Acceleration_X_data.csv","2","file","57485761","15082079","2025-04-23T10:17:58.0000000+08:00"
"馬達研究\階段1.zip::階段1/csv.zip::csv/T1/11000rpm.zip","11000rpm/7screws/T1_Acceleration_Y_data.csv","2","file","57914355","15112745","2025-04-23T10:18:54.0000000+08:00"
"馬達研究\階段1.zip::階段1/csv.zip::csv/T1/11000rpm.zip","11000rpm/7screws/T1_Acceleration_Z_data.csv","2","file","57429077","15169721","2025-04-23T10:19:52.0000000+08:00"
"馬達研究\階段1.zip::階段1/csv.zip::csv/T1/11000rpm.zip","11000rpm/7screws/T1_Current_data.csv","2","file","52983619","5673736","2025-04-23T10:20:50.0000000+08:00"
"馬達研究\階段1.zip::階段1/csv.zip::csv/T1/11000rpm.zip","11000rpm/7screws/T1_Delta_T_data.csv","2","file","100543370","1411181","2025-04-23T10:21:46.0000000+08:00"
"馬達研究\階段1.zip::階段1/csv.zip::csv/T1/11000rpm.zip","11000rpm/8screws/","2","directory","0","0","2025-04-17T10:16:16.0000000+08:00"
"馬達研究\階段1.zip::階段1/csv.zip::csv/T1/11000rpm.zip","11000rpm/8screws/T1_Acceleration_X_data.csv","2","file","57055374","14844314","2025-04-23T10:12:24.0000000+08:00"
"馬達研究\階段1.zip::階段1/csv.zip::csv/T1/11000rpm.zip","11000rpm/8screws/T1_Acceleration_Y_data.csv","2","file","57830524","15275708","2025-04-23T10:13:22.0000000+08:00"
"馬達研究\階段1.zip::階段1/csv.zip::csv/T1/11000rpm.zip","11000rpm/8screws/T1_Acceleration_Z_data.csv","2","file","57585614","15213566","2025-04-23T10:14:20.0000000+08:00"
"馬達研究\階段1.zip::階段1/csv.zip::csv/T1/11000rpm.zip","11000rpm/8screws/T1_Current_data.csv","2","file","52919848","5735681","2025-04-23T10:15:16.0000000+08:00"
"馬達研究\階段1.zip::階段1/csv.zip::csv/T1/11000rpm.zip","11000rpm/8screws/T1_Delta_T_data.csv","2","file","105248865","1428070","2025-04-23T10:16:16.0000000+08:00"
"馬達研究\階段1.zip::階段1/csv.zip","csv/T1/6000rpm.zip","1","nested_archive","525294993","523828425","2025-06-30T18:19:04.0000000+08:00"
"馬達研究\階段1.zip::階段1/csv.zip::csv/T1/6000rpm.zip","6000rpm/","2","directory","0","0","2025-06-30T18:17:22.0000000+08:00"
"馬達研究\階段1.zip::階段1/csv.zip::csv/T1/6000rpm.zip","6000rpm/1screws/","2","directory","0","0","2025-04-17T10:26:32.0000000+08:00"
"馬達研究\階段1.zip::階段1/csv.zip::csv/T1/6000rpm.zip","6000rpm/1screws/T1_Acceleration_X_data.csv","2","file","59363953","14600447","2025-04-23T10:42:02.0000000+08:00"
"馬達研究\階段1.zip::階段1/csv.zip::csv/T1/6000rpm.zip","6000rpm/1screws/T1_Acceleration_Y_data.csv","2","file","58019598","14947335","2025-04-23T10:42:50.0000000+08:00"
"馬達研究\階段1.zip::階段1/csv.zip::csv/T1/6000rpm.zip","6000rpm/1screws/T1_Acceleration_Z_data.csv","2","file","57504687","15010387","2025-04-23T10:43:36.0000000+08:00"
"馬達研究\階段1.zip::階段1/csv.zip::csv/T1/6000rpm.zip","6000rpm/1screws/T1_Current_data.csv","2","file","53175624","6126289","2025-04-23T10:44:24.0000000+08:00"
"馬達研究\階段1.zip::階段1/csv.zip::csv/T1/6000rpm.zip","6000rpm/1screws/T1_Delta_T_data.csv","2","file","109346073","1548206","2025-04-23T10:45:14.0000000+08:00"
"馬達研究\階段1.zip::階段1/csv.zip::csv/T1/6000rpm.zip","6000rpm/2screws/","2","directory","0","0","2025-04-17T10:24:26.0000000+08:00"
"馬達研究\階段1.zip::階段1/csv.zip::csv/T1/6000rpm.zip","6000rpm/2screws/T1_Acceleration_X_data.csv","2","file","58648248","14897682","2025-04-23T10:37:10.0000000+08:00"
"馬達研究\階段1.zip::階段1/csv.zip::csv/T1/6000rpm.zip","6000rpm/2screws/T1_Acceleration_Y_data.csv","2","file","58021386","15270774","2025-04-23T10:37:58.0000000+08:00"
"馬達研究\階段1.zip::階段1/csv.zip::csv/T1/6000rpm.zip","6000rpm/2screws/T1_Acceleration_Z_data.csv","2","file","57467954","15154746","2025-04-23T10:38:44.0000000+08:00"
"馬達研究\階段1.zip::階段1/csv.zip::csv/T1/6000rpm.zip","6000rpm/2screws/T1_Current_data.csv","2","file","52906111","6044839","2025-04-23T10:39:34.0000000+08:00"
"馬達研究\階段1.zip::階段1/csv.zip::csv/T1/6000rpm.zip","6000rpm/2screws/T1_Delta_T_data.csv","2","file","109294820","1550762","2025-04-23T10:40:30.0000000+08:00"
"馬達研究\階段1.zip::階段1/csv.zip::csv/T1/6000rpm.zip","6000rpm/3screws/","2","directory","0","0","2025-04-17T10:22:18.0000000+08:00"
"馬達研究\階段1.zip::階段1/csv.zip::csv/T1/6000rpm.zip","6000rpm/3screws/T1_Acceleration_X_data.csv","2","file","58406996","15048418","2025-04-23T10:32:18.0000000+08:00"
"馬達研究\階段1.zip::階段1/csv.zip::csv/T1/6000rpm.zip","6000rpm/3screws/T1_Acceleration_Y_data.csv","2","file","57754137","15148804","2025-04-23T10:33:08.0000000+08:00"
"馬達研究\階段1.zip::階段1/csv.zip::csv/T1/6000rpm.zip","6000rpm/3screws/T1_Acceleration_Z_data.csv","2","file","57524457","15282924","2025-04-23T10:33:52.0000000+08:00"
"馬達研究\階段1.zip::階段1/csv.zip::csv/T1/6000rpm.zip","6000rpm/3screws/T1_Current_data.csv","2","file","52935624","6023238","2025-04-23T10:34:42.0000000+08:00"
"馬達研究\階段1.zip::階段1/csv.zip::csv/T1/6000rpm.zip","6000rpm/3screws/T1_Delta_T_data.csv","2","file","109303619","1548969","2025-04-23T10:35:38.0000000+08:00"
"馬達研究\階段1.zip::階段1/csv.zip::csv/T1/6000rpm.zip","6000rpm/3_14screws/","2","directory","0","0","2025-04-17T10:28:40.0000000+08:00"
"馬達研究\階段1.zip::階段1/csv.zip::csv/T1/6000rpm.zip","6000rpm/3_14screws/T1_Acceleration_X_data.csv","2","file","59011328","14874566","2025-04-23T10:46:40.0000000+08:00"
"馬達研究\階段1.zip::階段1/csv.zip::csv/T1/6000rpm.zip","6000rpm/3_14screws/T1_Acceleration_Y_data.csv","2","file","57521878","14952115","2025-04-23T10:47:24.0000000+08:00"
"馬達研究\階段1.zip::階段1/csv.zip::csv/T1/6000rpm.zip","6000rpm/3_14screws/T1_Acceleration_Z_data.csv","2","file","57014778","15169051","2025-04-23T10:48:08.0000000+08:00"
"馬達研究\階段1.zip::階段1/csv.zip::csv/T1/6000rpm.zip","6000rpm/3_14screws/T1_Current_data.csv","2","file","53023868","6104637","2025-04-23T10:48:52.0000000+08:00"
"馬達研究\階段1.zip::階段1/csv.zip::csv/T1/6000rpm.zip","6000rpm/3_14screws/T1_Delta_T_data.csv","2","file","109310253","1540521","2025-04-23T10:49:42.0000000+08:00"
"馬達研究\階段1.zip::階段1/csv.zip::csv/T1/6000rpm.zip","6000rpm/4screws/","2","directory","0","0","2025-04-17T10:20:06.0000000+08:00"
"馬達研究\階段1.zip::階段1/csv.zip::csv/T1/6000rpm.zip","6000rpm/4screws/T1_Acceleration_X_data.csv","2","file","58518707","15011256","2025-04-23T10:26:52.0000000+08:00"
"馬達研究\階段1.zip::階段1/csv.zip::csv/T1/6000rpm.zip","6000rpm/4screws/T1_Acceleration_Y_data.csv","2","file","57778351","15093445","2025-04-23T10:27:50.0000000+08:00"
"馬達研究\階段1.zip::階段1/csv.zip::csv/T1/6000rpm.zip","6000rpm/4screws/T1_Acceleration_Z_data.csv","2","file","57584976","15309323","2025-04-23T10:28:44.0000000+08:00"
"馬達研究\階段1.zip::階段1/csv.zip::csv/T1/6000rpm.zip","6000rpm/4screws/T1_Current_data.csv","2","file","53034936","6046839","2025-04-23T10:29:40.0000000+08:00"
"馬達研究\階段1.zip::階段1/csv.zip::csv/T1/6000rpm.zip","6000rpm/4screws/T1_Delta_T_data.csv","2","file","109337620","1546399","2025-04-23T10:30:44.0000000+08:00"
"馬達研究\階段1.zip::階段1/csv.zip::csv/T1/6000rpm.zip","6000rpm/4_146screws/","2","directory","0","0","2025-04-17T10:30:46.0000000+08:00"
"馬達研究\階段1.zip::階段1/csv.zip::csv/T1/6000rpm.zip","6000rpm/4_146screws/T1_Acceleration_X_data.csv","2","file","60470824","14396947","2025-04-23T10:51:10.0000000+08:00"
"馬達研究\階段1.zip::階段1/csv.zip::csv/T1/6000rpm.zip","6000rpm/4_146screws/T1_Acceleration_Y_data.csv","2","file","58768636","14856661","2025-04-23T10:51:52.0000000+08:00"
"馬達研究\階段1.zip::階段1/csv.zip::csv/T1/6000rpm.zip","6000rpm/4_146screws/T1_Acceleration_Z_data.csv","2","file","57583116","14960119","2025-04-23T10:52:30.0000000+08:00"
"馬達研究\階段1.zip::階段1/csv.zip::csv/T1/6000rpm.zip","6000rpm/4_146screws/T1_Current_data.csv","2","file","53011124","6069785","2025-04-23T10:53:16.0000000+08:00"
"馬達研究\階段1.zip::階段1/csv.zip::csv/T1/6000rpm.zip","6000rpm/4_146screws/T1_Delta_T_data.csv","2","file","109547447","1518084","2025-04-23T10:54:06.0000000+08:00"
"馬達研究\階段1.zip::階段1/csv.zip::csv/T1/6000rpm.zip","6000rpm/5screws/","2","directory","0","0","2025-04-17T10:18:02.0000000+08:00"
"馬達研究\階段1.zip::階段1/csv.zip::csv/T1/6000rpm.zip","6000rpm/5screws/T1_Acceleration_X_data.csv","2","file","58644220","14868156","2025-04-23T10:21:16.0000000+08:00"
"馬達研究\階段1.zip::階段1/csv.zip::csv/T1/6000rpm.zip","6000rpm/5screws/T1_Acceleration_Y_data.csv","2","file","57794817","15070710","2025-04-23T10:22:12.0000000+08:00"
"馬達研究\階段1.zip::階段1/csv.zip::csv/T1/6000rpm.zip","6000rpm/5screws/T1_Acceleration_Z_data.csv","2","file","57716466","15227051","2025-04-23T10:23:08.0000000+08:00"
"馬達研究\階段1.zip::階段1/csv.zip::csv/T1/6000rpm.zip","6000rpm/5screws/T1_Current_data.csv","2","file","52894405","6042562","2025-04-23T10:24:06.0000000+08:00"
"馬達研究\階段1.zip::階段1/csv.zip::csv/T1/6000rpm.zip","6000rpm/5screws/T1_Delta_T_data.csv","2","file","108714980","1518785","2025-04-23T10:25:08.0000000+08:00"
"馬達研究\階段1.zip::階段1/csv.zip::csv/T1/6000rpm.zip","6000rpm/6screws/","2","directory","0","0","2025-04-17T10:16:04.0000000+08:00"
"馬達研究\階段1.zip::階段1/csv.zip::csv/T1/6000rpm.zip","6000rpm/6screws/T1_Acceleration_X_data.csv","2","file","59168603","14869438","2025-04-23T10:15:50.0000000+08:00"
"馬達研究\階段1.zip::階段1/csv.zip::csv/T1/6000rpm.zip","6000rpm/6screws/T1_Acceleration_Y_data.csv","2","file","57975890","15053451","2025-04-23T10:16:46.0000000+08:00"
"馬達研究\階段1.zip::階段1/csv.zip::csv/T1/6000rpm.zip","6000rpm/6screws/T1_Acceleration_Z_data.csv","2","file","57750019","15087871","2025-04-23T10:17:38.0000000+08:00"
"馬達研究\階段1.zip::階段1/csv.zip::csv/T1/6000rpm.zip","6000rpm/6screws/T1_Current_data.csv","2","file","53176223","6080283","2025-04-23T10:18:32.0000000+08:00"
"馬達研究\階段1.zip::階段1/csv.zip::csv/T1/6000rpm.zip","6000rpm/6screws/T1_Delta_T_data.csv","2","file","108747904","1535772","2025-04-23T10:19:34.0000000+08:00"
"馬達研究\階段1.zip::階段1/csv.zip::csv/T1/6000rpm.zip","6000rpm/7screws/","2","directory","0","0","2025-04-17T10:14:16.0000000+08:00"
"馬達研究\階段1.zip::階段1/csv.zip::csv/T1/6000rpm.zip","6000rpm/7screws/T1_Acceleration_X_data.csv","2","file","59613395","14721530","2025-04-23T10:10:14.0000000+08:00"
"馬達研究\階段1.zip::階段1/csv.zip::csv/T1/6000rpm.zip","6000rpm/7screws/T1_Acceleration_Y_data.csv","2","file","58216584","15000968","2025-04-23T10:11:04.0000000+08:00"
"馬達研究\階段1.zip::階段1/csv.zip::csv/T1/6000rpm.zip","6000rpm/7screws/T1_Acceleration_Z_data.csv","2","file","57786821","15127546","2025-04-23T10:11:58.0000000+08:00"
"馬達研究\階段1.zip::階段1/csv.zip::csv/T1/6000rpm.zip","6000rpm/7screws/T1_Current_data.csv","2","file","53009646","6066257","2025-04-23T10:12:58.0000000+08:00"
"馬達研究\階段1.zip::階段1/csv.zip::csv/T1/6000rpm.zip","6000rpm/7screws/T1_Delta_T_data.csv","2","file","109323282","1528937","2025-04-23T10:14:06.0000000+08:00"
"馬達研究\階段1.zip::階段1/csv.zip::csv/T1/6000rpm.zip","6000rpm/8screws/","2","directory","0","0","2025-04-17T10:12:30.0000000+08:00"
"馬達研究\階段1.zip::階段1/csv.zip::csv/T1/6000rpm.zip","6000rpm/8screws/T1_Acceleration_X_data.csv","2","file","60309668","14429634","2025-04-23T10:08:00.0000000+08:00"
"馬達研究\階段1.zip::階段1/csv.zip::csv/T1/6000rpm.zip","6000rpm/8screws/T1_Acceleration_Y_data.csv","2","file","58782847","14899015","2025-04-23T10:08:14.0000000+08:00"
"馬達研究\階段1.zip::階段1/csv.zip::csv/T1/6000rpm.zip","6000rpm/8screws/T1_Acceleration_Z_data.csv","2","file","58054256","14991521","2025-04-23T10:08:30.0000000+08:00"
"馬達研究\階段1.zip::階段1/csv.zip::csv/T1/6000rpm.zip","6000rpm/8screws/T1_Current_data.csv","2","file","53026175","6000634","2025-04-23T10:08:50.0000000+08:00"
"馬達研究\階段1.zip::階段1/csv.zip::csv/T1/6000rpm.zip","6000rpm/8screws/T1_Delta_T_data.csv","2","file","109759093","1508090","2025-04-23T10:09:14.0000000+08:00"
"馬達研究\階段1.zip::階段1/csv.zip","csv/T1/8000rpm.zip","1","nested_archive","524546316","523181038","2025-06-30T18:22:14.0000000+08:00"
"馬達研究\階段1.zip::階段1/csv.zip::csv/T1/8000rpm.zip","8000rpm/","2","directory","0","0","2025-02-18T12:49:10.0000000+08:00"
"馬達研究\階段1.zip::階段1/csv.zip::csv/T1/8000rpm.zip","8000rpm/1screws/","2","directory","0","0","2025-04-17T10:29:48.0000000+08:00"
"馬達研究\階段1.zip::階段1/csv.zip::csv/T1/8000rpm.zip","8000rpm/1screws/T1_Acceleration_X_data.csv","2","file","58066675","15066283","2025-04-23T11:24:22.0000000+08:00"
"馬達研究\階段1.zip::階段1/csv.zip::csv/T1/8000rpm.zip","8000rpm/1screws/T1_Acceleration_Y_data.csv","2","file","57331349","15522028","2025-04-23T11:24:38.0000000+08:00"
"馬達研究\階段1.zip::階段1/csv.zip::csv/T1/8000rpm.zip","8000rpm/1screws/T1_Acceleration_Z_data.csv","2","file","57113434","15545095","2025-04-23T11:24:52.0000000+08:00"
"馬達研究\階段1.zip::階段1/csv.zip::csv/T1/8000rpm.zip","8000rpm/1screws/T1_Current_data.csv","2","file","53236472","6015205","2025-04-23T11:25:06.0000000+08:00"
"馬達研究\階段1.zip::階段1/csv.zip::csv/T1/8000rpm.zip","8000rpm/1screws/T1_Delta_T_data.csv","2","file","108251820","1524717","2025-04-23T11:25:22.0000000+08:00"
"馬達研究\階段1.zip::階段1/csv.zip::csv/T1/8000rpm.zip","8000rpm/2screws/","2","directory","0","0","2025-04-17T10:27:42.0000000+08:00"
"馬達研究\階段1.zip::階段1/csv.zip::csv/T1/8000rpm.zip","8000rpm/2screws/T1_Acceleration_X_data.csv","2","file","57970147","14833533","2025-04-23T11:22:52.0000000+08:00"
"馬達研究\階段1.zip::階段1/csv.zip::csv/T1/8000rpm.zip","8000rpm/2screws/T1_Acceleration_Y_data.csv","2","file","57729012","15095899","2025-04-23T11:23:08.0000000+08:00"
"馬達研究\階段1.zip::階段1/csv.zip::csv/T1/8000rpm.zip","8000rpm/2screws/T1_Acceleration_Z_data.csv","2","file","57283155","15061965","2025-04-23T11:23:22.0000000+08:00"
"馬達研究\階段1.zip::階段1/csv.zip::csv/T1/8000rpm.zip","8000rpm/2screws/T1_Current_data.csv","2","file","53223352","6013947","2025-04-23T11:23:36.0000000+08:00"
"馬達研究\階段1.zip::階段1/csv.zip::csv/T1/8000rpm.zip","8000rpm/2screws/T1_Delta_T_data.csv","2","file","109292038","1547896","2025-04-23T11:23:54.0000000+08:00"
"馬達研究\階段1.zip::階段1/csv.zip::csv/T1/8000rpm.zip","8000rpm/3screws/","2","directory","0","0","2025-04-17T10:25:36.0000000+08:00"
"馬達研究\階段1.zip::階段1/csv.zip::csv/T1/8000rpm.zip","8000rpm/3screws/T1_Acceleration_X_data.csv","2","file","58084944","14839845","2025-04-23T11:21:24.0000000+08:00"
"馬達研究\階段1.zip::階段1/csv.zip::csv/T1/8000rpm.zip","8000rpm/3screws/T1_Acceleration_Y_data.csv","2","file","57476586","15124625","2025-04-23T11:21:38.0000000+08:00"
"馬達研究\階段1.zip::階段1/csv.zip::csv/T1/8000rpm.zip","8000rpm/3screws/T1_Acceleration_Z_data.csv","2","file","57392232","15191818","2025-04-23T11:21:52.0000000+08:00"
"馬達研究\階段1.zip::階段1/csv.zip::csv/T1/8000rpm.zip","8000rpm/3screws/T1_Current_data.csv","2","file","53220710","6009299","2025-04-23T11:22:06.0000000+08:00"
"馬達研究\階段1.zip::階段1/csv.zip::csv/T1/8000rpm.zip","8000rpm/3screws/T1_Delta_T_data.csv","2","file","102023301","1414482","2025-04-23T11:22:22.0000000+08:00"
"馬達研究\階段1.zip::階段1/csv.zip::csv/T1/8000rpm.zip","8000rpm/3_14screws/","2","directory","0","0","2025-04-17T10:31:42.0000000+08:00"
"馬達研究\階段1.zip::階段1/csv.zip::csv/T1/8000rpm.zip","8000rpm/3_14screws/T1_Acceleration_X_data.csv","2","file","58002081","14735036","2025-04-23T11:25:48.0000000+08:00"
"馬達研究\階段1.zip::階段1/csv.zip::csv/T1/8000rpm.zip","8000rpm/3_14screws/T1_Acceleration_Y_data.csv","2","file","57758483","15145039","2025-04-23T11:26:04.0000000+08:00"
"馬達研究\階段1.zip::階段1/csv.zip::csv/T1/8000rpm.zip","8000rpm/3_14screws/T1_Acceleration_Z_data.csv","2","file","57222068","14876251","2025-04-23T11:26:20.0000000+08:00"
"馬達研究\階段1.zip::階段1/csv.zip::csv/T1/8000rpm.zip","8000rpm/3_14screws/T1_Current_data.csv","2","file","53111598","5909696","2025-04-23T11:26:34.0000000+08:00"
"馬達研究\階段1.zip::階段1/csv.zip::csv/T1/8000rpm.zip","8000rpm/3_14screws/T1_Delta_T_data.csv","2","file","103430680","1455642","2025-04-23T11:26:48.0000000+08:00"
"馬達研究\階段1.zip::階段1/csv.zip::csv/T1/8000rpm.zip","8000rpm/4screws/","2","directory","0","0","2025-04-17T10:23:28.0000000+08:00"
"馬達研究\階段1.zip::階段1/csv.zip::csv/T1/8000rpm.zip","8000rpm/4screws/T1_Acceleration_X_data.csv","2","file","58181180","14831313","2025-04-23T11:19:56.0000000+08:00"
"馬達研究\階段1.zip::階段1/csv.zip::csv/T1/8000rpm.zip","8000rpm/4screws/T1_Acceleration_Y_data.csv","2","file","57473254","15060685","2025-04-23T11:20:10.0000000+08:00"
"馬達研究\階段1.zip::階段1/csv.zip::csv/T1/8000rpm.zip","8000rpm/4screws/T1_Acceleration_Z_data.csv","2","file","57494994","15251796","2025-04-23T11:20:24.0000000+08:00"
"馬達研究\階段1.zip::階段1/csv.zip::csv/T1/8000rpm.zip","8000rpm/4screws/T1_Current_data.csv","2","file","53212088","6024314","2025-04-23T11:20:38.0000000+08:00"
"馬達研究\階段1.zip::階段1/csv.zip::csv/T1/8000rpm.zip","8000rpm/4screws/T1_Delta_T_data.csv","2","file","109168988","1549550","2025-04-23T11:20:54.0000000+08:00"
"馬達研究\階段1.zip::階段1/csv.zip::csv/T1/8000rpm.zip","8000rpm/4_146screws/","2","directory","0","0","2025-04-17T10:33:24.0000000+08:00"
"馬達研究\階段1.zip::階段1/csv.zip::csv/T1/8000rpm.zip","8000rpm/4_146screws/T1_Acceleration_X_data.csv","2","file","58642596","14591227","2025-04-23T11:27:16.0000000+08:00"
"馬達研究\階段1.zip::階段1/csv.zip::csv/T1/8000rpm.zip","8000rpm/4_146screws/T1_Acceleration_Y_data.csv","2","file","59090234","14835190","2025-04-23T11:27:30.0000000+08:00"
"馬達研究\階段1.zip::階段1/csv.zip::csv/T1/8000rpm.zip","8000rpm/4_146screws/T1_Acceleration_Z_data.csv","2","file","57588906","14855728","2025-04-23T11:27:44.0000000+08:00"
"馬達研究\階段1.zip::階段1/csv.zip::csv/T1/8000rpm.zip","8000rpm/4_146screws/T1_Current_data.csv","2","file","53124891","5966739","2025-04-23T11:28:00.0000000+08:00"
"馬達研究\階段1.zip::階段1/csv.zip::csv/T1/8000rpm.zip","8000rpm/4_146screws/T1_Delta_T_data.csv","2","file","107615691","1507464","2025-04-23T11:28:16.0000000+08:00"
"馬達研究\階段1.zip::階段1/csv.zip::csv/T1/8000rpm.zip","8000rpm/5screws/","2","directory","0","0","2025-04-17T10:21:16.0000000+08:00"
"馬達研究\階段1.zip::階段1/csv.zip::csv/T1/8000rpm.zip","8000rpm/5screws/T1_Acceleration_X_data.csv","2","file","57827460","14842453","2025-04-23T11:18:26.0000000+08:00"
"馬達研究\階段1.zip::階段1/csv.zip::csv/T1/8000rpm.zip","8000rpm/5screws/T1_Acceleration_Y_data.csv","2","file","57705096","15121802","2025-04-23T11:18:42.0000000+08:00"
"馬達研究\階段1.zip::階段1/csv.zip::csv/T1/8000rpm.zip","8000rpm/5screws/T1_Acceleration_Z_data.csv","2","file","57244315","15157656","2025-04-23T11:18:56.0000000+08:00"
"馬達研究\階段1.zip::階段1/csv.zip::csv/T1/8000rpm.zip","8000rpm/5screws/T1_Current_data.csv","2","file","53226152","6055045","2025-04-23T11:19:10.0000000+08:00"
"馬達研究\階段1.zip::階段1/csv.zip::csv/T1/8000rpm.zip","8000rpm/5screws/T1_Delta_T_data.csv","2","file","107609007","1520070","2025-04-23T11:19:26.0000000+08:00"
"馬達研究\階段1.zip::階段1/csv.zip::csv/T1/8000rpm.zip","8000rpm/6screws/","2","directory","0","0","2025-04-17T10:19:10.0000000+08:00"
"馬達研究\階段1.zip::階段1/csv.zip::csv/T1/8000rpm.zip","8000rpm/6screws/T1_Acceleration_X_data.csv","2","file","58069051","14864090","2025-04-23T11:16:58.0000000+08:00"
"馬達研究\階段1.zip::階段1/csv.zip::csv/T1/8000rpm.zip","8000rpm/6screws/T1_Acceleration_Y_data.csv","2","file","57667066","15019378","2025-04-23T11:17:12.0000000+08:00"
"馬達研究\階段1.zip::階段1/csv.zip::csv/T1/8000rpm.zip","8000rpm/6screws/T1_Acceleration_Z_data.csv","2","file","57430558","15219496","2025-04-23T11:17:26.0000000+08:00"
"馬達研究\階段1.zip::階段1/csv.zip::csv/T1/8000rpm.zip","8000rpm/6screws/T1_Current_data.csv","2","file","53220890","6077858","2025-04-23T11:17:40.0000000+08:00"
"馬達研究\階段1.zip::階段1/csv.zip::csv/T1/8000rpm.zip","8000rpm/6screws/T1_Delta_T_data.csv","2","file","106710770","1565523","2025-04-23T11:17:56.0000000+08:00"
"馬達研究\階段1.zip::階段1/csv.zip::csv/T1/8000rpm.zip","8000rpm/7screws/","2","directory","0","0","2025-04-17T10:17:06.0000000+08:00"
"馬達研究\階段1.zip::階段1/csv.zip::csv/T1/8000rpm.zip","8000rpm/7screws/T1_Acceleration_X_data.csv","2","file","58931293","14818849","2025-04-23T11:15:28.0000000+08:00"
"馬達研究\階段1.zip::階段1/csv.zip::csv/T1/8000rpm.zip","8000rpm/7screws/T1_Acceleration_Y_data.csv","2","file","58234688","14950424","2025-04-23T11:15:42.0000000+08:00"
"馬達研究\階段1.zip::階段1/csv.zip::csv/T1/8000rpm.zip","8000rpm/7screws/T1_Acceleration_Z_data.csv","2","file","57404955","14959951","2025-04-23T11:15:56.0000000+08:00"
"馬達研究\階段1.zip::階段1/csv.zip::csv/T1/8000rpm.zip","8000rpm/7screws/T1_Current_data.csv","2","file","53250731","5971750","2025-04-23T11:16:10.0000000+08:00"
"馬達研究\階段1.zip::階段1/csv.zip::csv/T1/8000rpm.zip","8000rpm/7screws/T1_Delta_T_data.csv","2","file","105225396","1455659","2025-04-23T11:16:26.0000000+08:00"
"馬達研究\階段1.zip::階段1/csv.zip::csv/T1/8000rpm.zip","8000rpm/8screws/","2","directory","0","0","2025-04-17T10:38:52.0000000+08:00"
"馬達研究\階段1.zip::階段1/csv.zip::csv/T1/8000rpm.zip","8000rpm/8screws/T1_Acceleration_X_data.csv","2","file","60001346","14415169","2025-04-23T11:14:00.0000000+08:00"
"馬達研究\階段1.zip::階段1/csv.zip::csv/T1/8000rpm.zip","8000rpm/8screws/T1_Acceleration_Y_data.csv","2","file","60090276","14761655","2025-04-23T11:14:14.0000000+08:00"
"馬達研究\階段1.zip::階段1/csv.zip::csv/T1/8000rpm.zip","8000rpm/8screws/T1_Acceleration_Z_data.csv","2","file","58013998","14870809","2025-04-23T11:14:28.0000000+08:00"
"馬達研究\階段1.zip::階段1/csv.zip::csv/T1/8000rpm.zip","8000rpm/8screws/T1_Current_data.csv","2","file","53244115","5984897","2025-04-23T11:14:42.0000000+08:00"
"馬達研究\階段1.zip::階段1/csv.zip::csv/T1/8000rpm.zip","8000rpm/8screws/T1_Delta_T_data.csv","2","file","109572200","1498261","2025-04-23T11:14:58.0000000+08:00"
"馬達研究\階段1.zip","階段1/model.zip","0","nested_archive","9157077","9159085","2025-06-30T18:12:44.0000000+08:00"
"馬達研究\階段1.zip::階段1/model.zip","model/","1","directory","0","0","2025-04-25T19:12:50.0000000+08:00"
"馬達研究\階段1.zip::階段1/model.zip","model/CNN_C11000_1.keras","1","file","102379","48073","2025-05-07T17:15:22.0000000+08:00"
"馬達研究\階段1.zip::階段1/model.zip","model/CNN_C6000_1.keras","1","file","102379","47903","2025-05-07T17:13:06.0000000+08:00"
"馬達研究\階段1.zip::階段1/model.zip","model/CNN_C8000.keras","1","file","120380","61938","2025-04-23T13:09:46.0000000+08:00"
"馬達研究\階段1.zip::階段1/model.zip","model/ResNet_C11000_1.keras","1","file","3114330","2660213","2025-05-07T17:16:08.0000000+08:00"
"馬達研究\階段1.zip::階段1/model.zip","model/ResNet_C6000_1.keras","1","file","3114330","2656512","2025-05-07T17:13:52.0000000+08:00"
"馬達研究\階段1.zip::階段1/model.zip","model/ResNet_C8000.keras","1","file","3389381","2862642","2025-04-26T16:42:14.0000000+08:00"
"馬達研究\階段1.zip::階段1/model.zip","model/VGG16_C11000_1.keras","1","file","480672","344609","2025-05-07T17:15:54.0000000+08:00"
"馬達研究\階段1.zip::階段1/model.zip","model/VGG16_C6000_1.keras","1","file","480672","346723","2025-05-07T17:13:16.0000000+08:00"
"馬達研究\階段1.zip::階段1/model.zip","model/VGG16_C8000.keras","1","file","244521","126528","2025-05-09T23:35:54.0000000+08:00"
"馬達研究\階段1.zip","階段1/myfeature.zip","0","nested_archive","23368961","23364664","2025-06-30T18:12:38.0000000+08:00"
"馬達研究\階段1.zip::階段1/myfeature.zip","myfeature/","1","directory","0","0","2025-04-17T12:00:36.0000000+08:00"
"馬達研究\階段1.zip::階段1/myfeature.zip","myfeature/T1/","1","directory","0","0","2025-04-17T11:56:26.0000000+08:00"
"馬達研究\階段1.zip::階段1/myfeature.zip","myfeature/T1/11000rpm/","1","directory","0","0","2025-04-17T11:59:14.0000000+08:00"
"馬達研究\階段1.zip::階段1/myfeature.zip","myfeature/T1/11000rpm/1screws/","1","directory","0","0","2025-05-09T10:31:58.0000000+08:00"
"馬達研究\階段1.zip::階段1/myfeature.zip","myfeature/T1/11000rpm/1screws/T1_Group_feature_data.csv","1","file","1196756","495421","2025-04-23T12:42:52.0000000+08:00"
"馬達研究\階段1.zip::階段1/myfeature.zip","myfeature/T1/11000rpm/1screws/T1_Group_feature_data_clean.csv","1","file","731086","301667","2025-05-09T10:31:58.0000000+08:00"
"馬達研究\階段1.zip::階段1/myfeature.zip","myfeature/T1/11000rpm/2screws/","1","directory","0","0","2025-05-09T10:31:58.0000000+08:00"
"馬達研究\階段1.zip::階段1/myfeature.zip","myfeature/T1/11000rpm/2screws/T1_Group_feature_data.csv","1","file","1162963","479294","2025-04-23T12:42:26.0000000+08:00"
"馬達研究\階段1.zip::階段1/myfeature.zip","myfeature/T1/11000rpm/2screws/T1_Group_feature_data_clean.csv","1","file","752198","309295","2025-05-09T10:31:58.0000000+08:00"
"馬達研究\階段1.zip::階段1/myfeature.zip","myfeature/T1/11000rpm/3screws/","1","directory","0","0","2025-05-09T10:31:58.0000000+08:00"
"馬達研究\階段1.zip::階段1/myfeature.zip","myfeature/T1/11000rpm/3screws/T1_Group_feature_data.csv","1","file","1166712","481723","2025-04-23T12:41:58.0000000+08:00"
"馬達研究\階段1.zip::階段1/myfeature.zip","myfeature/T1/11000rpm/3screws/T1_Group_feature_data_clean.csv","1","file","611226","252097","2025-05-09T10:31:58.0000000+08:00"
"馬達研究\階段1.zip::階段1/myfeature.zip","myfeature/T1/11000rpm/3_14screws/","1","directory","0","0","2025-05-09T10:31:58.0000000+08:00"
"馬達研究\階段1.zip::階段1/myfeature.zip","myfeature/T1/11000rpm/3_14screws/T1_Group_feature_data.csv","1","file","1174134","485697","2025-04-23T12:43:18.0000000+08:00"
"馬達研究\階段1.zip::階段1/myfeature.zip","myfeature/T1/11000rpm/3_14screws/T1_Group_feature_data_clean.csv","1","file","612030","252508","2025-05-09T10:31:58.0000000+08:00"
"馬達研究\階段1.zip::階段1/myfeature.zip","myfeature/T1/11000rpm/4screws/","1","directory","0","0","2025-05-09T10:31:58.0000000+08:00"
"馬達研究\階段1.zip::階段1/myfeature.zip","myfeature/T1/11000rpm/4screws/T1_Group_feature_data.csv","1","file","1176860","484166","2025-04-23T12:41:24.0000000+08:00"
"馬達研究\階段1.zip::階段1/myfeature.zip","myfeature/T1/11000rpm/4screws/T1_Group_feature_data_clean.csv","1","file","649445","266847","2025-05-09T10:31:58.0000000+08:00"
"馬達研究\階段1.zip::階段1/myfeature.zip","myfeature/T1/11000rpm/4_146screws/","1","directory","0","0","2025-05-09T10:31:58.0000000+08:00"
"馬達研究\階段1.zip::階段1/myfeature.zip","myfeature/T1/11000rpm/4_146screws/T1_Group_feature_data.csv","1","file","1176128","484164","2025-04-23T12:43:50.0000000+08:00"
"馬達研究\階段1.zip::階段1/myfeature.zip","myfeature/T1/11000rpm/4_146screws/T1_Group_feature_data_clean.csv","1","file","695733","285047","2025-05-09T10:31:58.0000000+08:00"
"馬達研究\階段1.zip::階段1/myfeature.zip","myfeature/T1/11000rpm/5screws/","1","directory","0","0","2025-05-09T10:31:58.0000000+08:00"
"馬達研究\階段1.zip::階段1/myfeature.zip","myfeature/T1/11000rpm/5screws/T1_Group_feature_data.csv","1","file","1201087","494640","2025-04-23T12:40:44.0000000+08:00"
"馬達研究\階段1.zip::階段1/myfeature.zip","myfeature/T1/11000rpm/5screws/T1_Group_feature_data_clean.csv","1","file","595566","244659","2025-05-09T10:31:58.0000000+08:00"
"馬達研究\階段1.zip::階段1/myfeature.zip","myfeature/T1/11000rpm/6screws/","1","directory","0","0","2025-05-09T10:31:58.0000000+08:00"
"馬達研究\階段1.zip::階段1/myfeature.zip","myfeature/T1/11000rpm/6screws/T1_Group_feature_data.csv","1","file","1194925","493265","2025-04-23T12:40:02.0000000+08:00"
"馬達研究\階段1.zip::階段1/myfeature.zip","myfeature/T1/11000rpm/6screws/T1_Group_feature_data_clean.csv","1","file","607719","250440","2025-05-09T10:31:58.0000000+08:00"
"馬達研究\階段1.zip::階段1/myfeature.zip","myfeature/T1/11000rpm/7screws/","1","directory","0","0","2025-05-09T10:31:58.0000000+08:00"
"馬達研究\階段1.zip::階段1/myfeature.zip","myfeature/T1/11000rpm/7screws/T1_Group_feature_data.csv","1","file","1176410","484485","2025-04-23T12:39:36.0000000+08:00"
"馬達研究\階段1.zip::階段1/myfeature.zip","myfeature/T1/11000rpm/7screws/T1_Group_feature_data_clean.csv","1","file","642536","263815","2025-05-09T10:31:58.0000000+08:00"
"馬達研究\階段1.zip::階段1/myfeature.zip","myfeature/T1/11000rpm/8screws/","1","directory","0","0","2025-05-09T10:31:58.0000000+08:00"
"馬達研究\階段1.zip::階段1/myfeature.zip","myfeature/T1/11000rpm/8screws/T1_Group_feature_data.csv","1","file","1216281","502048","2025-04-23T12:39:18.0000000+08:00"
"馬達研究\階段1.zip::階段1/myfeature.zip","myfeature/T1/11000rpm/8screws/T1_Group_feature_data_clean.csv","1","file","704363","289842","2025-05-09T10:31:58.0000000+08:00"
"馬達研究\階段1.zip::階段1/myfeature.zip","myfeature/T1/6000rpm/","1","directory","0","0","2025-04-17T11:59:38.0000000+08:00"
"馬達研究\階段1.zip::階段1/myfeature.zip","myfeature/T1/6000rpm/1screws/","1","directory","0","0","2025-05-09T10:31:48.0000000+08:00"
"馬達研究\階段1.zip::階段1/myfeature.zip","myfeature/T1/6000rpm/1screws/T1_Group_feature_data.csv","1","file","1222646","504274","2025-04-23T12:40:10.0000000+08:00"
"馬達研究\階段1.zip::階段1/myfeature.zip","myfeature/T1/6000rpm/1screws/T1_Group_feature_data_clean.csv","1","file","616219","252869","2025-05-09T10:31:48.0000000+08:00"
"馬達研究\階段1.zip::階段1/myfeature.zip","myfeature/T1/6000rpm/2screws/","1","directory","0","0","2025-05-09T10:31:48.0000000+08:00"
"馬達研究\階段1.zip::階段1/myfeature.zip","myfeature/T1/6000rpm/2screws/T1_Group_feature_data.csv","1","file","1220933","501181","2025-04-23T12:39:54.0000000+08:00"
"馬達研究\階段1.zip::階段1/myfeature.zip","myfeature/T1/6000rpm/2screws/T1_Group_feature_data_clean.csv","1","file","616892","252526","2025-05-09T10:31:48.0000000+08:00"
"馬達研究\階段1.zip::階段1/myfeature.zip","myfeature/T1/6000rpm/3screws/","1","directory","0","0","2025-05-09T10:31:48.0000000+08:00"
"馬達研究\階段1.zip::階段1/myfeature.zip","myfeature/T1/6000rpm/3screws/T1_Group_feature_data.csv","1","file","1218810","500691","2025-04-23T12:39:28.0000000+08:00"
"馬達研究\階段1.zip::階段1/myfeature.zip","myfeature/T1/6000rpm/3screws/T1_Group_feature_data_clean.csv","1","file","707066","289589","2025-05-09T10:31:48.0000000+08:00"
"馬達研究\階段1.zip::階段1/myfeature.zip","myfeature/T1/6000rpm/3_14screws/","1","directory","0","0","2025-05-09T10:31:48.0000000+08:00"
"馬達研究\階段1.zip::階段1/myfeature.zip","myfeature/T1/6000rpm/3_14screws/T1_Group_feature_data.csv","1","file","1222954","504228","2025-04-23T12:40:54.0000000+08:00"
"馬達研究\階段1.zip::階段1/myfeature.zip","myfeature/T1/6000rpm/3_14screws/T1_Group_feature_data_clean.csv","1","file","720431","296070","2025-05-09T10:31:48.0000000+08:00"
"馬達研究\階段1.zip::階段1/myfeature.zip","myfeature/T1/6000rpm/4screws/","1","directory","0","0","2025-05-09T10:31:48.0000000+08:00"
"馬達研究\階段1.zip::階段1/myfeature.zip","myfeature/T1/6000rpm/4screws/T1_Group_feature_data.csv","1","file","1217987","501689","2025-04-23T12:38:56.0000000+08:00"
"馬達研究\階段1.zip::階段1/myfeature.zip","myfeature/T1/6000rpm/4screws/T1_Group_feature_data_clean.csv","1","file","760521","312230","2025-05-09T10:31:48.0000000+08:00"
"馬達研究\階段1.zip::階段1/myfeature.zip","myfeature/T1/6000rpm/4_146screws/","1","directory","0","0","2025-05-09T10:31:48.0000000+08:00"
"馬達研究\階段1.zip::階段1/myfeature.zip","myfeature/T1/6000rpm/4_146screws/T1_Group_feature_data.csv","1","file","1221275","502523","2025-04-23T12:41:50.0000000+08:00"
"馬達研究\階段1.zip::階段1/myfeature.zip","myfeature/T1/6000rpm/4_146screws/T1_Group_feature_data_clean.csv","1","file","599540","246457","2025-05-09T10:31:48.0000000+08:00"
"馬達研究\階段1.zip::階段1/myfeature.zip","myfeature/T1/6000rpm/5screws/","1","directory","0","0","2025-05-09T10:31:48.0000000+08:00"
"馬達研究\階段1.zip::階段1/myfeature.zip","myfeature/T1/6000rpm/5screws/T1_Group_feature_data.csv","1","file","1213563","499925","2025-04-23T12:38:40.0000000+08:00"
"馬達研究\階段1.zip::階段1/myfeature.zip","myfeature/T1/6000rpm/5screws/T1_Group_feature_data_clean.csv","1","file","717116","294634","2025-05-09T10:31:48.0000000+08:00"
"馬達研究\階段1.zip::階段1/myfeature.zip","myfeature/T1/6000rpm/6screws/","1","directory","0","0","2025-05-09T10:31:48.0000000+08:00"
"馬達研究\階段1.zip::階段1/myfeature.zip","myfeature/T1/6000rpm/6screws/T1_Group_feature_data.csv","1","file","1218129","500963","2025-04-23T12:38:26.0000000+08:00"
"馬達研究\階段1.zip::階段1/myfeature.zip","myfeature/T1/6000rpm/6screws/T1_Group_feature_data_clean.csv","1","file","641688","263067","2025-05-09T10:31:48.0000000+08:00"
"馬達研究\階段1.zip::階段1/myfeature.zip","myfeature/T1/6000rpm/7screws/","1","directory","0","0","2025-05-09T10:31:48.0000000+08:00"
"馬達研究\階段1.zip::階段1/myfeature.zip","myfeature/T1/6000rpm/7screws/T1_Group_feature_data.csv","1","file","1219177","501122","2025-04-23T12:38:12.0000000+08:00"
"馬達研究\階段1.zip::階段1/myfeature.zip","myfeature/T1/6000rpm/7screws/T1_Group_feature_data_clean.csv","1","file","658093","269341","2025-05-09T10:31:48.0000000+08:00"
"馬達研究\階段1.zip::階段1/myfeature.zip","myfeature/T1/6000rpm/8screws/","1","directory","0","0","2025-05-09T10:31:48.0000000+08:00"
"馬達研究\階段1.zip::階段1/myfeature.zip","myfeature/T1/6000rpm/8screws/T1_Group_feature_data.csv","1","file","1220490","502083","2025-04-23T12:37:58.0000000+08:00"
"馬達研究\階段1.zip::階段1/myfeature.zip","myfeature/T1/6000rpm/8screws/T1_Group_feature_data_clean.csv","1","file","639520","262539","2025-05-09T10:31:48.0000000+08:00"
"馬達研究\階段1.zip::階段1/myfeature.zip","myfeature/T1/8000rpm/","1","directory","0","0","2025-04-17T11:58:14.0000000+08:00"
"馬達研究\階段1.zip::階段1/myfeature.zip","myfeature/T1/8000rpm/1screws/","1","directory","0","0","2025-05-09T10:31:08.0000000+08:00"
"馬達研究\階段1.zip::階段1/myfeature.zip","myfeature/T1/8000rpm/1screws/T1_Group_feature_data.csv","1","file","1211957","501379","2025-04-23T12:42:16.0000000+08:00"
"馬達研究\階段1.zip::階段1/myfeature.zip","myfeature/T1/8000rpm/1screws/T1_Group_feature_data_clean.csv","1","file","679382","280450","2025-05-09T10:31:08.0000000+08:00"
"馬達研究\階段1.zip::階段1/myfeature.zip","myfeature/T1/8000rpm/2screws/","1","directory","0","0","2025-05-09T10:31:08.0000000+08:00"
"馬達研究\階段1.zip::階段1/myfeature.zip","myfeature/T1/8000rpm/2screws/T1_Group_feature_data.csv","1","file","1225897","506117","2025-04-23T12:41:24.0000000+08:00"
"馬達研究\階段1.zip::階段1/myfeature.zip","myfeature/T1/8000rpm/2screws/T1_Group_feature_data_clean.csv","1","file","568442","234261","2025-05-09T10:31:08.0000000+08:00"
"馬達研究\階段1.zip::階段1/myfeature.zip","myfeature/T1/8000rpm/3screws/","1","directory","0","0","2025-05-09T10:31:08.0000000+08:00"
"馬達研究\階段1.zip::階段1/myfeature.zip","myfeature/T1/8000rpm/3screws/T1_Group_feature_data.csv","1","file","1184933","489893","2025-04-23T12:40:48.0000000+08:00"
"馬達研究\階段1.zip::階段1/myfeature.zip","myfeature/T1/8000rpm/3screws/T1_Group_feature_data_clean.csv","1","file","476854","196729","2025-05-09T10:31:08.0000000+08:00"
"馬達研究\階段1.zip::階段1/myfeature.zip","myfeature/T1/8000rpm/3_14screws/","1","directory","0","0","2025-05-09T10:31:08.0000000+08:00"
"馬達研究\階段1.zip::階段1/myfeature.zip","myfeature/T1/8000rpm/3_14screws/T1_Group_feature_data.csv","1","file","1159032","477888","2025-04-23T12:43:08.0000000+08:00"
"馬達研究\階段1.zip::階段1/myfeature.zip","myfeature/T1/8000rpm/3_14screws/T1_Group_feature_data_clean.csv","1","file","692061","284867","2025-05-09T10:31:08.0000000+08:00"
"馬達研究\階段1.zip::階段1/myfeature.zip","myfeature/T1/8000rpm/4screws/","1","directory","0","0","2025-05-09T10:31:08.0000000+08:00"
"馬達研究\階段1.zip::階段1/myfeature.zip","myfeature/T1/8000rpm/4screws/T1_Group_feature_data.csv","1","file","1226206","505691","2025-04-23T12:40:20.0000000+08:00"
"馬達研究\階段1.zip::階段1/myfeature.zip","myfeature/T1/8000rpm/4screws/T1_Group_feature_data_clean.csv","1","file","569249","234523","2025-05-09T10:31:08.0000000+08:00"
"馬達研究\階段1.zip::階段1/myfeature.zip","myfeature/T1/8000rpm/4_146screws/","1","directory","0","0","2025-05-09T10:31:08.0000000+08:00"
"馬達研究\階段1.zip::階段1/myfeature.zip","myfeature/T1/8000rpm/4_146screws/T1_Group_feature_data.csv","1","file","1207267","497239","2025-04-23T12:44:06.0000000+08:00"
"馬達研究\階段1.zip::階段1/myfeature.zip","myfeature/T1/8000rpm/4_146screws/T1_Group_feature_data_clean.csv","1","file","735309","302417","2025-05-09T10:31:08.0000000+08:00"
"馬達研究\階段1.zip::階段1/myfeature.zip","myfeature/T1/8000rpm/5screws/","1","directory","0","0","2025-05-09T10:31:08.0000000+08:00"
"馬達研究\階段1.zip::階段1/myfeature.zip","myfeature/T1/8000rpm/5screws/T1_Group_feature_data.csv","1","file","1209318","499055","2025-04-23T12:40:02.0000000+08:00"
"馬達研究\階段1.zip::階段1/myfeature.zip","myfeature/T1/8000rpm/5screws/T1_Group_feature_data_clean.csv","1","file","420740","173489","2025-05-09T10:31:08.0000000+08:00"
"馬達研究\階段1.zip::階段1/myfeature.zip","myfeature/T1/8000rpm/6screws/","1","directory","0","0","2025-05-09T10:31:08.0000000+08:00"
"馬達研究\階段1.zip::階段1/myfeature.zip","myfeature/T1/8000rpm/6screws/T1_Group_feature_data.csv","1","file","1225519","505785","2025-04-23T12:39:46.0000000+08:00"
"馬達研究\階段1.zip::階段1/myfeature.zip","myfeature/T1/8000rpm/6screws/T1_Group_feature_data_clean.csv","1","file","621161","255939","2025-05-09T10:31:08.0000000+08:00"
"馬達研究\階段1.zip::階段1/myfeature.zip","myfeature/T1/8000rpm/7screws/","1","directory","0","0","2025-05-09T10:31:08.0000000+08:00"
"馬達研究\階段1.zip::階段1/myfeature.zip","myfeature/T1/8000rpm/7screws/T1_Group_feature_data.csv","1","file","1222531","506360","2025-04-23T12:39:30.0000000+08:00"
"馬達研究\階段1.zip::階段1/myfeature.zip","myfeature/T1/8000rpm/7screws/T1_Group_feature_data_clean.csv","1","file","634110","261857","2025-05-09T10:31:08.0000000+08:00"
"馬達研究\階段1.zip::階段1/myfeature.zip","myfeature/T1/8000rpm/8screws/","1","directory","0","0","2025-05-23T13:27:28.0000000+08:00"
"馬達研究\階段1.zip::階段1/myfeature.zip","myfeature/T1/8000rpm/8screws/T1_Group_feature_data.csv","1","file","1228083","507450","2025-04-23T12:39:10.0000000+08:00"
"馬達研究\階段1.zip::階段1/myfeature.zip","myfeature/T1/8000rpm/8screws/T1_Group_feature_data_clean.csv","1","file","624072","257449","2025-05-09T10:31:08.0000000+08:00"
"馬達研究\階段1.zip::階段1/myfeature.zip","myfeature/T1/8000rpm/8screws/T1_Group_feature_data_raw.csv","1","file","1230082","508276","2025-05-23T13:35:52.0000000+08:00"
"馬達研究\階段2.zip","階段2/","0","directory","0","0","2025-06-30T18:31:42.0000000+08:00"
"馬達研究\階段2.zip","階段2/csv.zip","0","nested_archive","1640210206","1640710204","2025-06-30T18:31:32.0000000+08:00"
"馬達研究\階段2.zip::階段2/csv.zip","csv/","1","directory","0","0","2025-06-30T18:30:58.0000000+08:00"
"馬達研究\階段2.zip::階段2/csv.zip","csv/T2/","1","directory","0","0","2025-06-30T18:30:48.0000000+08:00"
"馬達研究\階段2.zip::階段2/csv.zip","csv/T2/11000rpm.zip","1","nested_archive","549759440","548472055","2025-06-30T18:30:32.0000000+08:00"
"馬達研究\階段2.zip::階段2/csv.zip::csv/T2/11000rpm.zip","11000rpm/","2","directory","0","0","2025-04-17T10:17:28.0000000+08:00"
"馬達研究\階段2.zip::階段2/csv.zip::csv/T2/11000rpm.zip","11000rpm/1screws/","2","directory","0","0","2025-04-17T11:06:08.0000000+08:00"
"馬達研究\階段2.zip::階段2/csv.zip::csv/T2/11000rpm.zip","11000rpm/1screws/T2_Current_data.csv","2","file","53412321","6885516","2025-04-23T10:51:02.0000000+08:00"
"馬達研究\階段2.zip::階段2/csv.zip::csv/T2/11000rpm.zip","11000rpm/1screws/T2_Delta_T_data.csv","2","file","103163185","1369326","2025-04-23T10:51:50.0000000+08:00"
"馬達研究\階段2.zip::階段2/csv.zip::csv/T2/11000rpm.zip","11000rpm/1screws/T2_X_data.csv","2","file","57607206","15185290","2025-04-23T10:48:46.0000000+08:00"
"馬達研究\階段2.zip::階段2/csv.zip::csv/T2/11000rpm.zip","11000rpm/1screws/T2_Y_data.csv","2","file","57290152","15285791","2025-04-23T10:49:34.0000000+08:00"
"馬達研究\階段2.zip::階段2/csv.zip::csv/T2/11000rpm.zip","11000rpm/1screws/T2_Z_data.csv","2","file","56904019","15547966","2025-04-23T10:50:16.0000000+08:00"
"馬達研究\階段2.zip::階段2/csv.zip::csv/T2/11000rpm.zip","11000rpm/2screws/","2","directory","0","0","2025-04-17T11:04:12.0000000+08:00"
"馬達研究\階段2.zip::階段2/csv.zip::csv/T2/11000rpm.zip","11000rpm/2screws/T2_Current_data.csv","2","file","53116887","7000366","2025-04-23T10:46:36.0000000+08:00"
"馬達研究\階段2.zip::階段2/csv.zip::csv/T2/11000rpm.zip","11000rpm/2screws/T2_Delta_T_data.csv","2","file","100674401","1361365","2025-04-23T10:47:24.0000000+08:00"
"馬達研究\階段2.zip::階段2/csv.zip::csv/T2/11000rpm.zip","11000rpm/2screws/T2_X_data.csv","2","file","57479554","15380821","2025-04-23T10:44:18.0000000+08:00"
"馬達研究\階段2.zip::階段2/csv.zip::csv/T2/11000rpm.zip","11000rpm/2screws/T2_Y_data.csv","2","file","57522094","15408744","2025-04-23T10:45:08.0000000+08:00"
"馬達研究\階段2.zip::階段2/csv.zip::csv/T2/11000rpm.zip","11000rpm/2screws/T2_Z_data.csv","2","file","56833290","15736100","2025-04-23T10:45:50.0000000+08:00"
"馬達研究\階段2.zip::階段2/csv.zip::csv/T2/11000rpm.zip","11000rpm/3screws/","2","directory","0","0","2025-04-17T11:02:18.0000000+08:00"
"馬達研究\階段2.zip::階段2/csv.zip::csv/T2/11000rpm.zip","11000rpm/3screws/T2_Current_data.csv","2","file","53450563","6858434","2025-04-23T10:42:00.0000000+08:00"
"馬達研究\階段2.zip::階段2/csv.zip::csv/T2/11000rpm.zip","11000rpm/3screws/T2_Delta_T_data.csv","2","file","99499184","1351425","2025-04-23T10:42:52.0000000+08:00"
"馬達研究\階段2.zip::階段2/csv.zip::csv/T2/11000rpm.zip","11000rpm/3screws/T2_X_data.csv","2","file","57082007","15235595","2025-04-23T10:39:30.0000000+08:00"
"馬達研究\階段2.zip::階段2/csv.zip::csv/T2/11000rpm.zip","11000rpm/3screws/T2_Y_data.csv","2","file","57370299","15409638","2025-04-23T10:40:24.0000000+08:00"
"馬達研究\階段2.zip::階段2/csv.zip::csv/T2/11000rpm.zip","11000rpm/3screws/T2_Z_data.csv","2","file","56861455","15677759","2025-04-23T10:41:12.0000000+08:00"
"馬達研究\階段2.zip::階段2/csv.zip::csv/T2/11000rpm.zip","11000rpm/3_14screws/","2","directory","0","0","2025-04-17T11:08:04.0000000+08:00"
"馬達研究\階段2.zip::階段2/csv.zip::csv/T2/11000rpm.zip","11000rpm/3_14screws/T2_Current_data.csv","2","file","53385588","6635607","2025-04-23T10:55:20.0000000+08:00"
"馬達研究\階段2.zip::階段2/csv.zip::csv/T2/11000rpm.zip","11000rpm/3_14screws/T2_Delta_T_data.csv","2","file","99245298","1320699","2025-04-23T10:56:00.0000000+08:00"
"馬達研究\階段2.zip::階段2/csv.zip::csv/T2/11000rpm.zip","11000rpm/3_14screws/T2_X_data.csv","2","file","57489437","15255931","2025-04-23T10:53:16.0000000+08:00"
"馬達研究\階段2.zip::階段2/csv.zip::csv/T2/11000rpm.zip","11000rpm/3_14screws/T2_Y_data.csv","2","file","57437581","15444885","2025-04-23T10:54:04.0000000+08:00"
"馬達研究\階段2.zip::階段2/csv.zip::csv/T2/11000rpm.zip","11000rpm/3_14screws/T2_Z_data.csv","2","file","56803731","15692631","2025-04-23T10:54:42.0000000+08:00"
"馬達研究\階段2.zip::階段2/csv.zip::csv/T2/11000rpm.zip","11000rpm/4screws/","2","directory","0","0","2025-04-17T11:00:24.0000000+08:00"
"馬達研究\階段2.zip::階段2/csv.zip::csv/T2/11000rpm.zip","11000rpm/4screws/T2_Current_data.csv","2","file","53131963","7079245","2025-04-23T10:37:12.0000000+08:00"
"馬達研究\階段2.zip::階段2/csv.zip::csv/T2/11000rpm.zip","11000rpm/4screws/T2_Delta_T_data.csv","2","file","101094044","1375175","2025-04-23T10:38:02.0000000+08:00"
"馬達研究\階段2.zip::階段2/csv.zip::csv/T2/11000rpm.zip","11000rpm/4screws/T2_X_data.csv","2","file","57116484","15362035","2025-04-23T10:34:46.0000000+08:00"
"馬達研究\階段2.zip::階段2/csv.zip::csv/T2/11000rpm.zip","11000rpm/4screws/T2_Y_data.csv","2","file","57443646","15457410","2025-04-23T10:35:36.0000000+08:00"
"馬達研究\階段2.zip::階段2/csv.zip::csv/T2/11000rpm.zip","11000rpm/4screws/T2_Z_data.csv","2","file","56791302","15777668","2025-04-23T10:36:26.0000000+08:00"
"馬達研究\階段2.zip::階段2/csv.zip::csv/T2/11000rpm.zip","11000rpm/4_146screws/","2","directory","0","0","2025-04-17T11:09:54.0000000+08:00"
"馬達研究\階段2.zip::階段2/csv.zip::csv/T2/11000rpm.zip","11000rpm/4_146screws/T2_Current_data.csv","2","file","53438461","6676839","2025-04-23T10:58:04.0000000+08:00"
"馬達研究\階段2.zip::階段2/csv.zip::csv/T2/11000rpm.zip","11000rpm/4_146screws/T2_Delta_T_data.csv","2","file","97069357","1280370","2025-04-23T10:58:22.0000000+08:00"
"馬達研究\階段2.zip::階段2/csv.zip::csv/T2/11000rpm.zip","11000rpm/4_146screws/T2_X_data.csv","2","file","56703090","15945099","2025-04-23T10:56:58.0000000+08:00"
"馬達研究\階段2.zip::階段2/csv.zip::csv/T2/11000rpm.zip","11000rpm/4_146screws/T2_Y_data.csv","2","file","56556217","16393230","2025-04-23T10:57:24.0000000+08:00"
"馬達研究\階段2.zip::階段2/csv.zip::csv/T2/11000rpm.zip","11000rpm/4_146screws/T2_Z_data.csv","2","file","56458673","17119807","2025-04-23T10:57:46.0000000+08:00"
"馬達研究\階段2.zip::階段2/csv.zip::csv/T2/11000rpm.zip","11000rpm/5screws/","2","directory","0","0","2025-04-17T10:58:30.0000000+08:00"
"馬達研究\階段2.zip::階段2/csv.zip::csv/T2/11000rpm.zip","11000rpm/5screws/T2_Current_data.csv","2","file","53391543","6684133","2025-04-23T10:32:26.0000000+08:00"
"馬達研究\階段2.zip::階段2/csv.zip::csv/T2/11000rpm.zip","11000rpm/5screws/T2_Delta_T_data.csv","2","file","98988391","1329846","2025-04-23T10:33:16.0000000+08:00"
"馬達研究\階段2.zip::階段2/csv.zip::csv/T2/11000rpm.zip","11000rpm/5screws/T2_X_data.csv","2","file","56905661","15275172","2025-04-23T10:29:48.0000000+08:00"
"馬達研究\階段2.zip::階段2/csv.zip::csv/T2/11000rpm.zip","11000rpm/5screws/T2_Y_data.csv","2","file","57236718","15397990","2025-04-23T10:30:48.0000000+08:00"
"馬達研究\階段2.zip::階段2/csv.zip::csv/T2/11000rpm.zip","11000rpm/5screws/T2_Z_data.csv","2","file","56852854","15720912","2025-04-23T10:31:38.0000000+08:00"
"馬達研究\階段2.zip::階段2/csv.zip::csv/T2/11000rpm.zip","11000rpm/6screws/","2","directory","0","0","2025-04-17T10:56:36.0000000+08:00"
"馬達研究\階段2.zip::階段2/csv.zip::csv/T2/11000rpm.zip","11000rpm/6screws/T2_Current_data.csv","2","file","53281669","7051492","2025-04-23T10:27:08.0000000+08:00"
"馬達研究\階段2.zip::階段2/csv.zip::csv/T2/11000rpm.zip","11000rpm/6screws/T2_Delta_T_data.csv","2","file","104767579","1418685","2025-04-23T10:28:08.0000000+08:00"
"馬達研究\階段2.zip::階段2/csv.zip::csv/T2/11000rpm.zip","11000rpm/6screws/T2_X_data.csv","2","file","57279980","15397275","2025-04-23T10:24:20.0000000+08:00"
"馬達研究\階段2.zip::階段2/csv.zip::csv/T2/11000rpm.zip","11000rpm/6screws/T2_Y_data.csv","2","file","57508695","15389410","2025-04-23T10:25:18.0000000+08:00"
"馬達研究\階段2.zip::階段2/csv.zip::csv/T2/11000rpm.zip","11000rpm/6screws/T2_Z_data.csv","2","file","56864582","15692748","2025-04-23T10:26:14.0000000+08:00"
"馬達研究\階段2.zip::階段2/csv.zip::csv/T2/11000rpm.zip","11000rpm/7screws/","2","directory","0","0","2025-04-17T10:54:42.0000000+08:00"
"馬達研究\階段2.zip::階段2/csv.zip::csv/T2/11000rpm.zip","11000rpm/7screws/T2_Current_data.csv","2","file","53380603","6830456","2025-04-23T10:21:36.0000000+08:00"
"馬達研究\階段2.zip::階段2/csv.zip::csv/T2/11000rpm.zip","11000rpm/7screws/T2_Delta_T_data.csv","2","file","98445056","1326947","2025-04-23T10:22:36.0000000+08:00"
"馬達研究\階段2.zip::階段2/csv.zip::csv/T2/11000rpm.zip","11000rpm/7screws/T2_X_data.csv","2","file","57274362","15248880","2025-04-23T10:18:44.0000000+08:00"
"馬達研究\階段2.zip::階段2/csv.zip::csv/T2/11000rpm.zip","11000rpm/7screws/T2_Y_data.csv","2","file","57282572","15390119","2025-04-23T10:19:44.0000000+08:00"
"馬達研究\階段2.zip::階段2/csv.zip::csv/T2/11000rpm.zip","11000rpm/7screws/T2_Z_data.csv","2","file","56897076","15762417","2025-04-23T10:20:42.0000000+08:00"
"馬達研究\階段2.zip::階段2/csv.zip::csv/T2/11000rpm.zip","11000rpm/8screws/","2","directory","0","0","2025-04-17T10:52:50.0000000+08:00"
"馬達研究\階段2.zip::階段2/csv.zip::csv/T2/11000rpm.zip","11000rpm/8screws/T2_Current_data.csv","2","file","53138001","7061947","2025-04-23T10:16:06.0000000+08:00"
"馬達研究\階段2.zip::階段2/csv.zip::csv/T2/11000rpm.zip","11000rpm/8screws/T2_Delta_T_data.csv","2","file","104836262","1406535","2025-04-23T10:17:08.0000000+08:00"
"馬達研究\階段2.zip::階段2/csv.zip::csv/T2/11000rpm.zip","11000rpm/8screws/T2_X_data.csv","2","file","57276148","15489779","2025-04-23T10:13:16.0000000+08:00"
"馬達研究\階段2.zip::階段2/csv.zip::csv/T2/11000rpm.zip","11000rpm/8screws/T2_Y_data.csv","2","file","57238500","15573908","2025-04-23T10:14:16.0000000+08:00"
"馬達研究\階段2.zip::階段2/csv.zip::csv/T2/11000rpm.zip","11000rpm/8screws/T2_Z_data.csv","2","file","56956309","15787466","2025-04-23T10:15:12.0000000+08:00"
"馬達研究\階段2.zip::階段2/csv.zip","csv/T2/6000rpm.zip","1","nested_archive","545577219","544299356","2025-06-30T18:30:26.0000000+08:00"
"馬達研究\階段2.zip::階段2/csv.zip::csv/T2/6000rpm.zip","6000rpm/","2","directory","0","0","2025-02-18T12:48:22.0000000+08:00"
"馬達研究\階段2.zip::階段2/csv.zip::csv/T2/6000rpm.zip","6000rpm/1screws/","2","directory","0","0","2025-04-17T11:05:38.0000000+08:00"
"馬達研究\階段2.zip::階段2/csv.zip::csv/T2/6000rpm.zip","6000rpm/1screws/T2_Current_data.csv","2","file","53169456","7307860","2025-04-23T10:46:30.0000000+08:00"
"馬達研究\階段2.zip::階段2/csv.zip::csv/T2/6000rpm.zip","6000rpm/1screws/T2_Delta_T_data.csv","2","file","104615603","1417790","2025-04-23T10:47:20.0000000+08:00"
"馬達研究\階段2.zip::階段2/csv.zip::csv/T2/6000rpm.zip","6000rpm/1screws/T2_X_data.csv","2","file","58181595","15162486","2025-04-23T10:44:12.0000000+08:00"
"馬達研究\階段2.zip::階段2/csv.zip::csv/T2/6000rpm.zip","6000rpm/1screws/T2_Y_data.csv","2","file","57602970","15467021","2025-04-23T10:45:00.0000000+08:00"
"馬達研究\階段2.zip::階段2/csv.zip::csv/T2/6000rpm.zip","6000rpm/1screws/T2_Z_data.csv","2","file","57219605","15552084","2025-04-23T10:45:44.0000000+08:00"
"馬達研究\階段2.zip::階段2/csv.zip::csv/T2/6000rpm.zip","6000rpm/2screws/","2","directory","0","0","2025-04-17T11:03:46.0000000+08:00"
"馬達研究\階段2.zip::階段2/csv.zip::csv/T2/6000rpm.zip","6000rpm/2screws/T2_Current_data.csv","2","file","53181273","8082269","2025-04-23T10:41:52.0000000+08:00"
"馬達研究\階段2.zip::階段2/csv.zip::csv/T2/6000rpm.zip","6000rpm/2screws/T2_Delta_T_data.csv","2","file","104676013","1399193","2025-04-23T10:42:46.0000000+08:00"
"馬達研究\階段2.zip::階段2/csv.zip::csv/T2/6000rpm.zip","6000rpm/2screws/T2_X_data.csv","2","file","58776293","15105394","2025-04-23T10:39:24.0000000+08:00"
"馬達研究\階段2.zip::階段2/csv.zip::csv/T2/6000rpm.zip","6000rpm/2screws/T2_Y_data.csv","2","file","58326190","15137410","2025-04-23T10:40:18.0000000+08:00"
"馬達研究\階段2.zip::階段2/csv.zip::csv/T2/6000rpm.zip","6000rpm/2screws/T2_Z_data.csv","2","file","57464640","15361171","2025-04-23T10:41:06.0000000+08:00"
"馬達研究\階段2.zip::階段2/csv.zip::csv/T2/6000rpm.zip","6000rpm/3screws/","2","directory","0","0","2025-04-17T11:01:54.0000000+08:00"
"馬達研究\階段2.zip::階段2/csv.zip::csv/T2/6000rpm.zip","6000rpm/3screws/T2_Current_data.csv","2","file","53165450","7030848","2025-04-23T10:37:04.0000000+08:00"
"馬達研究\階段2.zip::階段2/csv.zip::csv/T2/6000rpm.zip","6000rpm/3screws/T2_Delta_T_data.csv","2","file","105586842","1421022","2025-04-23T10:37:56.0000000+08:00"
"馬達研究\階段2.zip::階段2/csv.zip::csv/T2/6000rpm.zip","6000rpm/3screws/T2_X_data.csv","2","file","58352445","15035321","2025-04-23T10:34:38.0000000+08:00"
"馬達研究\階段2.zip::階段2/csv.zip::csv/T2/6000rpm.zip","6000rpm/3screws/T2_Y_data.csv","2","file","57962137","15267387","2025-04-23T10:35:30.0000000+08:00"
"馬達研究\階段2.zip::階段2/csv.zip::csv/T2/6000rpm.zip","6000rpm/3screws/T2_Z_data.csv","2","file","57400085","15351286","2025-04-23T10:36:18.0000000+08:00"
"馬達研究\階段2.zip::階段2/csv.zip::csv/T2/6000rpm.zip","6000rpm/3_14screws/","2","directory","0","0","2025-04-17T11:07:32.0000000+08:00"
"馬達研究\階段2.zip::階段2/csv.zip::csv/T2/6000rpm.zip","6000rpm/3_14screws/T2_Current_data.csv","2","file","53350671","6950844","2025-04-23T10:50:58.0000000+08:00"
"馬達研究\階段2.zip::階段2/csv.zip::csv/T2/6000rpm.zip","6000rpm/3_14screws/T2_Delta_T_data.csv","2","file","104653695","1453973","2025-04-23T10:51:48.0000000+08:00"
"馬達研究\階段2.zip::階段2/csv.zip::csv/T2/6000rpm.zip","6000rpm/3_14screws/T2_X_data.csv","2","file","58213917","15114363","2025-04-23T10:48:42.0000000+08:00"
"馬達研究\階段2.zip::階段2/csv.zip::csv/T2/6000rpm.zip","6000rpm/3_14screws/T2_Y_data.csv","2","file","57810048","15314221","2025-04-23T10:49:30.0000000+08:00"
"馬達研究\階段2.zip::階段2/csv.zip::csv/T2/6000rpm.zip","6000rpm/3_14screws/T2_Z_data.csv","2","file","57241844","15454661","2025-04-23T10:50:10.0000000+08:00"
"馬達研究\階段2.zip::階段2/csv.zip::csv/T2/6000rpm.zip","6000rpm/4screws/","2","directory","0","0","2025-04-17T10:59:58.0000000+08:00"
"馬達研究\階段2.zip::階段2/csv.zip::csv/T2/6000rpm.zip","6000rpm/4screws/T2_Current_data.csv","2","file","53411319","6753701","2025-04-23T10:32:18.0000000+08:00"
"馬達研究\階段2.zip::階段2/csv.zip::csv/T2/6000rpm.zip","6000rpm/4screws/T2_Delta_T_data.csv","2","file","104876494","1433147","2025-04-23T10:33:10.0000000+08:00"
"馬達研究\階段2.zip::階段2/csv.zip::csv/T2/6000rpm.zip","6000rpm/4screws/T2_X_data.csv","2","file","58518069","15112047","2025-04-23T10:29:42.0000000+08:00"
"馬達研究\階段2.zip::階段2/csv.zip::csv/T2/6000rpm.zip","6000rpm/4screws/T2_Y_data.csv","2","file","58368501","15154422","2025-04-23T10:30:42.0000000+08:00"
"馬達研究\階段2.zip::階段2/csv.zip::csv/T2/6000rpm.zip","6000rpm/4screws/T2_Z_data.csv","2","file","57495694","15345653","2025-04-23T10:31:32.0000000+08:00"
"馬達研究\階段2.zip::階段2/csv.zip::csv/T2/6000rpm.zip","6000rpm/4_146screws/","2","directory","0","0","2025-04-17T11:09:28.0000000+08:00"
"馬達研究\階段2.zip::階段2/csv.zip::csv/T2/6000rpm.zip","6000rpm/4_146screws/T2_Current_data.csv","2","file","53416516","6857813","2025-04-23T10:55:14.0000000+08:00"
"馬達研究\階段2.zip::階段2/csv.zip::csv/T2/6000rpm.zip","6000rpm/4_146screws/T2_Delta_T_data.csv","2","file","104714043","1445888","2025-04-23T10:55:56.0000000+08:00"
"馬達研究\階段2.zip::階段2/csv.zip::csv/T2/6000rpm.zip","6000rpm/4_146screws/T2_X_data.csv","2","file","58321561","15071879","2025-04-23T10:53:10.0000000+08:00"
"馬達研究\階段2.zip::階段2/csv.zip::csv/T2/6000rpm.zip","6000rpm/4_146screws/T2_Y_data.csv","2","file","57858980","15339796","2025-04-23T10:53:58.0000000+08:00"
"馬達研究\階段2.zip::階段2/csv.zip::csv/T2/6000rpm.zip","6000rpm/4_146screws/T2_Z_data.csv","2","file","57456325","15391339","2025-04-23T10:54:36.0000000+08:00"
"馬達研究\階段2.zip::階段2/csv.zip::csv/T2/6000rpm.zip","6000rpm/5screws/","2","directory","0","0","2025-04-17T10:58:04.0000000+08:00"
"馬達研究\階段2.zip::階段2/csv.zip::csv/T2/6000rpm.zip","6000rpm/5screws/T2_Current_data.csv","2","file","53314140","7078579","2025-04-23T10:27:00.0000000+08:00"
"馬達研究\階段2.zip::階段2/csv.zip::csv/T2/6000rpm.zip","6000rpm/5screws/T2_Delta_T_data.csv","2","file","104787124","1449298","2025-04-23T10:28:02.0000000+08:00"
"馬達研究\階段2.zip::階段2/csv.zip::csv/T2/6000rpm.zip","6000rpm/5screws/T2_X_data.csv","2","file","58192215","15007066","2025-04-23T10:24:12.0000000+08:00"
"馬達研究\階段2.zip::階段2/csv.zip::csv/T2/6000rpm.zip","6000rpm/5screws/T2_Y_data.csv","2","file","57585189","15310550","2025-04-23T10:25:10.0000000+08:00"
"馬達研究\階段2.zip::階段2/csv.zip::csv/T2/6000rpm.zip","6000rpm/5screws/T2_Z_data.csv","2","file","57409755","15422758","2025-04-23T10:26:06.0000000+08:00"
"馬達研究\階段2.zip::階段2/csv.zip::csv/T2/6000rpm.zip","6000rpm/6screws/","2","directory","0","0","2025-04-17T10:56:10.0000000+08:00"
"馬達研究\階段2.zip::階段2/csv.zip::csv/T2/6000rpm.zip","6000rpm/6screws/T2_Current_data.csv","2","file","53205630","7406126","2025-04-23T10:21:28.0000000+08:00"
"馬達研究\階段2.zip::階段2/csv.zip::csv/T2/6000rpm.zip","6000rpm/6screws/T2_Delta_T_data.csv","2","file","104628229","1419610","2025-04-23T10:22:28.0000000+08:00"
"馬達研究\階段2.zip::階段2/csv.zip::csv/T2/6000rpm.zip","6000rpm/6screws/T2_X_data.csv","2","file","58633722","15107869","2025-04-23T10:18:40.0000000+08:00"
"馬達研究\階段2.zip::階段2/csv.zip::csv/T2/6000rpm.zip","6000rpm/6screws/T2_Y_data.csv","2","file","58354618","15092231","2025-04-23T10:19:40.0000000+08:00"
"馬達研究\階段2.zip::階段2/csv.zip::csv/T2/6000rpm.zip","6000rpm/6screws/T2_Z_data.csv","2","file","57600428","15370073","2025-04-23T10:20:36.0000000+08:00"
"馬達研究\階段2.zip::階段2/csv.zip::csv/T2/6000rpm.zip","6000rpm/7screws/","2","directory","0","0","2025-04-17T10:54:18.0000000+08:00"
"馬達研究\階段2.zip::階段2/csv.zip::csv/T2/6000rpm.zip","6000rpm/7screws/T2_Current_data.csv","2","file","53120111","7605597","2025-04-23T10:16:02.0000000+08:00"
"馬達研究\階段2.zip::階段2/csv.zip::csv/T2/6000rpm.zip","6000rpm/7screws/T2_Delta_T_data.csv","2","file","104634649","1462629","2025-04-23T10:17:02.0000000+08:00"
"馬達研究\階段2.zip::階段2/csv.zip::csv/T2/6000rpm.zip","6000rpm/7screws/T2_X_data.csv","2","file","57352945","15447613","2025-04-23T10:13:12.0000000+08:00"
"馬達研究\階段2.zip::階段2/csv.zip::csv/T2/6000rpm.zip","6000rpm/7screws/T2_Y_data.csv","2","file","57145153","15698133","2025-04-23T10:14:14.0000000+08:00"
"馬達研究\階段2.zip::階段2/csv.zip::csv/T2/6000rpm.zip","6000rpm/7screws/T2_Z_data.csv","2","file","56829292","15944735","2025-04-23T10:15:08.0000000+08:00"
"馬達研究\階段2.zip::階段2/csv.zip::csv/T2/6000rpm.zip","6000rpm/8screws/","2","directory","0","0","2025-04-17T10:52:24.0000000+08:00"
"馬達研究\階段2.zip::階段2/csv.zip::csv/T2/6000rpm.zip","6000rpm/8screws/T2_Current_data.csv","2","file","53181229","7509790","2025-04-23T10:10:38.0000000+08:00"
"馬達研究\階段2.zip::階段2/csv.zip::csv/T2/6000rpm.zip","6000rpm/8screws/T2_Delta_T_data.csv","2","file","104610895","1442242","2025-04-23T10:11:32.0000000+08:00"
"馬達研究\階段2.zip::階段2/csv.zip::csv/T2/6000rpm.zip","6000rpm/8screws/T2_X_data.csv","2","file","58462764","15057009","2025-04-23T10:09:06.0000000+08:00"
"馬達研究\階段2.zip::階段2/csv.zip::csv/T2/6000rpm.zip","6000rpm/8screws/T2_Y_data.csv","2","file","58638438","15114117","2025-04-23T10:09:28.0000000+08:00"
"馬達研究\階段2.zip::階段2/csv.zip::csv/T2/6000rpm.zip","6000rpm/8screws/T2_Z_data.csv","2","file","57257582","15326471","2025-04-23T10:09:58.0000000+08:00"
"馬達研究\階段2.zip::階段2/csv.zip","csv/T2/8000rpm.zip","1","nested_archive","548767290","547437933","2025-06-30T18:30:28.0000000+08:00"
"馬達研究\階段2.zip::階段2/csv.zip::csv/T2/8000rpm.zip","8000rpm/","2","directory","0","0","2025-04-17T10:17:16.0000000+08:00"
"馬達研究\階段2.zip::階段2/csv.zip::csv/T2/8000rpm.zip","8000rpm/1screws/","2","directory","0","0","2025-04-17T11:05:52.0000000+08:00"
"馬達研究\階段2.zip::階段2/csv.zip::csv/T2/8000rpm.zip","8000rpm/1screws/T2_Current_data.csv","2","file","53227776","7247214","2025-04-23T10:49:08.0000000+08:00"
"馬達研究\階段2.zip::階段2/csv.zip::csv/T2/8000rpm.zip","8000rpm/1screws/T2_Delta_T_data.csv","2","file","104671671","1440317","2025-04-23T10:49:56.0000000+08:00"
"馬達研究\階段2.zip::階段2/csv.zip::csv/T2/8000rpm.zip","8000rpm/1screws/T2_X_data.csv","2","file","58075849","15098304","2025-04-23T10:46:58.0000000+08:00"
"馬達研究\階段2.zip::階段2/csv.zip::csv/T2/8000rpm.zip","8000rpm/1screws/T2_Y_data.csv","2","file","57671242","15308445","2025-04-23T10:47:36.0000000+08:00"
"馬達研究\階段2.zip::階段2/csv.zip::csv/T2/8000rpm.zip","8000rpm/1screws/T2_Z_data.csv","2","file","57016833","15519821","2025-04-23T10:48:24.0000000+08:00"
"馬達研究\階段2.zip::階段2/csv.zip::csv/T2/8000rpm.zip","8000rpm/2screws/","2","directory","0","0","2025-04-17T11:03:58.0000000+08:00"
"馬達研究\階段2.zip::階段2/csv.zip::csv/T2/8000rpm.zip","8000rpm/2screws/T2_Current_data.csv","2","file","51367560","6888616","2025-04-23T10:44:50.0000000+08:00"
"馬達研究\階段2.zip::階段2/csv.zip::csv/T2/8000rpm.zip","8000rpm/2screws/T2_Delta_T_data.csv","2","file","101241131","1352479","2025-04-23T10:45:34.0000000+08:00"
"馬達研究\階段2.zip::階段2/csv.zip::csv/T2/8000rpm.zip","8000rpm/2screws/T2_X_data.csv","2","file","55556102","14926536","2025-04-23T10:42:38.0000000+08:00"
"馬達研究\階段2.zip::階段2/csv.zip::csv/T2/8000rpm.zip","8000rpm/2screws/T2_Y_data.csv","2","file","55292216","15017965","2025-04-23T10:43:16.0000000+08:00"
"馬達研究\階段2.zip::階段2/csv.zip::csv/T2/8000rpm.zip","8000rpm/2screws/T2_Z_data.csv","2","file","55008762","15164117","2025-04-23T10:44:06.0000000+08:00"
"馬達研究\階段2.zip::階段2/csv.zip::csv/T2/8000rpm.zip","8000rpm/3screws/","2","directory","0","0","2025-04-17T11:02:08.0000000+08:00"
"馬達研究\階段2.zip::階段2/csv.zip::csv/T2/8000rpm.zip","8000rpm/3screws/T2_Current_data.csv","2","file","53254870","7263510","2025-04-23T10:40:20.0000000+08:00"
"馬達研究\階段2.zip::階段2/csv.zip::csv/T2/8000rpm.zip","8000rpm/3screws/T2_Delta_T_data.csv","2","file","104726694","1442220","2025-04-23T10:41:12.0000000+08:00"
"馬達研究\階段2.zip::階段2/csv.zip::csv/T2/8000rpm.zip","8000rpm/3screws/T2_X_data.csv","2","file","57902200","15261951","2025-04-23T10:37:54.0000000+08:00"
"馬達研究\階段2.zip::階段2/csv.zip::csv/T2/8000rpm.zip","8000rpm/3screws/T2_Y_data.csv","2","file","57648467","15274261","2025-04-23T10:38:36.0000000+08:00"
"馬達研究\階段2.zip::階段2/csv.zip::csv/T2/8000rpm.zip","8000rpm/3screws/T2_Z_data.csv","2","file","57028985","15548943","2025-04-23T10:39:28.0000000+08:00"
"馬達研究\階段2.zip::階段2/csv.zip::csv/T2/8000rpm.zip","8000rpm/3_14screws/","2","directory","0","0","2025-04-17T11:07:46.0000000+08:00"
"馬達研究\階段2.zip::階段2/csv.zip::csv/T2/8000rpm.zip","8000rpm/3_14screws/T2_Current_data.csv","2","file","53255569","7267143","2025-04-23T10:53:22.0000000+08:00"
"馬達研究\階段2.zip::階段2/csv.zip::csv/T2/8000rpm.zip","8000rpm/3_14screws/T2_Delta_T_data.csv","2","file","104673419","1435080","2025-04-23T10:54:10.0000000+08:00"
"馬達研究\階段2.zip::階段2/csv.zip::csv/T2/8000rpm.zip","8000rpm/3_14screws/T2_X_data.csv","2","file","57931838","15087436","2025-04-23T10:51:18.0000000+08:00"
"馬達研究\階段2.zip::階段2/csv.zip::csv/T2/8000rpm.zip","8000rpm/3_14screws/T2_Y_data.csv","2","file","57719041","15296869","2025-04-23T10:51:56.0000000+08:00"
"馬達研究\階段2.zip::階段2/csv.zip::csv/T2/8000rpm.zip","8000rpm/3_14screws/T2_Z_data.csv","2","file","57049045","15438718","2025-04-23T10:52:38.0000000+08:00"
"馬達研究\階段2.zip::階段2/csv.zip::csv/T2/8000rpm.zip","8000rpm/4screws/","2","directory","0","0","2025-04-17T11:00:12.0000000+08:00"
"馬達研究\階段2.zip::階段2/csv.zip::csv/T2/8000rpm.zip","8000rpm/4screws/T2_Current_data.csv","2","file","53127766","7201668","2025-04-23T10:35:36.0000000+08:00"
"馬達研究\階段2.zip::階段2/csv.zip::csv/T2/8000rpm.zip","8000rpm/4screws/T2_Delta_T_data.csv","2","file","104796255","1458072","2025-04-23T10:36:26.0000000+08:00"
"馬達研究\階段2.zip::階段2/csv.zip::csv/T2/8000rpm.zip","8000rpm/4screws/T2_X_data.csv","2","file","57624323","15298578","2025-04-23T10:33:08.0000000+08:00"
"馬達研究\階段2.zip::階段2/csv.zip::csv/T2/8000rpm.zip","8000rpm/4screws/T2_Y_data.csv","2","file","57683489","15495092","2025-04-23T10:33:52.0000000+08:00"
"馬達研究\階段2.zip::階段2/csv.zip::csv/T2/8000rpm.zip","8000rpm/4screws/T2_Z_data.csv","2","file","57005616","15572244","2025-04-23T10:34:44.0000000+08:00"
"馬達研究\階段2.zip::階段2/csv.zip::csv/T2/8000rpm.zip","8000rpm/4_146screws/","2","directory","0","0","2025-04-17T11:09:42.0000000+08:00"
"馬達研究\階段2.zip::階段2/csv.zip::csv/T2/8000rpm.zip","8000rpm/4_146screws/T2_Current_data.csv","2","file","53418858","6886330","2025-04-23T10:56:54.0000000+08:00"
"馬達研究\階段2.zip::階段2/csv.zip::csv/T2/8000rpm.zip","8000rpm/4_146screws/T2_Delta_T_data.csv","2","file","104646027","1410046","2025-04-23T10:57:22.0000000+08:00"
"馬達研究\階段2.zip::階段2/csv.zip::csv/T2/8000rpm.zip","8000rpm/4_146screws/T2_X_data.csv","2","file","57514061","15383377","2025-04-23T10:55:20.0000000+08:00"
"馬達研究\階段2.zip::階段2/csv.zip::csv/T2/8000rpm.zip","8000rpm/4_146screws/T2_Y_data.csv","2","file","57233757","15564674","2025-04-23T10:55:58.0000000+08:00"
"馬達研究\階段2.zip::階段2/csv.zip::csv/T2/8000rpm.zip","8000rpm/4_146screws/T2_Z_data.csv","2","file","56925617","15792015","2025-04-23T10:56:24.0000000+08:00"
"馬達研究\階段2.zip::階段2/csv.zip::csv/T2/8000rpm.zip","8000rpm/5screws/","2","directory","0","0","2025-04-17T10:58:18.0000000+08:00"
"馬達研究\階段2.zip::階段2/csv.zip::csv/T2/8000rpm.zip","8000rpm/5screws/T2_Current_data.csv","2","file","53087044","7040025","2025-04-23T10:30:46.0000000+08:00"
"馬達研究\階段2.zip::階段2/csv.zip::csv/T2/8000rpm.zip","8000rpm/5screws/T2_Delta_T_data.csv","2","file","104770004","1435001","2025-04-23T10:31:40.0000000+08:00"
"馬達研究\階段2.zip::階段2/csv.zip::csv/T2/8000rpm.zip","8000rpm/5screws/T2_X_data.csv","2","file","57563288","15316037","2025-04-23T10:27:56.0000000+08:00"
"馬達研究\階段2.zip::階段2/csv.zip::csv/T2/8000rpm.zip","8000rpm/5screws/T2_Y_data.csv","2","file","57334532","15412505","2025-04-23T10:28:50.0000000+08:00"
"馬達研究\階段2.zip::階段2/csv.zip::csv/T2/8000rpm.zip","8000rpm/5screws/T2_Z_data.csv","2","file","56911669","15952361","2025-04-23T10:29:48.0000000+08:00"
"馬達研究\階段2.zip::階段2/csv.zip::csv/T2/8000rpm.zip","8000rpm/6screws/","2","directory","0","0","2025-04-17T10:56:24.0000000+08:00"
"馬達研究\階段2.zip::階段2/csv.zip::csv/T2/8000rpm.zip","8000rpm/6screws/T2_Current_data.csv","2","file","53245941","7105465","2025-04-23T10:25:14.0000000+08:00"
"馬達研究\階段2.zip::階段2/csv.zip::csv/T2/8000rpm.zip","8000rpm/6screws/T2_Delta_T_data.csv","2","file","104730236","1429622","2025-04-23T10:26:14.0000000+08:00"
"馬達研究\階段2.zip::階段2/csv.zip::csv/T2/8000rpm.zip","8000rpm/6screws/T2_X_data.csv","2","file","57020969","15570633","2025-04-23T10:22:22.0000000+08:00"
"馬達研究\階段2.zip::階段2/csv.zip::csv/T2/8000rpm.zip","8000rpm/6screws/T2_Y_data.csv","2","file","57025913","15567836","2025-04-23T10:23:18.0000000+08:00"
"馬達研究\階段2.zip::階段2/csv.zip::csv/T2/8000rpm.zip","8000rpm/6screws/T2_Z_data.csv","2","file","56729929","16036001","2025-04-23T10:24:16.0000000+08:00"
"馬達研究\階段2.zip::階段2/csv.zip::csv/T2/8000rpm.zip","8000rpm/7screws/","2","directory","0","0","2025-04-17T10:54:30.0000000+08:00"
"馬達研究\階段2.zip::階段2/csv.zip::csv/T2/8000rpm.zip","8000rpm/7screws/T2_Current_data.csv","2","file","53261146","7695354","2025-04-23T10:19:42.0000000+08:00"
"馬達研究\階段2.zip::階段2/csv.zip::csv/T2/8000rpm.zip","8000rpm/7screws/T2_Delta_T_data.csv","2","file","105406893","1426195","2025-04-23T10:20:42.0000000+08:00"
"馬達研究\階段2.zip::階段2/csv.zip::csv/T2/8000rpm.zip","8000rpm/7screws/T2_X_data.csv","2","file","57293540","15449861","2025-04-23T10:16:54.0000000+08:00"
"馬達研究\階段2.zip::階段2/csv.zip::csv/T2/8000rpm.zip","8000rpm/7screws/T2_Y_data.csv","2","file","57076386","15665315","2025-04-23T10:17:46.0000000+08:00"
"馬達研究\階段2.zip::階段2/csv.zip::csv/T2/8000rpm.zip","8000rpm/7screws/T2_Z_data.csv","2","file","56826965","15970757","2025-04-23T10:18:42.0000000+08:00"
"馬達研究\階段2.zip::階段2/csv.zip::csv/T2/8000rpm.zip","8000rpm/8screws/","2","directory","0","0","2025-04-17T10:52:34.0000000+08:00"
"馬達研究\階段2.zip::階段2/csv.zip::csv/T2/8000rpm.zip","8000rpm/8screws/T2_Current_data.csv","2","file","53112667","7115546","2025-04-23T10:14:14.0000000+08:00"
"馬達研究\階段2.zip::階段2/csv.zip::csv/T2/8000rpm.zip","8000rpm/8screws/T2_Delta_T_data.csv","2","file","104634888","1398897","2025-04-23T10:15:12.0000000+08:00"
"馬達研究\階段2.zip::階段2/csv.zip::csv/T2/8000rpm.zip","8000rpm/8screws/T2_X_data.csv","2","file","57809578","15197777","2025-04-23T10:11:18.0000000+08:00"
"馬達研究\階段2.zip::階段2/csv.zip::csv/T2/8000rpm.zip","8000rpm/8screws/T2_Y_data.csv","2","file","58102282","15264419","2025-04-23T10:12:14.0000000+08:00"
"馬達研究\階段2.zip::階段2/csv.zip::csv/T2/8000rpm.zip","8000rpm/8screws/T2_Z_data.csv","2","file","57045879","15363208","2025-04-23T10:13:14.0000000+08:00"
"馬達研究\階段3.zip","階段3/","0","directory","0","0","2025-06-30T18:36:32.0000000+08:00"
"馬達研究\階段3.zip","階段3/csv.zip","0","nested_archive","1629571433","1630068181","2025-06-30T18:36:24.0000000+08:00"
"馬達研究\階段3.zip::階段3/csv.zip","csv/","1","directory","0","0","2025-06-30T18:35:50.0000000+08:00"
"馬達研究\階段3.zip::階段3/csv.zip","csv/T3/","1","directory","0","0","2025-06-30T18:35:42.0000000+08:00"
"馬達研究\階段3.zip::階段3/csv.zip","csv/T3/11000rpm.zip","1","nested_archive","546706787","545474219","2025-06-30T18:35:26.0000000+08:00"
"馬達研究\階段3.zip::階段3/csv.zip::csv/T3/11000rpm.zip","11000rpm/","2","directory","0","0","2025-04-17T10:18:04.0000000+08:00"
"馬達研究\階段3.zip::階段3/csv.zip::csv/T3/11000rpm.zip","11000rpm/1screws/","2","directory","0","0","2025-04-17T11:31:02.0000000+08:00"
"馬達研究\階段3.zip::階段3/csv.zip::csv/T3/11000rpm.zip","11000rpm/1screws/T3_Current_data.csv","2","file","53177533","6941423","2025-04-23T10:51:10.0000000+08:00"
"馬達研究\階段3.zip::階段3/csv.zip::csv/T3/11000rpm.zip","11000rpm/1screws/T3_Delta_T_data.csv","2","file","104710512","1428870","2025-04-23T10:51:54.0000000+08:00"
"馬達研究\階段3.zip::階段3/csv.zip::csv/T3/11000rpm.zip","11000rpm/1screws/T3_X_data.csv","2","file","57515158","15172264","2025-04-23T10:48:52.0000000+08:00"
"馬達研究\階段3.zip::階段3/csv.zip::csv/T3/11000rpm.zip","11000rpm/1screws/T3_Y_data.csv","2","file","58202414","15172014","2025-04-23T10:49:40.0000000+08:00"
"馬達研究\階段3.zip::階段3/csv.zip::csv/T3/11000rpm.zip","11000rpm/1screws/T3_Z_data.csv","2","file","57183245","15362736","2025-04-23T10:50:24.0000000+08:00"
"馬達研究\階段3.zip::階段3/csv.zip::csv/T3/11000rpm.zip","11000rpm/2screws/","2","directory","0","0","2025-04-17T11:29:08.0000000+08:00"
"馬達研究\階段3.zip::階段3/csv.zip::csv/T3/11000rpm.zip","11000rpm/2screws/T3_Current_data.csv","2","file","53381216","6805177","2025-04-23T10:46:46.0000000+08:00"
"馬達研究\階段3.zip::階段3/csv.zip::csv/T3/11000rpm.zip","11000rpm/2screws/T3_Delta_T_data.csv","2","file","102915088","1387494","2025-04-23T10:47:32.0000000+08:00"
"馬達研究\階段3.zip::階段3/csv.zip::csv/T3/11000rpm.zip","11000rpm/2screws/T3_X_data.csv","2","file","57001075","15374602","2025-04-23T10:44:28.0000000+08:00"
"馬達研究\階段3.zip::階段3/csv.zip::csv/T3/11000rpm.zip","11000rpm/2screws/T3_Y_data.csv","2","file","57412894","15434579","2025-04-23T10:45:16.0000000+08:00"
"馬達研究\階段3.zip::階段3/csv.zip::csv/T3/11000rpm.zip","11000rpm/2screws/T3_Z_data.csv","2","file","56971930","15603784","2025-04-23T10:46:00.0000000+08:00"
"馬達研究\階段3.zip::階段3/csv.zip::csv/T3/11000rpm.zip","11000rpm/3screws/","2","directory","0","0","2025-04-17T11:27:14.0000000+08:00"
"馬達研究\階段3.zip::階段3/csv.zip::csv/T3/11000rpm.zip","11000rpm/3screws/T3_Current_data.csv","2","file","53131235","7296813","2025-04-23T10:42:16.0000000+08:00"
"馬達研究\階段3.zip::階段3/csv.zip::csv/T3/11000rpm.zip","11000rpm/3screws/T3_Delta_T_data.csv","2","file","99566084","1369567","2025-04-23T10:43:02.0000000+08:00"
"馬達研究\階段3.zip::階段3/csv.zip::csv/T3/11000rpm.zip","11000rpm/3screws/T3_X_data.csv","2","file","56910688","15553850","2025-04-23T10:39:44.0000000+08:00"
"馬達研究\階段3.zip::階段3/csv.zip::csv/T3/11000rpm.zip","11000rpm/3screws/T3_Y_data.csv","2","file","57007269","15633504","2025-04-23T10:40:36.0000000+08:00"
"馬達研究\階段3.zip::階段3/csv.zip::csv/T3/11000rpm.zip","11000rpm/3screws/T3_Z_data.csv","2","file","56771261","15973039","2025-04-23T10:41:26.0000000+08:00"
"馬達研究\階段3.zip::階段3/csv.zip::csv/T3/11000rpm.zip","11000rpm/3_14screws/","2","directory","0","0","2025-04-17T11:32:56.0000000+08:00"
"馬達研究\階段3.zip::階段3/csv.zip::csv/T3/11000rpm.zip","11000rpm/3_14screws/T3_Current_data.csv","2","file","53185985","7312160","2025-04-23T10:55:26.0000000+08:00"
"馬達研究\階段3.zip::階段3/csv.zip::csv/T3/11000rpm.zip","11000rpm/3_14screws/T3_Delta_T_data.csv","2","file","104662280","1430748","2025-04-23T10:56:02.0000000+08:00"
"馬達研究\階段3.zip::階段3/csv.zip::csv/T3/11000rpm.zip","11000rpm/3_14screws/T3_X_data.csv","2","file","57686800","15100049","2025-04-23T10:53:22.0000000+08:00"
"馬達研究\階段3.zip::階段3/csv.zip::csv/T3/11000rpm.zip","11000rpm/3_14screws/T3_Y_data.csv","2","file","58464081","15196029","2025-04-23T10:54:08.0000000+08:00"
"馬達研究\階段3.zip::階段3/csv.zip::csv/T3/11000rpm.zip","11000rpm/3_14screws/T3_Z_data.csv","2","file","57385288","15303693","2025-04-23T10:54:46.0000000+08:00"
"馬達研究\階段3.zip::階段3/csv.zip::csv/T3/11000rpm.zip","11000rpm/4screws/","2","directory","0","0","2025-04-17T11:25:20.0000000+08:00"
"馬達研究\階段3.zip::階段3/csv.zip::csv/T3/11000rpm.zip","11000rpm/4screws/T3_Current_data.csv","2","file","53399595","6837631","2025-04-23T10:37:30.0000000+08:00"
"馬達研究\階段3.zip::階段3/csv.zip::csv/T3/11000rpm.zip","11000rpm/4screws/T3_Delta_T_data.csv","2","file","104729059","1414227","2025-04-23T10:38:16.0000000+08:00"
"馬達研究\階段3.zip::階段3/csv.zip::csv/T3/11000rpm.zip","11000rpm/4screws/T3_X_data.csv","2","file","57007602","15625737","2025-04-23T10:35:02.0000000+08:00"
"馬達研究\階段3.zip::階段3/csv.zip::csv/T3/11000rpm.zip","11000rpm/4screws/T3_Y_data.csv","2","file","56946991","15727974","2025-04-23T10:35:50.0000000+08:00"
"馬達研究\階段3.zip::階段3/csv.zip::csv/T3/11000rpm.zip","11000rpm/4screws/T3_Z_data.csv","2","file","56765013","16002592","2025-04-23T10:36:40.0000000+08:00"
"馬達研究\階段3.zip::階段3/csv.zip::csv/T3/11000rpm.zip","11000rpm/4_146screws/","2","directory","0","0","2025-04-17T11:34:46.0000000+08:00"
"馬達研究\階段3.zip::階段3/csv.zip::csv/T3/11000rpm.zip","11000rpm/4_146screws/T3_Current_data.csv","2","file","53190996","7228074","2025-04-23T10:58:06.0000000+08:00"
"馬達研究\階段3.zip::階段3/csv.zip::csv/T3/11000rpm.zip","11000rpm/4_146screws/T3_Delta_T_data.csv","2","file","104735978","1436388","2025-04-23T10:58:24.0000000+08:00"
"馬達研究\階段3.zip::階段3/csv.zip::csv/T3/11000rpm.zip","11000rpm/4_146screws/T3_X_data.csv","2","file","57146286","15553083","2025-04-23T10:57:00.0000000+08:00"
"馬達研究\階段3.zip::階段3/csv.zip::csv/T3/11000rpm.zip","11000rpm/4_146screws/T3_Y_data.csv","2","file","57028089","15688253","2025-04-23T10:57:26.0000000+08:00"
"馬達研究\階段3.zip::階段3/csv.zip::csv/T3/11000rpm.zip","11000rpm/4_146screws/T3_Z_data.csv","2","file","56885103","15962634","2025-04-23T10:57:46.0000000+08:00"
"馬達研究\階段3.zip::階段3/csv.zip::csv/T3/11000rpm.zip","11000rpm/5screws/","2","directory","0","0","2025-04-17T11:23:28.0000000+08:00"
"馬達研究\階段3.zip::階段3/csv.zip::csv/T3/11000rpm.zip","11000rpm/5screws/T3_Current_data.csv","2","file","53362841","6926893","2025-04-23T10:32:50.0000000+08:00"
"馬達研究\階段3.zip::階段3/csv.zip::csv/T3/11000rpm.zip","11000rpm/5screws/T3_Delta_T_data.csv","2","file","96697949","1302343","2025-04-23T10:33:34.0000000+08:00"
"馬達研究\階段3.zip::階段3/csv.zip::csv/T3/11000rpm.zip","11000rpm/5screws/T3_X_data.csv","2","file","56848887","15426165","2025-04-23T10:30:10.0000000+08:00"
"馬達研究\階段3.zip::階段3/csv.zip::csv/T3/11000rpm.zip","11000rpm/5screws/T3_Y_data.csv","2","file","57301291","15499462","2025-04-23T10:31:06.0000000+08:00"
"馬達研究\階段3.zip::階段3/csv.zip::csv/T3/11000rpm.zip","11000rpm/5screws/T3_Z_data.csv","2","file","56802388","15951414","2025-04-23T10:31:58.0000000+08:00"
"馬達研究\階段3.zip::階段3/csv.zip::csv/T3/11000rpm.zip","11000rpm/6screws/","2","directory","0","0","2025-04-17T11:21:36.0000000+08:00"
"馬達研究\階段3.zip::階段3/csv.zip::csv/T3/11000rpm.zip","11000rpm/6screws/T3_Current_data.csv","2","file","53349927","6978937","2025-04-23T10:27:34.0000000+08:00"
"馬達研究\階段3.zip::階段3/csv.zip::csv/T3/11000rpm.zip","11000rpm/6screws/T3_Delta_T_data.csv","2","file","100290474","1337546","2025-04-23T10:28:32.0000000+08:00"
"馬達研究\階段3.zip::階段3/csv.zip::csv/T3/11000rpm.zip","11000rpm/6screws/T3_X_data.csv","2","file","57229883","15307506","2025-04-23T10:24:46.0000000+08:00"
"馬達研究\階段3.zip::階段3/csv.zip::csv/T3/11000rpm.zip","11000rpm/6screws/T3_Y_data.csv","2","file","57746345","15326498","2025-04-23T10:25:36.0000000+08:00"
"馬達研究\階段3.zip::階段3/csv.zip::csv/T3/11000rpm.zip","11000rpm/6screws/T3_Z_data.csv","2","file","57097579","15498785","2025-04-23T10:26:34.0000000+08:00"
"馬達研究\階段3.zip::階段3/csv.zip::csv/T3/11000rpm.zip","11000rpm/7screws/","2","directory","0","0","2025-04-17T11:19:44.0000000+08:00"
"馬達研究\階段3.zip::階段3/csv.zip::csv/T3/11000rpm.zip","11000rpm/7screws/T3_Current_data.csv","2","file","53401864","6713173","2025-04-23T10:22:04.0000000+08:00"
"馬達研究\階段3.zip::階段3/csv.zip::csv/T3/11000rpm.zip","11000rpm/7screws/T3_Delta_T_data.csv","2","file","95988646","1334154","2025-04-23T10:23:02.0000000+08:00"
"馬達研究\階段3.zip::階段3/csv.zip::csv/T3/11000rpm.zip","11000rpm/7screws/T3_X_data.csv","2","file","57338197","15213999","2025-04-23T10:19:18.0000000+08:00"
"馬達研究\階段3.zip::階段3/csv.zip::csv/T3/11000rpm.zip","11000rpm/7screws/T3_Y_data.csv","2","file","57805147","15078197","2025-04-23T10:20:10.0000000+08:00"
"馬達研究\階段3.zip::階段3/csv.zip::csv/T3/11000rpm.zip","11000rpm/7screws/T3_Z_data.csv","2","file","57032332","15395521","2025-04-23T10:21:06.0000000+08:00"
"馬達研究\階段3.zip::階段3/csv.zip::csv/T3/11000rpm.zip","11000rpm/8screws/","2","directory","0","0","2025-04-17T11:17:48.0000000+08:00"
"馬達研究\階段3.zip::階段3/csv.zip::csv/T3/11000rpm.zip","11000rpm/8screws/T3_Current_data.csv","2","file","53400766","6730386","2025-04-23T10:16:44.0000000+08:00"
"馬達研究\階段3.zip::階段3/csv.zip::csv/T3/11000rpm.zip","11000rpm/8screws/T3_Delta_T_data.csv","2","file","96590318","1280749","2025-04-23T10:17:38.0000000+08:00"
"馬達研究\階段3.zip::階段3/csv.zip::csv/T3/11000rpm.zip","11000rpm/8screws/T3_X_data.csv","2","file","58200215","14934684","2025-04-23T10:14:06.0000000+08:00"
"馬達研究\階段3.zip::階段3/csv.zip::csv/T3/11000rpm.zip","11000rpm/8screws/T3_Y_data.csv","2","file","59167448","14973506","2025-04-23T10:14:54.0000000+08:00"
"馬達研究\階段3.zip::階段3/csv.zip::csv/T3/11000rpm.zip","11000rpm/8screws/T3_Z_data.csv","2","file","57457344","15155325","2025-04-23T10:15:48.0000000+08:00"
"馬達研究\階段3.zip::階段3/csv.zip","csv/T3/6000rpm.zip","1","nested_archive","542071000","540814422","2025-06-30T18:35:22.0000000+08:00"
"馬達研究\階段3.zip::階段3/csv.zip::csv/T3/6000rpm.zip","6000rpm/","2","directory","0","0","2025-04-17T10:17:48.0000000+08:00"
"馬達研究\階段3.zip::階段3/csv.zip::csv/T3/6000rpm.zip","6000rpm/1screws/","2","directory","0","0","2025-04-17T11:30:34.0000000+08:00"
"馬達研究\階段3.zip::階段3/csv.zip::csv/T3/6000rpm.zip","6000rpm/1screws/T3_Current_data.csv","2","file","53167573","7867038","2025-04-23T10:47:36.0000000+08:00"
"馬達研究\階段3.zip::階段3/csv.zip::csv/T3/6000rpm.zip","6000rpm/1screws/T3_Delta_T_data.csv","2","file","104724957","1428252","2025-04-23T10:48:28.0000000+08:00"
"馬達研究\階段3.zip::階段3/csv.zip::csv/T3/6000rpm.zip","6000rpm/1screws/T3_X_data.csv","2","file","57891272","15063811","2025-04-23T10:45:26.0000000+08:00"
"馬達研究\階段3.zip::階段3/csv.zip::csv/T3/6000rpm.zip","6000rpm/1screws/T3_Y_data.csv","2","file","59043052","15014305","2025-04-23T10:46:10.0000000+08:00"
"馬達研究\階段3.zip::階段3/csv.zip::csv/T3/6000rpm.zip","6000rpm/1screws/T3_Z_data.csv","2","file","57622586","15278162","2025-04-23T10:46:58.0000000+08:00"
"馬達研究\階段3.zip::階段3/csv.zip::csv/T3/6000rpm.zip","6000rpm/2screws/","2","directory","0","0","2025-04-17T11:28:42.0000000+08:00"
"馬達研究\階段3.zip::階段3/csv.zip::csv/T3/6000rpm.zip","6000rpm/2screws/T3_Current_data.csv","2","file","53176597","7134157","2025-04-23T10:43:06.0000000+08:00"
"馬達研究\階段3.zip::階段3/csv.zip::csv/T3/6000rpm.zip","6000rpm/2screws/T3_Delta_T_data.csv","2","file","104655753","1454834","2025-04-23T10:44:02.0000000+08:00"
"馬達研究\階段3.zip::階段3/csv.zip::csv/T3/6000rpm.zip","6000rpm/2screws/T3_X_data.csv","2","file","58090719","15070176","2025-04-23T10:40:42.0000000+08:00"
"馬達研究\階段3.zip::階段3/csv.zip::csv/T3/6000rpm.zip","6000rpm/2screws/T3_Y_data.csv","2","file","59513388","14899139","2025-04-23T10:41:32.0000000+08:00"
"馬達研究\階段3.zip::階段3/csv.zip::csv/T3/6000rpm.zip","6000rpm/2screws/T3_Z_data.csv","2","file","57771035","15237032","2025-04-23T10:42:24.0000000+08:00"
"馬達研究\階段3.zip::階段3/csv.zip::csv/T3/6000rpm.zip","6000rpm/3screws/","2","directory","0","0","2025-04-17T11:26:48.0000000+08:00"
"馬達研究\階段3.zip::階段3/csv.zip::csv/T3/6000rpm.zip","6000rpm/3screws/T3_Current_data.csv","2","file","53069666","7004450","2025-04-23T10:38:16.0000000+08:00"
"馬達研究\階段3.zip::階段3/csv.zip::csv/T3/6000rpm.zip","6000rpm/3screws/T3_Delta_T_data.csv","2","file","104580853","1438787","2025-04-23T10:39:14.0000000+08:00"
"馬達研究\階段3.zip::階段3/csv.zip::csv/T3/6000rpm.zip","6000rpm/3screws/T3_X_data.csv","2","file","57659916","15205886","2025-04-23T10:35:54.0000000+08:00"
"馬達研究\階段3.zip::階段3/csv.zip::csv/T3/6000rpm.zip","6000rpm/3screws/T3_Y_data.csv","2","file","58749627","15051055","2025-04-23T10:36:42.0000000+08:00"
"馬達研究\階段3.zip::階段3/csv.zip::csv/T3/6000rpm.zip","6000rpm/3screws/T3_Z_data.csv","2","file","57467090","15374913","2025-04-23T10:37:34.0000000+08:00"
"馬達研究\階段3.zip::階段3/csv.zip::csv/T3/6000rpm.zip","6000rpm/3_14screws/","2","directory","0","0","2025-04-17T11:32:26.0000000+08:00"
"馬達研究\階段3.zip::階段3/csv.zip::csv/T3/6000rpm.zip","6000rpm/3_14screws/T3_Current_data.csv","2","file","53117127","7089852","2025-04-23T10:52:04.0000000+08:00"
"馬達研究\階段3.zip::階段3/csv.zip::csv/T3/6000rpm.zip","6000rpm/3_14screws/T3_Delta_T_data.csv","2","file","104657440","1445271","2025-04-23T10:52:56.0000000+08:00"
"馬達研究\階段3.zip::階段3/csv.zip::csv/T3/6000rpm.zip","6000rpm/3_14screws/T3_X_data.csv","2","file","57466996","15289049","2025-04-23T10:49:50.0000000+08:00"
"馬達研究\階段3.zip::階段3/csv.zip::csv/T3/6000rpm.zip","6000rpm/3_14screws/T3_Y_data.csv","2","file","58275399","15119443","2025-04-23T10:50:34.0000000+08:00"
"馬達研究\階段3.zip::階段3/csv.zip::csv/T3/6000rpm.zip","6000rpm/3_14screws/T3_Z_data.csv","2","file","57257595","15495489","2025-04-23T10:51:22.0000000+08:00"
"馬達研究\階段3.zip::階段3/csv.zip::csv/T3/6000rpm.zip","6000rpm/4screws/","2","directory","0","0","2025-04-17T11:24:54.0000000+08:00"
"馬達研究\階段3.zip::階段3/csv.zip::csv/T3/6000rpm.zip","6000rpm/4screws/T3_Current_data.csv","2","file","53151953","7125145","2025-04-23T10:33:30.0000000+08:00"
"馬達研究\階段3.zip::階段3/csv.zip::csv/T3/6000rpm.zip","6000rpm/4screws/T3_Delta_T_data.csv","2","file","104713615","1440933","2025-04-23T10:34:26.0000000+08:00"
"馬達研究\階段3.zip::階段3/csv.zip::csv/T3/6000rpm.zip","6000rpm/4screws/T3_X_data.csv","2","file","57622416","15153490","2025-04-23T10:31:06.0000000+08:00"
"馬達研究\階段3.zip::階段3/csv.zip::csv/T3/6000rpm.zip","6000rpm/4screws/T3_Y_data.csv","2","file","58712489","15071045","2025-04-23T10:31:58.0000000+08:00"
"馬達研究\階段3.zip::階段3/csv.zip::csv/T3/6000rpm.zip","6000rpm/4screws/T3_Z_data.csv","2","file","57434728","15391293","2025-04-23T10:32:48.0000000+08:00"
"馬達研究\階段3.zip::階段3/csv.zip::csv/T3/6000rpm.zip","6000rpm/4_146screws/","2","directory","0","0","2025-04-17T11:34:18.0000000+08:00"
"馬達研究\階段3.zip::階段3/csv.zip::csv/T3/6000rpm.zip","6000rpm/4_146screws/T3_Current_data.csv","2","file","53108729","7139964","2025-04-23T10:56:04.0000000+08:00"
"馬達研究\階段3.zip::階段3/csv.zip::csv/T3/6000rpm.zip","6000rpm/4_146screws/T3_Delta_T_data.csv","2","file","104744645","1395237","2025-04-23T10:56:36.0000000+08:00"
"馬達研究\階段3.zip::階段3/csv.zip::csv/T3/6000rpm.zip","6000rpm/4_146screws/T3_X_data.csv","2","file","58067323","15142489","2025-04-23T10:54:14.0000000+08:00"
"馬達研究\階段3.zip::階段3/csv.zip::csv/T3/6000rpm.zip","6000rpm/4_146screws/T3_Y_data.csv","2","file","58190793","15177634","2025-04-23T10:54:52.0000000+08:00"
"馬達研究\階段3.zip::階段3/csv.zip::csv/T3/6000rpm.zip","6000rpm/4_146screws/T3_Z_data.csv","2","file","57454169","15410459","2025-04-23T10:55:32.0000000+08:00"
"馬達研究\階段3.zip::階段3/csv.zip::csv/T3/6000rpm.zip","6000rpm/5screws/","2","directory","0","0","2025-04-17T11:23:00.0000000+08:00"
"馬達研究\階段3.zip::階段3/csv.zip::csv/T3/6000rpm.zip","6000rpm/5screws/T3_Current_data.csv","2","file","53356089","7442448","2025-04-23T10:28:24.0000000+08:00"
"馬達研究\階段3.zip::階段3/csv.zip::csv/T3/6000rpm.zip","6000rpm/5screws/T3_Delta_T_data.csv","2","file","104620336","1441878","2025-04-23T10:29:26.0000000+08:00"
"馬達研究\階段3.zip::階段3/csv.zip::csv/T3/6000rpm.zip","6000rpm/5screws/T3_X_data.csv","2","file","57771718","15218566","2025-04-23T10:25:30.0000000+08:00"
"馬達研究\階段3.zip::階段3/csv.zip::csv/T3/6000rpm.zip","6000rpm/5screws/T3_Y_data.csv","2","file","58817526","15012129","2025-04-23T10:26:30.0000000+08:00"
"馬達研究\階段3.zip::階段3/csv.zip::csv/T3/6000rpm.zip","6000rpm/5screws/T3_Z_data.csv","2","file","57569864","15359347","2025-04-23T10:27:30.0000000+08:00"
"馬達研究\階段3.zip::階段3/csv.zip::csv/T3/6000rpm.zip","6000rpm/6screws/","2","directory","0","0","2025-04-17T11:21:08.0000000+08:00"
"馬達研究\階段3.zip::階段3/csv.zip::csv/T3/6000rpm.zip","6000rpm/6screws/T3_Current_data.csv","2","file","53331656","6798316","2025-04-23T10:22:48.0000000+08:00"
"馬達研究\階段3.zip::階段3/csv.zip::csv/T3/6000rpm.zip","6000rpm/6screws/T3_Delta_T_data.csv","2","file","104714150","1443820","2025-04-23T10:23:54.0000000+08:00"
"馬達研究\階段3.zip::階段3/csv.zip::csv/T3/6000rpm.zip","6000rpm/6screws/T3_X_data.csv","2","file","57859945","15138265","2025-04-23T10:19:56.0000000+08:00"
"馬達研究\階段3.zip::階段3/csv.zip::csv/T3/6000rpm.zip","6000rpm/6screws/T3_Y_data.csv","2","file","59022155","14967209","2025-04-23T10:20:54.0000000+08:00"
"馬達研究\階段3.zip::階段3/csv.zip::csv/T3/6000rpm.zip","6000rpm/6screws/T3_Z_data.csv","2","file","57509998","15296355","2025-04-23T10:21:52.0000000+08:00"
"馬達研究\階段3.zip::階段3/csv.zip::csv/T3/6000rpm.zip","6000rpm/7screws/","2","directory","0","0","2025-04-17T11:19:16.0000000+08:00"
"馬達研究\階段3.zip::階段3/csv.zip::csv/T3/6000rpm.zip","6000rpm/7screws/T3_Current_data.csv","2","file","53172263","7385433","2025-04-23T10:17:20.0000000+08:00"
"馬達研究\階段3.zip::階段3/csv.zip::csv/T3/6000rpm.zip","6000rpm/7screws/T3_Delta_T_data.csv","2","file","104611669","1428988","2025-04-23T10:18:16.0000000+08:00"
"馬達研究\階段3.zip::階段3/csv.zip::csv/T3/6000rpm.zip","6000rpm/7screws/T3_X_data.csv","2","file","58042580","15196325","2025-04-23T10:14:34.0000000+08:00"
"馬達研究\階段3.zip::階段3/csv.zip::csv/T3/6000rpm.zip","6000rpm/7screws/T3_Y_data.csv","2","file","58396321","15297183","2025-04-23T10:15:30.0000000+08:00"
"馬達研究\階段3.zip::階段3/csv.zip::csv/T3/6000rpm.zip","6000rpm/7screws/T3_Z_data.csv","2","file","57462297","15414775","2025-04-23T10:16:26.0000000+08:00"
"馬達研究\階段3.zip::階段3/csv.zip::csv/T3/6000rpm.zip","6000rpm/8screws/","2","directory","0","0","2025-04-17T11:17:22.0000000+08:00"
"馬達研究\階段3.zip::階段3/csv.zip::csv/T3/6000rpm.zip","6000rpm/8screws/T3_Current_data.csv","2","file","53287416","7191102","2025-04-23T10:11:52.0000000+08:00"
"馬達研究\階段3.zip::階段3/csv.zip::csv/T3/6000rpm.zip","6000rpm/8screws/T3_Delta_T_data.csv","2","file","104820829","1405902","2025-04-23T10:12:56.0000000+08:00"
"馬達研究\階段3.zip::階段3/csv.zip::csv/T3/6000rpm.zip","6000rpm/8screws/T3_X_data.csv","2","file","58625405","14957593","2025-04-23T10:09:42.0000000+08:00"
"馬達研究\階段3.zip::階段3/csv.zip::csv/T3/6000rpm.zip","6000rpm/8screws/T3_Y_data.csv","2","file","58877811","15030522","2025-04-23T10:10:14.0000000+08:00"
"馬達研究\階段3.zip::階段3/csv.zip::csv/T3/6000rpm.zip","6000rpm/8screws/T3_Z_data.csv","2","file","57801612","15223620","2025-04-23T10:11:00.0000000+08:00"
"馬達研究\階段3.zip::階段3/csv.zip","csv/T3/8000rpm.zip","1","nested_archive","544602310","543281930","2025-06-30T18:35:28.0000000+08:00"
"馬達研究\階段3.zip::階段3/csv.zip::csv/T3/8000rpm.zip","8000rpm/","2","directory","0","0","2025-04-17T10:17:56.0000000+08:00"
"馬達研究\階段3.zip::階段3/csv.zip::csv/T3/8000rpm.zip","8000rpm/1screws/","2","directory","0","0","2025-04-17T11:30:56.0000000+08:00"
"馬達研究\階段3.zip::階段3/csv.zip::csv/T3/8000rpm.zip","8000rpm/1screws/T3_Current_data.csv","2","file","53166286","7554161","2025-04-23T10:49:42.0000000+08:00"
"馬達研究\階段3.zip::階段3/csv.zip::csv/T3/8000rpm.zip","8000rpm/1screws/T3_Delta_T_data.csv","2","file","104586392","1438470","2025-04-23T10:50:30.0000000+08:00"
"馬達研究\階段3.zip::階段3/csv.zip::csv/T3/8000rpm.zip","8000rpm/1screws/T3_X_data.csv","2","file","57306214","15406804","2025-04-23T10:47:26.0000000+08:00"
"馬達研究\階段3.zip::階段3/csv.zip::csv/T3/8000rpm.zip","8000rpm/1screws/T3_Y_data.csv","2","file","57263352","15516722","2025-04-23T10:48:12.0000000+08:00"
"馬達研究\階段3.zip::階段3/csv.zip::csv/T3/8000rpm.zip","8000rpm/1screws/T3_Z_data.csv","2","file","56908196","15724517","2025-04-23T10:48:54.0000000+08:00"
"馬達研究\階段3.zip::階段3/csv.zip::csv/T3/8000rpm.zip","8000rpm/2screws/","2","directory","0","0","2025-04-17T11:29:02.0000000+08:00"
"馬達研究\階段3.zip::階段3/csv.zip::csv/T3/8000rpm.zip","8000rpm/2screws/T3_Current_data.csv","2","file","53186511","7201405","2025-04-23T10:45:18.0000000+08:00"
"馬達研究\階段3.zip::階段3/csv.zip::csv/T3/8000rpm.zip","8000rpm/2screws/T3_Delta_T_data.csv","2","file","105337557","1469931","2025-04-23T10:46:06.0000000+08:00"
"馬達研究\階段3.zip::階段3/csv.zip::csv/T3/8000rpm.zip","8000rpm/2screws/T3_X_data.csv","2","file","57883620","15127556","2025-04-23T10:42:54.0000000+08:00"
"馬達研究\階段3.zip::階段3/csv.zip::csv/T3/8000rpm.zip","8000rpm/2screws/T3_Y_data.csv","2","file","59374507","14936144","2025-04-23T10:43:46.0000000+08:00"
"馬達研究\階段3.zip::階段3/csv.zip::csv/T3/8000rpm.zip","8000rpm/2screws/T3_Z_data.csv","2","file","57386477","15301259","2025-04-23T10:44:32.0000000+08:00"
"馬達研究\階段3.zip::階段3/csv.zip::csv/T3/8000rpm.zip","8000rpm/3screws/","2","directory","0","0","2025-04-17T11:27:06.0000000+08:00"
"馬達研究\階段3.zip::階段3/csv.zip::csv/T3/8000rpm.zip","8000rpm/3screws/T3_Current_data.csv","2","file","53233935","7059415","2025-04-23T10:40:36.0000000+08:00"
"馬達研究\階段3.zip::階段3/csv.zip::csv/T3/8000rpm.zip","8000rpm/3screws/T3_Delta_T_data.csv","2","file","104636254","1420721","2025-04-23T10:41:30.0000000+08:00"
"馬達研究\階段3.zip::階段3/csv.zip::csv/T3/8000rpm.zip","8000rpm/3screws/T3_X_data.csv","2","file","57685264","15167189","2025-04-23T10:38:06.0000000+08:00"
"馬達研究\階段3.zip::階段3/csv.zip::csv/T3/8000rpm.zip","8000rpm/3screws/T3_Y_data.csv","2","file","59037233","15002733","2025-04-23T10:38:54.0000000+08:00"
"馬達研究\階段3.zip::階段3/csv.zip::csv/T3/8000rpm.zip","8000rpm/3screws/T3_Z_data.csv","2","file","57445122","15301635","2025-04-23T10:39:44.0000000+08:00"
"馬達研究\階段3.zip::階段3/csv.zip::csv/T3/8000rpm.zip","8000rpm/3_14screws/","2","directory","0","0","2025-04-17T11:32:50.0000000+08:00"
"馬達研究\階段3.zip::階段3/csv.zip::csv/T3/8000rpm.zip","8000rpm/3_14screws/T3_Current_data.csv","2","file","53268117","7182166","2025-04-23T10:54:00.0000000+08:00"
"馬達研究\階段3.zip::階段3/csv.zip::csv/T3/8000rpm.zip","8000rpm/3_14screws/T3_Delta_T_data.csv","2","file","104498260","1417248","2025-04-23T10:54:40.0000000+08:00"
"馬達研究\階段3.zip::階段3/csv.zip::csv/T3/8000rpm.zip","8000rpm/3_14screws/T3_X_data.csv","2","file","57426087","15347171","2025-04-23T10:51:52.0000000+08:00"
"馬達研究\階段3.zip::階段3/csv.zip::csv/T3/8000rpm.zip","8000rpm/3_14screws/T3_Y_data.csv","2","file","57440190","15309703","2025-04-23T10:52:26.0000000+08:00"
"馬達研究\階段3.zip::階段3/csv.zip::csv/T3/8000rpm.zip","8000rpm/3_14screws/T3_Z_data.csv","2","file","56949402","15688523","2025-04-23T10:53:14.0000000+08:00"
"馬達研究\階段3.zip::階段3/csv.zip::csv/T3/8000rpm.zip","8000rpm/4screws/","2","directory","0","0","2025-04-17T11:25:10.0000000+08:00"
"馬達研究\階段3.zip::階段3/csv.zip::csv/T3/8000rpm.zip","8000rpm/4screws/T3_Current_data.csv","2","file","53196789","7622810","2025-04-23T10:35:48.0000000+08:00"
"馬達研究\階段3.zip::階段3/csv.zip::csv/T3/8000rpm.zip","8000rpm/4screws/T3_Delta_T_data.csv","2","file","104698421","1429284","2025-04-23T10:36:42.0000000+08:00"
"馬達研究\階段3.zip::階段3/csv.zip::csv/T3/8000rpm.zip","8000rpm/4screws/T3_X_data.csv","2","file","57598658","15164089","2025-04-23T10:33:22.0000000+08:00"
"馬達研究\階段3.zip::階段3/csv.zip::csv/T3/8000rpm.zip","8000rpm/4screws/T3_Y_data.csv","2","file","58963974","14930075","2025-04-23T10:34:12.0000000+08:00"
"馬達研究\階段3.zip::階段3/csv.zip::csv/T3/8000rpm.zip","8000rpm/4screws/T3_Z_data.csv","2","file","57278826","15300991","2025-04-23T10:35:00.0000000+08:00"
"馬達研究\階段3.zip::階段3/csv.zip::csv/T3/8000rpm.zip","8000rpm/4_146screws/","2","directory","0","0","2025-04-17T11:34:40.0000000+08:00"
"馬達研究\階段3.zip::階段3/csv.zip::csv/T3/8000rpm.zip","8000rpm/4_146screws/T3_Current_data.csv","2","file","53148970","7353381","2025-04-23T10:57:14.0000000+08:00"
"馬達研究\階段3.zip::階段3/csv.zip::csv/T3/8000rpm.zip","8000rpm/4_146screws/T3_Delta_T_data.csv","2","file","104695343","1400879","2025-04-23T10:57:40.0000000+08:00"
"馬達研究\階段3.zip::階段3/csv.zip::csv/T3/8000rpm.zip","8000rpm/4_146screws/T3_X_data.csv","2","file","58041761","15071038","2025-04-23T10:55:52.0000000+08:00"
"馬達研究\階段3.zip::階段3/csv.zip::csv/T3/8000rpm.zip","8000rpm/4_146screws/T3_Y_data.csv","2","file","59476378","15017268","2025-04-23T10:56:16.0000000+08:00"
"馬達研究\階段3.zip::階段3/csv.zip::csv/T3/8000rpm.zip","8000rpm/4_146screws/T3_Z_data.csv","2","file","57077183","15340646","2025-04-23T10:56:48.0000000+08:00"
"馬達研究\階段3.zip::階段3/csv.zip::csv/T3/8000rpm.zip","8000rpm/5screws/","2","directory","0","0","2025-04-17T11:23:16.0000000+08:00"
"馬達研究\階段3.zip::階段3/csv.zip::csv/T3/8000rpm.zip","8000rpm/5screws/T3_Current_data.csv","2","file","53158098","7328544","2025-04-23T10:31:02.0000000+08:00"
"馬達研究\階段3.zip::階段3/csv.zip::csv/T3/8000rpm.zip","8000rpm/5screws/T3_Delta_T_data.csv","2","file","103203881","1385411","2025-04-23T10:31:58.0000000+08:00"
"馬達研究\階段3.zip::階段3/csv.zip::csv/T3/8000rpm.zip","8000rpm/5screws/T3_X_data.csv","2","file","57620945","15212307","2025-04-23T10:28:14.0000000+08:00"
"馬達研究\階段3.zip::階段3/csv.zip::csv/T3/8000rpm.zip","8000rpm/5screws/T3_Y_data.csv","2","file","59023283","14990909","2025-04-23T10:29:12.0000000+08:00"
"馬達研究\階段3.zip::階段3/csv.zip::csv/T3/8000rpm.zip","8000rpm/5screws/T3_Z_data.csv","2","file","57251075","15315380","2025-04-23T10:30:06.0000000+08:00"
"馬達研究\階段3.zip::階段3/csv.zip::csv/T3/8000rpm.zip","8000rpm/6screws/","2","directory","0","0","2025-04-17T11:21:22.0000000+08:00"
"馬達研究\階段3.zip::階段3/csv.zip::csv/T3/8000rpm.zip","8000rpm/6screws/T3_Current_data.csv","2","file","53306265","7003085","2025-04-23T10:25:30.0000000+08:00"
"馬達研究\階段3.zip::階段3/csv.zip::csv/T3/8000rpm.zip","8000rpm/6screws/T3_Delta_T_data.csv","2","file","104631974","1388801","2025-04-23T10:26:34.0000000+08:00"
"馬達研究\階段3.zip::階段3/csv.zip::csv/T3/8000rpm.zip","8000rpm/6screws/T3_X_data.csv","2","file","57576913","15255960","2025-04-23T10:22:38.0000000+08:00"
"馬達研究\階段3.zip::階段3/csv.zip::csv/T3/8000rpm.zip","8000rpm/6screws/T3_Y_data.csv","2","file","58268597","15248224","2025-04-23T10:23:38.0000000+08:00"
"馬達研究\階段3.zip::階段3/csv.zip::csv/T3/8000rpm.zip","8000rpm/6screws/T3_Z_data.csv","2","file","57087072","15492220","2025-04-23T10:24:36.0000000+08:00"
"馬達研究\階段3.zip::階段3/csv.zip::csv/T3/8000rpm.zip","8000rpm/7screws/","2","directory","0","0","2025-04-17T11:19:28.0000000+08:00"
"馬達研究\階段3.zip::階段3/csv.zip::csv/T3/8000rpm.zip","8000rpm/7screws/T3_Current_data.csv","2","file","53438656","6935338","2025-04-23T10:19:56.0000000+08:00"
"馬達研究\階段3.zip::階段3/csv.zip::csv/T3/8000rpm.zip","8000rpm/7screws/T3_Delta_T_data.csv","2","file","104617529","1433566","2025-04-23T10:20:58.0000000+08:00"
"馬達研究\階段3.zip::階段3/csv.zip::csv/T3/8000rpm.zip","8000rpm/7screws/T3_X_data.csv","2","file","57587301","15336361","2025-04-23T10:17:12.0000000+08:00"
"馬達研究\階段3.zip::階段3/csv.zip::csv/T3/8000rpm.zip","8000rpm/7screws/T3_Y_data.csv","2","file","58150810","15295414","2025-04-23T10:18:04.0000000+08:00"
"馬達研究\階段3.zip::階段3/csv.zip::csv/T3/8000rpm.zip","8000rpm/7screws/T3_Z_data.csv","2","file","57187293","15529559","2025-04-23T10:19:00.0000000+08:00"
"馬達研究\階段3.zip::階段3/csv.zip::csv/T3/8000rpm.zip","8000rpm/8screws/","2","directory","0","0","2025-04-17T11:17:34.0000000+08:00"
"馬達研究\階段3.zip::階段3/csv.zip::csv/T3/8000rpm.zip","8000rpm/8screws/T3_Current_data.csv","2","file","53324379","7107832","2025-04-23T10:14:32.0000000+08:00"
"馬達研究\階段3.zip::階段3/csv.zip::csv/T3/8000rpm.zip","8000rpm/8screws/T3_Delta_T_data.csv","2","file","104622369","1427451","2025-04-23T10:15:32.0000000+08:00"
"馬達研究\階段3.zip::階段3/csv.zip::csv/T3/8000rpm.zip","8000rpm/8screws/T3_X_data.csv","2","file","57784206","15089514","2025-04-23T10:11:44.0000000+08:00"
"馬達研究\階段3.zip::階段3/csv.zip::csv/T3/8000rpm.zip","8000rpm/8screws/T3_Y_data.csv","2","file","58407380","15198050","2025-04-23T10:12:42.0000000+08:00"
"馬達研究\階段3.zip::階段3/csv.zip::csv/T3/8000rpm.zip","8000rpm/8screws/T3_Z_data.csv","2","file","57090280","15412016","2025-04-23T10:13:42.0000000+08:00"
"馬達研究\階段3.zip","階段3/model.zip","0","nested_archive","18567869","18572065","2025-06-30T18:13:06.0000000+08:00"
"馬達研究\階段3.zip::階段3/model.zip","model/","1","directory","0","0","2025-05-09T23:17:04.0000000+08:00"
"馬達研究\階段3.zip::階段3/model.zip","model/CNN_A11000.keras","1","file","102379","51477","2025-05-07T17:38:16.0000000+08:00"
"馬達研究\階段3.zip::階段3/model.zip","model/CNN_A11000_1.keras","1","file","102379","48295","2025-05-07T17:25:06.0000000+08:00"
"馬達研究\階段3.zip::階段3/model.zip","model/CNN_A6000.keras","1","file","102379","51251","2025-05-07T17:37:06.0000000+08:00"
"馬達研究\階段3.zip::階段3/model.zip","model/CNN_A6000_1.keras","1","file","102379","50390","2025-05-07T17:23:28.0000000+08:00"
"馬達研究\階段3.zip::階段3/model.zip","model/CNN_A8000.keras","1","file","102379","49874","2025-05-07T17:36:26.0000000+08:00"
"馬達研究\階段3.zip::階段3/model.zip","model/CNN_A8000_1.keras","1","file","102379","50848","2025-05-07T17:23:02.0000000+08:00"
"馬達研究\階段3.zip::階段3/model.zip","model/ResNet_A11000.keras","1","file","3114330","2663362","2025-05-07T17:39:16.0000000+08:00"
"馬達研究\階段3.zip::階段3/model.zip","model/ResNet_A11000_1.keras","1","file","3114330","2659277","2025-05-07T17:28:32.0000000+08:00"
"馬達研究\階段3.zip::階段3/model.zip","model/ResNet_A6000.keras","1","file","3114330","2664174","2025-05-07T17:38:56.0000000+08:00"
"馬達研究\階段3.zip::階段3/model.zip","model/ResNet_A6000_1.keras","1","file","3114330","2656173","2025-05-07T17:23:50.0000000+08:00"
"馬達研究\階段3.zip::階段3/model.zip","model/ResNet_A8000.keras","1","file","3114330","2662866","2025-05-07T17:36:58.0000000+08:00"
"馬達研究\階段3.zip::階段3/model.zip","model/ResNet_A8000_1.keras","1","file","3114330","2658892","2025-05-07T17:23:34.0000000+08:00"
"馬達研究\階段3.zip::階段3/model.zip","model/VGG16_A11000.keras","1","file","480672","349693","2025-05-07T17:39:02.0000000+08:00"
"馬達研究\階段3.zip::階段3/model.zip","model/VGG16_A11000_1.keras","1","file","480672","345993","2025-05-07T17:25:10.0000000+08:00"
"馬達研究\階段3.zip::階段3/model.zip","model/VGG16_A6000.keras","1","file","480672","351110","2025-05-07T17:37:28.0000000+08:00"
"馬達研究\階段3.zip::階段3/model.zip","model/VGG16_A6000_1.keras","1","file","480672","351013","2025-05-07T17:23:50.0000000+08:00"
"馬達研究\階段3.zip::階段3/model.zip","model/VGG16_A6000_11.keras","1","file","243716","122430","2025-05-09T23:40:22.0000000+08:00"
"馬達研究\階段3.zip::階段3/model.zip","model/VGG16_A8000.keras","1","file","480672","350392","2025-05-07T17:37:12.0000000+08:00"
"馬達研究\階段3.zip::階段3/model.zip","model/VGG16_A8000_1.keras","1","file","480672","351168","2025-05-07T17:23:22.0000000+08:00"
"馬達研究\階段3.zip::階段3/model.zip","model/VGG16_A8000_11.keras","1","file","180192","75097","2025-05-09T23:36:58.0000000+08:00"
"馬達研究\階段3.zip","階段3/myfeature.zip","0","nested_archive","22994909","22990599","2025-06-30T18:13:04.0000000+08:00"
"馬達研究\階段3.zip::階段3/myfeature.zip","myfeature/","1","directory","0","0","2025-04-17T12:15:30.0000000+08:00"
"馬達研究\階段3.zip::階段3/myfeature.zip","myfeature/T3/","1","directory","0","0","2025-04-17T12:29:40.0000000+08:00"
"馬達研究\階段3.zip::階段3/myfeature.zip","myfeature/T3/11000rpm/","1","directory","0","0","2025-04-17T12:31:32.0000000+08:00"
"馬達研究\階段3.zip::階段3/myfeature.zip","myfeature/T3/11000rpm/1screws/","1","directory","0","0","2025-05-09T10:33:28.0000000+08:00"
"馬達研究\階段3.zip::階段3/myfeature.zip","myfeature/T3/11000rpm/1screws/T3_Group_feature_data.csv","1","file","1223351","510430","2025-04-23T12:47:34.0000000+08:00"
"馬達研究\階段3.zip::階段3/myfeature.zip","myfeature/T3/11000rpm/1screws/T3_Group_feature_data_clean.csv","1","file","696097","290191","2025-05-09T10:33:28.0000000+08:00"
"馬達研究\階段3.zip::階段3/myfeature.zip","myfeature/T3/11000rpm/2screws/","1","directory","0","0","2025-05-09T10:33:28.0000000+08:00"
"馬達研究\階段3.zip::階段3/myfeature.zip","myfeature/T3/11000rpm/2screws/T3_Group_feature_data.csv","1","file","1222112","510538","2025-04-23T12:47:16.0000000+08:00"
"馬達研究\階段3.zip::階段3/myfeature.zip","myfeature/T3/11000rpm/2screws/T3_Group_feature_data_clean.csv","1","file","669538","279321","2025-05-09T10:33:28.0000000+08:00"
"馬達研究\階段3.zip::階段3/myfeature.zip","myfeature/T3/11000rpm/3screws/","1","directory","0","0","2025-05-09T10:33:28.0000000+08:00"
"馬達研究\階段3.zip::階段3/myfeature.zip","myfeature/T3/11000rpm/3screws/T3_Group_feature_data.csv","1","file","1218675","510512","2025-04-23T12:46:58.0000000+08:00"
"馬達研究\階段3.zip::階段3/myfeature.zip","myfeature/T3/11000rpm/3screws/T3_Group_feature_data_clean.csv","1","file","600316","251088","2025-05-09T10:33:28.0000000+08:00"
"馬達研究\階段3.zip::階段3/myfeature.zip","myfeature/T3/11000rpm/3_14screws/","1","directory","0","0","2025-05-09T10:33:28.0000000+08:00"
"馬達研究\階段3.zip::階段3/myfeature.zip","myfeature/T3/11000rpm/3_14screws/T3_Group_feature_data.csv","1","file","1226163","510574","2025-04-23T12:47:52.0000000+08:00"
"馬達研究\階段3.zip::階段3/myfeature.zip","myfeature/T3/11000rpm/3_14screws/T3_Group_feature_data_clean.csv","1","file","625196","259940","2025-05-09T10:33:28.0000000+08:00"
"馬達研究\階段3.zip::階段3/myfeature.zip","myfeature/T3/11000rpm/4screws/","1","directory","0","0","2025-05-09T10:33:28.0000000+08:00"
"馬達研究\階段3.zip::階段3/myfeature.zip","myfeature/T3/11000rpm/4screws/T3_Group_feature_data.csv","1","file","1222209","513251","2025-04-23T12:46:28.0000000+08:00"
"馬達研究\階段3.zip::階段3/myfeature.zip","myfeature/T3/11000rpm/4screws/T3_Group_feature_data_clean.csv","1","file","558693","234520","2025-05-09T10:33:28.0000000+08:00"
"馬達研究\階段3.zip::階段3/myfeature.zip","myfeature/T3/11000rpm/4_146screws/","1","directory","0","0","2025-05-09T10:33:28.0000000+08:00"
"馬達研究\階段3.zip::階段3/myfeature.zip","myfeature/T3/11000rpm/4_146screws/T3_Group_feature_data.csv","1","file","1223485","511338","2025-04-23T12:48:04.0000000+08:00"
"馬達研究\階段3.zip::階段3/myfeature.zip","myfeature/T3/11000rpm/4_146screws/T3_Group_feature_data_clean.csv","1","file","611841","255573","2025-05-09T10:33:28.0000000+08:00"
"馬達研究\階段3.zip::階段3/myfeature.zip","myfeature/T3/11000rpm/5screws/","1","directory","0","0","2025-05-09T10:33:28.0000000+08:00"
"馬達研究\階段3.zip::階段3/myfeature.zip","myfeature/T3/11000rpm/5screws/T3_Group_feature_data.csv","1","file","1219893","508986","2025-04-23T12:45:58.0000000+08:00"
"馬達研究\階段3.zip::階段3/myfeature.zip","myfeature/T3/11000rpm/5screws/T3_Group_feature_data_clean.csv","1","file","600230","250189","2025-05-09T10:33:28.0000000+08:00"
"馬達研究\階段3.zip::階段3/myfeature.zip","myfeature/T3/11000rpm/6screws/","1","directory","0","0","2025-05-09T10:33:28.0000000+08:00"
"馬達研究\階段3.zip::階段3/myfeature.zip","myfeature/T3/11000rpm/6screws/T3_Group_feature_data.csv","1","file","1222971","510135","2025-04-23T12:45:18.0000000+08:00"
"馬達研究\階段3.zip::階段3/myfeature.zip","myfeature/T3/11000rpm/6screws/T3_Group_feature_data_clean.csv","1","file","614240","256288","2025-05-09T10:33:28.0000000+08:00"
"馬達研究\階段3.zip::階段3/myfeature.zip","myfeature/T3/11000rpm/7screws/","1","directory","0","0","2025-05-09T10:33:28.0000000+08:00"
"馬達研究\階段3.zip::階段3/myfeature.zip","myfeature/T3/11000rpm/7screws/T3_Group_feature_data.csv","1","file","1220379","509740","2025-04-23T12:44:46.0000000+08:00"
"馬達研究\階段3.zip::階段3/myfeature.zip","myfeature/T3/11000rpm/7screws/T3_Group_feature_data_clean.csv","1","file","611254","255228","2025-05-09T10:33:28.0000000+08:00"
"馬達研究\階段3.zip::階段3/myfeature.zip","myfeature/T3/11000rpm/8screws/","1","directory","0","0","2025-05-09T10:33:28.0000000+08:00"
"馬達研究\階段3.zip::階段3/myfeature.zip","myfeature/T3/11000rpm/8screws/T3_Group_feature_data.csv","1","file","1220633","509531","2025-04-23T12:44:20.0000000+08:00"
"馬達研究\階段3.zip::階段3/myfeature.zip","myfeature/T3/11000rpm/8screws/T3_Group_feature_data_clean.csv","1","file","595895","249019","2025-05-09T10:33:28.0000000+08:00"
"馬達研究\階段3.zip::階段3/myfeature.zip","myfeature/T3/6000rpm/","1","directory","0","0","2025-04-17T12:18:14.0000000+08:00"
"馬達研究\階段3.zip::階段3/myfeature.zip","myfeature/T3/6000rpm/1screws/","1","directory","0","0","2025-05-09T10:33:24.0000000+08:00"
"馬達研究\階段3.zip::階段3/myfeature.zip","myfeature/T3/6000rpm/1screws/T3_Group_feature_data.csv","1","file","1224471","512130","2025-04-23T12:47:30.0000000+08:00"
"馬達研究\階段3.zip::階段3/myfeature.zip","myfeature/T3/6000rpm/1screws/T3_Group_feature_data_clean.csv","1","file","596597","249100","2025-05-09T10:33:24.0000000+08:00"
"馬達研究\階段3.zip::階段3/myfeature.zip","myfeature/T3/6000rpm/2screws/","1","directory","0","0","2025-05-09T10:33:24.0000000+08:00"
"馬達研究\階段3.zip::階段3/myfeature.zip","myfeature/T3/6000rpm/2screws/T3_Group_feature_data.csv","1","file","1223477","509621","2025-04-23T12:47:12.0000000+08:00"
"馬達研究\階段3.zip::階段3/myfeature.zip","myfeature/T3/6000rpm/2screws/T3_Group_feature_data_clean.csv","1","file","562335","234231","2025-05-09T10:33:24.0000000+08:00"
"馬達研究\階段3.zip::階段3/myfeature.zip","myfeature/T3/6000rpm/3screws/","1","directory","0","0","2025-05-09T10:33:24.0000000+08:00"
"馬達研究\階段3.zip::階段3/myfeature.zip","myfeature/T3/6000rpm/3screws/T3_Group_feature_data.csv","1","file","1222702","510985","2025-04-23T12:46:54.0000000+08:00"
"馬達研究\階段3.zip::階段3/myfeature.zip","myfeature/T3/6000rpm/3screws/T3_Group_feature_data_clean.csv","1","file","658286","274722","2025-05-09T10:33:24.0000000+08:00"
"馬達研究\階段3.zip::階段3/myfeature.zip","myfeature/T3/6000rpm/3_14screws/","1","directory","0","0","2025-05-09T10:33:24.0000000+08:00"
"馬達研究\階段3.zip::階段3/myfeature.zip","myfeature/T3/6000rpm/3_14screws/T3_Group_feature_data.csv","1","file","1226688","511399","2025-04-23T12:47:46.0000000+08:00"
"馬達研究\階段3.zip::階段3/myfeature.zip","myfeature/T3/6000rpm/3_14screws/T3_Group_feature_data_clean.csv","1","file","574568","239703","2025-05-09T10:33:24.0000000+08:00"
"馬達研究\階段3.zip::階段3/myfeature.zip","myfeature/T3/6000rpm/4screws/","1","directory","0","0","2025-05-09T10:33:24.0000000+08:00"
"馬達研究\階段3.zip::階段3/myfeature.zip","myfeature/T3/6000rpm/4screws/T3_Group_feature_data.csv","1","file","1226839","510510","2025-04-23T12:46:22.0000000+08:00"
"馬達研究\階段3.zip::階段3/myfeature.zip","myfeature/T3/6000rpm/4screws/T3_Group_feature_data_clean.csv","1","file","580506","241246","2025-05-09T10:33:24.0000000+08:00"
"馬達研究\階段3.zip::階段3/myfeature.zip","myfeature/T3/6000rpm/4_146screws/","1","directory","0","0","2025-05-09T10:33:24.0000000+08:00"
"馬達研究\階段3.zip::階段3/myfeature.zip","myfeature/T3/6000rpm/4_146screws/T3_Group_feature_data.csv","1","file","1221709","510056","2025-04-23T12:47:58.0000000+08:00"
"馬達研究\階段3.zip::階段3/myfeature.zip","myfeature/T3/6000rpm/4_146screws/T3_Group_feature_data_clean.csv","1","file","580395","242475","2025-05-09T10:33:24.0000000+08:00"
"馬達研究\階段3.zip::階段3/myfeature.zip","myfeature/T3/6000rpm/5screws/","1","directory","0","0","2025-05-09T10:33:24.0000000+08:00"
"馬達研究\階段3.zip::階段3/myfeature.zip","myfeature/T3/6000rpm/5screws/T3_Group_feature_data.csv","1","file","1226380","510117","2025-04-23T12:45:38.0000000+08:00"
"馬達研究\階段3.zip::階段3/myfeature.zip","myfeature/T3/6000rpm/5screws/T3_Group_feature_data_clean.csv","1","file","602155","250313","2025-05-09T10:33:24.0000000+08:00"
"馬達研究\階段3.zip::階段3/myfeature.zip","myfeature/T3/6000rpm/6screws/","1","directory","0","0","2025-05-09T10:33:24.0000000+08:00"
"馬達研究\階段3.zip::階段3/myfeature.zip","myfeature/T3/6000rpm/6screws/T3_Group_feature_data.csv","1","file","1223594","508935","2025-04-23T12:45:04.0000000+08:00"
"馬達研究\階段3.zip::階段3/myfeature.zip","myfeature/T3/6000rpm/6screws/T3_Group_feature_data_clean.csv","1","file","559219","232396","2025-05-09T10:33:24.0000000+08:00"
"馬達研究\階段3.zip::階段3/myfeature.zip","myfeature/T3/6000rpm/7screws/","1","directory","0","0","2025-05-09T10:33:24.0000000+08:00"
"馬達研究\階段3.zip::階段3/myfeature.zip","myfeature/T3/6000rpm/7screws/T3_Group_feature_data.csv","1","file","1223608","509414","2025-04-23T12:44:34.0000000+08:00"
"馬達研究\階段3.zip::階段3/myfeature.zip","myfeature/T3/6000rpm/7screws/T3_Group_feature_data_clean.csv","1","file","501080","208660","2025-05-09T10:33:24.0000000+08:00"
"馬達研究\階段3.zip::階段3/myfeature.zip","myfeature/T3/6000rpm/8screws/","1","directory","0","0","2025-05-09T10:33:24.0000000+08:00"
"馬達研究\階段3.zip::階段3/myfeature.zip","myfeature/T3/6000rpm/8screws/T3_Group_feature_data.csv","1","file","1222353","509012","2025-04-23T12:44:06.0000000+08:00"
"馬達研究\階段3.zip::階段3/myfeature.zip","myfeature/T3/6000rpm/8screws/T3_Group_feature_data_clean.csv","1","file","624018","259849","2025-05-09T10:33:24.0000000+08:00"
"馬達研究\階段3.zip::階段3/myfeature.zip","myfeature/T3/8000rpm/","1","directory","0","0","2025-04-17T12:18:32.0000000+08:00"
"馬達研究\階段3.zip::階段3/myfeature.zip","myfeature/T3/8000rpm/1screws/","1","directory","0","0","2025-05-09T10:33:20.0000000+08:00"
"馬達研究\階段3.zip::階段3/myfeature.zip","myfeature/T3/8000rpm/1screws/T3_Group_feature_data.csv","1","file","1223067","511205","2025-04-23T13:01:44.0000000+08:00"
"馬達研究\階段3.zip::階段3/myfeature.zip","myfeature/T3/8000rpm/1screws/T3_Group_feature_data_clean.csv","1","file","573149","238236","2025-05-09T16:13:14.0000000+08:00"
"馬達研究\階段3.zip::階段3/myfeature.zip","myfeature/T3/8000rpm/2screws/","1","directory","0","0","2025-05-09T10:33:20.0000000+08:00"
"馬達研究\階段3.zip::階段3/myfeature.zip","myfeature/T3/8000rpm/2screws/T3_Group_feature_data.csv","1","file","1221617","511461","2025-04-23T13:01:30.0000000+08:00"
"馬達研究\階段3.zip::階段3/myfeature.zip","myfeature/T3/8000rpm/2screws/T3_Group_feature_data_clean.csv","1","file","712512","297955","2025-05-09T16:13:14.0000000+08:00"
"馬達研究\階段3.zip::階段3/myfeature.zip","myfeature/T3/8000rpm/3screws/","1","directory","0","0","2025-05-09T10:33:20.0000000+08:00"
"馬達研究\階段3.zip::階段3/myfeature.zip","myfeature/T3/8000rpm/3screws/T3_Group_feature_data.csv","1","file","1221141","510011","2025-04-23T13:01:16.0000000+08:00"
"馬達研究\階段3.zip::階段3/myfeature.zip","myfeature/T3/8000rpm/3screws/T3_Group_feature_data_clean.csv","1","file","702426","293208","2025-05-09T16:13:16.0000000+08:00"
"馬達研究\階段3.zip::階段3/myfeature.zip","myfeature/T3/8000rpm/3_14screws/","1","directory","0","0","2025-05-09T10:33:20.0000000+08:00"
"馬達研究\階段3.zip::階段3/myfeature.zip","myfeature/T3/8000rpm/3_14screws/T3_Group_feature_data.csv","1","file","1224034","511222","2025-04-23T13:02:00.0000000+08:00"
"馬達研究\階段3.zip::階段3/myfeature.zip","myfeature/T3/8000rpm/3_14screws/T3_Group_feature_data_clean.csv","1","file","653404","272352","2025-05-09T16:13:16.0000000+08:00"
"馬達研究\階段3.zip::階段3/myfeature.zip","myfeature/T3/8000rpm/4screws/","1","directory","0","0","2025-05-09T10:33:20.0000000+08:00"
"馬達研究\階段3.zip::階段3/myfeature.zip","myfeature/T3/8000rpm/4screws/T3_Group_feature_data.csv","1","file","1222613","510797","2025-04-23T13:01:02.0000000+08:00"
"馬達研究\階段3.zip::階段3/myfeature.zip","myfeature/T3/8000rpm/4screws/T3_Group_feature_data_clean.csv","1","file","537849","224124","2025-05-09T16:13:16.0000000+08:00"
"馬達研究\階段3.zip::階段3/myfeature.zip","myfeature/T3/8000rpm/4_146screws/","1","directory","0","0","2025-05-09T10:33:20.0000000+08:00"
"馬達研究\階段3.zip::階段3/myfeature.zip","myfeature/T3/8000rpm/4_146screws/T3_Group_feature_data.csv","1","file","1225540","511422","2025-04-23T13:02:14.0000000+08:00"
"馬達研究\階段3.zip::階段3/myfeature.zip","myfeature/T3/8000rpm/4_146screws/T3_Group_feature_data_clean.csv","1","file","638424","266371","2025-05-09T16:13:16.0000000+08:00"
"馬達研究\階段3.zip::階段3/myfeature.zip","myfeature/T3/8000rpm/5screws/","1","directory","0","0","2025-05-09T10:33:20.0000000+08:00"
"馬達研究\階段3.zip::階段3/myfeature.zip","myfeature/T3/8000rpm/5screws/T3_Group_feature_data.csv","1","file","1221691","510359","2025-04-23T13:00:48.0000000+08:00"
"馬達研究\階段3.zip::階段3/myfeature.zip","myfeature/T3/8000rpm/5screws/T3_Group_feature_data_clean.csv","1","file","636211","265618","2025-05-09T16:13:16.0000000+08:00"
"馬達研究\階段3.zip::階段3/myfeature.zip","myfeature/T3/8000rpm/6screws/","1","directory","0","0","2025-05-09T10:33:20.0000000+08:00"
"馬達研究\階段3.zip::階段3/myfeature.zip","myfeature/T3/8000rpm/6screws/T3_Group_feature_data.csv","1","file","1222624","509720","2025-04-23T13:00:34.0000000+08:00"
"馬達研究\階段3.zip::階段3/myfeature.zip","myfeature/T3/8000rpm/6screws/T3_Group_feature_data_clean.csv","1","file","683997","284506","2025-05-09T16:13:16.0000000+08:00"
"馬達研究\階段3.zip::階段3/myfeature.zip","myfeature/T3/8000rpm/7screws/","1","directory","0","0","2025-05-09T10:33:20.0000000+08:00"
"馬達研究\階段3.zip::階段3/myfeature.zip","myfeature/T3/8000rpm/7screws/T3_Group_feature_data.csv","1","file","1220475","510647","2025-04-23T13:00:18.0000000+08:00"
"馬達研究\階段3.zip::階段3/myfeature.zip","myfeature/T3/8000rpm/7screws/T3_Group_feature_data_clean.csv","1","file","658299","275152","2025-05-09T16:13:16.0000000+08:00"
"馬達研究\階段3.zip::階段3/myfeature.zip","myfeature/T3/8000rpm/8screws/","1","directory","0","0","2025-05-09T10:33:20.0000000+08:00"
"馬達研究\階段3.zip::階段3/myfeature.zip","myfeature/T3/8000rpm/8screws/T3_Group_feature_data.csv","1","file","1223437","510756","2025-04-23T13:00:08.0000000+08:00"
"馬達研究\階段3.zip::階段3/myfeature.zip","myfeature/T3/8000rpm/8screws/T3_Group_feature_data_clean.csv","1","file","541033","226059","2025-05-09T16:13:16.0000000+08:00"
