"source_archive","source_entry","candidate_category","format","size_bytes","rows","columns","condition","class_name","class_role","sampling_rate_hz","confidence","evidence"
"階段1.zip::階段1/csv.zip::csv/T1/11000rpm.zip","11000rpm/1screws/T1_Acceleration_X_data.csv","A_FORMAL_RAW","CSV","57151966","10000","600","T1/11000rpm","1screws","known_fault","10000","High","nine condition archives; ten screw configurations x five channels; preprocessing scripts state Fs=10000"
"階段1.zip::階段1/csv.zip::csv/T1/11000rpm.zip","11000rpm/1screws/T1_Acceleration_Y_data.csv","A_FORMAL_RAW","CSV","57858569","10000","600","T1/11000rpm","1screws","known_fault","10000","High","nine condition archives; ten screw configurations x five channels; preprocessing scripts state Fs=10000"
"階段1.zip::階段1/csv.zip::csv/T1/11000rpm.zip","11000rpm/1screws/T1_Acceleration_Z_data.csv","A_FORMAL_RAW","CSV","57203759","10000","600","T1/11000rpm","1screws","known_fault","10000","High","nine condition archives; ten screw configurations x five channels; preprocessing scripts state Fs=10000"
"階段1.zip::階段1/csv.zip::csv/T1/11000rpm.zip","11000rpm/1screws/T1_Current_data.csv","A_FORMAL_RAW","CSV","53129520","10000","599","T1/11000rpm","1screws","known_fault","10000","High","nine condition archives; ten screw configurations x five channels; preprocessing scripts state Fs=10000"
"階段1.zip::階段1/csv.zip::csv/T1/11000rpm.zip","11000rpm/1screws/T1_Delta_T_data.csv","A_FORMAL_RAW","CSV","102550782","10000","588","T1/11000rpm","1screws","known_fault","10000","High","nine condition archives; ten screw configurations x five channels; preprocessing scripts state Fs=10000"
"階段1.zip::階段1/csv.zip::csv/T1/11000rpm.zip","11000rpm/2screws/T1_Acceleration_X_data.csv","A_FORMAL_RAW","CSV","56801552","10000","600","T1/11000rpm","2screws","known_fault","10000","High","nine condition archives; ten screw configurations x five channels; preprocessing scripts state Fs=10000"
"階段1.zip::階段1/csv.zip::csv/T1/11000rpm.zip","11000rpm/2screws/T1_Acceleration_Y_data.csv","A_FORMAL_RAW","CSV","57676358","10000","600","T1/11000rpm","2screws","known_fault","10000","High","nine condition archives; ten screw configurations x five channels; preprocessing scripts state Fs=10000"
"階段1.zip::階段1/csv.zip::csv/T1/11000rpm.zip","11000rpm/2screws/T1_Acceleration_Z_data.csv","A_FORMAL_RAW","CSV","56950124","10000","600","T1/11000rpm","2screws","known_fault","10000","High","nine condition archives; ten screw configurations x five channels; preprocessing scripts state Fs=10000"
"階段1.zip::階段1/csv.zip::csv/T1/11000rpm.zip","11000rpm/2screws/T1_Current_data.csv","A_FORMAL_RAW","CSV","52940189","10000","597","T1/11000rpm","2screws","known_fault","10000","High","nine condition archives; ten screw configurations x five channels; preprocessing scripts state Fs=10000"
"階段1.zip::階段1/csv.zip::csv/T1/11000rpm.zip","11000rpm/2screws/T1_Delta_T_data.csv","A_FORMAL_RAW","CSV","99418779","10000","571","T1/11000rpm","2screws","known_fault","10000","High","nine condition archives; ten screw configurations x five channels; preprocessing scripts state Fs=10000"
"階段1.zip::階段1/csv.zip::csv/T1/11000rpm.zip","11000rpm/3screws/T1_Acceleration_X_data.csv","A_FORMAL_RAW","CSV","57218481","10000","600","T1/11000rpm","3screws","known_fault","10000","High","nine condition archives; ten screw configurations x five channels; preprocessing scripts state Fs=10000"
"階段1.zip::階段1/csv.zip::csv/T1/11000rpm.zip","11000rpm/3screws/T1_Acceleration_Y_data.csv","A_FORMAL_RAW","CSV","57419728","10000","600","T1/11000rpm","3screws","known_fault","10000","High","nine condition archives; ten screw configurations x five channels; preprocessing scripts state Fs=10000"
"階段1.zip::階段1/csv.zip::csv/T1/11000rpm.zip","11000rpm/3screws/T1_Acceleration_Z_data.csv","A_FORMAL_RAW","CSV","57112267","10000","600","T1/11000rpm","3screws","known_fault","10000","High","nine condition archives; ten screw configurations x five channels; preprocessing scripts state Fs=10000"
"階段1.zip::階段1/csv.zip::csv/T1/11000rpm.zip","11000rpm/3screws/T1_Current_data.csv","A_FORMAL_RAW","CSV","53132619","10000","599","T1/11000rpm","3screws","known_fault","10000","High","nine condition archives; ten screw configurations x five channels; preprocessing scripts state Fs=10000"
"階段1.zip::階段1/csv.zip::csv/T1/11000rpm.zip","11000rpm/3screws/T1_Delta_T_data.csv","A_FORMAL_RAW","CSV","100006002","10000","573","T1/11000rpm","3screws","known_fault","10000","High","nine condition archives; ten screw configurations x five channels; preprocessing scripts state Fs=10000"
"階段1.zip::階段1/csv.zip::csv/T1/11000rpm.zip","11000rpm/3_14screws/T1_Acceleration_X_data.csv","A_FORMAL_RAW","CSV","56968358","10000","600","T1/11000rpm","3_14screws","unknown_fault","10000","High","nine condition archives; ten screw configurations x five channels; preprocessing scripts state Fs=10000"
"階段1.zip::階段1/csv.zip::csv/T1/11000rpm.zip","11000rpm/3_14screws/T1_Acceleration_Y_data.csv","A_FORMAL_RAW","CSV","57796655","10000","600","T1/11000rpm","3_14screws","unknown_fault","10000","High","nine condition archives; ten screw configurations x five channels; preprocessing scripts state Fs=10000"
"階段1.zip::階段1/csv.zip::csv/T1/11000rpm.zip","11000rpm/3_14screws/T1_Acceleration_Z_data.csv","A_FORMAL_RAW","CSV","57112726","10000","600","T1/11000rpm","3_14screws","unknown_fault","10000","High","nine condition archives; ten screw configurations x five channels; preprocessing scripts state Fs=10000"
"階段1.zip::階段1/csv.zip::csv/T1/11000rpm.zip","11000rpm/3_14screws/T1_Current_data.csv","A_FORMAL_RAW","CSV","53123099","10000","599","T1/11000rpm","3_14screws","unknown_fault","10000","High","nine condition archives; ten screw configurations x five channels; preprocessing scripts state Fs=10000"
"階段1.zip::階段1/csv.zip::csv/T1/11000rpm.zip","11000rpm/3_14screws/T1_Delta_T_data.csv","A_FORMAL_RAW","CSV","100753329","10000","577","T1/11000rpm","3_14screws","unknown_fault","10000","High","nine condition archives; ten screw configurations x five channels; preprocessing scripts state Fs=10000"
"階段1.zip::階段1/csv.zip::csv/T1/11000rpm.zip","11000rpm/4screws/T1_Acceleration_X_data.csv","A_FORMAL_RAW","CSV","57088687","10000","600","T1/11000rpm","4screws","known_fault","10000","High","nine condition archives; ten screw configurations x five channels; preprocessing scripts state Fs=10000"
"階段1.zip::階段1/csv.zip::csv/T1/11000rpm.zip","11000rpm/4screws/T1_Acceleration_Y_data.csv","A_FORMAL_RAW","CSV","57365947","10000","600","T1/11000rpm","4screws","known_fault","10000","High","nine condition archives; ten screw configurations x five channels; preprocessing scripts state Fs=10000"
"階段1.zip::階段1/csv.zip::csv/T1/11000rpm.zip","11000rpm/4screws/T1_Acceleration_Z_data.csv","A_FORMAL_RAW","CSV","57114773","10000","600","T1/11000rpm","4screws","known_fault","10000","High","nine condition archives; ten screw configurations x five channels; preprocessing scripts state Fs=10000"
"階段1.zip::階段1/csv.zip::csv/T1/11000rpm.zip","11000rpm/4screws/T1_Current_data.csv","A_FORMAL_RAW","CSV","52953734","10000","597","T1/11000rpm","4screws","known_fault","10000","High","nine condition archives; ten screw configurations x five channels; preprocessing scripts state Fs=10000"
"階段1.zip::階段1/csv.zip::csv/T1/11000rpm.zip","11000rpm/4screws/T1_Delta_T_data.csv","A_FORMAL_RAW","CSV","100544761","10000","577","T1/11000rpm","4screws","known_fault","10000","High","nine condition archives; ten screw configurations x five channels; preprocessing scripts state Fs=10000"
"階段1.zip::階段1/csv.zip::csv/T1/11000rpm.zip","11000rpm/4_146screws/T1_Acceleration_X_data.csv","A_FORMAL_RAW","CSV","57060939","10000","600","T1/11000rpm","4_146screws","unknown_fault","10000","High","nine condition archives; ten screw configurations x five channels; preprocessing scripts state Fs=10000"
"階段1.zip::階段1/csv.zip::csv/T1/11000rpm.zip","11000rpm/4_146screws/T1_Acceleration_Y_data.csv","A_FORMAL_RAW","CSV","58176784","10000","600","T1/11000rpm","4_146screws","unknown_fault","10000","High","nine condition archives; ten screw configurations x five channels; preprocessing scripts state Fs=10000"
"階段1.zip::階段1/csv.zip::csv/T1/11000rpm.zip","11000rpm/4_146screws/T1_Acceleration_Z_data.csv","A_FORMAL_RAW","CSV","57329056","10000","600","T1/11000rpm","4_146screws","unknown_fault","10000","High","nine condition archives; ten screw configurations x five channels; preprocessing scripts state Fs=10000"
"階段1.zip::階段1/csv.zip::csv/T1/11000rpm.zip","11000rpm/4_146screws/T1_Current_data.csv","A_FORMAL_RAW","CSV","53191154","10000","599","T1/11000rpm","4_146screws","unknown_fault","10000","High","nine condition archives; ten screw configurations x five channels; preprocessing scripts state Fs=10000"
"階段1.zip::階段1/csv.zip::csv/T1/11000rpm.zip","11000rpm/4_146screws/T1_Delta_T_data.csv","A_FORMAL_RAW","CSV","100432675","10000","576","T1/11000rpm","4_146screws","unknown_fault","10000","High","nine condition archives; ten screw configurations x five channels; preprocessing scripts state Fs=10000"
"階段1.zip::階段1/csv.zip::csv/T1/11000rpm.zip","11000rpm/5screws/T1_Acceleration_X_data.csv","A_FORMAL_RAW","CSV","57334458","10000","600","T1/11000rpm","5screws","unknown_fault","10000","High","nine condition archives; ten screw configurations x five channels; preprocessing scripts state Fs=10000"
"階段1.zip::階段1/csv.zip::csv/T1/11000rpm.zip","11000rpm/5screws/T1_Acceleration_Y_data.csv","A_FORMAL_RAW","CSV","57434789","10000","600","T1/11000rpm","5screws","unknown_fault","10000","High","nine condition archives; ten screw configurations x five channels; preprocessing scripts state Fs=10000"
"階段1.zip::階段1/csv.zip::csv/T1/11000rpm.zip","11000rpm/5screws/T1_Acceleration_Z_data.csv","A_FORMAL_RAW","CSV","57146832","10000","600","T1/11000rpm","5screws","unknown_fault","10000","High","nine condition archives; ten screw configurations x five channels; preprocessing scripts state Fs=10000"
"階段1.zip::階段1/csv.zip::csv/T1/11000rpm.zip","11000rpm/5screws/T1_Current_data.csv","A_FORMAL_RAW","CSV","53170319","10000","599","T1/11000rpm","5screws","unknown_fault","10000","High","nine condition archives; ten screw configurations x five channels; preprocessing scripts state Fs=10000"
"階段1.zip::階段1/csv.zip::csv/T1/11000rpm.zip","11000rpm/5screws/T1_Delta_T_data.csv","A_FORMAL_RAW","CSV","102668671","10000","589","T1/11000rpm","5screws","unknown_fault","10000","High","nine condition archives; ten screw configurations x five channels; preprocessing scripts state Fs=10000"
"階段1.zip::階段1/csv.zip::csv/T1/11000rpm.zip","11000rpm/6screws/T1_Acceleration_X_data.csv","A_FORMAL_RAW","CSV","57243416","10000","600","T1/11000rpm","6screws","unknown_fault","10000","High","nine condition archives; ten screw configurations x five channels; preprocessing scripts state Fs=10000"
"階段1.zip::階段1/csv.zip::csv/T1/11000rpm.zip","11000rpm/6screws/T1_Acceleration_Y_data.csv","A_FORMAL_RAW","CSV","58047462","10000","600","T1/11000rpm","6screws","unknown_fault","10000","High","nine condition archives; ten screw configurations x five channels; preprocessing scripts state Fs=10000"
"階段1.zip::階段1/csv.zip::csv/T1/11000rpm.zip","11000rpm/6screws/T1_Acceleration_Z_data.csv","A_FORMAL_RAW","CSV","57186224","10000","600","T1/11000rpm","6screws","unknown_fault","10000","High","nine condition archives; ten screw configurations x five channels; preprocessing scripts state Fs=10000"
"階段1.zip::階段1/csv.zip::csv/T1/11000rpm.zip","11000rpm/6screws/T1_Current_data.csv","A_FORMAL_RAW","CSV","53189375","10000","599","T1/11000rpm","6screws","unknown_fault","10000","High","nine condition archives; ten screw configurations x five channels; preprocessing scripts state Fs=10000"
"階段1.zip::階段1/csv.zip::csv/T1/11000rpm.zip","11000rpm/6screws/T1_Delta_T_data.csv","A_FORMAL_RAW","CSV","102022302","10000","586","T1/11000rpm","6screws","unknown_fault","10000","High","nine condition archives; ten screw configurations x five channels; preprocessing scripts state Fs=10000"
"階段1.zip::階段1/csv.zip::csv/T1/11000rpm.zip","11000rpm/7screws/T1_Acceleration_X_data.csv","A_FORMAL_RAW","CSV","57485761","10000","600","T1/11000rpm","7screws","unknown_fault","10000","High","nine condition archives; ten screw configurations x five channels; preprocessing scripts state Fs=10000"
"階段1.zip::階段1/csv.zip::csv/T1/11000rpm.zip","11000rpm/7screws/T1_Acceleration_Y_data.csv","A_FORMAL_RAW","CSV","57914355","10000","600","T1/11000rpm","7screws","unknown_fault","10000","High","nine condition archives; ten screw configurations x five channels; preprocessing scripts state Fs=10000"
"階段1.zip::階段1/csv.zip::csv/T1/11000rpm.zip","11000rpm/7screws/T1_Acceleration_Z_data.csv","A_FORMAL_RAW","CSV","57429077","10000","600","T1/11000rpm","7screws","unknown_fault","10000","High","nine condition archives; ten screw configurations x five channels; preprocessing scripts state Fs=10000"
"階段1.zip::階段1/csv.zip::csv/T1/11000rpm.zip","11000rpm/7screws/T1_Current_data.csv","A_FORMAL_RAW","CSV","52983619","10000","597","T1/11000rpm","7screws","unknown_fault","10000","High","nine condition archives; ten screw configurations x five channels; preprocessing scripts state Fs=10000"
"階段1.zip::階段1/csv.zip::csv/T1/11000rpm.zip","11000rpm/7screws/T1_Delta_T_data.csv","A_FORMAL_RAW","CSV","100543370","10000","577","T1/11000rpm","7screws","unknown_fault","10000","High","nine condition archives; ten screw configurations x five channels; preprocessing scripts state Fs=10000"
"階段1.zip::階段1/csv.zip::csv/T1/11000rpm.zip","11000rpm/8screws/T1_Acceleration_X_data.csv","A_FORMAL_RAW","CSV","57055374","10000","600","T1/11000rpm","8screws","known_healthy","10000","High","nine condition archives; ten screw configurations x five channels; preprocessing scripts state Fs=10000"
"階段1.zip::階段1/csv.zip::csv/T1/11000rpm.zip","11000rpm/8screws/T1_Acceleration_Y_data.csv","A_FORMAL_RAW","CSV","57830524","10000","600","T1/11000rpm","8screws","known_healthy","10000","High","nine condition archives; ten screw configurations x five channels; preprocessing scripts state Fs=10000"
"階段1.zip::階段1/csv.zip::csv/T1/11000rpm.zip","11000rpm/8screws/T1_Acceleration_Z_data.csv","A_FORMAL_RAW","CSV","57585614","10000","600","T1/11000rpm","8screws","known_healthy","10000","High","nine condition archives; ten screw configurations x five channels; preprocessing scripts state Fs=10000"
"階段1.zip::階段1/csv.zip::csv/T1/11000rpm.zip","11000rpm/8screws/T1_Current_data.csv","A_FORMAL_RAW","CSV","52919848","10000","596","T1/11000rpm","8screws","known_healthy","10000","High","nine condition archives; ten screw configurations x five channels; preprocessing scripts state Fs=10000"
"階段1.zip::階段1/csv.zip::csv/T1/11000rpm.zip","11000rpm/8screws/T1_Delta_T_data.csv","A_FORMAL_RAW","CSV","105248865","10000","600","T1/11000rpm","8screws","known_healthy","10000","High","nine condition archives; ten screw configurations x five channels; preprocessing scripts state Fs=10000"
"階段1.zip::階段1/csv.zip::csv/T1/6000rpm.zip","6000rpm/1screws/T1_Acceleration_X_data.csv","A_FORMAL_RAW","CSV","59363953","10000","600","T1/6000rpm","1screws","known_fault","10000","High","nine condition archives; ten screw configurations x five channels; preprocessing scripts state Fs=10000"
"階段1.zip::階段1/csv.zip::csv/T1/6000rpm.zip","6000rpm/1screws/T1_Acceleration_Y_data.csv","A_FORMAL_RAW","CSV","58019598","10000","600","T1/6000rpm","1screws","known_fault","10000","High","nine condition archives; ten screw configurations x five channels; preprocessing scripts state Fs=10000"
"階段1.zip::階段1/csv.zip::csv/T1/6000rpm.zip","6000rpm/1screws/T1_Acceleration_Z_data.csv","A_FORMAL_RAW","CSV","57504687","10000","600","T1/6000rpm","1screws","known_fault","10000","High","nine condition archives; ten screw configurations x five channels; preprocessing scripts state Fs=10000"
"階段1.zip::階段1/csv.zip::csv/T1/6000rpm.zip","6000rpm/1screws/T1_Current_data.csv","A_FORMAL_RAW","CSV","53175624","10000","597","T1/6000rpm","1screws","known_fault","10000","High","nine condition archives; ten screw configurations x five channels; preprocessing scripts state Fs=10000"
"階段1.zip::階段1/csv.zip::csv/T1/6000rpm.zip","6000rpm/1screws/T1_Delta_T_data.csv","A_FORMAL_RAW","CSV","109346073","10000","600","T1/6000rpm","1screws","known_fault","10000","High","nine condition archives; ten screw configurations x five channels; preprocessing scripts state Fs=10000"
"階段1.zip::階段1/csv.zip::csv/T1/6000rpm.zip","6000rpm/2screws/T1_Acceleration_X_data.csv","A_FORMAL_RAW","CSV","58648248","10000","600","T1/6000rpm","2screws","known_fault","10000","High","nine condition archives; ten screw configurations x five channels; preprocessing scripts state Fs=10000"
"階段1.zip::階段1/csv.zip::csv/T1/6000rpm.zip","6000rpm/2screws/T1_Acceleration_Y_data.csv","A_FORMAL_RAW","CSV","58021386","10000","600","T1/6000rpm","2screws","known_fault","10000","High","nine condition archives; ten screw configurations x five channels; preprocessing scripts state Fs=10000"
"階段1.zip::階段1/csv.zip::csv/T1/6000rpm.zip","6000rpm/2screws/T1_Acceleration_Z_data.csv","A_FORMAL_RAW","CSV","57467954","10000","600","T1/6000rpm","2screws","known_fault","10000","High","nine condition archives; ten screw configurations x five channels; preprocessing scripts state Fs=10000"
"階段1.zip::階段1/csv.zip::csv/T1/6000rpm.zip","6000rpm/2screws/T1_Current_data.csv","A_FORMAL_RAW","CSV","52906111","10000","596","T1/6000rpm","2screws","known_fault","10000","High","nine condition archives; ten screw configurations x five channels; preprocessing scripts state Fs=10000"
"階段1.zip::階段1/csv.zip::csv/T1/6000rpm.zip","6000rpm/2screws/T1_Delta_T_data.csv","A_FORMAL_RAW","CSV","109294820","10000","600","T1/6000rpm","2screws","known_fault","10000","High","nine condition archives; ten screw configurations x five channels; preprocessing scripts state Fs=10000"
"階段1.zip::階段1/csv.zip::csv/T1/6000rpm.zip","6000rpm/3screws/T1_Acceleration_X_data.csv","A_FORMAL_RAW","CSV","58406996","10000","600","T1/6000rpm","3screws","known_fault","10000","High","nine condition archives; ten screw configurations x five channels; preprocessing scripts state Fs=10000"
"階段1.zip::階段1/csv.zip::csv/T1/6000rpm.zip","6000rpm/3screws/T1_Acceleration_Y_data.csv","A_FORMAL_RAW","CSV","57754137","10000","600","T1/6000rpm","3screws","known_fault","10000","High","nine condition archives; ten screw configurations x five channels; preprocessing scripts state Fs=10000"
"階段1.zip::階段1/csv.zip::csv/T1/6000rpm.zip","6000rpm/3screws/T1_Acceleration_Z_data.csv","A_FORMAL_RAW","CSV","57524457","10000","600","T1/6000rpm","3screws","known_fault","10000","High","nine condition archives; ten screw configurations x five channels; preprocessing scripts state Fs=10000"
"階段1.zip::階段1/csv.zip::csv/T1/6000rpm.zip","6000rpm/3screws/T1_Current_data.csv","A_FORMAL_RAW","CSV","52935624","10000","595","T1/6000rpm","3screws","known_fault","10000","High","nine condition archives; ten screw configurations x five channels; preprocessing scripts state Fs=10000"
"階段1.zip::階段1/csv.zip::csv/T1/6000rpm.zip","6000rpm/3screws/T1_Delta_T_data.csv","A_FORMAL_RAW","CSV","109303619","10000","600","T1/6000rpm","3screws","known_fault","10000","High","nine condition archives; ten screw configurations x five channels; preprocessing scripts state Fs=10000"
"階段1.zip::階段1/csv.zip::csv/T1/6000rpm.zip","6000rpm/3_14screws/T1_Acceleration_X_data.csv","A_FORMAL_RAW","CSV","59011328","10000","600","T1/6000rpm","3_14screws","unknown_fault","10000","High","nine condition archives; ten screw configurations x five channels; preprocessing scripts state Fs=10000"
"階段1.zip::階段1/csv.zip::csv/T1/6000rpm.zip","6000rpm/3_14screws/T1_Acceleration_Y_data.csv","A_FORMAL_RAW","CSV","57521878","10000","600","T1/6000rpm","3_14screws","unknown_fault","10000","High","nine condition archives; ten screw configurations x five channels; preprocessing scripts state Fs=10000"
"階段1.zip::階段1/csv.zip::csv/T1/6000rpm.zip","6000rpm/3_14screws/T1_Acceleration_Z_data.csv","A_FORMAL_RAW","CSV","57014778","10000","600","T1/6000rpm","3_14screws","unknown_fault","10000","High","nine condition archives; ten screw configurations x five channels; preprocessing scripts state Fs=10000"
"階段1.zip::階段1/csv.zip::csv/T1/6000rpm.zip","6000rpm/3_14screws/T1_Current_data.csv","A_FORMAL_RAW","CSV","53023868","10000","598","T1/6000rpm","3_14screws","unknown_fault","10000","High","nine condition archives; ten screw configurations x five channels; preprocessing scripts state Fs=10000"
"階段1.zip::階段1/csv.zip::csv/T1/6000rpm.zip","6000rpm/3_14screws/T1_Delta_T_data.csv","A_FORMAL_RAW","CSV","109310253","10000","600","T1/6000rpm","3_14screws","unknown_fault","10000","High","nine condition archives; ten screw configurations x five channels; preprocessing scripts state Fs=10000"
"階段1.zip::階段1/csv.zip::csv/T1/6000rpm.zip","6000rpm/4screws/T1_Acceleration_X_data.csv","A_FORMAL_RAW","CSV","58518707","10000","600","T1/6000rpm","4screws","known_fault","10000","High","nine condition archives; ten screw configurations x five channels; preprocessing scripts state Fs=10000"
"階段1.zip::階段1/csv.zip::csv/T1/6000rpm.zip","6000rpm/4screws/T1_Acceleration_Y_data.csv","A_FORMAL_RAW","CSV","57778351","10000","600","T1/6000rpm","4screws","known_fault","10000","High","nine condition archives; ten screw configurations x five channels; preprocessing scripts state Fs=10000"
"階段1.zip::階段1/csv.zip::csv/T1/6000rpm.zip","6000rpm/4screws/T1_Acceleration_Z_data.csv","A_FORMAL_RAW","CSV","57584976","10000","600","T1/6000rpm","4screws","known_fault","10000","High","nine condition archives; ten screw configurations x five channels; preprocessing scripts state Fs=10000"
"階段1.zip::階段1/csv.zip::csv/T1/6000rpm.zip","6000rpm/4screws/T1_Current_data.csv","A_FORMAL_RAW","CSV","53034936","10000","595","T1/6000rpm","4screws","known_fault","10000","High","nine condition archives; ten screw configurations x five channels; preprocessing scripts state Fs=10000"
"階段1.zip::階段1/csv.zip::csv/T1/6000rpm.zip","6000rpm/4screws/T1_Delta_T_data.csv","A_FORMAL_RAW","CSV","109337620","10000","600","T1/6000rpm","4screws","known_fault","10000","High","nine condition archives; ten screw configurations x five channels; preprocessing scripts state Fs=10000"
"階段1.zip::階段1/csv.zip::csv/T1/6000rpm.zip","6000rpm/4_146screws/T1_Acceleration_X_data.csv","A_FORMAL_RAW","CSV","60470824","10000","600","T1/6000rpm","4_146screws","unknown_fault","10000","High","nine condition archives; ten screw configurations x five channels; preprocessing scripts state Fs=10000"
"階段1.zip::階段1/csv.zip::csv/T1/6000rpm.zip","6000rpm/4_146screws/T1_Acceleration_Y_data.csv","A_FORMAL_RAW","CSV","58768636","10000","600","T1/6000rpm","4_146screws","unknown_fault","10000","High","nine condition archives; ten screw configurations x five channels; preprocessing scripts state Fs=10000"
"階段1.zip::階段1/csv.zip::csv/T1/6000rpm.zip","6000rpm/4_146screws/T1_Acceleration_Z_data.csv","A_FORMAL_RAW","CSV","57583116","10000","600","T1/6000rpm","4_146screws","unknown_fault","10000","High","nine condition archives; ten screw configurations x five channels; preprocessing scripts state Fs=10000"
"階段1.zip::階段1/csv.zip::csv/T1/6000rpm.zip","6000rpm/4_146screws/T1_Current_data.csv","A_FORMAL_RAW","CSV","53011124","10000","596","T1/6000rpm","4_146screws","unknown_fault","10000","High","nine condition archives; ten screw configurations x five channels; preprocessing scripts state Fs=10000"
"階段1.zip::階段1/csv.zip::csv/T1/6000rpm.zip","6000rpm/4_146screws/T1_Delta_T_data.csv","A_FORMAL_RAW","CSV","109547447","10000","600","T1/6000rpm","4_146screws","unknown_fault","10000","High","nine condition archives; ten screw configurations x five channels; preprocessing scripts state Fs=10000"
"階段1.zip::階段1/csv.zip::csv/T1/6000rpm.zip","6000rpm/5screws/T1_Acceleration_X_data.csv","A_FORMAL_RAW","CSV","58644220","10000","600","T1/6000rpm","5screws","unknown_fault","10000","High","nine condition archives; ten screw configurations x five channels; preprocessing scripts state Fs=10000"
"階段1.zip::階段1/csv.zip::csv/T1/6000rpm.zip","6000rpm/5screws/T1_Acceleration_Y_data.csv","A_FORMAL_RAW","CSV","57794817","10000","600","T1/6000rpm","5screws","unknown_fault","10000","High","nine condition archives; ten screw configurations x five channels; preprocessing scripts state Fs=10000"
"階段1.zip::階段1/csv.zip::csv/T1/6000rpm.zip","6000rpm/5screws/T1_Acceleration_Z_data.csv","A_FORMAL_RAW","CSV","57716466","10000","600","T1/6000rpm","5screws","unknown_fault","10000","High","nine condition archives; ten screw configurations x five channels; preprocessing scripts state Fs=10000"
"階段1.zip::階段1/csv.zip::csv/T1/6000rpm.zip","6000rpm/5screws/T1_Current_data.csv","A_FORMAL_RAW","CSV","52894405","10000","595","T1/6000rpm","5screws","unknown_fault","10000","High","nine condition archives; ten screw configurations x five channels; preprocessing scripts state Fs=10000"
"階段1.zip::階段1/csv.zip::csv/T1/6000rpm.zip","6000rpm/5screws/T1_Delta_T_data.csv","A_FORMAL_RAW","CSV","108714980","10000","598","T1/6000rpm","5screws","unknown_fault","10000","High","nine condition archives; ten screw configurations x five channels; preprocessing scripts state Fs=10000"
"階段1.zip::階段1/csv.zip::csv/T1/6000rpm.zip","6000rpm/6screws/T1_Acceleration_X_data.csv","A_FORMAL_RAW","CSV","59168603","10000","600","T1/6000rpm","6screws","unknown_fault","10000","High","nine condition archives; ten screw configurations x five channels; preprocessing scripts state Fs=10000"
"階段1.zip::階段1/csv.zip::csv/T1/6000rpm.zip","6000rpm/6screws/T1_Acceleration_Y_data.csv","A_FORMAL_RAW","CSV","57975890","10000","600","T1/6000rpm","6screws","unknown_fault","10000","High","nine condition archives; ten screw configurations x five channels; preprocessing scripts state Fs=10000"
"階段1.zip::階段1/csv.zip::csv/T1/6000rpm.zip","6000rpm/6screws/T1_Acceleration_Z_data.csv","A_FORMAL_RAW","CSV","57750019","10000","600","T1/6000rpm","6screws","unknown_fault","10000","High","nine condition archives; ten screw configurations x five channels; preprocessing scripts state Fs=10000"
"階段1.zip::階段1/csv.zip::csv/T1/6000rpm.zip","6000rpm/6screws/T1_Current_data.csv","A_FORMAL_RAW","CSV","53176223","10000","597","T1/6000rpm","6screws","unknown_fault","10000","High","nine condition archives; ten screw configurations x five channels; preprocessing scripts state Fs=10000"
"階段1.zip::階段1/csv.zip::csv/T1/6000rpm.zip","6000rpm/6screws/T1_Delta_T_data.csv","A_FORMAL_RAW","CSV","108747904","10000","597","T1/6000rpm","6screws","unknown_fault","10000","High","nine condition archives; ten screw configurations x five channels; preprocessing scripts state Fs=10000"
"階段1.zip::階段1/csv.zip::csv/T1/6000rpm.zip","6000rpm/7screws/T1_Acceleration_X_data.csv","A_FORMAL_RAW","CSV","59613395","10000","600","T1/6000rpm","7screws","unknown_fault","10000","High","nine condition archives; ten screw configurations x five channels; preprocessing scripts state Fs=10000"
"階段1.zip::階段1/csv.zip::csv/T1/6000rpm.zip","6000rpm/7screws/T1_Acceleration_Y_data.csv","A_FORMAL_RAW","CSV","58216584","10000","600","T1/6000rpm","7screws","unknown_fault","10000","High","nine condition archives; ten screw configurations x five channels; preprocessing scripts state Fs=10000"
"階段1.zip::階段1/csv.zip::csv/T1/6000rpm.zip","6000rpm/7screws/T1_Acceleration_Z_data.csv","A_FORMAL_RAW","CSV","57786821","10000","600","T1/6000rpm","7screws","unknown_fault","10000","High","nine condition archives; ten screw configurations x five channels; preprocessing scripts state Fs=10000"
"階段1.zip::階段1/csv.zip::csv/T1/6000rpm.zip","6000rpm/7screws/T1_Current_data.csv","A_FORMAL_RAW","CSV","53009646","10000","596","T1/6000rpm","7screws","unknown_fault","10000","High","nine condition archives; ten screw configurations x five channels; preprocessing scripts state Fs=10000"
"階段1.zip::階段1/csv.zip::csv/T1/6000rpm.zip","6000rpm/7screws/T1_Delta_T_data.csv","A_FORMAL_RAW","CSV","109323282","10000","600","T1/6000rpm","7screws","unknown_fault","10000","High","nine condition archives; ten screw configurations x five channels; preprocessing scripts state Fs=10000"
"階段1.zip::階段1/csv.zip::csv/T1/6000rpm.zip","6000rpm/8screws/T1_Acceleration_X_data.csv","A_FORMAL_RAW","CSV","60309668","10000","600","T1/6000rpm","8screws","known_healthy","10000","High","nine condition archives; ten screw configurations x five channels; preprocessing scripts state Fs=10000"
"階段1.zip::階段1/csv.zip::csv/T1/6000rpm.zip","6000rpm/8screws/T1_Acceleration_Y_data.csv","A_FORMAL_RAW","CSV","58782847","10000","600","T1/6000rpm","8screws","known_healthy","10000","High","nine condition archives; ten screw configurations x five channels; preprocessing scripts state Fs=10000"
"階段1.zip::階段1/csv.zip::csv/T1/6000rpm.zip","6000rpm/8screws/T1_Acceleration_Z_data.csv","A_FORMAL_RAW","CSV","58054256","10000","600","T1/6000rpm","8screws","known_healthy","10000","High","nine condition archives; ten screw configurations x five channels; preprocessing scripts state Fs=10000"
"階段1.zip::階段1/csv.zip::csv/T1/6000rpm.zip","6000rpm/8screws/T1_Current_data.csv","A_FORMAL_RAW","CSV","53026175","10000","595","T1/6000rpm","8screws","known_healthy","10000","High","nine condition archives; ten screw configurations x five channels; preprocessing scripts state Fs=10000"
"階段1.zip::階段1/csv.zip::csv/T1/6000rpm.zip","6000rpm/8screws/T1_Delta_T_data.csv","A_FORMAL_RAW","CSV","109759093","10000","600","T1/6000rpm","8screws","known_healthy","10000","High","nine condition archives; ten screw configurations x five channels; preprocessing scripts state Fs=10000"
"階段1.zip::階段1/csv.zip::csv/T1/8000rpm.zip","8000rpm/1screws/T1_Acceleration_X_data.csv","A_FORMAL_RAW","CSV","58066675","10000","600","T1/8000rpm","1screws","known_fault","10000","High","nine condition archives; ten screw configurations x five channels; preprocessing scripts state Fs=10000"
"階段1.zip::階段1/csv.zip::csv/T1/8000rpm.zip","8000rpm/1screws/T1_Acceleration_Y_data.csv","A_FORMAL_RAW","CSV","57331349","10000","600","T1/8000rpm","1screws","known_fault","10000","High","nine condition archives; ten screw configurations x five channels; preprocessing scripts state Fs=10000"
"階段1.zip::階段1/csv.zip::csv/T1/8000rpm.zip","8000rpm/1screws/T1_Acceleration_Z_data.csv","A_FORMAL_RAW","CSV","57113434","10000","600","T1/8000rpm","1screws","known_fault","10000","High","nine condition archives; ten screw configurations x five channels; preprocessing scripts state Fs=10000"
"階段1.zip::階段1/csv.zip::csv/T1/8000rpm.zip","8000rpm/1screws/T1_Current_data.csv","A_FORMAL_RAW","CSV","53236472","10000","600","T1/8000rpm","1screws","known_fault","10000","High","nine condition archives; ten screw configurations x five channels; preprocessing scripts state Fs=10000"
"階段1.zip::階段1/csv.zip::csv/T1/8000rpm.zip","8000rpm/1screws/T1_Delta_T_data.csv","A_FORMAL_RAW","CSV","108251820","10000","595","T1/8000rpm","1screws","known_fault","10000","High","nine condition archives; ten screw configurations x five channels; preprocessing scripts state Fs=10000"
"階段1.zip::階段1/csv.zip::csv/T1/8000rpm.zip","8000rpm/2screws/T1_Acceleration_X_data.csv","A_FORMAL_RAW","CSV","57970147","10000","600","T1/8000rpm","2screws","known_fault","10000","High","nine condition archives; ten screw configurations x five channels; preprocessing scripts state Fs=10000"
"階段1.zip::階段1/csv.zip::csv/T1/8000rpm.zip","8000rpm/2screws/T1_Acceleration_Y_data.csv","A_FORMAL_RAW","CSV","57729012","10000","600","T1/8000rpm","2screws","known_fault","10000","High","nine condition archives; ten screw configurations x five channels; preprocessing scripts state Fs=10000"
"階段1.zip::階段1/csv.zip::csv/T1/8000rpm.zip","8000rpm/2screws/T1_Acceleration_Z_data.csv","A_FORMAL_RAW","CSV","57283155","10000","600","T1/8000rpm","2screws","known_fault","10000","High","nine condition archives; ten screw configurations x five channels; preprocessing scripts state Fs=10000"
"階段1.zip::階段1/csv.zip::csv/T1/8000rpm.zip","8000rpm/2screws/T1_Current_data.csv","A_FORMAL_RAW","CSV","53223352","10000","600","T1/8000rpm","2screws","known_fault","10000","High","nine condition archives; ten screw configurations x five channels; preprocessing scripts state Fs=10000"
"階段1.zip::階段1/csv.zip::csv/T1/8000rpm.zip","8000rpm/2screws/T1_Delta_T_data.csv","A_FORMAL_RAW","CSV","109292038","10000","600","T1/8000rpm","2screws","known_fault","10000","High","nine condition archives; ten screw configurations x five channels; preprocessing scripts state Fs=10000"
"階段1.zip::階段1/csv.zip::csv/T1/8000rpm.zip","8000rpm/3screws/T1_Acceleration_X_data.csv","A_FORMAL_RAW","CSV","58084944","10000","600","T1/8000rpm","3screws","known_fault","10000","High","nine condition archives; ten screw configurations x five channels; preprocessing scripts state Fs=10000"
"階段1.zip::階段1/csv.zip::csv/T1/8000rpm.zip","8000rpm/3screws/T1_Acceleration_Y_data.csv","A_FORMAL_RAW","CSV","57476586","10000","600","T1/8000rpm","3screws","known_fault","10000","High","nine condition archives; ten screw configurations x five channels; preprocessing scripts state Fs=10000"
"階段1.zip::階段1/csv.zip::csv/T1/8000rpm.zip","8000rpm/3screws/T1_Acceleration_Z_data.csv","A_FORMAL_RAW","CSV","57392232","10000","600","T1/8000rpm","3screws","known_fault","10000","High","nine condition archives; ten screw configurations x five channels; preprocessing scripts state Fs=10000"
"階段1.zip::階段1/csv.zip::csv/T1/8000rpm.zip","8000rpm/3screws/T1_Current_data.csv","A_FORMAL_RAW","CSV","53220710","10000","600","T1/8000rpm","3screws","known_fault","10000","High","nine condition archives; ten screw configurations x five channels; preprocessing scripts state Fs=10000"
"階段1.zip::階段1/csv.zip::csv/T1/8000rpm.zip","8000rpm/3screws/T1_Delta_T_data.csv","A_FORMAL_RAW","CSV","102023301","10000","581","T1/8000rpm","3screws","known_fault","10000","High","nine condition archives; ten screw configurations x five channels; preprocessing scripts state Fs=10000"
"階段1.zip::階段1/csv.zip::csv/T1/8000rpm.zip","8000rpm/3_14screws/T1_Acceleration_X_data.csv","A_FORMAL_RAW","CSV","58002081","10000","600","T1/8000rpm","3_14screws","unknown_fault","10000","High","nine condition archives; ten screw configurations x five channels; preprocessing scripts state Fs=10000"
"階段1.zip::階段1/csv.zip::csv/T1/8000rpm.zip","8000rpm/3_14screws/T1_Acceleration_Y_data.csv","A_FORMAL_RAW","CSV","57758483","10000","600","T1/8000rpm","3_14screws","unknown_fault","10000","High","nine condition archives; ten screw configurations x five channels; preprocessing scripts state Fs=10000"
"階段1.zip::階段1/csv.zip::csv/T1/8000rpm.zip","8000rpm/3_14screws/T1_Acceleration_Z_data.csv","A_FORMAL_RAW","CSV","57222068","10000","600","T1/8000rpm","3_14screws","unknown_fault","10000","High","nine condition archives; ten screw configurations x five channels; preprocessing scripts state Fs=10000"
"階段1.zip::階段1/csv.zip::csv/T1/8000rpm.zip","8000rpm/3_14screws/T1_Current_data.csv","A_FORMAL_RAW","CSV","53111598","10000","599","T1/8000rpm","3_14screws","unknown_fault","10000","High","nine condition archives; ten screw configurations x five channels; preprocessing scripts state Fs=10000"
"階段1.zip::階段1/csv.zip::csv/T1/8000rpm.zip","8000rpm/3_14screws/T1_Delta_T_data.csv","A_FORMAL_RAW","CSV","103430680","10000","568","T1/8000rpm","3_14screws","unknown_fault","10000","High","nine condition archives; ten screw configurations x five channels; preprocessing scripts state Fs=10000"
"階段1.zip::階段1/csv.zip::csv/T1/8000rpm.zip","8000rpm/4screws/T1_Acceleration_X_data.csv","A_FORMAL_RAW","CSV","58181180","10000","600","T1/8000rpm","4screws","known_fault","10000","High","nine condition archives; ten screw configurations x five channels; preprocessing scripts state Fs=10000"
"階段1.zip::階段1/csv.zip::csv/T1/8000rpm.zip","8000rpm/4screws/T1_Acceleration_Y_data.csv","A_FORMAL_RAW","CSV","57473254","10000","600","T1/8000rpm","4screws","known_fault","10000","High","nine condition archives; ten screw configurations x five channels; preprocessing scripts state Fs=10000"
"階段1.zip::階段1/csv.zip::csv/T1/8000rpm.zip","8000rpm/4screws/T1_Acceleration_Z_data.csv","A_FORMAL_RAW","CSV","57494994","10000","600","T1/8000rpm","4screws","known_fault","10000","High","nine condition archives; ten screw configurations x five channels; preprocessing scripts state Fs=10000"
"階段1.zip::階段1/csv.zip::csv/T1/8000rpm.zip","8000rpm/4screws/T1_Current_data.csv","A_FORMAL_RAW","CSV","53212088","10000","600","T1/8000rpm","4screws","known_fault","10000","High","nine condition archives; ten screw configurations x five channels; preprocessing scripts state Fs=10000"
"階段1.zip::階段1/csv.zip::csv/T1/8000rpm.zip","8000rpm/4screws/T1_Delta_T_data.csv","A_FORMAL_RAW","CSV","109168988","10000","600","T1/8000rpm","4screws","known_fault","10000","High","nine condition archives; ten screw configurations x five channels; preprocessing scripts state Fs=10000"
"階段1.zip::階段1/csv.zip::csv/T1/8000rpm.zip","8000rpm/4_146screws/T1_Acceleration_X_data.csv","A_FORMAL_RAW","CSV","58642596","10000","600","T1/8000rpm","4_146screws","unknown_fault","10000","High","nine condition archives; ten screw configurations x five channels; preprocessing scripts state Fs=10000"
"階段1.zip::階段1/csv.zip::csv/T1/8000rpm.zip","8000rpm/4_146screws/T1_Acceleration_Y_data.csv","A_FORMAL_RAW","CSV","59090234","10000","600","T1/8000rpm","4_146screws","unknown_fault","10000","High","nine condition archives; ten screw configurations x five channels; preprocessing scripts state Fs=10000"
"階段1.zip::階段1/csv.zip::csv/T1/8000rpm.zip","8000rpm/4_146screws/T1_Acceleration_Z_data.csv","A_FORMAL_RAW","CSV","57588906","10000","600","T1/8000rpm","4_146screws","unknown_fault","10000","High","nine condition archives; ten screw configurations x five channels; preprocessing scripts state Fs=10000"
"階段1.zip::階段1/csv.zip::csv/T1/8000rpm.zip","8000rpm/4_146screws/T1_Current_data.csv","A_FORMAL_RAW","CSV","53124891","10000","598","T1/8000rpm","4_146screws","unknown_fault","10000","High","nine condition archives; ten screw configurations x five channels; preprocessing scripts state Fs=10000"
"階段1.zip::階段1/csv.zip::csv/T1/8000rpm.zip","8000rpm/4_146screws/T1_Delta_T_data.csv","A_FORMAL_RAW","CSV","107615691","10000","591","T1/8000rpm","4_146screws","unknown_fault","10000","High","nine condition archives; ten screw configurations x five channels; preprocessing scripts state Fs=10000"
"階段1.zip::階段1/csv.zip::csv/T1/8000rpm.zip","8000rpm/5screws/T1_Acceleration_X_data.csv","A_FORMAL_RAW","CSV","57827460","10000","600","T1/8000rpm","5screws","unknown_fault","10000","High","nine condition archives; ten screw configurations x five channels; preprocessing scripts state Fs=10000"
"階段1.zip::階段1/csv.zip::csv/T1/8000rpm.zip","8000rpm/5screws/T1_Acceleration_Y_data.csv","A_FORMAL_RAW","CSV","57705096","10000","600","T1/8000rpm","5screws","unknown_fault","10000","High","nine condition archives; ten screw configurations x five channels; preprocessing scripts state Fs=10000"
"階段1.zip::階段1/csv.zip::csv/T1/8000rpm.zip","8000rpm/5screws/T1_Acceleration_Z_data.csv","A_FORMAL_RAW","CSV","57244315","10000","600","T1/8000rpm","5screws","unknown_fault","10000","High","nine condition archives; ten screw configurations x five channels; preprocessing scripts state Fs=10000"
"階段1.zip::階段1/csv.zip::csv/T1/8000rpm.zip","8000rpm/5screws/T1_Current_data.csv","A_FORMAL_RAW","CSV","53226152","10000","600","T1/8000rpm","5screws","unknown_fault","10000","High","nine condition archives; ten screw configurations x five channels; preprocessing scripts state Fs=10000"
"階段1.zip::階段1/csv.zip::csv/T1/8000rpm.zip","8000rpm/5screws/T1_Delta_T_data.csv","A_FORMAL_RAW","CSV","107609007","10000","592","T1/8000rpm","5screws","unknown_fault","10000","High","nine condition archives; ten screw configurations x five channels; preprocessing scripts state Fs=10000"
"階段1.zip::階段1/csv.zip::csv/T1/8000rpm.zip","8000rpm/6screws/T1_Acceleration_X_data.csv","A_FORMAL_RAW","CSV","58069051","10000","600","T1/8000rpm","6screws","unknown_fault","10000","High","nine condition archives; ten screw configurations x five channels; preprocessing scripts state Fs=10000"
"階段1.zip::階段1/csv.zip::csv/T1/8000rpm.zip","8000rpm/6screws/T1_Acceleration_Y_data.csv","A_FORMAL_RAW","CSV","57667066","10000","600","T1/8000rpm","6screws","unknown_fault","10000","High","nine condition archives; ten screw configurations x five channels; preprocessing scripts state Fs=10000"
"階段1.zip::階段1/csv.zip::csv/T1/8000rpm.zip","8000rpm/6screws/T1_Acceleration_Z_data.csv","A_FORMAL_RAW","CSV","57430558","10000","600","T1/8000rpm","6screws","unknown_fault","10000","High","nine condition archives; ten screw configurations x five channels; preprocessing scripts state Fs=10000"
"階段1.zip::階段1/csv.zip::csv/T1/8000rpm.zip","8000rpm/6screws/T1_Current_data.csv","A_FORMAL_RAW","CSV","53220890","10000","600","T1/8000rpm","6screws","unknown_fault","10000","High","nine condition archives; ten screw configurations x five channels; preprocessing scripts state Fs=10000"
"階段1.zip::階段1/csv.zip::csv/T1/8000rpm.zip","8000rpm/6screws/T1_Delta_T_data.csv","A_FORMAL_RAW","CSV","106710770","10000","600","T1/8000rpm","6screws","unknown_fault","10000","High","nine condition archives; ten screw configurations x five channels; preprocessing scripts state Fs=10000"
"階段1.zip::階段1/csv.zip::csv/T1/8000rpm.zip","8000rpm/7screws/T1_Acceleration_X_data.csv","A_FORMAL_RAW","CSV","58931293","10000","600","T1/8000rpm","7screws","unknown_fault","10000","High","nine condition archives; ten screw configurations x five channels; preprocessing scripts state Fs=10000"
"階段1.zip::階段1/csv.zip::csv/T1/8000rpm.zip","8000rpm/7screws/T1_Acceleration_Y_data.csv","A_FORMAL_RAW","CSV","58234688","10000","600","T1/8000rpm","7screws","unknown_fault","10000","High","nine condition archives; ten screw configurations x five channels; preprocessing scripts state Fs=10000"
"階段1.zip::階段1/csv.zip::csv/T1/8000rpm.zip","8000rpm/7screws/T1_Acceleration_Z_data.csv","A_FORMAL_RAW","CSV","57404955","10000","600","T1/8000rpm","7screws","unknown_fault","10000","High","nine condition archives; ten screw configurations x five channels; preprocessing scripts state Fs=10000"
"階段1.zip::階段1/csv.zip::csv/T1/8000rpm.zip","8000rpm/7screws/T1_Current_data.csv","A_FORMAL_RAW","CSV","53250731","10000","600","T1/8000rpm","7screws","unknown_fault","10000","High","nine condition archives; ten screw configurations x five channels; preprocessing scripts state Fs=10000"
"階段1.zip::階段1/csv.zip::csv/T1/8000rpm.zip","8000rpm/7screws/T1_Delta_T_data.csv","A_FORMAL_RAW","CSV","105225396","10000","600","T1/8000rpm","7screws","unknown_fault","10000","High","nine condition archives; ten screw configurations x five channels; preprocessing scripts state Fs=10000"
"階段1.zip::階段1/csv.zip::csv/T1/8000rpm.zip","8000rpm/8screws/T1_Acceleration_X_data.csv","A_FORMAL_RAW","CSV","60001346","10000","600","T1/8000rpm","8screws","known_healthy","10000","High","nine condition archives; ten screw configurations x five channels; preprocessing scripts state Fs=10000"
"階段1.zip::階段1/csv.zip::csv/T1/8000rpm.zip","8000rpm/8screws/T1_Acceleration_Y_data.csv","A_FORMAL_RAW","CSV","60090276","10000","600","T1/8000rpm","8screws","known_healthy","10000","High","nine condition archives; ten screw configurations x five channels; preprocessing scripts state Fs=10000"
"階段1.zip::階段1/csv.zip::csv/T1/8000rpm.zip","8000rpm/8screws/T1_Acceleration_Z_data.csv","A_FORMAL_RAW","CSV","58013998","10000","600","T1/8000rpm","8screws","known_healthy","10000","High","nine condition archives; ten screw configurations x five channels; preprocessing scripts state Fs=10000"
"階段1.zip::階段1/csv.zip::csv/T1/8000rpm.zip","8000rpm/8screws/T1_Current_data.csv","A_FORMAL_RAW","CSV","53244115","10000","600","T1/8000rpm","8screws","known_healthy","10000","High","nine condition archives; ten screw configurations x five channels; preprocessing scripts state Fs=10000"
"階段1.zip::階段1/csv.zip::csv/T1/8000rpm.zip","8000rpm/8screws/T1_Delta_T_data.csv","A_FORMAL_RAW","CSV","109572200","10000","600","T1/8000rpm","8screws","known_healthy","10000","High","nine condition archives; ten screw configurations x five channels; preprocessing scripts state Fs=10000"
"階段2.zip::階段2/csv.zip::csv/T2/11000rpm.zip","11000rpm/1screws/T2_Current_data.csv","A_FORMAL_RAW","CSV","53412321","10000","600","T2/11000rpm","1screws","known_fault","10000","High","nine condition archives; ten screw configurations x five channels; preprocessing scripts state Fs=10000"
"階段2.zip::階段2/csv.zip::csv/T2/11000rpm.zip","11000rpm/1screws/T2_Delta_T_data.csv","A_FORMAL_RAW","CSV","103163185","10000","600","T2/11000rpm","1screws","known_fault","10000","High","nine condition archives; ten screw configurations x five channels; preprocessing scripts state Fs=10000"
"階段2.zip::階段2/csv.zip::csv/T2/11000rpm.zip","11000rpm/1screws/T2_X_data.csv","A_FORMAL_RAW","CSV","57607206","10000","600","T2/11000rpm","1screws","known_fault","10000","High","nine condition archives; ten screw configurations x five channels; preprocessing scripts state Fs=10000"
"階段2.zip::階段2/csv.zip::csv/T2/11000rpm.zip","11000rpm/1screws/T2_Y_data.csv","A_FORMAL_RAW","CSV","57290152","10000","600","T2/11000rpm","1screws","known_fault","10000","High","nine condition archives; ten screw configurations x five channels; preprocessing scripts state Fs=10000"
"階段2.zip::階段2/csv.zip::csv/T2/11000rpm.zip","11000rpm/1screws/T2_Z_data.csv","A_FORMAL_RAW","CSV","56904019","10000","600","T2/11000rpm","1screws","known_fault","10000","High","nine condition archives; ten screw configurations x five channels; preprocessing scripts state Fs=10000"
"階段2.zip::階段2/csv.zip::csv/T2/11000rpm.zip","11000rpm/2screws/T2_Current_data.csv","A_FORMAL_RAW","CSV","53116887","10000","600","T2/11000rpm","2screws","known_fault","10000","High","nine condition archives; ten screw configurations x five channels; preprocessing scripts state Fs=10000"
"階段2.zip::階段2/csv.zip::csv/T2/11000rpm.zip","11000rpm/2screws/T2_Delta_T_data.csv","A_FORMAL_RAW","CSV","100674401","10000","600","T2/11000rpm","2screws","known_fault","10000","High","nine condition archives; ten screw configurations x five channels; preprocessing scripts state Fs=10000"
"階段2.zip::階段2/csv.zip::csv/T2/11000rpm.zip","11000rpm/2screws/T2_X_data.csv","A_FORMAL_RAW","CSV","57479554","10000","600","T2/11000rpm","2screws","known_fault","10000","High","nine condition archives; ten screw configurations x five channels; preprocessing scripts state Fs=10000"
"階段2.zip::階段2/csv.zip::csv/T2/11000rpm.zip","11000rpm/2screws/T2_Y_data.csv","A_FORMAL_RAW","CSV","57522094","10000","600","T2/11000rpm","2screws","known_fault","10000","High","nine condition archives; ten screw configurations x five channels; preprocessing scripts state Fs=10000"
"階段2.zip::階段2/csv.zip::csv/T2/11000rpm.zip","11000rpm/2screws/T2_Z_data.csv","A_FORMAL_RAW","CSV","56833290","10000","600","T2/11000rpm","2screws","known_fault","10000","High","nine condition archives; ten screw configurations x five channels; preprocessing scripts state Fs=10000"
"階段2.zip::階段2/csv.zip::csv/T2/11000rpm.zip","11000rpm/3screws/T2_Current_data.csv","A_FORMAL_RAW","CSV","53450563","10000","600","T2/11000rpm","3screws","known_fault","10000","High","nine condition archives; ten screw configurations x five channels; preprocessing scripts state Fs=10000"
"階段2.zip::階段2/csv.zip::csv/T2/11000rpm.zip","11000rpm/3screws/T2_Delta_T_data.csv","A_FORMAL_RAW","CSV","99499184","10000","600","T2/11000rpm","3screws","known_fault","10000","High","nine condition archives; ten screw configurations x five channels; preprocessing scripts state Fs=10000"
"階段2.zip::階段2/csv.zip::csv/T2/11000rpm.zip","11000rpm/3screws/T2_X_data.csv","A_FORMAL_RAW","CSV","57082007","10000","600","T2/11000rpm","3screws","known_fault","10000","High","nine condition archives; ten screw configurations x five channels; preprocessing scripts state Fs=10000"
"階段2.zip::階段2/csv.zip::csv/T2/11000rpm.zip","11000rpm/3screws/T2_Y_data.csv","A_FORMAL_RAW","CSV","57370299","10000","600","T2/11000rpm","3screws","known_fault","10000","High","nine condition archives; ten screw configurations x five channels; preprocessing scripts state Fs=10000"
"階段2.zip::階段2/csv.zip::csv/T2/11000rpm.zip","11000rpm/3screws/T2_Z_data.csv","A_FORMAL_RAW","CSV","56861455","10000","600","T2/11000rpm","3screws","known_fault","10000","High","nine condition archives; ten screw configurations x five channels; preprocessing scripts state Fs=10000"
"階段2.zip::階段2/csv.zip::csv/T2/11000rpm.zip","11000rpm/3_14screws/T2_Current_data.csv","A_FORMAL_RAW","CSV","53385588","10000","600","T2/11000rpm","3_14screws","unknown_fault","10000","High","nine condition archives; ten screw configurations x five channels; preprocessing scripts state Fs=10000"
"階段2.zip::階段2/csv.zip::csv/T2/11000rpm.zip","11000rpm/3_14screws/T2_Delta_T_data.csv","A_FORMAL_RAW","CSV","99245298","10000","600","T2/11000rpm","3_14screws","unknown_fault","10000","High","nine condition archives; ten screw configurations x five channels; preprocessing scripts state Fs=10000"
"階段2.zip::階段2/csv.zip::csv/T2/11000rpm.zip","11000rpm/3_14screws/T2_X_data.csv","A_FORMAL_RAW","CSV","57489437","10000","600","T2/11000rpm","3_14screws","unknown_fault","10000","High","nine condition archives; ten screw configurations x five channels; preprocessing scripts state Fs=10000"
"階段2.zip::階段2/csv.zip::csv/T2/11000rpm.zip","11000rpm/3_14screws/T2_Y_data.csv","A_FORMAL_RAW","CSV","57437581","10000","600","T2/11000rpm","3_14screws","unknown_fault","10000","High","nine condition archives; ten screw configurations x five channels; preprocessing scripts state Fs=10000"
"階段2.zip::階段2/csv.zip::csv/T2/11000rpm.zip","11000rpm/3_14screws/T2_Z_data.csv","A_FORMAL_RAW","CSV","56803731","10000","600","T2/11000rpm","3_14screws","unknown_fault","10000","High","nine condition archives; ten screw configurations x five channels; preprocessing scripts state Fs=10000"
"階段2.zip::階段2/csv.zip::csv/T2/11000rpm.zip","11000rpm/4screws/T2_Current_data.csv","A_FORMAL_RAW","CSV","53131963","10000","600","T2/11000rpm","4screws","known_fault","10000","High","nine condition archives; ten screw configurations x five channels; preprocessing scripts state Fs=10000"
"階段2.zip::階段2/csv.zip::csv/T2/11000rpm.zip","11000rpm/4screws/T2_Delta_T_data.csv","A_FORMAL_RAW","CSV","101094044","10000","600","T2/11000rpm","4screws","known_fault","10000","High","nine condition archives; ten screw configurations x five channels; preprocessing scripts state Fs=10000"
"階段2.zip::階段2/csv.zip::csv/T2/11000rpm.zip","11000rpm/4screws/T2_X_data.csv","A_FORMAL_RAW","CSV","57116484","10000","600","T2/11000rpm","4screws","known_fault","10000","High","nine condition archives; ten screw configurations x five channels; preprocessing scripts state Fs=10000"
"階段2.zip::階段2/csv.zip::csv/T2/11000rpm.zip","11000rpm/4screws/T2_Y_data.csv","A_FORMAL_RAW","CSV","57443646","10000","600","T2/11000rpm","4screws","known_fault","10000","High","nine condition archives; ten screw configurations x five channels; preprocessing scripts state Fs=10000"
"階段2.zip::階段2/csv.zip::csv/T2/11000rpm.zip","11000rpm/4screws/T2_Z_data.csv","A_FORMAL_RAW","CSV","56791302","10000","600","T2/11000rpm","4screws","known_fault","10000","High","nine condition archives; ten screw configurations x five channels; preprocessing scripts state Fs=10000"
"階段2.zip::階段2/csv.zip::csv/T2/11000rpm.zip","11000rpm/4_146screws/T2_Current_data.csv","A_FORMAL_RAW","CSV","53438461","10000","600","T2/11000rpm","4_146screws","unknown_fault","10000","High","nine condition archives; ten screw configurations x five channels; preprocessing scripts state Fs=10000"
"階段2.zip::階段2/csv.zip::csv/T2/11000rpm.zip","11000rpm/4_146screws/T2_Delta_T_data.csv","A_FORMAL_RAW","CSV","97069357","10000","600","T2/11000rpm","4_146screws","unknown_fault","10000","High","nine condition archives; ten screw configurations x five channels; preprocessing scripts state Fs=10000"
"階段2.zip::階段2/csv.zip::csv/T2/11000rpm.zip","11000rpm/4_146screws/T2_X_data.csv","A_FORMAL_RAW","CSV","56703090","10000","600","T2/11000rpm","4_146screws","unknown_fault","10000","High","nine condition archives; ten screw configurations x five channels; preprocessing scripts state Fs=10000"
"階段2.zip::階段2/csv.zip::csv/T2/11000rpm.zip","11000rpm/4_146screws/T2_Y_data.csv","A_FORMAL_RAW","CSV","56556217","10000","600","T2/11000rpm","4_146screws","unknown_fault","10000","High","nine condition archives; ten screw configurations x five channels; preprocessing scripts state Fs=10000"
"階段2.zip::階段2/csv.zip::csv/T2/11000rpm.zip","11000rpm/4_146screws/T2_Z_data.csv","A_FORMAL_RAW","CSV","56458673","10000","600","T2/11000rpm","4_146screws","unknown_fault","10000","High","nine condition archives; ten screw configurations x five channels; preprocessing scripts state Fs=10000"
"階段2.zip::階段2/csv.zip::csv/T2/11000rpm.zip","11000rpm/5screws/T2_Current_data.csv","A_FORMAL_RAW","CSV","53391543","10000","600","T2/11000rpm","5screws","unknown_fault","10000","High","nine condition archives; ten screw configurations x five channels; preprocessing scripts state Fs=10000"
"階段2.zip::階段2/csv.zip::csv/T2/11000rpm.zip","11000rpm/5screws/T2_Delta_T_data.csv","A_FORMAL_RAW","CSV","98988391","10000","600","T2/11000rpm","5screws","unknown_fault","10000","High","nine condition archives; ten screw configurations x five channels; preprocessing scripts state Fs=10000"
"階段2.zip::階段2/csv.zip::csv/T2/11000rpm.zip","11000rpm/5screws/T2_X_data.csv","A_FORMAL_RAW","CSV","56905661","10000","600","T2/11000rpm","5screws","unknown_fault","10000","High","nine condition archives; ten screw configurations x five channels; preprocessing scripts state Fs=10000"
"階段2.zip::階段2/csv.zip::csv/T2/11000rpm.zip","11000rpm/5screws/T2_Y_data.csv","A_FORMAL_RAW","CSV","57236718","10000","600","T2/11000rpm","5screws","unknown_fault","10000","High","nine condition archives; ten screw configurations x five channels; preprocessing scripts state Fs=10000"
"階段2.zip::階段2/csv.zip::csv/T2/11000rpm.zip","11000rpm/5screws/T2_Z_data.csv","A_FORMAL_RAW","CSV","56852854","10000","600","T2/11000rpm","5screws","unknown_fault","10000","High","nine condition archives; ten screw configurations x five channels; preprocessing scripts state Fs=10000"
"階段2.zip::階段2/csv.zip::csv/T2/11000rpm.zip","11000rpm/6screws/T2_Current_data.csv","A_FORMAL_RAW","CSV","53281669","10000","600","T2/11000rpm","6screws","unknown_fault","10000","High","nine condition archives; ten screw configurations x five channels; preprocessing scripts state Fs=10000"
"階段2.zip::階段2/csv.zip::csv/T2/11000rpm.zip","11000rpm/6screws/T2_Delta_T_data.csv","A_FORMAL_RAW","CSV","104767579","10000","600","T2/11000rpm","6screws","unknown_fault","10000","High","nine condition archives; ten screw configurations x five channels; preprocessing scripts state Fs=10000"
"階段2.zip::階段2/csv.zip::csv/T2/11000rpm.zip","11000rpm/6screws/T2_X_data.csv","A_FORMAL_RAW","CSV","57279980","10000","600","T2/11000rpm","6screws","unknown_fault","10000","High","nine condition archives; ten screw configurations x five channels; preprocessing scripts state Fs=10000"
"階段2.zip::階段2/csv.zip::csv/T2/11000rpm.zip","11000rpm/6screws/T2_Y_data.csv","A_FORMAL_RAW","CSV","57508695","10000","600","T2/11000rpm","6screws","unknown_fault","10000","High","nine condition archives; ten screw configurations x five channels; preprocessing scripts state Fs=10000"
"階段2.zip::階段2/csv.zip::csv/T2/11000rpm.zip","11000rpm/6screws/T2_Z_data.csv","A_FORMAL_RAW","CSV","56864582","10000","600","T2/11000rpm","6screws","unknown_fault","10000","High","nine condition archives; ten screw configurations x five channels; preprocessing scripts state Fs=10000"
"階段2.zip::階段2/csv.zip::csv/T2/11000rpm.zip","11000rpm/7screws/T2_Current_data.csv","A_FORMAL_RAW","CSV","53380603","10000","600","T2/11000rpm","7screws","unknown_fault","10000","High","nine condition archives; ten screw configurations x five channels; preprocessing scripts state Fs=10000"
"階段2.zip::階段2/csv.zip::csv/T2/11000rpm.zip","11000rpm/7screws/T2_Delta_T_data.csv","A_FORMAL_RAW","CSV","98445056","10000","600","T2/11000rpm","7screws","unknown_fault","10000","High","nine condition archives; ten screw configurations x five channels; preprocessing scripts state Fs=10000"
"階段2.zip::階段2/csv.zip::csv/T2/11000rpm.zip","11000rpm/7screws/T2_X_data.csv","A_FORMAL_RAW","CSV","57274362","10000","600","T2/11000rpm","7screws","unknown_fault","10000","High","nine condition archives; ten screw configurations x five channels; preprocessing scripts state Fs=10000"
"階段2.zip::階段2/csv.zip::csv/T2/11000rpm.zip","11000rpm/7screws/T2_Y_data.csv","A_FORMAL_RAW","CSV","57282572","10000","600","T2/11000rpm","7screws","unknown_fault","10000","High","nine condition archives; ten screw configurations x five channels; preprocessing scripts state Fs=10000"
"階段2.zip::階段2/csv.zip::csv/T2/11000rpm.zip","11000rpm/7screws/T2_Z_data.csv","A_FORMAL_RAW","CSV","56897076","10000","600","T2/11000rpm","7screws","unknown_fault","10000","High","nine condition archives; ten screw configurations x five channels; preprocessing scripts state Fs=10000"
"階段2.zip::階段2/csv.zip::csv/T2/11000rpm.zip","11000rpm/8screws/T2_Current_data.csv","A_FORMAL_RAW","CSV","53138001","10000","600","T2/11000rpm","8screws","known_healthy","10000","High","nine condition archives; ten screw configurations x five channels; preprocessing scripts state Fs=10000"
"階段2.zip::階段2/csv.zip::csv/T2/11000rpm.zip","11000rpm/8screws/T2_Delta_T_data.csv","A_FORMAL_RAW","CSV","104836262","10000","600","T2/11000rpm","8screws","known_healthy","10000","High","nine condition archives; ten screw configurations x five channels; preprocessing scripts state Fs=10000"
"階段2.zip::階段2/csv.zip::csv/T2/11000rpm.zip","11000rpm/8screws/T2_X_data.csv","A_FORMAL_RAW","CSV","57276148","10000","600","T2/11000rpm","8screws","known_healthy","10000","High","nine condition archives; ten screw configurations x five channels; preprocessing scripts state Fs=10000"
"階段2.zip::階段2/csv.zip::csv/T2/11000rpm.zip","11000rpm/8screws/T2_Y_data.csv","A_FORMAL_RAW","CSV","57238500","10000","600","T2/11000rpm","8screws","known_healthy","10000","High","nine condition archives; ten screw configurations x five channels; preprocessing scripts state Fs=10000"
"階段2.zip::階段2/csv.zip::csv/T2/11000rpm.zip","11000rpm/8screws/T2_Z_data.csv","A_FORMAL_RAW","CSV","56956309","10000","600","T2/11000rpm","8screws","known_healthy","10000","High","nine condition archives; ten screw configurations x five channels; preprocessing scripts state Fs=10000"
"階段2.zip::階段2/csv.zip::csv/T2/6000rpm.zip","6000rpm/1screws/T2_Current_data.csv","A_FORMAL_RAW","CSV","53169456","10000","600","T2/6000rpm","1screws","known_fault","10000","High","nine condition archives; ten screw configurations x five channels; preprocessing scripts state Fs=10000"
"階段2.zip::階段2/csv.zip::csv/T2/6000rpm.zip","6000rpm/1screws/T2_Delta_T_data.csv","A_FORMAL_RAW","CSV","104615603","10000","600","T2/6000rpm","1screws","known_fault","10000","High","nine condition archives; ten screw configurations x five channels; preprocessing scripts state Fs=10000"
"階段2.zip::階段2/csv.zip::csv/T2/6000rpm.zip","6000rpm/1screws/T2_X_data.csv","A_FORMAL_RAW","CSV","58181595","10000","600","T2/6000rpm","1screws","known_fault","10000","High","nine condition archives; ten screw configurations x five channels; preprocessing scripts state Fs=10000"
"階段2.zip::階段2/csv.zip::csv/T2/6000rpm.zip","6000rpm/1screws/T2_Y_data.csv","A_FORMAL_RAW","CSV","57602970","10000","600","T2/6000rpm","1screws","known_fault","10000","High","nine condition archives; ten screw configurations x five channels; preprocessing scripts state Fs=10000"
"階段2.zip::階段2/csv.zip::csv/T2/6000rpm.zip","6000rpm/1screws/T2_Z_data.csv","A_FORMAL_RAW","CSV","57219605","10000","600","T2/6000rpm","1screws","known_fault","10000","High","nine condition archives; ten screw configurations x five channels; preprocessing scripts state Fs=10000"
"階段2.zip::階段2/csv.zip::csv/T2/6000rpm.zip","6000rpm/2screws/T2_Current_data.csv","A_FORMAL_RAW","CSV","53181273","10000","600","T2/6000rpm","2screws","known_fault","10000","High","nine condition archives; ten screw configurations x five channels; preprocessing scripts state Fs=10000"
"階段2.zip::階段2/csv.zip::csv/T2/6000rpm.zip","6000rpm/2screws/T2_Delta_T_data.csv","A_FORMAL_RAW","CSV","104676013","10000","600","T2/6000rpm","2screws","known_fault","10000","High","nine condition archives; ten screw configurations x five channels; preprocessing scripts state Fs=10000"
"階段2.zip::階段2/csv.zip::csv/T2/6000rpm.zip","6000rpm/2screws/T2_X_data.csv","A_FORMAL_RAW","CSV","58776293","10000","600","T2/6000rpm","2screws","known_fault","10000","High","nine condition archives; ten screw configurations x five channels; preprocessing scripts state Fs=10000"
"階段2.zip::階段2/csv.zip::csv/T2/6000rpm.zip","6000rpm/2screws/T2_Y_data.csv","A_FORMAL_RAW","CSV","58326190","10000","600","T2/6000rpm","2screws","known_fault","10000","High","nine condition archives; ten screw configurations x five channels; preprocessing scripts state Fs=10000"
"階段2.zip::階段2/csv.zip::csv/T2/6000rpm.zip","6000rpm/2screws/T2_Z_data.csv","A_FORMAL_RAW","CSV","57464640","10000","600","T2/6000rpm","2screws","known_fault","10000","High","nine condition archives; ten screw configurations x five channels; preprocessing scripts state Fs=10000"
"階段2.zip::階段2/csv.zip::csv/T2/6000rpm.zip","6000rpm/3screws/T2_Current_data.csv","A_FORMAL_RAW","CSV","53165450","10000","600","T2/6000rpm","3screws","known_fault","10000","High","nine condition archives; ten screw configurations x five channels; preprocessing scripts state Fs=10000"
"階段2.zip::階段2/csv.zip::csv/T2/6000rpm.zip","6000rpm/3screws/T2_Delta_T_data.csv","A_FORMAL_RAW","CSV","105586842","10000","600","T2/6000rpm","3screws","known_fault","10000","High","nine condition archives; ten screw configurations x five channels; preprocessing scripts state Fs=10000"
"階段2.zip::階段2/csv.zip::csv/T2/6000rpm.zip","6000rpm/3screws/T2_X_data.csv","A_FORMAL_RAW","CSV","58352445","10000","600","T2/6000rpm","3screws","known_fault","10000","High","nine condition archives; ten screw configurations x five channels; preprocessing scripts state Fs=10000"
"階段2.zip::階段2/csv.zip::csv/T2/6000rpm.zip","6000rpm/3screws/T2_Y_data.csv","A_FORMAL_RAW","CSV","57962137","10000","600","T2/6000rpm","3screws","known_fault","10000","High","nine condition archives; ten screw configurations x five channels; preprocessing scripts state Fs=10000"
"階段2.zip::階段2/csv.zip::csv/T2/6000rpm.zip","6000rpm/3screws/T2_Z_data.csv","A_FORMAL_RAW","CSV","57400085","10000","600","T2/6000rpm","3screws","known_fault","10000","High","nine condition archives; ten screw configurations x five channels; preprocessing scripts state Fs=10000"
"階段2.zip::階段2/csv.zip::csv/T2/6000rpm.zip","6000rpm/3_14screws/T2_Current_data.csv","A_FORMAL_RAW","CSV","53350671","10000","600","T2/6000rpm","3_14screws","unknown_fault","10000","High","nine condition archives; ten screw configurations x five channels; preprocessing scripts state Fs=10000"
"階段2.zip::階段2/csv.zip::csv/T2/6000rpm.zip","6000rpm/3_14screws/T2_Delta_T_data.csv","A_FORMAL_RAW","CSV","104653695","10000","600","T2/6000rpm","3_14screws","unknown_fault","10000","High","nine condition archives; ten screw configurations x five channels; preprocessing scripts state Fs=10000"
"階段2.zip::階段2/csv.zip::csv/T2/6000rpm.zip","6000rpm/3_14screws/T2_X_data.csv","A_FORMAL_RAW","CSV","58213917","10000","600","T2/6000rpm","3_14screws","unknown_fault","10000","High","nine condition archives; ten screw configurations x five channels; preprocessing scripts state Fs=10000"
"階段2.zip::階段2/csv.zip::csv/T2/6000rpm.zip","6000rpm/3_14screws/T2_Y_data.csv","A_FORMAL_RAW","CSV","57810048","10000","600","T2/6000rpm","3_14screws","unknown_fault","10000","High","nine condition archives; ten screw configurations x five channels; preprocessing scripts state Fs=10000"
"階段2.zip::階段2/csv.zip::csv/T2/6000rpm.zip","6000rpm/3_14screws/T2_Z_data.csv","A_FORMAL_RAW","CSV","57241844","10000","600","T2/6000rpm","3_14screws","unknown_fault","10000","High","nine condition archives; ten screw configurations x five channels; preprocessing scripts state Fs=10000"
"階段2.zip::階段2/csv.zip::csv/T2/6000rpm.zip","6000rpm/4screws/T2_Current_data.csv","A_FORMAL_RAW","CSV","53411319","10000","600","T2/6000rpm","4screws","known_fault","10000","High","nine condition archives; ten screw configurations x five channels; preprocessing scripts state Fs=10000"
"階段2.zip::階段2/csv.zip::csv/T2/6000rpm.zip","6000rpm/4screws/T2_Delta_T_data.csv","A_FORMAL_RAW","CSV","104876494","10000","600","T2/6000rpm","4screws","known_fault","10000","High","nine condition archives; ten screw configurations x five channels; preprocessing scripts state Fs=10000"
"階段2.zip::階段2/csv.zip::csv/T2/6000rpm.zip","6000rpm/4screws/T2_X_data.csv","A_FORMAL_RAW","CSV","58518069","10000","600","T2/6000rpm","4screws","known_fault","10000","High","nine condition archives; ten screw configurations x five channels; preprocessing scripts state Fs=10000"
"階段2.zip::階段2/csv.zip::csv/T2/6000rpm.zip","6000rpm/4screws/T2_Y_data.csv","A_FORMAL_RAW","CSV","58368501","10000","600","T2/6000rpm","4screws","known_fault","10000","High","nine condition archives; ten screw configurations x five channels; preprocessing scripts state Fs=10000"
"階段2.zip::階段2/csv.zip::csv/T2/6000rpm.zip","6000rpm/4screws/T2_Z_data.csv","A_FORMAL_RAW","CSV","57495694","10000","600","T2/6000rpm","4screws","known_fault","10000","High","nine condition archives; ten screw configurations x five channels; preprocessing scripts state Fs=10000"
"階段2.zip::階段2/csv.zip::csv/T2/6000rpm.zip","6000rpm/4_146screws/T2_Current_data.csv","A_FORMAL_RAW","CSV","53416516","10000","600","T2/6000rpm","4_146screws","unknown_fault","10000","High","nine condition archives; ten screw configurations x five channels; preprocessing scripts state Fs=10000"
"階段2.zip::階段2/csv.zip::csv/T2/6000rpm.zip","6000rpm/4_146screws/T2_Delta_T_data.csv","A_FORMAL_RAW","CSV","104714043","10000","600","T2/6000rpm","4_146screws","unknown_fault","10000","High","nine condition archives; ten screw configurations x five channels; preprocessing scripts state Fs=10000"
"階段2.zip::階段2/csv.zip::csv/T2/6000rpm.zip","6000rpm/4_146screws/T2_X_data.csv","A_FORMAL_RAW","CSV","58321561","10000","600","T2/6000rpm","4_146screws","unknown_fault","10000","High","nine condition archives; ten screw configurations x five channels; preprocessing scripts state Fs=10000"
"階段2.zip::階段2/csv.zip::csv/T2/6000rpm.zip","6000rpm/4_146screws/T2_Y_data.csv","A_FORMAL_RAW","CSV","57858980","10000","600","T2/6000rpm","4_146screws","unknown_fault","10000","High","nine condition archives; ten screw configurations x five channels; preprocessing scripts state Fs=10000"
"階段2.zip::階段2/csv.zip::csv/T2/6000rpm.zip","6000rpm/4_146screws/T2_Z_data.csv","A_FORMAL_RAW","CSV","57456325","10000","600","T2/6000rpm","4_146screws","unknown_fault","10000","High","nine condition archives; ten screw configurations x five channels; preprocessing scripts state Fs=10000"
"階段2.zip::階段2/csv.zip::csv/T2/6000rpm.zip","6000rpm/5screws/T2_Current_data.csv","A_FORMAL_RAW","CSV","53314140","10000","600","T2/6000rpm","5screws","unknown_fault","10000","High","nine condition archives; ten screw configurations x five channels; preprocessing scripts state Fs=10000"
"階段2.zip::階段2/csv.zip::csv/T2/6000rpm.zip","6000rpm/5screws/T2_Delta_T_data.csv","A_FORMAL_RAW","CSV","104787124","10000","600","T2/6000rpm","5screws","unknown_fault","10000","High","nine condition archives; ten screw configurations x five channels; preprocessing scripts state Fs=10000"
"階段2.zip::階段2/csv.zip::csv/T2/6000rpm.zip","6000rpm/5screws/T2_X_data.csv","A_FORMAL_RAW","CSV","58192215","10000","600","T2/6000rpm","5screws","unknown_fault","10000","High","nine condition archives; ten screw configurations x five channels; preprocessing scripts state Fs=10000"
"階段2.zip::階段2/csv.zip::csv/T2/6000rpm.zip","6000rpm/5screws/T2_Y_data.csv","A_FORMAL_RAW","CSV","57585189","10000","600","T2/6000rpm","5screws","unknown_fault","10000","High","nine condition archives; ten screw configurations x five channels; preprocessing scripts state Fs=10000"
"階段2.zip::階段2/csv.zip::csv/T2/6000rpm.zip","6000rpm/5screws/T2_Z_data.csv","A_FORMAL_RAW","CSV","57409755","10000","600","T2/6000rpm","5screws","unknown_fault","10000","High","nine condition archives; ten screw configurations x five channels; preprocessing scripts state Fs=10000"
"階段2.zip::階段2/csv.zip::csv/T2/6000rpm.zip","6000rpm/6screws/T2_Current_data.csv","A_FORMAL_RAW","CSV","53205630","10000","600","T2/6000rpm","6screws","unknown_fault","10000","High","nine condition archives; ten screw configurations x five channels; preprocessing scripts state Fs=10000"
"階段2.zip::階段2/csv.zip::csv/T2/6000rpm.zip","6000rpm/6screws/T2_Delta_T_data.csv","A_FORMAL_RAW","CSV","104628229","10000","600","T2/6000rpm","6screws","unknown_fault","10000","High","nine condition archives; ten screw configurations x five channels; preprocessing scripts state Fs=10000"
"階段2.zip::階段2/csv.zip::csv/T2/6000rpm.zip","6000rpm/6screws/T2_X_data.csv","A_FORMAL_RAW","CSV","58633722","10000","600","T2/6000rpm","6screws","unknown_fault","10000","High","nine condition archives; ten screw configurations x five channels; preprocessing scripts state Fs=10000"
"階段2.zip::階段2/csv.zip::csv/T2/6000rpm.zip","6000rpm/6screws/T2_Y_data.csv","A_FORMAL_RAW","CSV","58354618","10000","600","T2/6000rpm","6screws","unknown_fault","10000","High","nine condition archives; ten screw configurations x five channels; preprocessing scripts state Fs=10000"
"階段2.zip::階段2/csv.zip::csv/T2/6000rpm.zip","6000rpm/6screws/T2_Z_data.csv","A_FORMAL_RAW","CSV","57600428","10000","600","T2/6000rpm","6screws","unknown_fault","10000","High","nine condition archives; ten screw configurations x five channels; preprocessing scripts state Fs=10000"
"階段2.zip::階段2/csv.zip::csv/T2/6000rpm.zip","6000rpm/7screws/T2_Current_data.csv","A_FORMAL_RAW","CSV","53120111","10000","599","T2/6000rpm","7screws","unknown_fault","10000","High","nine condition archives; ten screw configurations x five channels; preprocessing scripts state Fs=10000"
"階段2.zip::階段2/csv.zip::csv/T2/6000rpm.zip","6000rpm/7screws/T2_Delta_T_data.csv","A_FORMAL_RAW","CSV","104634649","10000","600","T2/6000rpm","7screws","unknown_fault","10000","High","nine condition archives; ten screw configurations x five channels; preprocessing scripts state Fs=10000"
"階段2.zip::階段2/csv.zip::csv/T2/6000rpm.zip","6000rpm/7screws/T2_X_data.csv","A_FORMAL_RAW","CSV","57352945","10000","600","T2/6000rpm","7screws","unknown_fault","10000","High","nine condition archives; ten screw configurations x five channels; preprocessing scripts state Fs=10000"
"階段2.zip::階段2/csv.zip::csv/T2/6000rpm.zip","6000rpm/7screws/T2_Y_data.csv","A_FORMAL_RAW","CSV","57145153","10000","600","T2/6000rpm","7screws","unknown_fault","10000","High","nine condition archives; ten screw configurations x five channels; preprocessing scripts state Fs=10000"
"階段2.zip::階段2/csv.zip::csv/T2/6000rpm.zip","6000rpm/7screws/T2_Z_data.csv","A_FORMAL_RAW","CSV","56829292","10000","600","T2/6000rpm","7screws","unknown_fault","10000","High","nine condition archives; ten screw configurations x five channels; preprocessing scripts state Fs=10000"
"階段2.zip::階段2/csv.zip::csv/T2/6000rpm.zip","6000rpm/8screws/T2_Current_data.csv","A_FORMAL_RAW","CSV","53181229","10000","600","T2/6000rpm","8screws","known_healthy","10000","High","nine condition archives; ten screw configurations x five channels; preprocessing scripts state Fs=10000"
"階段2.zip::階段2/csv.zip::csv/T2/6000rpm.zip","6000rpm/8screws/T2_Delta_T_data.csv","A_FORMAL_RAW","CSV","104610895","10000","600","T2/6000rpm","8screws","known_healthy","10000","High","nine condition archives; ten screw configurations x five channels; preprocessing scripts state Fs=10000"
"階段2.zip::階段2/csv.zip::csv/T2/6000rpm.zip","6000rpm/8screws/T2_X_data.csv","A_FORMAL_RAW","CSV","58462764","10000","600","T2/6000rpm","8screws","known_healthy","10000","High","nine condition archives; ten screw configurations x five channels; preprocessing scripts state Fs=10000"
"階段2.zip::階段2/csv.zip::csv/T2/6000rpm.zip","6000rpm/8screws/T2_Y_data.csv","A_FORMAL_RAW","CSV","58638438","10000","600","T2/6000rpm","8screws","known_healthy","10000","High","nine condition archives; ten screw configurations x five channels; preprocessing scripts state Fs=10000"
"階段2.zip::階段2/csv.zip::csv/T2/6000rpm.zip","6000rpm/8screws/T2_Z_data.csv","A_FORMAL_RAW","CSV","57257582","10000","600","T2/6000rpm","8screws","known_healthy","10000","High","nine condition archives; ten screw configurations x five channels; preprocessing scripts state Fs=10000"
"階段2.zip::階段2/csv.zip::csv/T2/8000rpm.zip","8000rpm/1screws/T2_Current_data.csv","A_FORMAL_RAW","CSV","53227776","10000","600","T2/8000rpm","1screws","known_fault","10000","High","nine condition archives; ten screw configurations x five channels; preprocessing scripts state Fs=10000"
"階段2.zip::階段2/csv.zip::csv/T2/8000rpm.zip","8000rpm/1screws/T2_Delta_T_data.csv","A_FORMAL_RAW","CSV","104671671","10000","600","T2/8000rpm","1screws","known_fault","10000","High","nine condition archives; ten screw configurations x five channels; preprocessing scripts state Fs=10000"
"階段2.zip::階段2/csv.zip::csv/T2/8000rpm.zip","8000rpm/1screws/T2_X_data.csv","A_FORMAL_RAW","CSV","58075849","10000","600","T2/8000rpm","1screws","known_fault","10000","High","nine condition archives; ten screw configurations x five channels; preprocessing scripts state Fs=10000"
"階段2.zip::階段2/csv.zip::csv/T2/8000rpm.zip","8000rpm/1screws/T2_Y_data.csv","A_FORMAL_RAW","CSV","57671242","10000","600","T2/8000rpm","1screws","known_fault","10000","High","nine condition archives; ten screw configurations x five channels; preprocessing scripts state Fs=10000"
"階段2.zip::階段2/csv.zip::csv/T2/8000rpm.zip","8000rpm/1screws/T2_Z_data.csv","A_FORMAL_RAW","CSV","57016833","10000","600","T2/8000rpm","1screws","known_fault","10000","High","nine condition archives; ten screw configurations x five channels; preprocessing scripts state Fs=10000"
"階段2.zip::階段2/csv.zip::csv/T2/8000rpm.zip","8000rpm/2screws/T2_Current_data.csv","A_FORMAL_RAW","CSV","51367560","10000","580","T2/8000rpm","2screws","known_fault","10000","High","nine condition archives; ten screw configurations x five channels; preprocessing scripts state Fs=10000"
"階段2.zip::階段2/csv.zip::csv/T2/8000rpm.zip","8000rpm/2screws/T2_Delta_T_data.csv","A_FORMAL_RAW","CSV","101241131","10000","580","T2/8000rpm","2screws","known_fault","10000","High","nine condition archives; ten screw configurations x five channels; preprocessing scripts state Fs=10000"
"階段2.zip::階段2/csv.zip::csv/T2/8000rpm.zip","8000rpm/2screws/T2_X_data.csv","A_FORMAL_RAW","CSV","55556102","10000","580","T2/8000rpm","2screws","known_fault","10000","High","nine condition archives; ten screw configurations x five channels; preprocessing scripts state Fs=10000"
"階段2.zip::階段2/csv.zip::csv/T2/8000rpm.zip","8000rpm/2screws/T2_Y_data.csv","A_FORMAL_RAW","CSV","55292216","10000","580","T2/8000rpm","2screws","known_fault","10000","High","nine condition archives; ten screw configurations x five channels; preprocessing scripts state Fs=10000"
"階段2.zip::階段2/csv.zip::csv/T2/8000rpm.zip","8000rpm/2screws/T2_Z_data.csv","A_FORMAL_RAW","CSV","55008762","10000","580","T2/8000rpm","2screws","known_fault","10000","High","nine condition archives; ten screw configurations x five channels; preprocessing scripts state Fs=10000"
"階段2.zip::階段2/csv.zip::csv/T2/8000rpm.zip","8000rpm/3screws/T2_Current_data.csv","A_FORMAL_RAW","CSV","53254870","10000","600","T2/8000rpm","3screws","known_fault","10000","High","nine condition archives; ten screw configurations x five channels; preprocessing scripts state Fs=10000"
"階段2.zip::階段2/csv.zip::csv/T2/8000rpm.zip","8000rpm/3screws/T2_Delta_T_data.csv","A_FORMAL_RAW","CSV","104726694","10000","600","T2/8000rpm","3screws","known_fault","10000","High","nine condition archives; ten screw configurations x five channels; preprocessing scripts state Fs=10000"
"階段2.zip::階段2/csv.zip::csv/T2/8000rpm.zip","8000rpm/3screws/T2_X_data.csv","A_FORMAL_RAW","CSV","57902200","10000","600","T2/8000rpm","3screws","known_fault","10000","High","nine condition archives; ten screw configurations x five channels; preprocessing scripts state Fs=10000"
"階段2.zip::階段2/csv.zip::csv/T2/8000rpm.zip","8000rpm/3screws/T2_Y_data.csv","A_FORMAL_RAW","CSV","57648467","10000","600","T2/8000rpm","3screws","known_fault","10000","High","nine condition archives; ten screw configurations x five channels; preprocessing scripts state Fs=10000"
"階段2.zip::階段2/csv.zip::csv/T2/8000rpm.zip","8000rpm/3screws/T2_Z_data.csv","A_FORMAL_RAW","CSV","57028985","10000","600","T2/8000rpm","3screws","known_fault","10000","High","nine condition archives; ten screw configurations x five channels; preprocessing scripts state Fs=10000"
"階段2.zip::階段2/csv.zip::csv/T2/8000rpm.zip","8000rpm/3_14screws/T2_Current_data.csv","A_FORMAL_RAW","CSV","53255569","10000","600","T2/8000rpm","3_14screws","unknown_fault","10000","High","nine condition archives; ten screw configurations x five channels; preprocessing scripts state Fs=10000"
"階段2.zip::階段2/csv.zip::csv/T2/8000rpm.zip","8000rpm/3_14screws/T2_Delta_T_data.csv","A_FORMAL_RAW","CSV","104673419","10000","600","T2/8000rpm","3_14screws","unknown_fault","10000","High","nine condition archives; ten screw configurations x five channels; preprocessing scripts state Fs=10000"
"階段2.zip::階段2/csv.zip::csv/T2/8000rpm.zip","8000rpm/3_14screws/T2_X_data.csv","A_FORMAL_RAW","CSV","57931838","10000","600","T2/8000rpm","3_14screws","unknown_fault","10000","High","nine condition archives; ten screw configurations x five channels; preprocessing scripts state Fs=10000"
"階段2.zip::階段2/csv.zip::csv/T2/8000rpm.zip","8000rpm/3_14screws/T2_Y_data.csv","A_FORMAL_RAW","CSV","57719041","10000","600","T2/8000rpm","3_14screws","unknown_fault","10000","High","nine condition archives; ten screw configurations x five channels; preprocessing scripts state Fs=10000"
"階段2.zip::階段2/csv.zip::csv/T2/8000rpm.zip","8000rpm/3_14screws/T2_Z_data.csv","A_FORMAL_RAW","CSV","57049045","10000","600","T2/8000rpm","3_14screws","unknown_fault","10000","High","nine condition archives; ten screw configurations x five channels; preprocessing scripts state Fs=10000"
"階段2.zip::階段2/csv.zip::csv/T2/8000rpm.zip","8000rpm/4screws/T2_Current_data.csv","A_FORMAL_RAW","CSV","53127766","10000","600","T2/8000rpm","4screws","known_fault","10000","High","nine condition archives; ten screw configurations x five channels; preprocessing scripts state Fs=10000"
"階段2.zip::階段2/csv.zip::csv/T2/8000rpm.zip","8000rpm/4screws/T2_Delta_T_data.csv","A_FORMAL_RAW","CSV","104796255","10000","600","T2/8000rpm","4screws","known_fault","10000","High","nine condition archives; ten screw configurations x five channels; preprocessing scripts state Fs=10000"
"階段2.zip::階段2/csv.zip::csv/T2/8000rpm.zip","8000rpm/4screws/T2_X_data.csv","A_FORMAL_RAW","CSV","57624323","10000","600","T2/8000rpm","4screws","known_fault","10000","High","nine condition archives; ten screw configurations x five channels; preprocessing scripts state Fs=10000"
"階段2.zip::階段2/csv.zip::csv/T2/8000rpm.zip","8000rpm/4screws/T2_Y_data.csv","A_FORMAL_RAW","CSV","57683489","10000","600","T2/8000rpm","4screws","known_fault","10000","High","nine condition archives; ten screw configurations x five channels; preprocessing scripts state Fs=10000"
"階段2.zip::階段2/csv.zip::csv/T2/8000rpm.zip","8000rpm/4screws/T2_Z_data.csv","A_FORMAL_RAW","CSV","57005616","10000","600","T2/8000rpm","4screws","known_fault","10000","High","nine condition archives; ten screw configurations x five channels; preprocessing scripts state Fs=10000"
"階段2.zip::階段2/csv.zip::csv/T2/8000rpm.zip","8000rpm/4_146screws/T2_Current_data.csv","A_FORMAL_RAW","CSV","53418858","10000","600","T2/8000rpm","4_146screws","unknown_fault","10000","High","nine condition archives; ten screw configurations x five channels; preprocessing scripts state Fs=10000"
"階段2.zip::階段2/csv.zip::csv/T2/8000rpm.zip","8000rpm/4_146screws/T2_Delta_T_data.csv","A_FORMAL_RAW","CSV","104646027","10000","600","T2/8000rpm","4_146screws","unknown_fault","10000","High","nine condition archives; ten screw configurations x five channels; preprocessing scripts state Fs=10000"
"階段2.zip::階段2/csv.zip::csv/T2/8000rpm.zip","8000rpm/4_146screws/T2_X_data.csv","A_FORMAL_RAW","CSV","57514061","10000","600","T2/8000rpm","4_146screws","unknown_fault","10000","High","nine condition archives; ten screw configurations x five channels; preprocessing scripts state Fs=10000"
"階段2.zip::階段2/csv.zip::csv/T2/8000rpm.zip","8000rpm/4_146screws/T2_Y_data.csv","A_FORMAL_RAW","CSV","57233757","10000","600","T2/8000rpm","4_146screws","unknown_fault","10000","High","nine condition archives; ten screw configurations x five channels; preprocessing scripts state Fs=10000"
"階段2.zip::階段2/csv.zip::csv/T2/8000rpm.zip","8000rpm/4_146screws/T2_Z_data.csv","A_FORMAL_RAW","CSV","56925617","10000","600","T2/8000rpm","4_146screws","unknown_fault","10000","High","nine condition archives; ten screw configurations x five channels; preprocessing scripts state Fs=10000"
"階段2.zip::階段2/csv.zip::csv/T2/8000rpm.zip","8000rpm/5screws/T2_Current_data.csv","A_FORMAL_RAW","CSV","53087044","10000","600","T2/8000rpm","5screws","unknown_fault","10000","High","nine condition archives; ten screw configurations x five channels; preprocessing scripts state Fs=10000"
"階段2.zip::階段2/csv.zip::csv/T2/8000rpm.zip","8000rpm/5screws/T2_Delta_T_data.csv","A_FORMAL_RAW","CSV","104770004","10000","600","T2/8000rpm","5screws","unknown_fault","10000","High","nine condition archives; ten screw configurations x five channels; preprocessing scripts state Fs=10000"
"階段2.zip::階段2/csv.zip::csv/T2/8000rpm.zip","8000rpm/5screws/T2_X_data.csv","A_FORMAL_RAW","CSV","57563288","10000","600","T2/8000rpm","5screws","unknown_fault","10000","High","nine condition archives; ten screw configurations x five channels; preprocessing scripts state Fs=10000"
"階段2.zip::階段2/csv.zip::csv/T2/8000rpm.zip","8000rpm/5screws/T2_Y_data.csv","A_FORMAL_RAW","CSV","57334532","10000","600","T2/8000rpm","5screws","unknown_fault","10000","High","nine condition archives; ten screw configurations x five channels; preprocessing scripts state Fs=10000"
"階段2.zip::階段2/csv.zip::csv/T2/8000rpm.zip","8000rpm/5screws/T2_Z_data.csv","A_FORMAL_RAW","CSV","56911669","10000","600","T2/8000rpm","5screws","unknown_fault","10000","High","nine condition archives; ten screw configurations x five channels; preprocessing scripts state Fs=10000"
"階段2.zip::階段2/csv.zip::csv/T2/8000rpm.zip","8000rpm/6screws/T2_Current_data.csv","A_FORMAL_RAW","CSV","53245941","10000","600","T2/8000rpm","6screws","unknown_fault","10000","High","nine condition archives; ten screw configurations x five channels; preprocessing scripts state Fs=10000"
"階段2.zip::階段2/csv.zip::csv/T2/8000rpm.zip","8000rpm/6screws/T2_Delta_T_data.csv","A_FORMAL_RAW","CSV","104730236","10000","600","T2/8000rpm","6screws","unknown_fault","10000","High","nine condition archives; ten screw configurations x five channels; preprocessing scripts state Fs=10000"
"階段2.zip::階段2/csv.zip::csv/T2/8000rpm.zip","8000rpm/6screws/T2_X_data.csv","A_FORMAL_RAW","CSV","57020969","10000","600","T2/8000rpm","6screws","unknown_fault","10000","High","nine condition archives; ten screw configurations x five channels; preprocessing scripts state Fs=10000"
"階段2.zip::階段2/csv.zip::csv/T2/8000rpm.zip","8000rpm/6screws/T2_Y_data.csv","A_FORMAL_RAW","CSV","57025913","10000","600","T2/8000rpm","6screws","unknown_fault","10000","High","nine condition archives; ten screw configurations x five channels; preprocessing scripts state Fs=10000"
"階段2.zip::階段2/csv.zip::csv/T2/8000rpm.zip","8000rpm/6screws/T2_Z_data.csv","A_FORMAL_RAW","CSV","56729929","10000","600","T2/8000rpm","6screws","unknown_fault","10000","High","nine condition archives; ten screw configurations x five channels; preprocessing scripts state Fs=10000"
"階段2.zip::階段2/csv.zip::csv/T2/8000rpm.zip","8000rpm/7screws/T2_Current_data.csv","A_FORMAL_RAW","CSV","53261146","10000","600","T2/8000rpm","7screws","unknown_fault","10000","High","nine condition archives; ten screw configurations x five channels; preprocessing scripts state Fs=10000"
"階段2.zip::階段2/csv.zip::csv/T2/8000rpm.zip","8000rpm/7screws/T2_Delta_T_data.csv","A_FORMAL_RAW","CSV","105406893","10000","600","T2/8000rpm","7screws","unknown_fault","10000","High","nine condition archives; ten screw configurations x five channels; preprocessing scripts state Fs=10000"
"階段2.zip::階段2/csv.zip::csv/T2/8000rpm.zip","8000rpm/7screws/T2_X_data.csv","A_FORMAL_RAW","CSV","57293540","10000","600","T2/8000rpm","7screws","unknown_fault","10000","High","nine condition archives; ten screw configurations x five channels; preprocessing scripts state Fs=10000"
"階段2.zip::階段2/csv.zip::csv/T2/8000rpm.zip","8000rpm/7screws/T2_Y_data.csv","A_FORMAL_RAW","CSV","57076386","10000","600","T2/8000rpm","7screws","unknown_fault","10000","High","nine condition archives; ten screw configurations x five channels; preprocessing scripts state Fs=10000"
"階段2.zip::階段2/csv.zip::csv/T2/8000rpm.zip","8000rpm/7screws/T2_Z_data.csv","A_FORMAL_RAW","CSV","56826965","10000","600","T2/8000rpm","7screws","unknown_fault","10000","High","nine condition archives; ten screw configurations x five channels; preprocessing scripts state Fs=10000"
"階段2.zip::階段2/csv.zip::csv/T2/8000rpm.zip","8000rpm/8screws/T2_Current_data.csv","A_FORMAL_RAW","CSV","53112667","10000","600","T2/8000rpm","8screws","known_healthy","10000","High","nine condition archives; ten screw configurations x five channels; preprocessing scripts state Fs=10000"
"階段2.zip::階段2/csv.zip::csv/T2/8000rpm.zip","8000rpm/8screws/T2_Delta_T_data.csv","A_FORMAL_RAW","CSV","104634888","10000","600","T2/8000rpm","8screws","known_healthy","10000","High","nine condition archives; ten screw configurations x five channels; preprocessing scripts state Fs=10000"
"階段2.zip::階段2/csv.zip::csv/T2/8000rpm.zip","8000rpm/8screws/T2_X_data.csv","A_FORMAL_RAW","CSV","57809578","10000","600","T2/8000rpm","8screws","known_healthy","10000","High","nine condition archives; ten screw configurations x five channels; preprocessing scripts state Fs=10000"
"階段2.zip::階段2/csv.zip::csv/T2/8000rpm.zip","8000rpm/8screws/T2_Y_data.csv","A_FORMAL_RAW","CSV","58102282","10000","600","T2/8000rpm","8screws","known_healthy","10000","High","nine condition archives; ten screw configurations x five channels; preprocessing scripts state Fs=10000"
"階段2.zip::階段2/csv.zip::csv/T2/8000rpm.zip","8000rpm/8screws/T2_Z_data.csv","A_FORMAL_RAW","CSV","57045879","10000","600","T2/8000rpm","8screws","known_healthy","10000","High","nine condition archives; ten screw configurations x five channels; preprocessing scripts state Fs=10000"
"階段3.zip::階段3/csv.zip::csv/T3/11000rpm.zip","11000rpm/1screws/T3_Current_data.csv","A_FORMAL_RAW","CSV","53177533","10000","600","T3/11000rpm","1screws","known_fault","10000","High","nine condition archives; ten screw configurations x five channels; preprocessing scripts state Fs=10000"
"階段3.zip::階段3/csv.zip::csv/T3/11000rpm.zip","11000rpm/1screws/T3_Delta_T_data.csv","A_FORMAL_RAW","CSV","104710512","10000","600","T3/11000rpm","1screws","known_fault","10000","High","nine condition archives; ten screw configurations x five channels; preprocessing scripts state Fs=10000"
"階段3.zip::階段3/csv.zip::csv/T3/11000rpm.zip","11000rpm/1screws/T3_X_data.csv","A_FORMAL_RAW","CSV","57515158","10000","600","T3/11000rpm","1screws","known_fault","10000","High","nine condition archives; ten screw configurations x five channels; preprocessing scripts state Fs=10000"
"階段3.zip::階段3/csv.zip::csv/T3/11000rpm.zip","11000rpm/1screws/T3_Y_data.csv","A_FORMAL_RAW","CSV","58202414","10000","600","T3/11000rpm","1screws","known_fault","10000","High","nine condition archives; ten screw configurations x five channels; preprocessing scripts state Fs=10000"
"階段3.zip::階段3/csv.zip::csv/T3/11000rpm.zip","11000rpm/1screws/T3_Z_data.csv","A_FORMAL_RAW","CSV","57183245","10000","600","T3/11000rpm","1screws","known_fault","10000","High","nine condition archives; ten screw configurations x five channels; preprocessing scripts state Fs=10000"
"階段3.zip::階段3/csv.zip::csv/T3/11000rpm.zip","11000rpm/2screws/T3_Current_data.csv","A_FORMAL_RAW","CSV","53381216","10000","600","T3/11000rpm","2screws","known_fault","10000","High","nine condition archives; ten screw configurations x five channels; preprocessing scripts state Fs=10000"
"階段3.zip::階段3/csv.zip::csv/T3/11000rpm.zip","11000rpm/2screws/T3_Delta_T_data.csv","A_FORMAL_RAW","CSV","102915088","10000","600","T3/11000rpm","2screws","known_fault","10000","High","nine condition archives; ten screw configurations x five channels; preprocessing scripts state Fs=10000"
"階段3.zip::階段3/csv.zip::csv/T3/11000rpm.zip","11000rpm/2screws/T3_X_data.csv","A_FORMAL_RAW","CSV","57001075","10000","600","T3/11000rpm","2screws","known_fault","10000","High","nine condition archives; ten screw configurations x five channels; preprocessing scripts state Fs=10000"
"階段3.zip::階段3/csv.zip::csv/T3/11000rpm.zip","11000rpm/2screws/T3_Y_data.csv","A_FORMAL_RAW","CSV","57412894","10000","600","T3/11000rpm","2screws","known_fault","10000","High","nine condition archives; ten screw configurations x five channels; preprocessing scripts state Fs=10000"
"階段3.zip::階段3/csv.zip::csv/T3/11000rpm.zip","11000rpm/2screws/T3_Z_data.csv","A_FORMAL_RAW","CSV","56971930","10000","600","T3/11000rpm","2screws","known_fault","10000","High","nine condition archives; ten screw configurations x five channels; preprocessing scripts state Fs=10000"
"階段3.zip::階段3/csv.zip::csv/T3/11000rpm.zip","11000rpm/3screws/T3_Current_data.csv","A_FORMAL_RAW","CSV","53131235","10000","600","T3/11000rpm","3screws","known_fault","10000","High","nine condition archives; ten screw configurations x five channels; preprocessing scripts state Fs=10000"
"階段3.zip::階段3/csv.zip::csv/T3/11000rpm.zip","11000rpm/3screws/T3_Delta_T_data.csv","A_FORMAL_RAW","CSV","99566084","10000","600","T3/11000rpm","3screws","known_fault","10000","High","nine condition archives; ten screw configurations x five channels; preprocessing scripts state Fs=10000"
"階段3.zip::階段3/csv.zip::csv/T3/11000rpm.zip","11000rpm/3screws/T3_X_data.csv","A_FORMAL_RAW","CSV","56910688","10000","600","T3/11000rpm","3screws","known_fault","10000","High","nine condition archives; ten screw configurations x five channels; preprocessing scripts state Fs=10000"
"階段3.zip::階段3/csv.zip::csv/T3/11000rpm.zip","11000rpm/3screws/T3_Y_data.csv","A_FORMAL_RAW","CSV","57007269","10000","600","T3/11000rpm","3screws","known_fault","10000","High","nine condition archives; ten screw configurations x five channels; preprocessing scripts state Fs=10000"
"階段3.zip::階段3/csv.zip::csv/T3/11000rpm.zip","11000rpm/3screws/T3_Z_data.csv","A_FORMAL_RAW","CSV","56771261","10000","600","T3/11000rpm","3screws","known_fault","10000","High","nine condition archives; ten screw configurations x five channels; preprocessing scripts state Fs=10000"
"階段3.zip::階段3/csv.zip::csv/T3/11000rpm.zip","11000rpm/3_14screws/T3_Current_data.csv","A_FORMAL_RAW","CSV","53185985","10000","600","T3/11000rpm","3_14screws","unknown_fault","10000","High","nine condition archives; ten screw configurations x five channels; preprocessing scripts state Fs=10000"
"階段3.zip::階段3/csv.zip::csv/T3/11000rpm.zip","11000rpm/3_14screws/T3_Delta_T_data.csv","A_FORMAL_RAW","CSV","104662280","10000","600","T3/11000rpm","3_14screws","unknown_fault","10000","High","nine condition archives; ten screw configurations x five channels; preprocessing scripts state Fs=10000"
"階段3.zip::階段3/csv.zip::csv/T3/11000rpm.zip","11000rpm/3_14screws/T3_X_data.csv","A_FORMAL_RAW","CSV","57686800","10000","600","T3/11000rpm","3_14screws","unknown_fault","10000","High","nine condition archives; ten screw configurations x five channels; preprocessing scripts state Fs=10000"
"階段3.zip::階段3/csv.zip::csv/T3/11000rpm.zip","11000rpm/3_14screws/T3_Y_data.csv","A_FORMAL_RAW","CSV","58464081","10000","600","T3/11000rpm","3_14screws","unknown_fault","10000","High","nine condition archives; ten screw configurations x five channels; preprocessing scripts state Fs=10000"
"階段3.zip::階段3/csv.zip::csv/T3/11000rpm.zip","11000rpm/3_14screws/T3_Z_data.csv","A_FORMAL_RAW","CSV","57385288","10000","600","T3/11000rpm","3_14screws","unknown_fault","10000","High","nine condition archives; ten screw configurations x five channels; preprocessing scripts state Fs=10000"
"階段3.zip::階段3/csv.zip::csv/T3/11000rpm.zip","11000rpm/4screws/T3_Current_data.csv","A_FORMAL_RAW","CSV","53399595","10000","600","T3/11000rpm","4screws","known_fault","10000","High","nine condition archives; ten screw configurations x five channels; preprocessing scripts state Fs=10000"
"階段3.zip::階段3/csv.zip::csv/T3/11000rpm.zip","11000rpm/4screws/T3_Delta_T_data.csv","A_FORMAL_RAW","CSV","104729059","10000","600","T3/11000rpm","4screws","known_fault","10000","High","nine condition archives; ten screw configurations x five channels; preprocessing scripts state Fs=10000"
"階段3.zip::階段3/csv.zip::csv/T3/11000rpm.zip","11000rpm/4screws/T3_X_data.csv","A_FORMAL_RAW","CSV","57007602","10000","600","T3/11000rpm","4screws","known_fault","10000","High","nine condition archives; ten screw configurations x five channels; preprocessing scripts state Fs=10000"
"階段3.zip::階段3/csv.zip::csv/T3/11000rpm.zip","11000rpm/4screws/T3_Y_data.csv","A_FORMAL_RAW","CSV","56946991","10000","600","T3/11000rpm","4screws","known_fault","10000","High","nine condition archives; ten screw configurations x five channels; preprocessing scripts state Fs=10000"
"階段3.zip::階段3/csv.zip::csv/T3/11000rpm.zip","11000rpm/4screws/T3_Z_data.csv","A_FORMAL_RAW","CSV","56765013","10000","600","T3/11000rpm","4screws","known_fault","10000","High","nine condition archives; ten screw configurations x five channels; preprocessing scripts state Fs=10000"
"階段3.zip::階段3/csv.zip::csv/T3/11000rpm.zip","11000rpm/4_146screws/T3_Current_data.csv","A_FORMAL_RAW","CSV","53190996","10000","600","T3/11000rpm","4_146screws","unknown_fault","10000","High","nine condition archives; ten screw configurations x five channels; preprocessing scripts state Fs=10000"
"階段3.zip::階段3/csv.zip::csv/T3/11000rpm.zip","11000rpm/4_146screws/T3_Delta_T_data.csv","A_FORMAL_RAW","CSV","104735978","10000","600","T3/11000rpm","4_146screws","unknown_fault","10000","High","nine condition archives; ten screw configurations x five channels; preprocessing scripts state Fs=10000"
"階段3.zip::階段3/csv.zip::csv/T3/11000rpm.zip","11000rpm/4_146screws/T3_X_data.csv","A_FORMAL_RAW","CSV","57146286","10000","600","T3/11000rpm","4_146screws","unknown_fault","10000","High","nine condition archives; ten screw configurations x five channels; preprocessing scripts state Fs=10000"
"階段3.zip::階段3/csv.zip::csv/T3/11000rpm.zip","11000rpm/4_146screws/T3_Y_data.csv","A_FORMAL_RAW","CSV","57028089","10000","600","T3/11000rpm","4_146screws","unknown_fault","10000","High","nine condition archives; ten screw configurations x five channels; preprocessing scripts state Fs=10000"
"階段3.zip::階段3/csv.zip::csv/T3/11000rpm.zip","11000rpm/4_146screws/T3_Z_data.csv","A_FORMAL_RAW","CSV","56885103","10000","600","T3/11000rpm","4_146screws","unknown_fault","10000","High","nine condition archives; ten screw configurations x five channels; preprocessing scripts state Fs=10000"
"階段3.zip::階段3/csv.zip::csv/T3/11000rpm.zip","11000rpm/5screws/T3_Current_data.csv","A_FORMAL_RAW","CSV","53362841","10000","600","T3/11000rpm","5screws","unknown_fault","10000","High","nine condition archives; ten screw configurations x five channels; preprocessing scripts state Fs=10000"
"階段3.zip::階段3/csv.zip::csv/T3/11000rpm.zip","11000rpm/5screws/T3_Delta_T_data.csv","A_FORMAL_RAW","CSV","96697949","10000","600","T3/11000rpm","5screws","unknown_fault","10000","High","nine condition archives; ten screw configurations x five channels; preprocessing scripts state Fs=10000"
"階段3.zip::階段3/csv.zip::csv/T3/11000rpm.zip","11000rpm/5screws/T3_X_data.csv","A_FORMAL_RAW","CSV","56848887","10000","600","T3/11000rpm","5screws","unknown_fault","10000","High","nine condition archives; ten screw configurations x five channels; preprocessing scripts state Fs=10000"
"階段3.zip::階段3/csv.zip::csv/T3/11000rpm.zip","11000rpm/5screws/T3_Y_data.csv","A_FORMAL_RAW","CSV","57301291","10000","600","T3/11000rpm","5screws","unknown_fault","10000","High","nine condition archives; ten screw configurations x five channels; preprocessing scripts state Fs=10000"
"階段3.zip::階段3/csv.zip::csv/T3/11000rpm.zip","11000rpm/5screws/T3_Z_data.csv","A_FORMAL_RAW","CSV","56802388","10000","600","T3/11000rpm","5screws","unknown_fault","10000","High","nine condition archives; ten screw configurations x five channels; preprocessing scripts state Fs=10000"
"階段3.zip::階段3/csv.zip::csv/T3/11000rpm.zip","11000rpm/6screws/T3_Current_data.csv","A_FORMAL_RAW","CSV","53349927","10000","600","T3/11000rpm","6screws","unknown_fault","10000","High","nine condition archives; ten screw configurations x five channels; preprocessing scripts state Fs=10000"
"階段3.zip::階段3/csv.zip::csv/T3/11000rpm.zip","11000rpm/6screws/T3_Delta_T_data.csv","A_FORMAL_RAW","CSV","100290474","10000","600","T3/11000rpm","6screws","unknown_fault","10000","High","nine condition archives; ten screw configurations x five channels; preprocessing scripts state Fs=10000"
"階段3.zip::階段3/csv.zip::csv/T3/11000rpm.zip","11000rpm/6screws/T3_X_data.csv","A_FORMAL_RAW","CSV","57229883","10000","600","T3/11000rpm","6screws","unknown_fault","10000","High","nine condition archives; ten screw configurations x five channels; preprocessing scripts state Fs=10000"
"階段3.zip::階段3/csv.zip::csv/T3/11000rpm.zip","11000rpm/6screws/T3_Y_data.csv","A_FORMAL_RAW","CSV","57746345","10000","600","T3/11000rpm","6screws","unknown_fault","10000","High","nine condition archives; ten screw configurations x five channels; preprocessing scripts state Fs=10000"
"階段3.zip::階段3/csv.zip::csv/T3/11000rpm.zip","11000rpm/6screws/T3_Z_data.csv","A_FORMAL_RAW","CSV","57097579","10000","600","T3/11000rpm","6screws","unknown_fault","10000","High","nine condition archives; ten screw configurations x five channels; preprocessing scripts state Fs=10000"
"階段3.zip::階段3/csv.zip::csv/T3/11000rpm.zip","11000rpm/7screws/T3_Current_data.csv","A_FORMAL_RAW","CSV","53401864","10000","600","T3/11000rpm","7screws","unknown_fault","10000","High","nine condition archives; ten screw configurations x five channels; preprocessing scripts state Fs=10000"
"階段3.zip::階段3/csv.zip::csv/T3/11000rpm.zip","11000rpm/7screws/T3_Delta_T_data.csv","A_FORMAL_RAW","CSV","95988646","10000","600","T3/11000rpm","7screws","unknown_fault","10000","High","nine condition archives; ten screw configurations x five channels; preprocessing scripts state Fs=10000"
"階段3.zip::階段3/csv.zip::csv/T3/11000rpm.zip","11000rpm/7screws/T3_X_data.csv","A_FORMAL_RAW","CSV","57338197","10000","600","T3/11000rpm","7screws","unknown_fault","10000","High","nine condition archives; ten screw configurations x five channels; preprocessing scripts state Fs=10000"
"階段3.zip::階段3/csv.zip::csv/T3/11000rpm.zip","11000rpm/7screws/T3_Y_data.csv","A_FORMAL_RAW","CSV","57805147","10000","600","T3/11000rpm","7screws","unknown_fault","10000","High","nine condition archives; ten screw configurations x five channels; preprocessing scripts state Fs=10000"
"階段3.zip::階段3/csv.zip::csv/T3/11000rpm.zip","11000rpm/7screws/T3_Z_data.csv","A_FORMAL_RAW","CSV","57032332","10000","600","T3/11000rpm","7screws","unknown_fault","10000","High","nine condition archives; ten screw configurations x five channels; preprocessing scripts state Fs=10000"
"階段3.zip::階段3/csv.zip::csv/T3/11000rpm.zip","11000rpm/8screws/T3_Current_data.csv","A_FORMAL_RAW","CSV","53400766","10000","600","T3/11000rpm","8screws","known_healthy","10000","High","nine condition archives; ten screw configurations x five channels; preprocessing scripts state Fs=10000"
"階段3.zip::階段3/csv.zip::csv/T3/11000rpm.zip","11000rpm/8screws/T3_Delta_T_data.csv","A_FORMAL_RAW","CSV","96590318","10000","600","T3/11000rpm","8screws","known_healthy","10000","High","nine condition archives; ten screw configurations x five channels; preprocessing scripts state Fs=10000"
"階段3.zip::階段3/csv.zip::csv/T3/11000rpm.zip","11000rpm/8screws/T3_X_data.csv","A_FORMAL_RAW","CSV","58200215","10000","600","T3/11000rpm","8screws","known_healthy","10000","High","nine condition archives; ten screw configurations x five channels; preprocessing scripts state Fs=10000"
"階段3.zip::階段3/csv.zip::csv/T3/11000rpm.zip","11000rpm/8screws/T3_Y_data.csv","A_FORMAL_RAW","CSV","59167448","10000","600","T3/11000rpm","8screws","known_healthy","10000","High","nine condition archives; ten screw configurations x five channels; preprocessing scripts state Fs=10000"
"階段3.zip::階段3/csv.zip::csv/T3/11000rpm.zip","11000rpm/8screws/T3_Z_data.csv","A_FORMAL_RAW","CSV","57457344","10000","600","T3/11000rpm","8screws","known_healthy","10000","High","nine condition archives; ten screw configurations x five channels; preprocessing scripts state Fs=10000"
"階段3.zip::階段3/csv.zip::csv/T3/6000rpm.zip","6000rpm/1screws/T3_Current_data.csv","A_FORMAL_RAW","CSV","53167573","10000","600","T3/6000rpm","1screws","known_fault","10000","High","nine condition archives; ten screw configurations x five channels; preprocessing scripts state Fs=10000"
"階段3.zip::階段3/csv.zip::csv/T3/6000rpm.zip","6000rpm/1screws/T3_Delta_T_data.csv","A_FORMAL_RAW","CSV","104724957","10000","600","T3/6000rpm","1screws","known_fault","10000","High","nine condition archives; ten screw configurations x five channels; preprocessing scripts state Fs=10000"
"階段3.zip::階段3/csv.zip::csv/T3/6000rpm.zip","6000rpm/1screws/T3_X_data.csv","A_FORMAL_RAW","CSV","57891272","10000","600","T3/6000rpm","1screws","known_fault","10000","High","nine condition archives; ten screw configurations x five channels; preprocessing scripts state Fs=10000"
"階段3.zip::階段3/csv.zip::csv/T3/6000rpm.zip","6000rpm/1screws/T3_Y_data.csv","A_FORMAL_RAW","CSV","59043052","10000","600","T3/6000rpm","1screws","known_fault","10000","High","nine condition archives; ten screw configurations x five channels; preprocessing scripts state Fs=10000"
"階段3.zip::階段3/csv.zip::csv/T3/6000rpm.zip","6000rpm/1screws/T3_Z_data.csv","A_FORMAL_RAW","CSV","57622586","10000","600","T3/6000rpm","1screws","known_fault","10000","High","nine condition archives; ten screw configurations x five channels; preprocessing scripts state Fs=10000"
"階段3.zip::階段3/csv.zip::csv/T3/6000rpm.zip","6000rpm/2screws/T3_Current_data.csv","A_FORMAL_RAW","CSV","53176597","10000","600","T3/6000rpm","2screws","known_fault","10000","High","nine condition archives; ten screw configurations x five channels; preprocessing scripts state Fs=10000"
"階段3.zip::階段3/csv.zip::csv/T3/6000rpm.zip","6000rpm/2screws/T3_Delta_T_data.csv","A_FORMAL_RAW","CSV","104655753","10000","600","T3/6000rpm","2screws","known_fault","10000","High","nine condition archives; ten screw configurations x five channels; preprocessing scripts state Fs=10000"
"階段3.zip::階段3/csv.zip::csv/T3/6000rpm.zip","6000rpm/2screws/T3_X_data.csv","A_FORMAL_RAW","CSV","58090719","10000","600","T3/6000rpm","2screws","known_fault","10000","High","nine condition archives; ten screw configurations x five channels; preprocessing scripts state Fs=10000"
"階段3.zip::階段3/csv.zip::csv/T3/6000rpm.zip","6000rpm/2screws/T3_Y_data.csv","A_FORMAL_RAW","CSV","59513388","10000","600","T3/6000rpm","2screws","known_fault","10000","High","nine condition archives; ten screw configurations x five channels; preprocessing scripts state Fs=10000"
"階段3.zip::階段3/csv.zip::csv/T3/6000rpm.zip","6000rpm/2screws/T3_Z_data.csv","A_FORMAL_RAW","CSV","57771035","10000","600","T3/6000rpm","2screws","known_fault","10000","High","nine condition archives; ten screw configurations x five channels; preprocessing scripts state Fs=10000"
"階段3.zip::階段3/csv.zip::csv/T3/6000rpm.zip","6000rpm/3screws/T3_Current_data.csv","A_FORMAL_RAW","CSV","53069666","10000","600","T3/6000rpm","3screws","known_fault","10000","High","nine condition archives; ten screw configurations x five channels; preprocessing scripts state Fs=10000"
"階段3.zip::階段3/csv.zip::csv/T3/6000rpm.zip","6000rpm/3screws/T3_Delta_T_data.csv","A_FORMAL_RAW","CSV","104580853","10000","600","T3/6000rpm","3screws","known_fault","10000","High","nine condition archives; ten screw configurations x five channels; preprocessing scripts state Fs=10000"
"階段3.zip::階段3/csv.zip::csv/T3/6000rpm.zip","6000rpm/3screws/T3_X_data.csv","A_FORMAL_RAW","CSV","57659916","10000","600","T3/6000rpm","3screws","known_fault","10000","High","nine condition archives; ten screw configurations x five channels; preprocessing scripts state Fs=10000"
"階段3.zip::階段3/csv.zip::csv/T3/6000rpm.zip","6000rpm/3screws/T3_Y_data.csv","A_FORMAL_RAW","CSV","58749627","10000","600","T3/6000rpm","3screws","known_fault","10000","High","nine condition archives; ten screw configurations x five channels; preprocessing scripts state Fs=10000"
"階段3.zip::階段3/csv.zip::csv/T3/6000rpm.zip","6000rpm/3screws/T3_Z_data.csv","A_FORMAL_RAW","CSV","57467090","10000","600","T3/6000rpm","3screws","known_fault","10000","High","nine condition archives; ten screw configurations x five channels; preprocessing scripts state Fs=10000"
"階段3.zip::階段3/csv.zip::csv/T3/6000rpm.zip","6000rpm/3_14screws/T3_Current_data.csv","A_FORMAL_RAW","CSV","53117127","10000","600","T3/6000rpm","3_14screws","unknown_fault","10000","High","nine condition archives; ten screw configurations x five channels; preprocessing scripts state Fs=10000"
"階段3.zip::階段3/csv.zip::csv/T3/6000rpm.zip","6000rpm/3_14screws/T3_Delta_T_data.csv","A_FORMAL_RAW","CSV","104657440","10000","600","T3/6000rpm","3_14screws","unknown_fault","10000","High","nine condition archives; ten screw configurations x five channels; preprocessing scripts state Fs=10000"
"階段3.zip::階段3/csv.zip::csv/T3/6000rpm.zip","6000rpm/3_14screws/T3_X_data.csv","A_FORMAL_RAW","CSV","57466996","10000","600","T3/6000rpm","3_14screws","unknown_fault","10000","High","nine condition archives; ten screw configurations x five channels; preprocessing scripts state Fs=10000"
"階段3.zip::階段3/csv.zip::csv/T3/6000rpm.zip","6000rpm/3_14screws/T3_Y_data.csv","A_FORMAL_RAW","CSV","58275399","10000","600","T3/6000rpm","3_14screws","unknown_fault","10000","High","nine condition archives; ten screw configurations x five channels; preprocessing scripts state Fs=10000"
"階段3.zip::階段3/csv.zip::csv/T3/6000rpm.zip","6000rpm/3_14screws/T3_Z_data.csv","A_FORMAL_RAW","CSV","57257595","10000","600","T3/6000rpm","3_14screws","unknown_fault","10000","High","nine condition archives; ten screw configurations x five channels; preprocessing scripts state Fs=10000"
"階段3.zip::階段3/csv.zip::csv/T3/6000rpm.zip","6000rpm/4screws/T3_Current_data.csv","A_FORMAL_RAW","CSV","53151953","10000","600","T3/6000rpm","4screws","known_fault","10000","High","nine condition archives; ten screw configurations x five channels; preprocessing scripts state Fs=10000"
"階段3.zip::階段3/csv.zip::csv/T3/6000rpm.zip","6000rpm/4screws/T3_Delta_T_data.csv","A_FORMAL_RAW","CSV","104713615","10000","600","T3/6000rpm","4screws","known_fault","10000","High","nine condition archives; ten screw configurations x five channels; preprocessing scripts state Fs=10000"
"階段3.zip::階段3/csv.zip::csv/T3/6000rpm.zip","6000rpm/4screws/T3_X_data.csv","A_FORMAL_RAW","CSV","57622416","10000","600","T3/6000rpm","4screws","known_fault","10000","High","nine condition archives; ten screw configurations x five channels; preprocessing scripts state Fs=10000"
"階段3.zip::階段3/csv.zip::csv/T3/6000rpm.zip","6000rpm/4screws/T3_Y_data.csv","A_FORMAL_RAW","CSV","58712489","10000","600","T3/6000rpm","4screws","known_fault","10000","High","nine condition archives; ten screw configurations x five channels; preprocessing scripts state Fs=10000"
"階段3.zip::階段3/csv.zip::csv/T3/6000rpm.zip","6000rpm/4screws/T3_Z_data.csv","A_FORMAL_RAW","CSV","57434728","10000","600","T3/6000rpm","4screws","known_fault","10000","High","nine condition archives; ten screw configurations x five channels; preprocessing scripts state Fs=10000"
"階段3.zip::階段3/csv.zip::csv/T3/6000rpm.zip","6000rpm/4_146screws/T3_Current_data.csv","A_FORMAL_RAW","CSV","53108729","10000","600","T3/6000rpm","4_146screws","unknown_fault","10000","High","nine condition archives; ten screw configurations x five channels; preprocessing scripts state Fs=10000"
"階段3.zip::階段3/csv.zip::csv/T3/6000rpm.zip","6000rpm/4_146screws/T3_Delta_T_data.csv","A_FORMAL_RAW","CSV","104744645","10000","600","T3/6000rpm","4_146screws","unknown_fault","10000","High","nine condition archives; ten screw configurations x five channels; preprocessing scripts state Fs=10000"
"階段3.zip::階段3/csv.zip::csv/T3/6000rpm.zip","6000rpm/4_146screws/T3_X_data.csv","A_FORMAL_RAW","CSV","58067323","10000","600","T3/6000rpm","4_146screws","unknown_fault","10000","High","nine condition archives; ten screw configurations x five channels; preprocessing scripts state Fs=10000"
"階段3.zip::階段3/csv.zip::csv/T3/6000rpm.zip","6000rpm/4_146screws/T3_Y_data.csv","A_FORMAL_RAW","CSV","58190793","10000","600","T3/6000rpm","4_146screws","unknown_fault","10000","High","nine condition archives; ten screw configurations x five channels; preprocessing scripts state Fs=10000"
"階段3.zip::階段3/csv.zip::csv/T3/6000rpm.zip","6000rpm/4_146screws/T3_Z_data.csv","A_FORMAL_RAW","CSV","57454169","10000","600","T3/6000rpm","4_146screws","unknown_fault","10000","High","nine condition archives; ten screw configurations x five channels; preprocessing scripts state Fs=10000"
"階段3.zip::階段3/csv.zip::csv/T3/6000rpm.zip","6000rpm/5screws/T3_Current_data.csv","A_FORMAL_RAW","CSV","53356089","10000","600","T3/6000rpm","5screws","unknown_fault","10000","High","nine condition archives; ten screw configurations x five channels; preprocessing scripts state Fs=10000"
"階段3.zip::階段3/csv.zip::csv/T3/6000rpm.zip","6000rpm/5screws/T3_Delta_T_data.csv","A_FORMAL_RAW","CSV","104620336","10000","600","T3/6000rpm","5screws","unknown_fault","10000","High","nine condition archives; ten screw configurations x five channels; preprocessing scripts state Fs=10000"
"階段3.zip::階段3/csv.zip::csv/T3/6000rpm.zip","6000rpm/5screws/T3_X_data.csv","A_FORMAL_RAW","CSV","57771718","10000","600","T3/6000rpm","5screws","unknown_fault","10000","High","nine condition archives; ten screw configurations x five channels; preprocessing scripts state Fs=10000"
"階段3.zip::階段3/csv.zip::csv/T3/6000rpm.zip","6000rpm/5screws/T3_Y_data.csv","A_FORMAL_RAW","CSV","58817526","10000","600","T3/6000rpm","5screws","unknown_fault","10000","High","nine condition archives; ten screw configurations x five channels; preprocessing scripts state Fs=10000"
"階段3.zip::階段3/csv.zip::csv/T3/6000rpm.zip","6000rpm/5screws/T3_Z_data.csv","A_FORMAL_RAW","CSV","57569864","10000","600","T3/6000rpm","5screws","unknown_fault","10000","High","nine condition archives; ten screw configurations x five channels; preprocessing scripts state Fs=10000"
"階段3.zip::階段3/csv.zip::csv/T3/6000rpm.zip","6000rpm/6screws/T3_Current_data.csv","A_FORMAL_RAW","CSV","53331656","10000","600","T3/6000rpm","6screws","unknown_fault","10000","High","nine condition archives; ten screw configurations x five channels; preprocessing scripts state Fs=10000"
"階段3.zip::階段3/csv.zip::csv/T3/6000rpm.zip","6000rpm/6screws/T3_Delta_T_data.csv","A_FORMAL_RAW","CSV","104714150","10000","600","T3/6000rpm","6screws","unknown_fault","10000","High","nine condition archives; ten screw configurations x five channels; preprocessing scripts state Fs=10000"
"階段3.zip::階段3/csv.zip::csv/T3/6000rpm.zip","6000rpm/6screws/T3_X_data.csv","A_FORMAL_RAW","CSV","57859945","10000","600","T3/6000rpm","6screws","unknown_fault","10000","High","nine condition archives; ten screw configurations x five channels; preprocessing scripts state Fs=10000"
"階段3.zip::階段3/csv.zip::csv/T3/6000rpm.zip","6000rpm/6screws/T3_Y_data.csv","A_FORMAL_RAW","CSV","59022155","10000","600","T3/6000rpm","6screws","unknown_fault","10000","High","nine condition archives; ten screw configurations x five channels; preprocessing scripts state Fs=10000"
"階段3.zip::階段3/csv.zip::csv/T3/6000rpm.zip","6000rpm/6screws/T3_Z_data.csv","A_FORMAL_RAW","CSV","57509998","10000","600","T3/6000rpm","6screws","unknown_fault","10000","High","nine condition archives; ten screw configurations x five channels; preprocessing scripts state Fs=10000"
"階段3.zip::階段3/csv.zip::csv/T3/6000rpm.zip","6000rpm/7screws/T3_Current_data.csv","A_FORMAL_RAW","CSV","53172263","10000","600","T3/6000rpm","7screws","unknown_fault","10000","High","nine condition archives; ten screw configurations x five channels; preprocessing scripts state Fs=10000"
"階段3.zip::階段3/csv.zip::csv/T3/6000rpm.zip","6000rpm/7screws/T3_Delta_T_data.csv","A_FORMAL_RAW","CSV","104611669","10000","600","T3/6000rpm","7screws","unknown_fault","10000","High","nine condition archives; ten screw configurations x five channels; preprocessing scripts state Fs=10000"
"階段3.zip::階段3/csv.zip::csv/T3/6000rpm.zip","6000rpm/7screws/T3_X_data.csv","A_FORMAL_RAW","CSV","58042580","10000","600","T3/6000rpm","7screws","unknown_fault","10000","High","nine condition archives; ten screw configurations x five channels; preprocessing scripts state Fs=10000"
"階段3.zip::階段3/csv.zip::csv/T3/6000rpm.zip","6000rpm/7screws/T3_Y_data.csv","A_FORMAL_RAW","CSV","58396321","10000","600","T3/6000rpm","7screws","unknown_fault","10000","High","nine condition archives; ten screw configurations x five channels; preprocessing scripts state Fs=10000"
"階段3.zip::階段3/csv.zip::csv/T3/6000rpm.zip","6000rpm/7screws/T3_Z_data.csv","A_FORMAL_RAW","CSV","57462297","10000","600","T3/6000rpm","7screws","unknown_fault","10000","High","nine condition archives; ten screw configurations x five channels; preprocessing scripts state Fs=10000"
"階段3.zip::階段3/csv.zip::csv/T3/6000rpm.zip","6000rpm/8screws/T3_Current_data.csv","A_FORMAL_RAW","CSV","53287416","10000","600","T3/6000rpm","8screws","known_healthy","10000","High","nine condition archives; ten screw configurations x five channels; preprocessing scripts state Fs=10000"
"階段3.zip::階段3/csv.zip::csv/T3/6000rpm.zip","6000rpm/8screws/T3_Delta_T_data.csv","A_FORMAL_RAW","CSV","104820829","10000","600","T3/6000rpm","8screws","known_healthy","10000","High","nine condition archives; ten screw configurations x five channels; preprocessing scripts state Fs=10000"
"階段3.zip::階段3/csv.zip::csv/T3/6000rpm.zip","6000rpm/8screws/T3_X_data.csv","A_FORMAL_RAW","CSV","58625405","10000","600","T3/6000rpm","8screws","known_healthy","10000","High","nine condition archives; ten screw configurations x five channels; preprocessing scripts state Fs=10000"
"階段3.zip::階段3/csv.zip::csv/T3/6000rpm.zip","6000rpm/8screws/T3_Y_data.csv","A_FORMAL_RAW","CSV","58877811","10000","600","T3/6000rpm","8screws","known_healthy","10000","High","nine condition archives; ten screw configurations x five channels; preprocessing scripts state Fs=10000"
"階段3.zip::階段3/csv.zip::csv/T3/6000rpm.zip","6000rpm/8screws/T3_Z_data.csv","A_FORMAL_RAW","CSV","57801612","10000","600","T3/6000rpm","8screws","known_healthy","10000","High","nine condition archives; ten screw configurations x five channels; preprocessing scripts state Fs=10000"
"階段3.zip::階段3/csv.zip::csv/T3/8000rpm.zip","8000rpm/1screws/T3_Current_data.csv","A_FORMAL_RAW","CSV","53166286","10000","600","T3/8000rpm","1screws","known_fault","10000","High","nine condition archives; ten screw configurations x five channels; preprocessing scripts state Fs=10000"
"階段3.zip::階段3/csv.zip::csv/T3/8000rpm.zip","8000rpm/1screws/T3_Delta_T_data.csv","A_FORMAL_RAW","CSV","104586392","10000","600","T3/8000rpm","1screws","known_fault","10000","High","nine condition archives; ten screw configurations x five channels; preprocessing scripts state Fs=10000"
"階段3.zip::階段3/csv.zip::csv/T3/8000rpm.zip","8000rpm/1screws/T3_X_data.csv","A_FORMAL_RAW","CSV","57306214","10000","600","T3/8000rpm","1screws","known_fault","10000","High","nine condition archives; ten screw configurations x five channels; preprocessing scripts state Fs=10000"
"階段3.zip::階段3/csv.zip::csv/T3/8000rpm.zip","8000rpm/1screws/T3_Y_data.csv","A_FORMAL_RAW","CSV","57263352","10000","600","T3/8000rpm","1screws","known_fault","10000","High","nine condition archives; ten screw configurations x five channels; preprocessing scripts state Fs=10000"
"階段3.zip::階段3/csv.zip::csv/T3/8000rpm.zip","8000rpm/1screws/T3_Z_data.csv","A_FORMAL_RAW","CSV","56908196","10000","600","T3/8000rpm","1screws","known_fault","10000","High","nine condition archives; ten screw configurations x five channels; preprocessing scripts state Fs=10000"
"階段3.zip::階段3/csv.zip::csv/T3/8000rpm.zip","8000rpm/2screws/T3_Current_data.csv","A_FORMAL_RAW","CSV","53186511","10000","600","T3/8000rpm","2screws","known_fault","10000","High","nine condition archives; ten screw configurations x five channels; preprocessing scripts state Fs=10000"
"階段3.zip::階段3/csv.zip::csv/T3/8000rpm.zip","8000rpm/2screws/T3_Delta_T_data.csv","A_FORMAL_RAW","CSV","105337557","10000","600","T3/8000rpm","2screws","known_fault","10000","High","nine condition archives; ten screw configurations x five channels; preprocessing scripts state Fs=10000"
"階段3.zip::階段3/csv.zip::csv/T3/8000rpm.zip","8000rpm/2screws/T3_X_data.csv","A_FORMAL_RAW","CSV","57883620","10000","600","T3/8000rpm","2screws","known_fault","10000","High","nine condition archives; ten screw configurations x five channels; preprocessing scripts state Fs=10000"
"階段3.zip::階段3/csv.zip::csv/T3/8000rpm.zip","8000rpm/2screws/T3_Y_data.csv","A_FORMAL_RAW","CSV","59374507","10000","600","T3/8000rpm","2screws","known_fault","10000","High","nine condition archives; ten screw configurations x five channels; preprocessing scripts state Fs=10000"
"階段3.zip::階段3/csv.zip::csv/T3/8000rpm.zip","8000rpm/2screws/T3_Z_data.csv","A_FORMAL_RAW","CSV","57386477","10000","600","T3/8000rpm","2screws","known_fault","10000","High","nine condition archives; ten screw configurations x five channels; preprocessing scripts state Fs=10000"
"階段3.zip::階段3/csv.zip::csv/T3/8000rpm.zip","8000rpm/3screws/T3_Current_data.csv","A_FORMAL_RAW","CSV","53233935","10000","600","T3/8000rpm","3screws","known_fault","10000","High","nine condition archives; ten screw configurations x five channels; preprocessing scripts state Fs=10000"
"階段3.zip::階段3/csv.zip::csv/T3/8000rpm.zip","8000rpm/3screws/T3_Delta_T_data.csv","A_FORMAL_RAW","CSV","104636254","10000","600","T3/8000rpm","3screws","known_fault","10000","High","nine condition archives; ten screw configurations x five channels; preprocessing scripts state Fs=10000"
"階段3.zip::階段3/csv.zip::csv/T3/8000rpm.zip","8000rpm/3screws/T3_X_data.csv","A_FORMAL_RAW","CSV","57685264","10000","600","T3/8000rpm","3screws","known_fault","10000","High","nine condition archives; ten screw configurations x five channels; preprocessing scripts state Fs=10000"
"階段3.zip::階段3/csv.zip::csv/T3/8000rpm.zip","8000rpm/3screws/T3_Y_data.csv","A_FORMAL_RAW","CSV","59037233","10000","600","T3/8000rpm","3screws","known_fault","10000","High","nine condition archives; ten screw configurations x five channels; preprocessing scripts state Fs=10000"
"階段3.zip::階段3/csv.zip::csv/T3/8000rpm.zip","8000rpm/3screws/T3_Z_data.csv","A_FORMAL_RAW","CSV","57445122","10000","600","T3/8000rpm","3screws","known_fault","10000","High","nine condition archives; ten screw configurations x five channels; preprocessing scripts state Fs=10000"
"階段3.zip::階段3/csv.zip::csv/T3/8000rpm.zip","8000rpm/3_14screws/T3_Current_data.csv","A_FORMAL_RAW","CSV","53268117","10000","600","T3/8000rpm","3_14screws","unknown_fault","10000","High","nine condition archives; ten screw configurations x five channels; preprocessing scripts state Fs=10000"
"階段3.zip::階段3/csv.zip::csv/T3/8000rpm.zip","8000rpm/3_14screws/T3_Delta_T_data.csv","A_FORMAL_RAW","CSV","104498260","10000","600","T3/8000rpm","3_14screws","unknown_fault","10000","High","nine condition archives; ten screw configurations x five channels; preprocessing scripts state Fs=10000"
"階段3.zip::階段3/csv.zip::csv/T3/8000rpm.zip","8000rpm/3_14screws/T3_X_data.csv","A_FORMAL_RAW","CSV","57426087","10000","600","T3/8000rpm","3_14screws","unknown_fault","10000","High","nine condition archives; ten screw configurations x five channels; preprocessing scripts state Fs=10000"
"階段3.zip::階段3/csv.zip::csv/T3/8000rpm.zip","8000rpm/3_14screws/T3_Y_data.csv","A_FORMAL_RAW","CSV","57440190","10000","600","T3/8000rpm","3_14screws","unknown_fault","10000","High","nine condition archives; ten screw configurations x five channels; preprocessing scripts state Fs=10000"
"階段3.zip::階段3/csv.zip::csv/T3/8000rpm.zip","8000rpm/3_14screws/T3_Z_data.csv","A_FORMAL_RAW","CSV","56949402","10000","600","T3/8000rpm","3_14screws","unknown_fault","10000","High","nine condition archives; ten screw configurations x five channels; preprocessing scripts state Fs=10000"
"階段3.zip::階段3/csv.zip::csv/T3/8000rpm.zip","8000rpm/4screws/T3_Current_data.csv","A_FORMAL_RAW","CSV","53196789","10000","600","T3/8000rpm","4screws","known_fault","10000","High","nine condition archives; ten screw configurations x five channels; preprocessing scripts state Fs=10000"
"階段3.zip::階段3/csv.zip::csv/T3/8000rpm.zip","8000rpm/4screws/T3_Delta_T_data.csv","A_FORMAL_RAW","CSV","104698421","10000","600","T3/8000rpm","4screws","known_fault","10000","High","nine condition archives; ten screw configurations x five channels; preprocessing scripts state Fs=10000"
"階段3.zip::階段3/csv.zip::csv/T3/8000rpm.zip","8000rpm/4screws/T3_X_data.csv","A_FORMAL_RAW","CSV","57598658","10000","600","T3/8000rpm","4screws","known_fault","10000","High","nine condition archives; ten screw configurations x five channels; preprocessing scripts state Fs=10000"
"階段3.zip::階段3/csv.zip::csv/T3/8000rpm.zip","8000rpm/4screws/T3_Y_data.csv","A_FORMAL_RAW","CSV","58963974","10000","600","T3/8000rpm","4screws","known_fault","10000","High","nine condition archives; ten screw configurations x five channels; preprocessing scripts state Fs=10000"
"階段3.zip::階段3/csv.zip::csv/T3/8000rpm.zip","8000rpm/4screws/T3_Z_data.csv","A_FORMAL_RAW","CSV","57278826","10000","600","T3/8000rpm","4screws","known_fault","10000","High","nine condition archives; ten screw configurations x five channels; preprocessing scripts state Fs=10000"
"階段3.zip::階段3/csv.zip::csv/T3/8000rpm.zip","8000rpm/4_146screws/T3_Current_data.csv","A_FORMAL_RAW","CSV","53148970","10000","600","T3/8000rpm","4_146screws","unknown_fault","10000","High","nine condition archives; ten screw configurations x five channels; preprocessing scripts state Fs=10000"
"階段3.zip::階段3/csv.zip::csv/T3/8000rpm.zip","8000rpm/4_146screws/T3_Delta_T_data.csv","A_FORMAL_RAW","CSV","104695343","10000","600","T3/8000rpm","4_146screws","unknown_fault","10000","High","nine condition archives; ten screw configurations x five channels; preprocessing scripts state Fs=10000"
"階段3.zip::階段3/csv.zip::csv/T3/8000rpm.zip","8000rpm/4_146screws/T3_X_data.csv","A_FORMAL_RAW","CSV","58041761","10000","600","T3/8000rpm","4_146screws","unknown_fault","10000","High","nine condition archives; ten screw configurations x five channels; preprocessing scripts state Fs=10000"
"階段3.zip::階段3/csv.zip::csv/T3/8000rpm.zip","8000rpm/4_146screws/T3_Y_data.csv","A_FORMAL_RAW","CSV","59476378","10000","600","T3/8000rpm","4_146screws","unknown_fault","10000","High","nine condition archives; ten screw configurations x five channels; preprocessing scripts state Fs=10000"
"階段3.zip::階段3/csv.zip::csv/T3/8000rpm.zip","8000rpm/4_146screws/T3_Z_data.csv","A_FORMAL_RAW","CSV","57077183","10000","600","T3/8000rpm","4_146screws","unknown_fault","10000","High","nine condition archives; ten screw configurations x five channels; preprocessing scripts state Fs=10000"
"階段3.zip::階段3/csv.zip::csv/T3/8000rpm.zip","8000rpm/5screws/T3_Current_data.csv","A_FORMAL_RAW","CSV","53158098","10000","600","T3/8000rpm","5screws","unknown_fault","10000","High","nine condition archives; ten screw configurations x five channels; preprocessing scripts state Fs=10000"
"階段3.zip::階段3/csv.zip::csv/T3/8000rpm.zip","8000rpm/5screws/T3_Delta_T_data.csv","A_FORMAL_RAW","CSV","103203881","10000","600","T3/8000rpm","5screws","unknown_fault","10000","High","nine condition archives; ten screw configurations x five channels; preprocessing scripts state Fs=10000"
"階段3.zip::階段3/csv.zip::csv/T3/8000rpm.zip","8000rpm/5screws/T3_X_data.csv","A_FORMAL_RAW","CSV","57620945","10000","600","T3/8000rpm","5screws","unknown_fault","10000","High","nine condition archives; ten screw configurations x five channels; preprocessing scripts state Fs=10000"
"階段3.zip::階段3/csv.zip::csv/T3/8000rpm.zip","8000rpm/5screws/T3_Y_data.csv","A_FORMAL_RAW","CSV","59023283","10000","600","T3/8000rpm","5screws","unknown_fault","10000","High","nine condition archives; ten screw configurations x five channels; preprocessing scripts state Fs=10000"
"階段3.zip::階段3/csv.zip::csv/T3/8000rpm.zip","8000rpm/5screws/T3_Z_data.csv","A_FORMAL_RAW","CSV","57251075","10000","600","T3/8000rpm","5screws","unknown_fault","10000","High","nine condition archives; ten screw configurations x five channels; preprocessing scripts state Fs=10000"
"階段3.zip::階段3/csv.zip::csv/T3/8000rpm.zip","8000rpm/6screws/T3_Current_data.csv","A_FORMAL_RAW","CSV","53306265","10000","600","T3/8000rpm","6screws","unknown_fault","10000","High","nine condition archives; ten screw configurations x five channels; preprocessing scripts state Fs=10000"
"階段3.zip::階段3/csv.zip::csv/T3/8000rpm.zip","8000rpm/6screws/T3_Delta_T_data.csv","A_FORMAL_RAW","CSV","104631974","10000","600","T3/8000rpm","6screws","unknown_fault","10000","High","nine condition archives; ten screw configurations x five channels; preprocessing scripts state Fs=10000"
"階段3.zip::階段3/csv.zip::csv/T3/8000rpm.zip","8000rpm/6screws/T3_X_data.csv","A_FORMAL_RAW","CSV","57576913","10000","600","T3/8000rpm","6screws","unknown_fault","10000","High","nine condition archives; ten screw configurations x five channels; preprocessing scripts state Fs=10000"
"階段3.zip::階段3/csv.zip::csv/T3/8000rpm.zip","8000rpm/6screws/T3_Y_data.csv","A_FORMAL_RAW","CSV","58268597","10000","600","T3/8000rpm","6screws","unknown_fault","10000","High","nine condition archives; ten screw configurations x five channels; preprocessing scripts state Fs=10000"
"階段3.zip::階段3/csv.zip::csv/T3/8000rpm.zip","8000rpm/6screws/T3_Z_data.csv","A_FORMAL_RAW","CSV","57087072","10000","600","T3/8000rpm","6screws","unknown_fault","10000","High","nine condition archives; ten screw configurations x five channels; preprocessing scripts state Fs=10000"
"階段3.zip::階段3/csv.zip::csv/T3/8000rpm.zip","8000rpm/7screws/T3_Current_data.csv","A_FORMAL_RAW","CSV","53438656","10000","600","T3/8000rpm","7screws","unknown_fault","10000","High","nine condition archives; ten screw configurations x five channels; preprocessing scripts state Fs=10000"
"階段3.zip::階段3/csv.zip::csv/T3/8000rpm.zip","8000rpm/7screws/T3_Delta_T_data.csv","A_FORMAL_RAW","CSV","104617529","10000","600","T3/8000rpm","7screws","unknown_fault","10000","High","nine condition archives; ten screw configurations x five channels; preprocessing scripts state Fs=10000"
"階段3.zip::階段3/csv.zip::csv/T3/8000rpm.zip","8000rpm/7screws/T3_X_data.csv","A_FORMAL_RAW","CSV","57587301","10000","600","T3/8000rpm","7screws","unknown_fault","10000","High","nine condition archives; ten screw configurations x five channels; preprocessing scripts state Fs=10000"
"階段3.zip::階段3/csv.zip::csv/T3/8000rpm.zip","8000rpm/7screws/T3_Y_data.csv","A_FORMAL_RAW","CSV","58150810","10000","598","T3/8000rpm","7screws","unknown_fault","10000","High","nine condition archives; ten screw configurations x five channels; preprocessing scripts state Fs=10000"
"階段3.zip::階段3/csv.zip::csv/T3/8000rpm.zip","8000rpm/7screws/T3_Z_data.csv","A_FORMAL_RAW","CSV","57187293","10000","600","T3/8000rpm","7screws","unknown_fault","10000","High","nine condition archives; ten screw configurations x five channels; preprocessing scripts state Fs=10000"
"階段3.zip::階段3/csv.zip::csv/T3/8000rpm.zip","8000rpm/8screws/T3_Current_data.csv","A_FORMAL_RAW","CSV","53324379","10000","600","T3/8000rpm","8screws","known_healthy","10000","High","nine condition archives; ten screw configurations x five channels; preprocessing scripts state Fs=10000"
"階段3.zip::階段3/csv.zip::csv/T3/8000rpm.zip","8000rpm/8screws/T3_Delta_T_data.csv","A_FORMAL_RAW","CSV","104622369","10000","600","T3/8000rpm","8screws","known_healthy","10000","High","nine condition archives; ten screw configurations x five channels; preprocessing scripts state Fs=10000"
"階段3.zip::階段3/csv.zip::csv/T3/8000rpm.zip","8000rpm/8screws/T3_X_data.csv","A_FORMAL_RAW","CSV","57784206","10000","600","T3/8000rpm","8screws","known_healthy","10000","High","nine condition archives; ten screw configurations x five channels; preprocessing scripts state Fs=10000"
"階段3.zip::階段3/csv.zip::csv/T3/8000rpm.zip","8000rpm/8screws/T3_Y_data.csv","A_FORMAL_RAW","CSV","58407380","10000","600","T3/8000rpm","8screws","known_healthy","10000","High","nine condition archives; ten screw configurations x five channels; preprocessing scripts state Fs=10000"
"階段3.zip::階段3/csv.zip::csv/T3/8000rpm.zip","8000rpm/8screws/T3_Z_data.csv","A_FORMAL_RAW","CSV","57090280","10000","600","T3/8000rpm","8screws","known_healthy","10000","High","nine condition archives; ten screw configurations x five channels; preprocessing scripts state Fs=10000"
"階段1.zip::階段1/myfeature.zip","myfeature/T1/11000rpm/1screws/T1_Group_feature_data_clean.csv","B_FORMAL_PROCESSED","CSV","731086","373","105","T1/11000rpm","1screws","known_fault","10000","High","clean feature CSV; header has 105 columns; numeric body validated without unsafe deserialization"
"階段1.zip::階段1/myfeature.zip","myfeature/T1/11000rpm/2screws/T1_Group_feature_data_clean.csv","B_FORMAL_PROCESSED","CSV","752198","382","105","T1/11000rpm","2screws","known_fault","10000","High","clean feature CSV; header has 105 columns; numeric body validated without unsafe deserialization"
"階段1.zip::階段1/myfeature.zip","myfeature/T1/11000rpm/3screws/T1_Group_feature_data_clean.csv","B_FORMAL_PROCESSED","CSV","611226","309","105","T1/11000rpm","3screws","known_fault","10000","High","clean feature CSV; header has 105 columns; numeric body validated without unsafe deserialization"
"階段1.zip::階段1/myfeature.zip","myfeature/T1/11000rpm/3_14screws/T1_Group_feature_data_clean.csv","B_FORMAL_PROCESSED","CSV","612030","313","105","T1/11000rpm","3_14screws","unknown_fault","10000","High","clean feature CSV; header has 105 columns; numeric body validated without unsafe deserialization"
"階段1.zip::階段1/myfeature.zip","myfeature/T1/11000rpm/4screws/T1_Group_feature_data_clean.csv","B_FORMAL_PROCESSED","CSV","649445","328","105","T1/11000rpm","4screws","known_fault","10000","High","clean feature CSV; header has 105 columns; numeric body validated without unsafe deserialization"
"階段1.zip::階段1/myfeature.zip","myfeature/T1/11000rpm/4_146screws/T1_Group_feature_data_clean.csv","B_FORMAL_PROCESSED","CSV","695733","356","105","T1/11000rpm","4_146screws","unknown_fault","10000","High","clean feature CSV; header has 105 columns; numeric body validated without unsafe deserialization"
"階段1.zip::階段1/myfeature.zip","myfeature/T1/11000rpm/5screws/T1_Group_feature_data_clean.csv","B_FORMAL_PROCESSED","CSV","595566","301","105","T1/11000rpm","5screws","unknown_fault","10000","High","clean feature CSV; header has 105 columns; numeric body validated without unsafe deserialization"
"階段1.zip::階段1/myfeature.zip","myfeature/T1/11000rpm/6screws/T1_Group_feature_data_clean.csv","B_FORMAL_PROCESSED","CSV","607719","307","105","T1/11000rpm","6screws","unknown_fault","10000","High","clean feature CSV; header has 105 columns; numeric body validated without unsafe deserialization"
"階段1.zip::階段1/myfeature.zip","myfeature/T1/11000rpm/7screws/T1_Group_feature_data_clean.csv","B_FORMAL_PROCESSED","CSV","642536","325","105","T1/11000rpm","7screws","unknown_fault","10000","High","clean feature CSV; header has 105 columns; numeric body validated without unsafe deserialization"
"階段1.zip::階段1/myfeature.zip","myfeature/T1/11000rpm/8screws/T1_Group_feature_data_clean.csv","B_FORMAL_PROCESSED","CSV","704363","358","105","T1/11000rpm","8screws","known_healthy","10000","High","clean feature CSV; header has 105 columns; numeric body validated without unsafe deserialization"
"階段1.zip::階段1/myfeature.zip","myfeature/T1/6000rpm/1screws/T1_Group_feature_data_clean.csv","B_FORMAL_PROCESSED","CSV","616219","312","105","T1/6000rpm","1screws","known_fault","10000","High","clean feature CSV; header has 105 columns; numeric body validated without unsafe deserialization"
"階段1.zip::階段1/myfeature.zip","myfeature/T1/6000rpm/2screws/T1_Group_feature_data_clean.csv","B_FORMAL_PROCESSED","CSV","616892","310","105","T1/6000rpm","2screws","known_fault","10000","High","clean feature CSV; header has 105 columns; numeric body validated without unsafe deserialization"
"階段1.zip::階段1/myfeature.zip","myfeature/T1/6000rpm/3screws/T1_Group_feature_data_clean.csv","B_FORMAL_PROCESSED","CSV","707066","355","105","T1/6000rpm","3screws","known_fault","10000","High","clean feature CSV; header has 105 columns; numeric body validated without unsafe deserialization"
"階段1.zip::階段1/myfeature.zip","myfeature/T1/6000rpm/3_14screws/T1_Group_feature_data_clean.csv","B_FORMAL_PROCESSED","CSV","720431","363","105","T1/6000rpm","3_14screws","unknown_fault","10000","High","clean feature CSV; header has 105 columns; numeric body validated without unsafe deserialization"
"階段1.zip::階段1/myfeature.zip","myfeature/T1/6000rpm/4screws/T1_Group_feature_data_clean.csv","B_FORMAL_PROCESSED","CSV","760521","383","105","T1/6000rpm","4screws","known_fault","10000","High","clean feature CSV; header has 105 columns; numeric body validated without unsafe deserialization"
"階段1.zip::階段1/myfeature.zip","myfeature/T1/6000rpm/4_146screws/T1_Group_feature_data_clean.csv","B_FORMAL_PROCESSED","CSV","599540","300","105","T1/6000rpm","4_146screws","unknown_fault","10000","High","clean feature CSV; header has 105 columns; numeric body validated without unsafe deserialization"
"階段1.zip::階段1/myfeature.zip","myfeature/T1/6000rpm/5screws/T1_Group_feature_data_clean.csv","B_FORMAL_PROCESSED","CSV","717116","361","105","T1/6000rpm","5screws","unknown_fault","10000","High","clean feature CSV; header has 105 columns; numeric body validated without unsafe deserialization"
"階段1.zip::階段1/myfeature.zip","myfeature/T1/6000rpm/6screws/T1_Group_feature_data_clean.csv","B_FORMAL_PROCESSED","CSV","641688","323","105","T1/6000rpm","6screws","unknown_fault","10000","High","clean feature CSV; header has 105 columns; numeric body validated without unsafe deserialization"
"階段1.zip::階段1/myfeature.zip","myfeature/T1/6000rpm/7screws/T1_Group_feature_data_clean.csv","B_FORMAL_PROCESSED","CSV","658093","331","105","T1/6000rpm","7screws","unknown_fault","10000","High","clean feature CSV; header has 105 columns; numeric body validated without unsafe deserialization"
"階段1.zip::階段1/myfeature.zip","myfeature/T1/6000rpm/8screws/T1_Group_feature_data_clean.csv","B_FORMAL_PROCESSED","CSV","639520","320","105","T1/6000rpm","8screws","known_healthy","10000","High","clean feature CSV; header has 105 columns; numeric body validated without unsafe deserialization"
"階段1.zip::階段1/myfeature.zip","myfeature/T1/8000rpm/1screws/T1_Group_feature_data_clean.csv","B_FORMAL_PROCESSED","CSV","679382","349","105","T1/8000rpm","1screws","known_fault","10000","High","clean feature CSV; header has 105 columns; numeric body validated without unsafe deserialization"
"階段1.zip::階段1/myfeature.zip","myfeature/T1/8000rpm/2screws/T1_Group_feature_data_clean.csv","B_FORMAL_PROCESSED","CSV","568442","288","105","T1/8000rpm","2screws","known_fault","10000","High","clean feature CSV; header has 105 columns; numeric body validated without unsafe deserialization"
"階段1.zip::階段1/myfeature.zip","myfeature/T1/8000rpm/3screws/T1_Group_feature_data_clean.csv","B_FORMAL_PROCESSED","CSV","476854","241","105","T1/8000rpm","3screws","known_fault","10000","High","clean feature CSV; header has 105 columns; numeric body validated without unsafe deserialization"
"階段1.zip::階段1/myfeature.zip","myfeature/T1/8000rpm/3_14screws/T1_Group_feature_data_clean.csv","B_FORMAL_PROCESSED","CSV","692061","351","105","T1/8000rpm","3_14screws","unknown_fault","10000","High","clean feature CSV; header has 105 columns; numeric body validated without unsafe deserialization"
"階段1.zip::階段1/myfeature.zip","myfeature/T1/8000rpm/4screws/T1_Group_feature_data_clean.csv","B_FORMAL_PROCESSED","CSV","569249","287","105","T1/8000rpm","4screws","known_fault","10000","High","clean feature CSV; header has 105 columns; numeric body validated without unsafe deserialization"
"階段1.zip::階段1/myfeature.zip","myfeature/T1/8000rpm/4_146screws/T1_Group_feature_data_clean.csv","B_FORMAL_PROCESSED","CSV","735309","372","105","T1/8000rpm","4_146screws","unknown_fault","10000","High","clean feature CSV; header has 105 columns; numeric body validated without unsafe deserialization"
"階段1.zip::階段1/myfeature.zip","myfeature/T1/8000rpm/5screws/T1_Group_feature_data_clean.csv","B_FORMAL_PROCESSED","CSV","420740","212","105","T1/8000rpm","5screws","unknown_fault","10000","High","clean feature CSV; header has 105 columns; numeric body validated without unsafe deserialization"
"階段1.zip::階段1/myfeature.zip","myfeature/T1/8000rpm/6screws/T1_Group_feature_data_clean.csv","B_FORMAL_PROCESSED","CSV","621161","314","105","T1/8000rpm","6screws","unknown_fault","10000","High","clean feature CSV; header has 105 columns; numeric body validated without unsafe deserialization"
"階段1.zip::階段1/myfeature.zip","myfeature/T1/8000rpm/7screws/T1_Group_feature_data_clean.csv","B_FORMAL_PROCESSED","CSV","634110","322","105","T1/8000rpm","7screws","unknown_fault","10000","High","clean feature CSV; header has 105 columns; numeric body validated without unsafe deserialization"
"階段1.zip::階段1/myfeature.zip","myfeature/T1/8000rpm/8screws/T1_Group_feature_data_clean.csv","B_FORMAL_PROCESSED","CSV","624072","313","105","T1/8000rpm","8screws","known_healthy","10000","High","clean feature CSV; header has 105 columns; numeric body validated without unsafe deserialization"
"階段3.zip::階段3/myfeature.zip","myfeature/T3/11000rpm/1screws/T3_Group_feature_data_clean.csv","B_FORMAL_PROCESSED","CSV","696097","352","105","T3/11000rpm","1screws","known_fault","10000","High","clean feature CSV; header has 105 columns; numeric body validated without unsafe deserialization"
"階段3.zip::階段3/myfeature.zip","myfeature/T3/11000rpm/2screws/T3_Group_feature_data_clean.csv","B_FORMAL_PROCESSED","CSV","669538","340","105","T3/11000rpm","2screws","known_fault","10000","High","clean feature CSV; header has 105 columns; numeric body validated without unsafe deserialization"
"階段3.zip::階段3/myfeature.zip","myfeature/T3/11000rpm/3screws/T3_Group_feature_data_clean.csv","B_FORMAL_PROCESSED","CSV","600316","305","105","T3/11000rpm","3screws","known_fault","10000","High","clean feature CSV; header has 105 columns; numeric body validated without unsafe deserialization"
"階段3.zip::階段3/myfeature.zip","myfeature/T3/11000rpm/3_14screws/T3_Group_feature_data_clean.csv","B_FORMAL_PROCESSED","CSV","625196","317","105","T3/11000rpm","3_14screws","unknown_fault","10000","High","clean feature CSV; header has 105 columns; numeric body validated without unsafe deserialization"
"階段3.zip::階段3/myfeature.zip","myfeature/T3/11000rpm/4screws/T3_Group_feature_data_clean.csv","B_FORMAL_PROCESSED","CSV","558693","283","105","T3/11000rpm","4screws","known_fault","10000","High","clean feature CSV; header has 105 columns; numeric body validated without unsafe deserialization"
"階段3.zip::階段3/myfeature.zip","myfeature/T3/11000rpm/4_146screws/T3_Group_feature_data_clean.csv","B_FORMAL_PROCESSED","CSV","611841","310","105","T3/11000rpm","4_146screws","unknown_fault","10000","High","clean feature CSV; header has 105 columns; numeric body validated without unsafe deserialization"
"階段3.zip::階段3/myfeature.zip","myfeature/T3/11000rpm/5screws/T3_Group_feature_data_clean.csv","B_FORMAL_PROCESSED","CSV","600230","304","105","T3/11000rpm","5screws","unknown_fault","10000","High","clean feature CSV; header has 105 columns; numeric body validated without unsafe deserialization"
"階段3.zip::階段3/myfeature.zip","myfeature/T3/11000rpm/6screws/T3_Group_feature_data_clean.csv","B_FORMAL_PROCESSED","CSV","614240","309","105","T3/11000rpm","6screws","unknown_fault","10000","High","clean feature CSV; header has 105 columns; numeric body validated without unsafe deserialization"
"階段3.zip::階段3/myfeature.zip","myfeature/T3/11000rpm/7screws/T3_Group_feature_data_clean.csv","B_FORMAL_PROCESSED","CSV","611254","308","105","T3/11000rpm","7screws","unknown_fault","10000","High","clean feature CSV; header has 105 columns; numeric body validated without unsafe deserialization"
"階段3.zip::階段3/myfeature.zip","myfeature/T3/11000rpm/8screws/T3_Group_feature_data_clean.csv","B_FORMAL_PROCESSED","CSV","595895","300","105","T3/11000rpm","8screws","known_healthy","10000","High","clean feature CSV; header has 105 columns; numeric body validated without unsafe deserialization"
"階段3.zip::階段3/myfeature.zip","myfeature/T3/6000rpm/1screws/T3_Group_feature_data_clean.csv","B_FORMAL_PROCESSED","CSV","596597","300","105","T3/6000rpm","1screws","known_fault","10000","High","clean feature CSV; header has 105 columns; numeric body validated without unsafe deserialization"
"階段3.zip::階段3/myfeature.zip","myfeature/T3/6000rpm/2screws/T3_Group_feature_data_clean.csv","B_FORMAL_PROCESSED","CSV","562335","283","105","T3/6000rpm","2screws","known_fault","10000","High","clean feature CSV; header has 105 columns; numeric body validated without unsafe deserialization"
"階段3.zip::階段3/myfeature.zip","myfeature/T3/6000rpm/3screws/T3_Group_feature_data_clean.csv","B_FORMAL_PROCESSED","CSV","658286","333","105","T3/6000rpm","3screws","known_fault","10000","High","clean feature CSV; header has 105 columns; numeric body validated without unsafe deserialization"
"階段3.zip::階段3/myfeature.zip","myfeature/T3/6000rpm/3_14screws/T3_Group_feature_data_clean.csv","B_FORMAL_PROCESSED","CSV","574568","289","105","T3/6000rpm","3_14screws","unknown_fault","10000","High","clean feature CSV; header has 105 columns; numeric body validated without unsafe deserialization"
"階段3.zip::階段3/myfeature.zip","myfeature/T3/6000rpm/4screws/T3_Group_feature_data_clean.csv","B_FORMAL_PROCESSED","CSV","580506","293","105","T3/6000rpm","4screws","known_fault","10000","High","clean feature CSV; header has 105 columns; numeric body validated without unsafe deserialization"
"階段3.zip::階段3/myfeature.zip","myfeature/T3/6000rpm/4_146screws/T3_Group_feature_data_clean.csv","B_FORMAL_PROCESSED","CSV","580395","292","105","T3/6000rpm","4_146screws","unknown_fault","10000","High","clean feature CSV; header has 105 columns; numeric body validated without unsafe deserialization"
"階段3.zip::階段3/myfeature.zip","myfeature/T3/6000rpm/5screws/T3_Group_feature_data_clean.csv","B_FORMAL_PROCESSED","CSV","602155","304","105","T3/6000rpm","5screws","unknown_fault","10000","High","clean feature CSV; header has 105 columns; numeric body validated without unsafe deserialization"
"階段3.zip::階段3/myfeature.zip","myfeature/T3/6000rpm/6screws/T3_Group_feature_data_clean.csv","B_FORMAL_PROCESSED","CSV","559219","281","105","T3/6000rpm","6screws","unknown_fault","10000","High","clean feature CSV; header has 105 columns; numeric body validated without unsafe deserialization"
"階段3.zip::階段3/myfeature.zip","myfeature/T3/6000rpm/7screws/T3_Group_feature_data_clean.csv","B_FORMAL_PROCESSED","CSV","501080","252","105","T3/6000rpm","7screws","unknown_fault","10000","High","clean feature CSV; header has 105 columns; numeric body validated without unsafe deserialization"
"階段3.zip::階段3/myfeature.zip","myfeature/T3/6000rpm/8screws/T3_Group_feature_data_clean.csv","B_FORMAL_PROCESSED","CSV","624018","314","105","T3/6000rpm","8screws","known_healthy","10000","High","clean feature CSV; header has 105 columns; numeric body validated without unsafe deserialization"
"階段3.zip::階段3/myfeature.zip","myfeature/T3/8000rpm/1screws/T3_Group_feature_data_clean.csv","B_FORMAL_PROCESSED","CSV","573149","297","105","T3/8000rpm","1screws","known_fault","10000","High","clean feature CSV; header has 105 columns; numeric body validated without unsafe deserialization"
"階段3.zip::階段3/myfeature.zip","myfeature/T3/8000rpm/2screws/T3_Group_feature_data_clean.csv","B_FORMAL_PROCESSED","CSV","712512","362","105","T3/8000rpm","2screws","known_fault","10000","High","clean feature CSV; header has 105 columns; numeric body validated without unsafe deserialization"
"階段3.zip::階段3/myfeature.zip","myfeature/T3/8000rpm/3screws/T3_Group_feature_data_clean.csv","B_FORMAL_PROCESSED","CSV","702426","356","105","T3/8000rpm","3screws","known_fault","10000","High","clean feature CSV; header has 105 columns; numeric body validated without unsafe deserialization"
"階段3.zip::階段3/myfeature.zip","myfeature/T3/8000rpm/3_14screws/T3_Group_feature_data_clean.csv","B_FORMAL_PROCESSED","CSV","653404","334","105","T3/8000rpm","3_14screws","unknown_fault","10000","High","clean feature CSV; header has 105 columns; numeric body validated without unsafe deserialization"
"階段3.zip::階段3/myfeature.zip","myfeature/T3/8000rpm/4screws/T3_Group_feature_data_clean.csv","B_FORMAL_PROCESSED","CSV","537849","274","105","T3/8000rpm","4screws","known_fault","10000","High","clean feature CSV; header has 105 columns; numeric body validated without unsafe deserialization"
"階段3.zip::階段3/myfeature.zip","myfeature/T3/8000rpm/4_146screws/T3_Group_feature_data_clean.csv","B_FORMAL_PROCESSED","CSV","638424","321","105","T3/8000rpm","4_146screws","unknown_fault","10000","High","clean feature CSV; header has 105 columns; numeric body validated without unsafe deserialization"
"階段3.zip::階段3/myfeature.zip","myfeature/T3/8000rpm/5screws/T3_Group_feature_data_clean.csv","B_FORMAL_PROCESSED","CSV","636211","324","105","T3/8000rpm","5screws","unknown_fault","10000","High","clean feature CSV; header has 105 columns; numeric body validated without unsafe deserialization"
"階段3.zip::階段3/myfeature.zip","myfeature/T3/8000rpm/6screws/T3_Group_feature_data_clean.csv","B_FORMAL_PROCESSED","CSV","683997","350","105","T3/8000rpm","6screws","unknown_fault","10000","High","clean feature CSV; header has 105 columns; numeric body validated without unsafe deserialization"
"階段3.zip::階段3/myfeature.zip","myfeature/T3/8000rpm/7screws/T3_Group_feature_data_clean.csv","B_FORMAL_PROCESSED","CSV","658299","335","105","T3/8000rpm","7screws","unknown_fault","10000","High","clean feature CSV; header has 105 columns; numeric body validated without unsafe deserialization"
"階段3.zip::階段3/myfeature.zip","myfeature/T3/8000rpm/8screws/T3_Group_feature_data_clean.csv","B_FORMAL_PROCESSED","CSV","541033","272","105","T3/8000rpm","8screws","known_healthy","10000","High","clean feature CSV; header has 105 columns; numeric body validated without unsafe deserialization"
