epoch,t,truth,score,verdict,predicted,ewma,cusum,quarantine,n_known,source_mode
4,1,8screws,0.781,healthy,8screws,0.0,0.0,0,1,manual
4,2,8screws,0.9657,healthy,8screws,0.0,0.0,0,1,manual
4,3,8screws,0.8429,healthy,8screws,0.0,0.0,0,1,manual
4,4,8screws,1.0265,unknown,,0.08,0.03,0,1,manual
4,5,8screws,0.7738,healthy,8screws,0.0736,0.0,0,1,manual
4,6,8screws,0.7903,healthy,8screws,0.0677,0.0,0,1,manual
4,7,8screws,0.9275,healthy,8screws,0.0623,0.0,0,1,manual
4,8,8screws,0.7537,healthy,8screws,0.0573,0.0,0,1,manual
4,9,8screws,0.9306,healthy,8screws,0.0527,0.0,0,1,manual
4,10,8screws,0.9731,healthy,8screws,0.0485,0.0,0,1,manual
4,11,8screws,0.8547,healthy,8screws,0.0446,0.0,0,1,manual
4,12,8screws,1.0256,unknown,,0.1211,0.03,0,1,manual
4,13,8screws,0.7661,healthy,8screws,0.1114,0.0,0,1,manual
4,14,8screws,1.0272,unknown,,0.1825,0.03,0,1,manual
4,15,8screws,0.988,healthy,8screws,0.1679,0.02,0,1,manual
4,16,8screws,0.7991,healthy,8screws,0.1544,0.0,0,1,manual
4,17,8screws,0.8824,healthy,8screws,0.1421,0.0,0,1,manual
4,18,8screws,1.0489,unknown,,0.2107,0.05,0,1,manual
4,19,8screws,0.9605,healthy,8screws,0.1939,0.01,0,1,manual
4,20,8screws,0.8031,healthy,8screws,0.1783,0.0,0,1,manual
4,21,8screws,0.8607,healthy,8screws,0.1641,0.0,0,1,manual
4,22,8screws,0.8762,healthy,8screws,0.151,0.0,0,1,manual
4,23,8screws,0.6288,healthy,8screws,0.1389,0.0,0,1,manual
4,24,8screws,0.8409,healthy,8screws,0.1278,0.0,0,1,manual
4,25,8screws,0.9235,healthy,8screws,0.1175,0.0,0,1,manual
4,26,8screws,0.9651,healthy,8screws,0.1081,0.0,0,1,manual
4,27,8screws,0.9375,healthy,8screws,0.0995,0.0,0,1,manual
4,28,8screws,0.8944,healthy,8screws,0.0915,0.0,0,1,manual
4,29,8screws,0.8977,healthy,8screws,0.0842,0.0,0,1,manual
4,30,8screws,0.8636,healthy,8screws,0.0775,0.0,0,1,manual
4,31,8screws,0.9013,healthy,8screws,0.0713,0.0,0,1,manual
4,32,8screws,0.8497,healthy,8screws,0.0656,0.0,0,1,manual
4,33,8screws,0.7884,healthy,8screws,0.0603,0.0,0,1,manual
4,34,8screws,0.8387,healthy,8screws,0.0555,0.0,0,1,manual
4,35,8screws,0.7471,healthy,8screws,0.0511,0.0,0,1,manual
4,36,8screws,0.8051,healthy,8screws,0.047,0.0,0,1,manual
4,37,8screws,0.7888,healthy,8screws,0.0432,0.0,0,1,manual
4,38,8screws,0.8127,healthy,8screws,0.0398,0.0,0,1,manual
4,39,8screws,0.8548,healthy,8screws,0.0366,0.0,0,1,manual
4,40,8screws,0.8202,healthy,8screws,0.0337,0.0,0,1,manual
4,41,8screws,0.8441,healthy,8screws,0.031,0.0,0,1,manual
4,42,8screws,0.8583,healthy,8screws,0.0285,0.0,0,1,manual
4,43,8screws,0.8758,healthy,8screws,0.0262,0.0,0,1,manual
4,44,8screws,0.7386,healthy,8screws,0.0241,0.0,0,1,manual
4,45,8screws,0.9545,healthy,8screws,0.0222,0.0,0,1,manual
4,46,8screws,0.847,healthy,8screws,0.0204,0.0,0,1,manual
4,47,8screws,1.0777,unknown,,0.0988,0.08,0,1,manual
4,48,8screws,0.9578,healthy,8screws,0.0909,0.04,0,1,manual
4,49,8screws,0.8478,healthy,8screws,0.0836,0.0,0,1,manual
4,50,8screws,0.8342,healthy,8screws,0.0769,0.0,0,1,manual
4,51,8screws,0.9043,healthy,8screws,0.0708,0.0,0,1,manual
4,52,8screws,1.0366,unknown,,0.1451,0.04,0,1,manual
4,53,8screws,0.9559,healthy,8screws,0.1335,0.0,0,1,manual
4,54,8screws,0.9564,healthy,8screws,0.1228,0.0,0,1,manual
4,55,8screws,0.8278,healthy,8screws,0.113,0.0,0,1,manual
4,56,8screws,0.8478,healthy,8screws,0.1039,0.0,0,1,manual
4,57,8screws,0.7619,healthy,8screws,0.0956,0.0,0,1,manual
4,58,8screws,0.9752,healthy,8screws,0.088,0.0,0,1,manual
4,59,8screws,0.8152,healthy,8screws,0.0809,0.0,0,1,manual
4,60,8screws,0.8758,healthy,8screws,0.0745,0.0,0,1,manual
4,61,8screws,0.8538,healthy,8screws,0.0685,0.0,0,1,manual
4,62,8screws,0.6346,healthy,8screws,0.063,0.0,0,1,manual
4,63,8screws,0.9288,healthy,8screws,0.058,0.0,0,1,manual
4,64,8screws,1.0092,unknown,,0.1333,0.01,0,1,manual
4,65,8screws,0.8944,healthy,8screws,0.1227,0.0,0,1,manual
4,66,8screws,1.0272,unknown,,0.1929,0.03,0,1,manual
4,67,8screws,0.9564,healthy,8screws,0.1774,0.0,0,1,manual
4,68,8screws,0.9651,healthy,8screws,0.1632,0.0,0,1,manual
4,69,8screws,0.7661,healthy,8screws,0.1502,0.0,0,1,manual
4,70,8screws,0.8758,healthy,8screws,0.1382,0.0,0,1,manual
4,71,8screws,0.8977,healthy,8screws,0.1271,0.0,0,1,manual
4,72,8screws,0.8547,healthy,8screws,0.1169,0.0,0,1,manual
4,73,8screws,0.7386,healthy,8screws,0.1076,0.0,0,1,manual
4,74,8screws,0.6346,healthy,8screws,0.099,0.0,0,1,manual
4,75,8screws,0.9578,healthy,8screws,0.0911,0.0,0,1,manual
4,76,8screws,0.8548,healthy,8screws,0.0838,0.0,0,1,manual
4,77,8screws,0.7471,healthy,8screws,0.0771,0.0,0,1,manual
4,78,8screws,0.7888,healthy,8screws,0.0709,0.0,0,1,manual
4,79,8screws,0.8429,healthy,8screws,0.0652,0.0,0,1,manual
4,80,8screws,0.8758,healthy,8screws,0.06,0.0,0,1,manual
4,81,8screws,1.0256,unknown,,0.1352,0.03,0,1,manual
4,82,8screws,0.8387,healthy,8screws,0.1244,0.0,0,1,manual
4,83,8screws,0.9375,healthy,8screws,0.1144,0.0,0,1,manual
4,84,8screws,0.8127,healthy,8screws,0.1053,0.0,0,1,manual
4,85,8screws,0.8762,healthy,8screws,0.0969,0.0,0,1,manual
4,86,8screws,0.8152,healthy,8screws,0.0891,0.0,0,1,manual
4,87,8screws,1.0092,unknown,,0.162,0.01,0,1,manual
4,88,8screws,0.8202,healthy,8screws,0.149,0.0,0,1,manual
4,89,8screws,0.9657,healthy,8screws,0.1371,0.0,0,1,manual
4,90,8screws,0.9013,healthy,8screws,0.1261,0.0,0,1,manual
4,91,8screws,1.0489,unknown,,0.196,0.05,0,1,manual
4,92,8screws,0.847,healthy,8screws,0.1804,0.0,0,1,manual
4,93,8screws,0.7738,healthy,8screws,0.1659,0.0,0,1,manual
4,94,8screws,0.7537,healthy,8screws,0.1527,0.0,0,1,manual
4,95,8screws,0.8409,healthy,8screws,0.1404,0.0,0,1,manual
4,96,8screws,0.8051,healthy,8screws,0.1292,0.0,0,1,manual
4,97,8screws,0.9306,healthy,8screws,0.1189,0.0,0,1,manual
4,98,8screws,0.7903,healthy,8screws,0.1094,0.0,0,1,manual
4,99,8screws,0.9605,healthy,8screws,0.1006,0.0,0,1,manual
4,100,8screws,0.8497,healthy,8screws,0.0926,0.0,0,1,manual
4,101,8screws,0.8478,healthy,8screws,0.0852,0.0,0,1,manual
4,102,8screws,0.8342,healthy,8screws,0.0783,0.0,0,1,manual
4,103,8screws,0.7619,healthy,8screws,0.0721,0.0,0,1,manual
4,104,8screws,0.9752,healthy,8screws,0.0663,0.0,0,1,manual
4,105,8screws,0.8824,healthy,8screws,0.061,0.0,0,1,manual
4,106,8screws,0.988,healthy,8screws,0.0561,0.0,0,1,manual
4,107,8screws,1.0366,unknown,,0.1316,0.04,0,1,manual
4,108,8screws,1.0777,unknown,,0.2011,0.11,0,1,manual
4,109,8screws,0.8607,healthy,8screws,0.185,0.0,0,1,manual
4,110,8screws,0.8636,healthy,8screws,0.1702,0.0,0,1,manual
4,111,8screws,0.7884,healthy,8screws,0.1566,0.0,0,1,manual
4,112,8screws,0.9731,healthy,8screws,0.1441,0.0,0,1,manual
4,113,8screws,1.0265,unknown,,0.2125,0.03,0,1,manual
4,114,8screws,0.7991,healthy,8screws,0.1955,0.0,0,1,manual
4,115,8screws,0.781,healthy,8screws,0.1799,0.0,0,1,manual
4,116,8screws,0.9043,healthy,8screws,0.1655,0.0,0,1,manual
4,117,8screws,0.9288,healthy,8screws,0.1523,0.0,0,1,manual
4,118,8screws,0.8278,healthy,8screws,0.1401,0.0,0,1,manual
4,119,8screws,0.9559,healthy,8screws,0.1289,0.0,0,1,manual
4,120,8screws,0.9545,healthy,8screws,0.1186,0.0,0,1,manual
4,121,8screws,0.9235,healthy,8screws,0.1091,0.0,0,1,manual
4,122,8screws,0.8478,healthy,8screws,0.1004,0.0,0,1,manual
4,123,8screws,0.8583,healthy,8screws,0.0923,0.0,0,1,manual
4,124,8screws,0.8031,healthy,8screws,0.0849,0.0,0,1,manual
4,125,8screws,0.9275,healthy,8screws,0.0781,0.0,0,1,manual
4,126,8screws,0.8538,healthy,8screws,0.0719,0.0,0,1,manual
4,127,8screws,0.6288,healthy,8screws,0.0661,0.0,0,1,manual
4,128,8screws,0.8441,healthy,8screws,0.0609,0.0,0,1,manual
4,129,8screws,0.9013,healthy,8screws,0.056,0.0,0,1,manual
4,130,8screws,0.8758,healthy,8screws,0.0515,0.0,0,1,manual
4,131,8screws,0.9559,healthy,8screws,0.0474,0.0,0,1,manual
4,132,8screws,0.8127,healthy,8screws,0.0436,0.0,0,1,manual
4,133,8screws,0.9545,healthy,8screws,0.0401,0.0,0,1,manual
4,134,8screws,1.0092,unknown,,0.1169,0.01,0,1,manual
4,135,8screws,0.8051,healthy,8screws,0.1075,0.0,0,1,manual
4,136,8screws,0.8538,healthy,8screws,0.0989,0.0,0,1,manual
4,137,8screws,1.0489,unknown,,0.171,0.05,0,1,manual
4,138,8screws,0.9731,healthy,8screws,0.1573,0.02,0,1,manual
4,139,8screws,0.988,healthy,8screws,0.1448,0.01,0,1,manual
4,140,8screws,0.8497,healthy,8screws,0.1332,0.0,0,1,manual
4,141,8screws,0.8152,healthy,8screws,0.1225,0.0,0,1,manual
4,142,8screws,0.8478,healthy,8screws,0.1127,0.0,0,1,manual
4,143,8screws,0.8031,healthy,8screws,0.1037,0.0,0,1,manual
4,144,8screws,0.8548,healthy,8screws,0.0954,0.0,0,1,manual
4,145,8screws,1.0272,unknown,,0.1678,0.03,0,1,manual
4,146,8screws,0.9578,healthy,8screws,0.1544,0.0,0,1,manual
4,147,8screws,0.7888,healthy,8screws,0.142,0.0,0,1,manual
4,148,8screws,1.0256,unknown,,0.2106,0.03,0,1,manual
4,149,8screws,0.8429,healthy,8screws,0.1938,0.0,0,1,manual
4,150,8screws,0.9605,healthy,8screws,0.1783,0.0,0,1,manual
4,151,8screws,0.8202,healthy,8screws,0.164,0.0,0,1,manual
4,152,8screws,0.781,healthy,8screws,0.1509,0.0,0,1,manual
4,153,8screws,1.0777,unknown,,0.2188,0.08,0,1,manual
4,154,8screws,0.6346,healthy,8screws,0.2013,0.0,0,1,manual
4,155,8screws,0.7884,healthy,8screws,0.1852,0.0,0,1,manual
4,156,8screws,0.8758,healthy,8screws,0.1704,0.0,0,1,manual
4,157,8screws,0.7903,healthy,8screws,0.1568,0.0,0,1,manual
4,158,8screws,0.9657,healthy,8screws,0.1442,0.0,0,1,manual
4,159,8screws,0.8409,healthy,8screws,0.1327,0.0,0,1,manual
4,160,8screws,0.7661,healthy,8screws,0.1221,0.0,0,1,manual
4,161,8screws,0.8441,healthy,8screws,0.1123,0.0,0,1,manual
4,162,8screws,0.7991,healthy,8screws,0.1033,0.0,0,1,manual
4,163,8screws,0.7619,healthy,8screws,0.0951,0.0,0,1,manual
4,164,8screws,0.8944,healthy,8screws,0.0875,0.0,0,1,manual
4,165,8screws,0.8478,healthy,8screws,0.0805,0.0,0,1,manual
4,166,8screws,1.0265,unknown,,0.154,0.03,0,1,manual
4,167,8screws,0.7471,healthy,8screws,0.1417,0.0,0,1,manual
4,168,8screws,0.847,healthy,8screws,0.1304,0.0,0,1,manual
4,169,8screws,0.9288,healthy,8screws,0.1199,0.0,0,1,manual
4,170,8screws,0.9275,healthy,8screws,0.1103,0.0,0,1,manual
4,171,8screws,0.7537,healthy,8screws,0.1015,0.0,0,1,manual
4,172,8screws,0.8607,healthy,8screws,0.0934,0.0,0,1,manual
4,173,8screws,0.7386,healthy,8screws,0.0859,0.0,0,1,manual
4,174,8screws,0.8636,healthy,8screws,0.079,0.0,0,1,manual
4,175,8screws,0.8547,healthy,8screws,0.0727,0.0,0,1,manual
4,176,8screws,0.9043,healthy,8screws,0.0669,0.0,0,1,manual
4,177,8screws,1.0366,unknown,,0.1416,0.04,0,1,manual
4,178,8screws,0.8762,healthy,8screws,0.1302,0.0,0,1,manual
4,179,8screws,0.8342,healthy,8screws,0.1198,0.0,0,1,manual
4,180,8screws,0.9564,healthy,8screws,0.1102,0.0,0,1,manual
4,181,8screws,0.8824,healthy,8screws,0.1014,0.0,0,1,manual
4,182,8screws,0.9651,healthy,8screws,0.0933,0.0,0,1,manual
4,183,8screws,0.7738,healthy,8screws,0.0858,0.0,0,1,manual
4,184,8screws,0.6288,healthy,8screws,0.079,0.0,0,1,manual
4,185,8screws,0.9235,healthy,8screws,0.0726,0.0,0,1,manual
4,186,8screws,0.8278,healthy,8screws,0.0668,0.0,0,1,manual
4,187,8screws,0.8977,healthy,8screws,0.0615,0.0,0,1,manual
4,188,8screws,0.9375,healthy,8screws,0.0566,0.0,0,1,manual
4,189,8screws,0.8583,healthy,8screws,0.052,0.0,0,1,manual
4,190,8screws,0.8387,healthy,8screws,0.0479,0.0,0,1,manual
4,191,8screws,0.9306,healthy,8screws,0.0441,0.0,0,1,manual
4,192,8screws,0.9752,healthy,8screws,0.0405,0.0,0,1,manual
4,193,8screws,0.8152,healthy,8screws,0.0373,0.0,0,1,manual
4,194,8screws,0.9564,healthy,8screws,0.0343,0.0,0,1,manual
4,195,8screws,0.8762,healthy,8screws,0.0316,0.0,0,1,manual
4,196,8screws,0.9288,healthy,8screws,0.029,0.0,0,1,manual
4,197,8screws,0.9651,healthy,8screws,0.0267,0.0,0,1,manual
4,198,8screws,0.8441,healthy,8screws,0.0246,0.0,0,1,manual
4,199,8screws,0.8758,healthy,8screws,0.0226,0.0,0,1,manual
4,200,8screws,0.8429,healthy,8screws,0.0208,0.0,0,1,manual
4,201,8screws,0.9275,healthy,8screws,0.0191,0.0,0,1,manual
4,202,8screws,0.7661,healthy,8screws,0.0176,0.0,0,1,manual
4,203,8screws,0.8387,healthy,8screws,0.0162,0.0,0,1,manual
4,204,8screws,1.0256,unknown,,0.0949,0.03,0,1,manual
4,205,8screws,0.7888,healthy,8screws,0.0873,0.0,0,1,manual
4,206,8screws,0.9306,healthy,8screws,0.0803,0.0,0,1,manual
4,207,8screws,1.0272,unknown,,0.1539,0.03,0,1,manual
4,208,8screws,0.8758,healthy,8screws,0.1416,0.0,0,1,manual
4,209,8screws,1.0092,unknown,,0.2103,0.01,0,1,manual
4,210,8screws,1.0366,unknown,,0.2734,0.05,0,1,manual
4,211,8screws,0.988,healthy,8screws,0.2516,0.03,0,1,manual
4,212,8screws,0.8051,healthy,8screws,0.2314,0.0,0,1,manual
4,213,8screws,0.8497,healthy,8screws,0.2129,0.0,0,1,manual
4,214,8screws,0.8824,healthy,8screws,0.1959,0.0,0,1,manual
4,215,8screws,0.8636,healthy,8screws,0.1802,0.0,0,1,manual
4,216,8screws,0.8547,healthy,8screws,0.1658,0.0,0,1,manual
4,217,8screws,1.0265,unknown,,0.2325,0.03,0,1,manual
4,218,8screws,0.8548,healthy,8screws,0.2139,0.0,0,1,manual
4,219,8screws,0.6346,healthy,8screws,0.1968,0.0,0,1,manual
4,220,8screws,0.8127,healthy,8screws,0.1811,0.0,0,1,manual
4,221,8screws,0.9731,healthy,8screws,0.1666,0.0,0,1,manual
4,222,8screws,0.8278,healthy,8screws,0.1533,0.0,0,1,manual
4,223,8screws,0.847,healthy,8screws,0.141,0.0,0,1,manual
4,224,8screws,0.8342,healthy,8screws,0.1297,0.0,0,1,manual
4,225,8screws,0.8478,healthy,8screws,0.1193,0.0,0,1,manual
4,226,8screws,0.9752,healthy,8screws,0.1098,0.0,0,1,manual
4,227,8screws,0.7471,healthy,8screws,0.101,0.0,0,1,manual
4,228,8screws,0.9235,healthy,8screws,0.0929,0.0,0,1,manual
4,229,8screws,0.9013,healthy,8screws,0.0855,0.0,0,1,manual
4,230,8screws,0.8409,healthy,8screws,0.0787,0.0,0,1,manual
4,231,8screws,0.8944,healthy,8screws,0.0724,0.0,0,1,manual
4,232,8screws,0.6288,healthy,8screws,0.0666,0.0,0,1,manual
4,233,8screws,0.7386,healthy,8screws,0.0612,0.0,0,1,manual
4,234,8screws,0.8202,healthy,8screws,0.0563,0.0,0,1,manual
4,235,8screws,0.9043,healthy,8screws,0.0518,0.0,0,1,manual
4,236,8screws,0.9545,healthy,8screws,0.0477,0.0,0,1,manual
4,237,8screws,0.7619,healthy,8screws,0.0439,0.0,0,1,manual
4,238,8screws,0.8478,healthy,8screws,0.0404,0.0,0,1,manual
4,239,8screws,1.0489,unknown,,0.1171,0.05,0,1,manual
4,240,8screws,0.7903,healthy,8screws,0.1078,0.0,0,1,manual
4,241,8screws,1.0777,unknown,,0.1791,0.08,0,1,manual
4,242,8screws,0.7884,healthy,8screws,0.1648,0.0,0,1,manual
4,243,8screws,0.9559,healthy,8screws,0.1516,0.0,0,1,manual
4,244,8screws,0.7738,healthy,8screws,0.1395,0.0,0,1,manual
4,245,8screws,0.9657,healthy,8screws,0.1283,0.0,0,1,manual
4,246,8screws,0.9375,healthy,8screws,0.1181,0.0,0,1,manual
4,247,8screws,0.781,healthy,8screws,0.1086,0.0,0,1,manual
4,248,8screws,0.8977,healthy,8screws,0.0999,0.0,0,1,manual
4,249,8screws,0.8538,healthy,8screws,0.0919,0.0,0,1,manual
4,250,8screws,0.9578,healthy,8screws,0.0846,0.0,0,1,manual
4,251,8screws,0.8583,healthy,8screws,0.0778,0.0,0,1,manual
4,252,8screws,0.7537,healthy,8screws,0.0716,0.0,0,1,manual
4,253,8screws,0.8607,healthy,8screws,0.0659,0.0,0,1,manual
4,254,8screws,0.7991,healthy,8screws,0.0606,0.0,0,1,manual
4,255,8screws,0.9605,healthy,8screws,0.0557,0.0,0,1,manual
4,256,8screws,0.8031,healthy,8screws,0.0513,0.0,0,1,manual
4,257,8screws,0.8031,healthy,8screws,0.0472,0.0,0,1,manual
4,258,8screws,0.9651,healthy,8screws,0.0434,0.0,0,1,manual
4,259,8screws,0.847,healthy,8screws,0.0399,0.0,0,1,manual
4,260,8screws,0.781,healthy,8screws,0.0367,0.0,0,1,manual
4,261,8screws,0.9306,healthy,8screws,0.0338,0.0,0,1,manual
4,262,8screws,0.9288,healthy,8screws,0.0311,0.0,0,1,manual
4,263,8screws,0.7991,healthy,8screws,0.0286,0.0,0,1,manual
4,264,8screws,0.8478,healthy,8screws,0.0263,0.0,0,1,manual
4,265,8screws,0.7537,healthy,8screws,0.0242,0.0,0,1,manual
4,266,8screws,1.0489,unknown,,0.1023,0.05,0,1,manual
4,267,8screws,0.9235,healthy,8screws,0.0941,0.0,0,1,manual
4,268,8screws,0.9605,healthy,8screws,0.0866,0.0,0,1,manual
4,269,8screws,0.8429,healthy,8screws,0.0796,0.0,0,1,manual
4,270,8screws,0.8538,healthy,8screws,0.0733,0.0,0,1,manual
4,271,8screws,0.8977,healthy,8screws,0.0674,0.0,0,1,manual
4,272,8screws,0.8758,healthy,8screws,0.062,0.0,0,1,manual
4,273,8screws,1.0777,unknown,,0.1371,0.08,0,1,manual
4,274,8screws,0.9375,healthy,8screws,0.1261,0.02,0,1,manual
4,275,8screws,0.6346,healthy,8screws,0.116,0.0,0,1,manual
4,276,8screws,0.6288,healthy,8screws,0.1067,0.0,0,1,manual
4,277,8screws,0.988,healthy,8screws,0.0982,0.0,0,1,manual
4,278,8screws,0.8278,healthy,8screws,0.0903,0.0,0,1,manual
4,279,8screws,0.8409,healthy,8screws,0.0831,0.0,0,1,manual
4,280,8screws,0.9578,healthy,8screws,0.0765,0.0,0,1,manual
4,281,8screws,0.8441,healthy,8screws,0.0703,0.0,0,1,manual
4,282,8screws,0.9657,healthy,8screws,0.0647,0.0,0,1,manual
4,283,8screws,1.0265,unknown,,0.1395,0.03,0,1,manual
4,284,8screws,0.9275,healthy,8screws,0.1284,0.0,0,1,manual
4,285,8screws,0.9752,healthy,8screws,0.1181,0.0,0,1,manual
4,286,8screws,0.7386,healthy,8screws,0.1087,0.0,0,1,manual
4,287,8screws,0.8944,healthy,8screws,0.1,0.0,0,1,manual
4,288,8screws,0.9559,healthy,8screws,0.092,0.0,0,1,manual
4,289,8screws,0.8387,healthy,8screws,0.0846,0.0,0,1,manual
4,290,8screws,0.7471,healthy,8screws,0.0778,0.0,0,1,manual
4,291,8screws,0.8583,healthy,8screws,0.0716,0.0,0,1,manual
4,292,8screws,0.8051,healthy,8screws,0.0659,0.0,0,1,manual
4,293,8screws,0.9043,healthy,8screws,0.0606,0.0,0,1,manual
4,294,8screws,0.7903,healthy,8screws,0.0558,0.0,0,1,manual
4,295,8screws,0.8636,healthy,8screws,0.0513,0.0,0,1,manual
4,296,8screws,0.8824,healthy,8screws,0.0472,0.0,0,1,manual
4,297,8screws,0.8342,healthy,8screws,0.0434,0.0,0,1,manual
4,298,8screws,0.7884,healthy,8screws,0.0399,0.0,0,1,manual
4,299,8screws,0.9545,healthy,8screws,0.0368,0.0,0,1,manual
4,300,8screws,0.8548,healthy,8screws,0.0338,0.0,0,1,manual
4,301,8screws,1.0256,unknown,,0.1111,0.03,0,1,manual
4,302,8screws,0.7738,healthy,8screws,0.1022,0.0,0,1,manual
4,303,8screws,1.0272,unknown,,0.174,0.03,0,1,manual
4,304,8screws,0.9731,healthy,8screws,0.1601,0.0,0,1,manual
4,305,8screws,0.9564,healthy,8screws,0.1473,0.0,0,1,manual
4,306,8screws,1.0366,unknown,,0.2155,0.04,0,1,manual
4,307,8screws,0.9013,healthy,8screws,0.1983,0.0,0,1,manual
4,308,8screws,0.8607,healthy,8screws,0.1824,0.0,0,1,manual
4,309,8screws,0.8202,healthy,8screws,0.1678,0.0,0,1,manual
4,310,8screws,0.8758,healthy,8screws,0.1544,0.0,0,1,manual
4,311,8screws,0.8762,healthy,8screws,0.142,0.0,0,1,manual
4,312,8screws,0.8127,healthy,8screws,0.1307,0.0,0,1,manual
4,313,8screws,1.0092,unknown,,0.2002,0.01,0,1,manual
4,314,8screws,0.8547,healthy,8screws,0.1842,0.0,0,1,manual
4,315,8screws,0.7619,healthy,8screws,0.1695,0.0,0,1,manual
4,316,8screws,0.8478,healthy,8screws,0.1559,0.0,0,1,manual
4,317,8screws,0.7661,healthy,8screws,0.1434,0.0,0,1,manual
4,318,8screws,0.8152,healthy,8screws,0.132,0.0,0,1,manual
4,319,8screws,0.8497,healthy,8screws,0.1214,0.0,0,1,manual
4,320,8screws,0.7888,healthy,8screws,0.1117,0.0,0,1,manual
4,321,8screws,0.988,healthy,8screws,0.1028,0.0,0,1,manual
4,322,8screws,0.8342,healthy,8screws,0.0945,0.0,0,1,manual
4,323,8screws,0.9043,healthy,8screws,0.087,0.0,0,1,manual
4,324,8screws,0.9651,healthy,8screws,0.08,0.0,0,1,manual
4,325,8screws,0.8127,healthy,8screws,0.0736,0.0,0,1,manual
4,326,8screws,0.8758,healthy,8screws,0.0677,0.0,0,1,manual
4,327,8screws,0.9306,healthy,8screws,0.0623,0.0,0,1,manual
4,328,8screws,1.0092,unknown,,0.1373,0.01,0,1,manual
4,329,8screws,0.9578,healthy,8screws,0.1263,0.0,0,1,manual
4,330,8screws,0.7991,healthy,8screws,0.1162,0.0,0,1,manual
4,331,8screws,0.9288,healthy,8screws,0.1069,0.0,0,1,manual
4,332,8screws,0.7537,healthy,8screws,0.0984,0.0,0,1,manual
4,333,8screws,0.8944,healthy,8screws,0.0905,0.0,0,1,manual
4,334,8screws,0.8548,healthy,8screws,0.0833,0.0,0,1,manual
4,335,8screws,0.8051,healthy,8screws,0.0766,0.0,0,1,manual
4,336,8screws,0.8636,healthy,8screws,0.0705,0.0,0,1,manual
4,337,8screws,0.9564,healthy,8screws,0.0648,0.0,0,1,manual
4,338,8screws,0.8547,healthy,8screws,0.0597,0.0,0,1,manual
4,339,8screws,0.9605,healthy,8screws,0.0549,0.0,0,1,manual
4,340,8screws,0.7903,healthy,8screws,0.0505,0.0,0,1,manual
4,341,8screws,0.7619,healthy,8screws,0.0465,0.0,0,1,manual
4,342,8screws,0.7884,healthy,8screws,0.0427,0.0,0,1,manual
4,343,8screws,0.9013,healthy,8screws,0.0393,0.0,0,1,manual
4,344,8screws,0.6288,healthy,8screws,0.0362,0.0,0,1,manual
4,345,8screws,0.7661,healthy,8screws,0.0333,0.0,0,1,manual
4,346,8screws,0.8152,healthy,8screws,0.0306,0.0,0,1,manual
4,347,8screws,0.8824,healthy,8screws,0.0282,0.0,0,1,manual
4,348,8screws,0.7471,healthy,8screws,0.0259,0.0,0,1,manual
4,349,8screws,0.847,healthy,8screws,0.0238,0.0,0,1,manual
4,350,8screws,0.9559,healthy,8screws,0.0219,0.0,0,1,manual
4,351,8screws,0.8441,healthy,8screws,0.0202,0.0,0,1,manual
4,352,8screws,0.8429,healthy,8screws,0.0186,0.0,0,1,manual
4,353,8screws,0.8202,healthy,8screws,0.0171,0.0,0,1,manual
4,354,8screws,0.781,healthy,8screws,0.0157,0.0,0,1,manual
4,355,8screws,1.0256,unknown,,0.0945,0.03,0,1,manual
4,356,8screws,0.8387,healthy,8screws,0.0869,0.0,0,1,manual
4,357,8screws,0.8478,healthy,8screws,0.0799,0.0,0,1,manual
4,358,8screws,0.9545,healthy,8screws,0.0736,0.0,0,1,manual
4,359,8screws,0.7888,healthy,8screws,0.0677,0.0,0,1,manual
4,360,8screws,0.7386,healthy,8screws,0.0623,0.0,0,1,manual
4,361,8screws,1.0265,unknown,,0.1373,0.03,0,1,manual
4,362,8screws,0.9752,healthy,8screws,0.1263,0.0,0,1,manual
4,363,8screws,0.8497,healthy,8screws,0.1162,0.0,0,1,manual
4,364,8screws,0.8762,healthy,8screws,0.1069,0.0,0,1,manual
4,365,8screws,0.9657,healthy,8screws,0.0983,0.0,0,1,manual
4,366,8screws,0.8758,healthy,8screws,0.0905,0.0,0,1,manual
4,367,8screws,0.8538,healthy,8screws,0.0832,0.0,0,1,manual
4,368,8screws,0.8409,healthy,8screws,0.0766,0.0,0,1,manual
4,369,8screws,1.0489,unknown,,0.1505,0.05,0,1,manual
4,370,8screws,1.0777,unknown,,0.2184,0.13,0,1,manual
4,371,8screws,0.8031,healthy,8screws,0.2009,0.0,0,1,manual
4,372,8screws,0.8607,healthy,8screws,0.1849,0.0,0,1,manual
4,373,8screws,0.9731,healthy,8screws,0.1701,0.0,0,1,manual
4,374,8screws,0.8583,healthy,8screws,0.1565,0.0,0,1,manual
4,375,8screws,0.9375,healthy,8screws,0.144,0.0,0,1,manual
4,376,8screws,0.8278,healthy,8screws,0.1324,0.0,0,1,manual
4,377,8screws,0.9235,healthy,8screws,0.1218,0.0,0,1,manual
4,378,8screws,0.8977,healthy,8screws,0.1121,0.0,0,1,manual
4,379,8screws,0.8478,healthy,8screws,0.1031,0.0,0,1,manual
4,380,8screws,1.0272,unknown,,0.1749,0.03,0,1,manual
4,381,8screws,0.6346,healthy,8screws,0.1609,0.0,0,1,manual
4,382,8screws,0.9275,healthy,8screws,0.148,0.0,0,1,manual
4,383,8screws,1.0366,unknown,,0.2162,0.04,0,1,manual
4,384,8screws,0.7738,healthy,8screws,0.1989,0.0,0,1,manual
4,385,8screws,0.7386,healthy,8screws,0.183,0.0,0,1,manual
4,386,8screws,0.8278,healthy,8screws,0.1683,0.0,0,1,manual
4,387,8screws,0.9288,healthy,8screws,0.1549,0.0,0,1,manual
4,388,8screws,0.7888,healthy,8screws,0.1425,0.0,0,1,manual
4,389,8screws,0.8548,healthy,8screws,0.1311,0.0,0,1,manual
4,390,8screws,0.8497,healthy,8screws,0.1206,0.0,0,1,manual
4,391,8screws,0.6346,healthy,8screws,0.1109,0.0,0,1,manual
4,392,8screws,1.0489,unknown,,0.1821,0.05,0,1,manual
4,393,8screws,0.8758,healthy,8screws,0.1675,0.0,0,1,manual
4,394,8screws,0.9375,healthy,8screws,0.1541,0.0,0,1,manual
4,395,8screws,0.9235,healthy,8screws,0.1418,0.0,0,1,manual
4,396,8screws,0.9731,healthy,8screws,0.1304,0.0,0,1,manual
4,397,8screws,0.8051,healthy,8screws,0.12,0.0,0,1,manual
4,398,8screws,0.9559,healthy,8screws,0.1104,0.0,0,1,manual
4,399,8screws,0.9578,healthy,8screws,0.1016,0.0,0,1,manual
4,400,8screws,1.0272,unknown,,0.1734,0.03,0,1,manual
4,401,8screws,0.8977,healthy,8screws,0.1596,0.0,0,1,manual
4,402,8screws,0.8441,healthy,8screws,0.1468,0.0,0,1,manual
4,403,8screws,0.7884,healthy,8screws,0.1351,0.0,0,1,manual
4,404,8screws,0.7738,healthy,8screws,0.1243,0.0,0,1,manual
4,405,8screws,0.8762,healthy,8screws,0.1143,0.0,0,1,manual
4,406,8screws,0.8031,healthy,8screws,0.1052,0.0,0,1,manual
4,407,8screws,0.9605,healthy,8screws,0.0968,0.0,0,1,manual
4,408,8screws,0.8607,healthy,8screws,0.089,0.0,0,1,manual
4,409,8screws,0.9752,healthy,8screws,0.0819,0.0,0,1,manual
4,410,8screws,0.9657,healthy,8screws,0.0753,0.0,0,1,manual
4,411,8screws,0.7661,healthy,8screws,0.0693,0.0,0,1,manual
4,412,8screws,0.847,healthy,8screws,0.0638,0.0,0,1,manual
4,413,8screws,0.8387,healthy,8screws,0.0587,0.0,0,1,manual
4,414,8screws,0.6288,healthy,8screws,0.054,0.0,0,1,manual
4,415,8screws,0.8758,healthy,8screws,0.0497,0.0,0,1,manual
4,416,8screws,0.8547,healthy,8screws,0.0457,0.0,0,1,manual
4,417,8screws,0.8478,healthy,8screws,0.042,0.0,0,1,manual
4,418,8screws,0.9545,healthy,8screws,0.0387,0.0,0,1,manual
4,419,8screws,1.0366,unknown,,0.1156,0.04,0,1,manual
4,420,8screws,1.0777,unknown,,0.1863,0.11,0,1,manual
4,421,8screws,0.7471,healthy,8screws,0.1714,0.0,0,1,manual
4,422,8screws,0.8944,healthy,8screws,0.1577,0.0,0,1,manual
4,423,8screws,0.8409,healthy,8screws,0.1451,0.0,0,1,manual
4,424,8screws,0.9306,healthy,8screws,0.1335,0.0,0,1,manual
4,425,8screws,0.7619,healthy,8screws,0.1228,0.0,0,1,manual
4,426,8screws,0.8824,healthy,8screws,0.113,0.0,0,1,manual
4,427,8screws,0.8636,healthy,8screws,0.1039,0.0,0,1,manual
4,428,8screws,1.0265,unknown,,0.1756,0.03,0,1,manual
4,429,8screws,0.9564,healthy,8screws,0.1616,0.0,0,1,manual
4,430,8screws,0.781,healthy,8screws,0.1487,0.0,0,1,manual
4,431,8screws,0.8342,healthy,8screws,0.1368,0.0,0,1,manual
4,432,8screws,0.8583,healthy,8screws,0.1258,0.0,0,1,manual
4,433,8screws,0.7991,healthy,8screws,0.1158,0.0,0,1,manual
4,434,8screws,1.0256,unknown,,0.1865,0.03,0,1,manual
4,435,8screws,0.7903,healthy,8screws,0.1716,0.0,0,1,manual
4,436,8screws,0.9275,healthy,8screws,0.1578,0.0,0,1,manual
4,437,8screws,0.8429,healthy,8screws,0.1452,0.0,0,1,manual
4,438,8screws,0.8478,healthy,8screws,0.1336,0.0,0,1,manual
4,439,8screws,0.9651,healthy,8screws,0.1229,0.0,0,1,manual
4,440,8screws,0.988,healthy,8screws,0.1131,0.0,0,1,manual
4,441,8screws,0.8127,healthy,8screws,0.104,0.0,0,1,manual
4,442,8screws,0.9043,healthy,8screws,0.0957,0.0,0,1,manual
4,443,8screws,0.8202,healthy,8screws,0.0881,0.0,0,1,manual
4,444,8screws,0.7537,healthy,8screws,0.081,0.0,0,1,manual
4,445,8screws,1.0092,unknown,,0.1545,0.01,0,1,manual
4,446,8screws,0.8152,healthy,8screws,0.1422,0.0,0,1,manual
4,447,8screws,0.9013,healthy,8screws,0.1308,0.0,0,1,manual
4,448,8screws,0.8538,healthy,8screws,0.1203,0.0,0,1,manual
4,449,8screws,0.9375,healthy,8screws,0.1107,0.0,0,1,manual
4,450,8screws,0.7661,healthy,8screws,0.1018,0.0,0,1,manual
4,451,8screws,0.8547,healthy,8screws,0.0937,0.0,0,1,manual
4,452,8screws,0.9657,healthy,8screws,0.0862,0.0,0,1,manual
4,453,8screws,0.8409,healthy,8screws,0.0793,0.0,0,1,manual
4,454,8screws,0.9235,healthy,8screws,0.073,0.0,0,1,manual
4,455,8screws,0.8342,healthy,8screws,0.0671,0.0,0,1,manual
4,456,8screws,0.7619,healthy,8screws,0.0618,0.0,0,1,manual
4,457,8screws,0.9651,healthy,8screws,0.0568,0.0,0,1,manual
4,458,8screws,0.8051,healthy,8screws,0.0523,0.0,0,1,manual
4,459,8screws,0.7888,healthy,8screws,0.0481,0.0,0,1,manual
4,460,8screws,0.9043,healthy,8screws,0.0442,0.0,0,1,manual
4,461,8screws,0.8497,healthy,8screws,0.0407,0.0,0,1,manual
4,462,8screws,0.9578,healthy,8screws,0.0374,0.0,0,1,manual
4,463,8screws,0.9545,healthy,8screws,0.0345,0.0,0,1,manual
4,464,8screws,0.7738,healthy,8screws,0.0317,0.0,0,1,manual
4,465,8screws,0.8824,healthy,8screws,0.0292,0.0,0,1,manual
4,466,8screws,0.8762,healthy,8screws,0.0268,0.0,0,1,manual
4,467,8screws,0.9731,healthy,8screws,0.0247,0.0,0,1,manual
4,468,8screws,0.847,healthy,8screws,0.0227,0.0,0,1,manual
4,469,8screws,0.8583,healthy,8screws,0.0209,0.0,0,1,manual
4,470,8screws,0.7903,healthy,8screws,0.0192,0.0,0,1,manual
4,471,8screws,0.9275,healthy,8screws,0.0177,0.0,0,1,manual
4,472,8screws,1.0777,unknown,,0.0963,0.08,0,1,manual
4,473,8screws,0.8977,healthy,8screws,0.0886,0.0,0,1,manual
4,474,8screws,1.0256,unknown,,0.1615,0.03,0,1,manual
4,475,8screws,0.9306,healthy,8screws,0.1486,0.0,0,1,manual
4,476,8screws,0.8441,healthy,8screws,0.1367,0.0,0,1,manual
4,477,8screws,0.8758,healthy,8screws,0.1257,0.0,0,1,manual
4,478,8screws,0.8758,healthy,8screws,0.1157,0.0,0,1,manual
4,479,8screws,0.8944,healthy,8screws,0.1064,0.0,0,1,manual
4,480,8screws,0.8031,healthy,8screws,0.0979,0.0,0,1,manual
4,481,8screws,0.8152,healthy,8screws,0.0901,0.0,0,1,manual
4,482,8screws,0.9752,healthy,8screws,0.0829,0.0,0,1,manual
4,483,8screws,0.8636,healthy,8screws,0.0762,0.0,0,1,manual
4,484,8screws,0.8387,healthy,8screws,0.0701,0.0,0,1,manual
4,485,8screws,0.9559,healthy,8screws,0.0645,0.0,0,1,manual
4,486,8screws,0.9013,healthy,8screws,0.0594,0.0,0,1,manual
4,487,8screws,0.7537,healthy,8screws,0.0546,0.0,0,1,manual
4,488,8screws,0.8278,healthy,8screws,0.0503,0.0,0,1,manual
4,489,8screws,0.6346,healthy,8screws,0.0462,0.0,0,1,manual
4,490,8screws,0.8478,healthy,8screws,0.0425,0.0,0,1,manual
4,491,8screws,1.0092,unknown,,0.1191,0.01,0,1,manual
4,492,8screws,0.8548,healthy,8screws,0.1096,0.0,0,1,manual
4,493,8screws,0.8607,healthy,8screws,0.1008,0.0,0,1,manual
4,494,8screws,0.8429,healthy,8screws,0.0928,0.0,0,1,manual
4,495,8screws,0.7884,healthy,8screws,0.0853,0.0,0,1,manual
4,496,8screws,0.8538,healthy,8screws,0.0785,0.0,0,1,manual
4,497,8screws,0.9564,healthy,8screws,0.0722,0.0,0,1,manual
4,498,8screws,1.0366,unknown,,0.1465,0.04,0,1,manual
4,499,8screws,1.0272,unknown,,0.2147,0.06,0,1,manual
4,500,8screws,0.9288,healthy,8screws,0.1976,0.0,0,1,manual
4,501,8screws,0.781,healthy,8screws,0.1818,0.0,0,1,manual
4,502,8screws,0.988,healthy,8screws,0.1672,0.0,0,1,manual
4,503,8screws,0.7991,healthy,8screws,0.1538,0.0,0,1,manual
4,504,8screws,0.8127,healthy,8screws,0.1415,0.0,0,1,manual
4,505,8screws,0.7386,healthy,8screws,0.1302,0.0,0,1,manual
4,506,8screws,0.8202,healthy,8screws,0.1198,0.0,0,1,manual
4,507,8screws,0.7471,healthy,8screws,0.1102,0.0,0,1,manual
4,508,8screws,0.8478,healthy,8screws,0.1014,0.0,0,1,manual
4,509,8screws,0.9605,healthy,8screws,0.0933,0.0,0,1,manual
4,510,8screws,1.0489,unknown,,0.1658,0.05,0,1,manual
4,511,8screws,1.0265,unknown,,0.2326,0.08,0,1,manual
4,512,8screws,0.6288,healthy,8screws,0.2139,0.0,0,1,manual
4,513,8screws,0.847,healthy,8screws,0.1968,0.0,0,1,manual
4,514,8screws,0.781,healthy,8screws,0.1811,0.0,0,1,manual
4,515,8screws,0.8409,healthy,8screws,0.1666,0.0,0,1,manual
4,516,8screws,0.8278,healthy,8screws,0.1533,0.0,0,1,manual
4,517,8screws,0.8202,healthy,8screws,0.141,0.0,0,1,manual
4,518,8screws,0.8031,healthy,8screws,0.1297,0.0,0,1,manual
4,519,8screws,0.8342,healthy,8screws,0.1194,0.0,0,1,manual
4,520,8screws,0.8547,healthy,8screws,0.1098,0.0,0,1,manual
4,521,8screws,0.8441,healthy,8screws,0.101,0.0,0,1,manual
4,522,8screws,0.8051,healthy,8screws,0.0929,0.0,0,1,manual
4,523,8screws,0.9043,healthy,8screws,0.0855,0.0,0,1,manual
4,524,8screws,0.8607,healthy,8screws,0.0787,0.0,0,1,manual
4,525,8screws,0.8429,healthy,8screws,0.0724,0.0,0,1,manual
4,526,8screws,0.8478,healthy,8screws,0.0666,0.0,0,1,manual
4,527,8screws,1.0092,unknown,,0.1413,0.01,0,1,manual
4,528,8screws,0.8758,healthy,8screws,0.13,0.0,0,1,manual
4,529,8screws,1.0272,unknown,,0.1996,0.03,0,1,manual
4,530,8screws,0.8824,healthy,8screws,0.1836,0.0,0,1,manual
4,531,8screws,0.9545,healthy,8screws,0.1689,0.0,0,1,manual
4,532,8screws,0.8127,healthy,8screws,0.1554,0.0,0,1,manual
4,533,8screws,0.9559,healthy,8screws,0.143,0.0,0,1,manual
4,534,8screws,0.9235,healthy,8screws,0.1315,0.0,0,1,manual
4,535,8screws,0.8583,healthy,8screws,0.121,0.0,0,1,manual
4,536,8screws,0.6288,healthy,8screws,0.1113,0.0,0,1,manual
4,537,8screws,0.7903,healthy,8screws,0.1024,0.0,0,1,manual
4,538,8screws,0.8387,healthy,8screws,0.0942,0.0,0,1,manual
4,539,8screws,0.9731,healthy,8screws,0.0867,0.0,0,1,manual
4,540,8screws,1.0256,unknown,,0.1598,0.03,0,1,manual
4,541,8screws,0.7738,healthy,8screws,0.147,0.0,0,1,manual
4,542,8screws,0.8636,healthy,8screws,0.1352,0.0,0,1,manual
4,543,8screws,0.7888,healthy,8screws,0.1244,0.0,0,1,manual
4,544,8screws,0.9651,healthy,8screws,0.1144,0.0,0,1,manual
4,545,8screws,0.7471,healthy,8screws,0.1053,0.0,0,1,manual
4,546,8screws,0.9375,healthy,8screws,0.0969,0.0,0,1,manual
4,547,8screws,0.7537,healthy,8screws,0.0891,0.0,0,1,manual
4,548,8screws,0.8762,healthy,8screws,0.082,0.0,0,1,manual
4,549,8screws,0.9578,healthy,8screws,0.0754,0.0,0,1,manual
4,550,8screws,0.8478,healthy,8screws,0.0694,0.0,0,1,manual
4,551,8screws,0.7991,healthy,8screws,0.0638,0.0,0,1,manual
4,552,8screws,0.9288,healthy,8screws,0.0587,0.0,0,1,manual
4,553,8screws,0.9306,healthy,8screws,0.054,0.0,0,1,manual
4,554,8screws,0.8548,healthy,8screws,0.0497,0.0,0,1,manual
4,555,8screws,1.0366,unknown,,0.1257,0.04,0,1,manual
4,556,8screws,0.8497,healthy,8screws,0.1157,0.0,0,1,manual
4,557,8screws,0.9275,healthy,8screws,0.1064,0.0,0,1,manual
4,558,8screws,1.0265,unknown,,0.1779,0.03,0,1,manual
4,559,8screws,0.7619,healthy,8screws,0.1637,0.0,0,1,manual
4,560,8screws,0.9752,healthy,8screws,0.1506,0.0,0,1,manual
4,561,8screws,0.8944,healthy,8screws,0.1385,0.0,0,1,manual
4,562,8screws,0.7661,healthy,8screws,0.1275,0.0,0,1,manual
4,563,8screws,0.8977,healthy,8screws,0.1173,0.0,0,1,manual
4,564,8screws,0.7884,healthy,8screws,0.1079,0.0,0,1,manual
4,565,8screws,0.6346,healthy,8screws,0.0992,0.0,0,1,manual
4,566,8screws,0.9657,healthy,8screws,0.0913,0.0,0,1,manual
4,567,8screws,1.0777,unknown,,0.164,0.08,0,1,manual
4,568,8screws,0.8538,healthy,8screws,0.1509,0.0,0,1,manual
4,569,8screws,1.0489,unknown,,0.2188,0.05,0,1,manual
4,570,8screws,0.988,healthy,8screws,0.2013,0.04,0,1,manual
4,571,8screws,0.7386,healthy,8screws,0.1852,0.0,0,1,manual
4,572,8screws,0.9564,healthy,8screws,0.1704,0.0,0,1,manual
4,573,8screws,0.9605,healthy,8screws,0.1568,0.0,0,1,manual
4,574,8screws,0.8758,healthy,8screws,0.1442,0.0,0,1,manual
4,575,8screws,0.8152,healthy,8screws,0.1327,0.0,0,1,manual
4,576,8screws,0.9013,healthy,8screws,0.1221,0.0,0,1,manual
4,577,8screws,0.9605,healthy,8screws,0.1123,0.0,0,1,manual
4,578,8screws,0.9559,healthy,8screws,0.1033,0.0,0,1,manual
4,579,8screws,0.8977,healthy,8screws,0.095,0.0,0,1,manual
4,580,8screws,0.9578,healthy,8screws,0.0874,0.0,0,1,manual
4,581,8screws,0.9306,healthy,8screws,0.0804,0.0,0,1,manual
4,582,8screws,0.8342,healthy,8screws,0.074,0.0,0,1,manual
4,583,8screws,0.9013,healthy,8screws,0.0681,0.0,0,1,manual
4,584,8screws,0.8278,healthy,8screws,0.0626,0.0,0,1,manual
4,585,8screws,0.8478,healthy,8screws,0.0576,0.0,0,1,manual
4,586,8screws,0.8051,healthy,8screws,0.053,0.0,0,1,manual
4,587,8screws,0.9375,healthy,8screws,0.0488,0.0,0,1,manual
4,588,8screws,0.8127,healthy,8screws,0.0449,0.0,0,1,manual
4,589,8screws,0.8547,healthy,8screws,0.0413,0.0,0,1,manual
4,590,8screws,1.0777,unknown,,0.118,0.08,0,1,manual
4,591,8screws,0.8636,healthy,8screws,0.1085,0.0,0,1,manual
4,592,8screws,0.9043,healthy,8screws,0.0999,0.0,0,1,manual
4,593,8screws,0.7471,healthy,8screws,0.0919,0.0,0,1,manual
4,594,8screws,0.9235,healthy,8screws,0.0845,0.0,0,1,manual
4,595,8screws,0.781,healthy,8screws,0.0778,0.0,0,1,manual
4,596,8screws,0.8762,healthy,8screws,0.0715,0.0,0,1,manual
4,597,8screws,0.6288,healthy,8screws,0.0658,0.0,0,1,manual
4,598,8screws,0.8202,healthy,8screws,0.0606,0.0,0,1,manual
4,599,8screws,0.8944,healthy,8screws,0.0557,0.0,0,1,manual
4,600,8screws,1.0092,unknown,,0.1313,0.01,0,1,manual
4,601,8screws,0.8497,healthy,8screws,0.1208,0.0,0,1,manual
4,602,8screws,0.847,healthy,8screws,0.1111,0.0,0,1,manual
4,603,8screws,0.8824,healthy,8screws,0.1022,0.0,0,1,manual
4,604,8screws,0.9731,healthy,8screws,0.094,0.0,0,1,manual
4,605,8screws,1.0256,unknown,,0.1665,0.03,0,1,manual
4,606,8screws,0.9657,healthy,8screws,0.1532,0.0,0,1,manual
4,607,8screws,1.0489,unknown,,0.2209,0.05,0,1,manual
4,608,8screws,0.7661,healthy,8screws,0.2033,0.0,0,1,manual
4,609,8screws,0.7537,healthy,8screws,0.187,0.0,0,1,manual
4,610,8screws,0.9545,healthy,8screws,0.172,0.0,0,1,manual
4,611,8screws,0.8387,healthy,8screws,0.1583,0.0,0,1,manual
4,612,8screws,0.8478,healthy,8screws,0.1456,0.0,0,1,manual
4,613,8screws,0.8583,healthy,8screws,0.134,0.0,0,1,manual
4,614,8screws,0.8441,healthy,8screws,0.1232,0.0,0,1,manual
4,615,8screws,0.8538,healthy,8screws,0.1134,0.0,0,1,manual
4,616,8screws,0.9288,healthy,8screws,0.1043,0.0,0,1,manual
4,617,8screws,0.8429,healthy,8screws,0.096,0.0,0,1,manual
4,618,8screws,0.6346,healthy,8screws,0.0883,0.0,0,1,manual
4,619,8screws,0.988,healthy,8screws,0.0812,0.0,0,1,manual
4,620,8screws,0.7738,healthy,8screws,0.0747,0.0,0,1,manual
4,621,8screws,0.7619,healthy,8screws,0.0688,0.0,0,1,manual
4,622,8screws,0.8758,healthy,8screws,0.0633,0.0,0,1,manual
4,623,8screws,0.9752,healthy,8screws,0.0582,0.0,0,1,manual
4,624,8screws,1.0366,unknown,,0.1335,0.04,0,1,manual
4,625,8screws,0.7386,healthy,8screws,0.1229,0.0,0,1,manual
4,626,8screws,0.8031,healthy,8screws,0.113,0.0,0,1,manual
4,627,8screws,0.7903,healthy,8screws,0.104,0.0,0,1,manual
4,628,8screws,0.8409,healthy,8screws,0.0957,0.0,0,1,manual
4,629,8screws,0.8607,healthy,8screws,0.088,0.0,0,1,manual
4,630,8screws,0.8152,healthy,8screws,0.081,0.0,0,1,manual
4,631,8screws,0.7991,healthy,8screws,0.0745,0.0,0,1,manual
4,632,8screws,0.9275,healthy,8screws,0.0685,0.0,0,1,manual
4,633,8screws,1.0272,unknown,,0.1431,0.03,0,1,manual
4,634,8screws,0.8758,healthy,8screws,0.1316,0.0,0,1,manual
4,635,8screws,0.8548,healthy,8screws,0.1211,0.0,0,1,manual
4,636,8screws,0.7888,healthy,8screws,0.1114,0.0,0,1,manual
4,637,8screws,0.7884,healthy,8screws,0.1025,0.0,0,1,manual
4,638,8screws,0.9564,healthy,8screws,0.0943,0.0,0,1,manual
4,639,8screws,0.9651,healthy,8screws,0.0867,0.0,0,1,manual
4,640,8screws,1.0265,unknown,,0.1598,0.03,0,1,manual
4,641,8screws,0.9559,healthy,8screws,0.147,0.0,0,1,manual
4,642,8screws,0.9013,healthy,8screws,0.1353,0.0,0,1,manual
4,643,8screws,0.8758,healthy,8screws,0.1244,0.0,0,1,manual
4,644,8screws,0.9375,healthy,8screws,0.1145,0.0,0,1,manual
4,645,8screws,1.0265,unknown,,0.1853,0.03,0,1,manual
4,646,8screws,0.9731,healthy,8screws,0.1705,0.0,0,1,manual
4,647,8screws,0.8278,healthy,8screws,0.1569,0.0,0,1,manual
4,648,8screws,0.7537,healthy,8screws,0.1443,0.0,0,1,manual
4,649,8screws,0.8497,healthy,8screws,0.1328,0.0,0,1,manual
4,650,8screws,0.8758,healthy,8screws,0.1221,0.0,0,1,manual
4,651,8screws,0.8636,healthy,8screws,0.1124,0.0,0,1,manual
4,652,8screws,0.9578,healthy,8screws,0.1034,0.0,0,1,manual
4,653,8screws,0.9752,healthy,8screws,0.0951,0.0,0,1,manual
4,654,8screws,0.781,healthy,8screws,0.0875,0.0,0,1,manual
4,655,8screws,0.7888,healthy,8screws,0.0805,0.0,0,1,manual
4,656,8screws,0.8202,healthy,8screws,0.0741,0.0,0,1,manual
4,657,8screws,0.8977,healthy,8screws,0.0681,0.0,0,1,manual
4,658,8screws,0.847,healthy,8screws,0.0627,0.0,0,1,manual
4,659,8screws,0.8547,healthy,8screws,0.0577,0.0,0,1,manual
4,660,8screws,1.0092,unknown,,0.1331,0.01,0,1,manual
4,661,8screws,0.8762,healthy,8screws,0.1224,0.0,0,1,manual
4,662,8screws,0.8441,healthy,8screws,0.1126,0.0,0,1,manual
4,663,8screws,0.6346,healthy,8screws,0.1036,0.0,0,1,manual
4,664,8screws,0.9564,healthy,8screws,0.0953,0.0,0,1,manual
4,665,8screws,0.9235,healthy,8screws,0.0877,0.0,0,1,manual
4,666,8screws,0.8409,healthy,8screws,0.0807,0.0,0,1,manual
4,667,8screws,0.8031,healthy,8screws,0.0742,0.0,0,1,manual
4,668,8screws,0.7471,healthy,8screws,0.0683,0.0,0,1,manual
4,669,8screws,0.8387,healthy,8screws,0.0628,0.0,0,1,manual
4,670,8screws,1.0272,unknown,,0.1378,0.03,0,1,manual
4,671,8screws,0.7738,healthy,8screws,0.1268,0.0,0,1,manual
4,672,8screws,0.9545,healthy,8screws,0.1166,0.0,0,1,manual
4,673,8screws,1.0777,unknown,,0.1873,0.08,0,1,manual
4,674,8screws,0.7884,healthy,8screws,0.1723,0.0,0,1,manual
4,675,8screws,0.9043,healthy,8screws,0.1585,0.0,0,1,manual
4,676,8screws,0.9275,healthy,8screws,0.1458,0.0,0,1,manual
4,677,8screws,0.8607,healthy,8screws,0.1342,0.0,0,1,manual
4,678,8screws,0.6288,healthy,8screws,0.1234,0.0,0,1,manual
4,679,8screws,0.8127,healthy,8screws,0.1136,0.0,0,1,manual
4,680,8screws,0.8342,healthy,8screws,0.1045,0.0,0,1,manual
4,681,8screws,0.8548,healthy,8screws,0.0961,0.0,0,1,manual
4,682,8screws,0.9605,healthy,8screws,0.0884,0.0,0,1,manual
4,683,8screws,1.0366,unknown,,0.1614,0.04,0,1,manual
4,684,8screws,0.8824,healthy,8screws,0.1485,0.0,0,1,manual
4,685,8screws,0.8429,healthy,8screws,0.1366,0.0,0,1,manual
4,686,8screws,0.7661,healthy,8screws,0.1257,0.0,0,1,manual
4,687,8screws,0.8478,healthy,8screws,0.1156,0.0,0,1,manual
4,688,8screws,0.7991,healthy,8screws,0.1064,0.0,0,1,manual
4,689,8screws,0.9306,healthy,8screws,0.0978,0.0,0,1,manual
4,690,8screws,0.7619,healthy,8screws,0.09,0.0,0,1,manual
4,691,8screws,0.8583,healthy,8screws,0.0828,0.0,0,1,manual
4,692,8screws,0.9288,healthy,8screws,0.0762,0.0,0,1,manual
4,693,8screws,0.8538,healthy,8screws,0.0701,0.0,0,1,manual
4,694,8screws,0.988,healthy,8screws,0.0645,0.0,0,1,manual
4,695,8screws,0.8152,healthy,8screws,0.0593,0.0,0,1,manual
4,696,8screws,0.8478,healthy,8screws,0.0546,0.0,0,1,manual
4,697,8screws,1.0256,unknown,,0.1302,0.03,0,1,manual
4,698,8screws,0.8051,healthy,8screws,0.1198,0.0,0,1,manual
4,699,8screws,0.7903,healthy,8screws,0.1102,0.0,0,1,manual
4,700,8screws,0.8944,healthy,8screws,0.1014,0.0,0,1,manual
4,701,8screws,0.7386,healthy,8screws,0.0933,0.0,0,1,manual
4,702,8screws,0.9657,healthy,8screws,0.0858,0.0,0,1,manual
4,703,8screws,0.9651,healthy,8screws,0.079,0.0,0,1,manual
4,704,8screws,1.0489,unknown,,0.1526,0.05,0,1,manual
4,705,8screws,0.9235,healthy,8screws,0.1404,0.0,0,1,manual
4,706,8screws,0.9578,healthy,8screws,0.1292,0.0,0,1,manual
4,707,8screws,0.7903,healthy,8screws,0.1189,0.0,0,1,manual
4,708,8screws,0.9275,healthy,8screws,0.1094,0.0,0,1,manual
4,709,8screws,0.7661,healthy,8screws,0.1006,0.0,0,1,manual
4,710,8screws,0.9657,healthy,8screws,0.0926,0.0,0,1,manual
4,711,8screws,0.8127,healthy,8screws,0.0851,0.0,0,1,manual
4,712,8screws,0.9288,healthy,8screws,0.0783,0.0,0,1,manual
4,713,8screws,1.0777,unknown,,0.1521,0.08,0,1,manual
4,714,8screws,0.7884,healthy,8screws,0.1399,0.0,0,1,manual
4,715,8screws,1.0265,unknown,,0.2087,0.03,0,1,manual
4,716,8screws,0.8031,healthy,8screws,0.192,0.0,0,1,manual
4,717,8screws,1.0092,unknown,,0.2567,0.01,0,1,manual
4,718,8screws,1.0366,unknown,,0.3161,0.05,0,1,manual
4,719,8screws,0.8478,healthy,8screws,0.2908,0.0,0,1,manual
4,720,8screws,0.9545,healthy,8screws,0.2676,0.0,0,1,manual
4,721,8screws,1.0272,unknown,,0.3262,0.03,0,1,manual
4,722,8screws,0.9564,healthy,8screws,0.3001,0.0,0,1,manual
4,723,8screws,0.8944,healthy,8screws,0.2761,0.0,0,1,manual
4,724,8screws,0.8278,healthy,8screws,0.254,0.0,0,1,manual
4,725,8screws,0.9731,healthy,8screws,0.2337,0.0,0,1,manual
4,726,8screws,0.8607,healthy,8screws,0.215,0.0,0,1,manual
4,727,8screws,0.7386,healthy,8screws,0.1978,0.0,0,1,manual
4,728,8screws,0.8429,healthy,8screws,0.1819,0.0,0,1,manual
4,729,8screws,0.9752,healthy,8screws,0.1674,0.0,0,1,manual
4,730,8screws,0.9375,healthy,8screws,0.154,0.0,0,1,manual
4,731,8screws,0.6288,healthy,8screws,0.1417,0.0,0,1,manual
4,732,8screws,0.8548,healthy,8screws,0.1303,0.0,0,1,manual
4,733,8screws,0.8758,healthy,8screws,0.1199,0.0,0,1,manual
4,734,8screws,0.9043,healthy,8screws,0.1103,0.0,0,1,manual
4,735,8screws,0.8441,healthy,8screws,0.1015,0.0,0,1,manual
4,736,8screws,0.8538,healthy,8screws,0.0934,0.0,0,1,manual
4,737,8screws,0.8762,healthy,8screws,0.0859,0.0,0,1,manual
4,738,8screws,0.7738,healthy,8screws,0.079,0.0,0,1,manual
4,739,8screws,0.781,healthy,8screws,0.0727,0.0,0,1,manual
4,740,8screws,0.8758,healthy,8screws,0.0669,0.0,0,1,manual
4,741,8screws,0.7471,healthy,8screws,0.0615,0.0,0,1,manual
4,742,8screws,0.8497,healthy,8screws,0.0566,0.0,0,1,manual
4,743,8screws,0.9306,healthy,8screws,0.0521,0.0,0,1,manual
4,744,8screws,0.8636,healthy,8screws,0.0479,0.0,0,1,manual
4,745,8screws,0.7991,healthy,8screws,0.0441,0.0,0,1,manual
4,746,8screws,0.9013,healthy,8screws,0.0406,0.0,0,1,manual
4,747,8screws,0.847,healthy,8screws,0.0373,0.0,0,1,manual
4,748,8screws,0.8387,healthy,8screws,0.0343,0.0,0,1,manual
4,749,8screws,0.8478,healthy,8screws,0.0316,0.0,0,1,manual
4,750,8screws,0.7537,healthy,8screws,0.0291,0.0,0,1,manual
4,751,8screws,0.6346,healthy,8screws,0.0267,0.0,0,1,manual
4,752,8screws,0.8583,healthy,8screws,0.0246,0.0,0,1,manual
4,753,8screws,0.7619,healthy,8screws,0.0226,0.0,0,1,manual
4,754,8screws,1.0489,unknown,,0.1008,0.05,0,1,manual
4,755,8screws,0.8409,healthy,8screws,0.0928,0.0,0,1,manual
4,756,8screws,0.9605,healthy,8screws,0.0853,0.0,0,1,manual
4,757,8screws,0.8152,healthy,8screws,0.0785,0.0,0,1,manual
4,758,8screws,0.8977,healthy,8screws,0.0722,0.0,0,1,manual
4,759,8screws,0.7888,healthy,8screws,0.0664,0.0,0,1,manual
4,760,8screws,0.8824,healthy,8screws,0.0611,0.0,0,1,manual
4,761,8screws,0.8051,healthy,8screws,0.0562,0.0,0,1,manual
4,762,8screws,0.9651,healthy,8screws,0.0517,0.0,0,1,manual
4,763,8screws,0.988,healthy,8screws,0.0476,0.0,0,1,manual
4,764,8screws,0.8342,healthy,8screws,0.0438,0.0,0,1,manual
4,765,8screws,0.8547,healthy,8screws,0.0403,0.0,0,1,manual
4,766,8screws,0.9559,healthy,8screws,0.0371,0.0,0,1,manual
4,767,8screws,1.0256,unknown,,0.1141,0.03,0,1,manual
4,768,8screws,0.8202,healthy,8screws,0.105,0.0,0,1,manual
4,769,8screws,1.0777,unknown,,0.1766,0.08,0,1,manual
4,770,8screws,0.9275,healthy,8screws,0.1624,0.01,0,1,manual
4,771,8screws,0.9235,healthy,8screws,0.1495,0.0,0,1,manual
4,772,8screws,0.6288,healthy,8screws,0.1375,0.0,0,1,manual
4,773,8screws,0.8478,healthy,8screws,0.1265,0.0,0,1,manual
4,774,8screws,0.8127,healthy,8screws,0.1164,0.0,0,1,manual
4,775,8screws,0.8152,healthy,8screws,0.1071,0.0,0,1,manual
4,776,8screws,1.0489,unknown,,0.1785,0.05,0,1,manual
4,777,8screws,0.8441,healthy,8screws,0.1642,0.0,0,1,manual
4,778,8screws,0.8583,healthy,8screws,0.1511,0.0,0,1,manual
4,779,8screws,0.9651,healthy,8screws,0.139,0.0,0,1,manual
4,780,8screws,0.7471,healthy,8screws,0.1279,0.0,0,1,manual
4,781,8screws,0.7661,healthy,8screws,0.1176,0.0,0,1,manual
4,782,8screws,0.8758,healthy,8screws,0.1082,0.0,0,1,manual
4,783,8screws,0.7537,healthy,8screws,0.0996,0.0,0,1,manual
4,784,8screws,0.8202,healthy,8screws,0.0916,0.0,0,1,manual
4,785,8screws,0.8824,healthy,8screws,0.0843,0.0,0,1,manual
4,786,8screws,0.9375,healthy,8screws,0.0775,0.0,0,1,manual
4,787,8screws,0.7991,healthy,8screws,0.0713,0.0,0,1,manual
4,788,8screws,0.9306,healthy,8screws,0.0656,0.0,0,1,manual
4,789,8screws,1.0366,unknown,,0.1404,0.04,0,1,manual
4,790,8screws,0.988,healthy,8screws,0.1291,0.02,0,1,manual
4,791,8screws,0.9578,healthy,8screws,0.1188,0.0,0,1,manual
4,792,8screws,0.7386,healthy,8screws,0.1093,0.0,0,1,manual
4,793,8screws,0.7903,healthy,8screws,0.1006,0.0,0,1,manual
4,794,8screws,0.9545,healthy,8screws,0.0925,0.0,0,1,manual
4,795,8screws,0.9559,healthy,8screws,0.0851,0.0,0,1,manual
4,796,8screws,0.9043,healthy,8screws,0.0783,0.0,0,1,manual
4,797,8screws,0.8944,healthy,8screws,0.072,0.0,0,1,manual
4,798,8screws,1.0272,unknown,,0.1463,0.03,0,1,manual
4,799,8screws,1.0256,unknown,,0.2146,0.05,0,1,manual
4,800,8screws,0.7888,healthy,8screws,0.1974,0.0,0,1,manual
4,801,8screws,0.6346,healthy,8screws,0.1816,0.0,0,1,manual
4,802,8screws,0.8636,healthy,8screws,0.1671,0.0,0,1,manual
4,803,8screws,0.8278,healthy,8screws,0.1537,0.0,0,1,manual
4,804,8screws,0.8548,healthy,8screws,0.1414,0.0,0,1,manual
4,805,8screws,0.9605,healthy,8screws,0.1301,0.0,0,1,manual
4,806,8screws,0.781,healthy,8screws,0.1197,0.0,0,1,manual
4,807,8screws,0.8497,healthy,8screws,0.1101,0.0,0,1,manual
4,808,8screws,0.9752,healthy,8screws,0.1013,0.0,0,1,manual
4,809,8screws,0.9657,healthy,8screws,0.0932,0.0,0,1,manual
4,810,8screws,0.8387,healthy,8screws,0.0858,0.0,0,1,manual
4,811,8screws,0.7738,healthy,8screws,0.0789,0.0,0,1,manual
4,812,8screws,0.7619,healthy,8screws,0.0726,0.0,0,1,manual
4,813,8screws,0.8342,healthy,8screws,0.0668,0.0,0,1,manual
4,814,8screws,0.8429,healthy,8screws,0.0614,0.0,0,1,manual
4,815,8screws,1.0265,unknown,,0.1365,0.03,0,1,manual
4,816,8screws,0.8547,healthy,8screws,0.1256,0.0,0,1,manual
4,817,8screws,1.0092,unknown,,0.1955,0.01,0,1,manual
4,818,8screws,0.7884,healthy,8screws,0.1799,0.0,0,1,manual
4,819,8screws,0.9564,healthy,8screws,0.1655,0.0,0,1,manual
4,820,8screws,0.8538,healthy,8screws,0.1523,0.0,0,1,manual
4,821,8screws,0.8977,healthy,8screws,0.1401,0.0,0,1,manual
4,822,8screws,0.8478,healthy,8screws,0.1289,0.0,0,1,manual
4,823,8screws,0.847,healthy,8screws,0.1186,0.0,0,1,manual
4,824,8screws,0.8409,healthy,8screws,0.1091,0.0,0,1,manual
4,825,8screws,0.9013,healthy,8screws,0.1004,0.0,0,1,manual
4,826,8screws,0.9288,healthy,8screws,0.0923,0.0,0,1,manual
4,827,8screws,0.8051,healthy,8screws,0.0849,0.0,0,1,manual
4,828,8screws,0.8031,healthy,8screws,0.0781,0.0,0,1,manual
4,829,8screws,0.9731,healthy,8screws,0.0719,0.0,0,1,manual
4,830,8screws,0.8762,healthy,8screws,0.0661,0.0,0,1,manual
4,831,8screws,0.8758,healthy,8screws,0.0609,0.0,0,1,manual
4,832,8screws,0.8607,healthy,8screws,0.0,0.0,0,1,A
4,833,8screws,1.0092,unknown,,0.08,0.01,0,1,A
4,834,8screws,0.8547,healthy,8screws,0.0736,0.0,0,1,A
4,835,8screws,0.8429,healthy,8screws,0.0677,0.0,0,1,A
4,836,8screws,0.6288,healthy,8screws,0.0623,0.0,0,1,A
4,837,8screws,0.8152,healthy,8screws,0.0573,0.0,0,1,A
4,838,8screws,0.7991,healthy,8screws,0.0527,0.0,0,1,A
4,839,8screws,0.8127,healthy,8screws,0.0485,0.0,0,1,A
4,840,8screws,0.988,healthy,8screws,0.0446,0.0,0,1,A
4,841,8screws,0.8342,healthy,8screws,0.0411,0.0,0,1,A
4,842,8screws,0.7738,healthy,8screws,0.0378,0.0,0,1,A
4,843,8screws,0.8824,healthy,8screws,0.0348,0.0,0,1,A
4,844,8screws,0.9275,healthy,8screws,0.032,0.0,0,1,A
4,845,8screws,1.0489,unknown,,0.1094,0.05,0,1,A
4,846,8screws,0.9564,healthy,8screws,0.1007,0.01,0,1,A
4,847,8screws,0.7537,healthy,8screws,0.0926,0.0,0,1,A
4,848,8screws,1.0366,unknown,,0.1652,0.04,0,1,A
4,849,8screws,0.8387,healthy,8screws,0.152,0.0,0,1,A
4,850,8screws,0.7471,healthy,8screws,0.1398,0.0,0,1,A
4,851,8screws,0.8607,healthy,8screws,0.1286,0.0,0,1,A
4,852,8screws,0.781,healthy,8screws,0.1183,0.0,0,1,A
4,853,8screws,0.8977,healthy,8screws,0.1089,0.0,0,1,A
4,854,8screws,0.9578,healthy,8screws,0.1002,0.0,0,1,A
4,855,8screws,0.8758,healthy,8screws,0.0922,0.0,0,1,A
4,856,8screws,0.9013,healthy,8screws,0.0848,0.0,0,1,A
4,857,8screws,0.9752,healthy,8screws,0.078,0.0,0,1,A
4,858,8screws,0.8758,healthy,8screws,0.0718,0.0,0,1,A
4,859,8screws,0.9235,healthy,8screws,0.066,0.0,0,1,A
4,860,8screws,0.8583,healthy,8screws,0.0607,0.0,0,1,A
4,861,8screws,1.0256,unknown,,0.1359,0.03,0,1,A
4,862,8screws,0.847,healthy,8screws,0.125,0.0,0,1,A
4,863,8screws,0.9288,healthy,8screws,0.115,0.0,0,1,A
4,864,8screws,0.9657,healthy,8screws,0.1058,0.0,0,1,A
4,865,8screws,0.8497,healthy,8screws,0.0973,0.0,0,1,A
4,866,8screws,0.8051,healthy,8screws,0.0896,0.0,0,1,A
4,867,8screws,0.9545,healthy,8screws,0.0824,0.0,0,1,A
4,868,8screws,0.8548,healthy,8screws,0.0758,0.0,0,1,A
4,869,8screws,0.9731,healthy,8screws,0.0697,0.0,0,1,A
4,870,8screws,0.8944,healthy,8screws,0.0642,0.0,0,1,A
4,871,8screws,0.7386,healthy,8screws,0.059,0.0,0,1,A
4,872,8screws,0.7888,healthy,8screws,0.0543,0.0,0,1,A
4,873,8screws,0.8409,healthy,8screws,0.05,0.0,0,1,A
4,874,8screws,0.8441,healthy,8screws,0.046,0.0,0,1,A
4,875,8screws,0.7619,healthy,8screws,0.0423,0.0,0,1,A
4,876,8screws,0.7903,healthy,8screws,0.0389,0.0,0,1,A
4,877,8screws,0.8538,healthy,8screws,0.0358,0.0,0,1,A
4,878,8screws,0.7661,healthy,8screws,0.0329,0.0,0,1,A
4,879,8screws,0.9651,healthy,8screws,0.0303,0.0,0,1,A
4,880,7screws,37.0845,unknown,,0.1079,36.08,1,1,A
4,881,8screws,0.8478,healthy,8screws,0.0992,35.93,1,1,A
4,882,8screws,0.7884,healthy,8screws,0.0913,35.72,1,1,A
4,883,8screws,0.9043,healthy,8screws,0.084,35.62,1,1,A
4,884,7screws,41.641,unknown,,0.1573,76.27,2,1,A
4,885,8screws,0.9306,healthy,8screws,0.1447,76.2,2,1,A
4,886,8screws,1.0265,unknown,,0.2131,76.22,2,1,A
4,887,8screws,0.9605,healthy,8screws,0.1961,76.18,2,1,A
4,888,7screws,48.1682,unknown,,0.2604,123.35,3,1,A
4,889,8screws,0.8031,healthy,8screws,0.2396,123.15,3,1,A
4,890,7screws,34.5186,unknown,,0.3004,156.67,4,1,A
4,891,7screws,36.2026,unknown,,0.3564,191.88,5,1,A
4,892,8screws,0.6346,healthy,8screws,0.3278,191.51,5,1,A
4,893,8screws,0.8278,healthy,8screws,0.3016,191.34,5,1,A
4,894,7screws,34.0872,unknown,,0.3575,224.43,6,1,A
4,895,8screws,0.9375,healthy,8screws,0.3289,224.36,6,1,A
4,896,8screws,0.8202,healthy,8screws,0.3026,224.18,6,1,A
4,897,8screws,0.8636,healthy,8screws,0.2784,224.05,6,1,A
4,898,8screws,1.0777,unknown,,0.3361,224.12,6,1,A
4,899,8screws,0.9559,healthy,8screws,0.3092,224.08,6,1,A
4,900,8screws,0.8762,healthy,8screws,0.2845,223.96,6,1,A
4,901,8screws,1.0272,unknown,,0.3417,223.98,6,1,A
4,902,8screws,0.8478,healthy,8screws,0.3144,223.83,6,1,A
4,903,7screws,32.2061,unknown,,0.3692,255.04,7,1,A
4,904,8screws,0.9752,healthy,8screws,0.3397,255.01,7,1,A
4,905,8screws,0.8547,healthy,8screws,0.3125,254.87,7,1,A
4,906,8screws,0.988,healthy,8screws,0.2875,254.86,7,1,A
4,907,7screws,34.121,unknown,,0.3445,287.98,8,1,A
4,908,7screws,50.8641,unknown,,0.397,337.84,9,1,A
4,909,8screws,0.8031,healthy,8screws,0.3652,337.64,9,1,A
4,910,7screws,37.6586,unknown,,0.416,374.3,10,1,A
4,911,8screws,0.9578,healthy,8screws,0.3827,374.26,10,1,A
4,912,8screws,0.9559,healthy,8screws,0.3521,374.22,10,1,A
4,913,8screws,0.7537,healthy,8screws,0.3239,373.97,10,1,A
4,914,8screws,0.8762,healthy,8screws,0.298,373.85,10,1,A
4,915,7screws,32.4027,unknown,,0.3542,405.25,11,1,A
4,916,8screws,0.9605,healthy,8screws,0.3258,405.21,11,1,A
4,917,7screws,39.1699,unknown,,0.3798,443.38,12,1,A
4,918,8screws,0.7386,healthy,8screws,0.3494,443.12,12,1,A
4,919,8screws,0.6346,healthy,8screws,0.3214,442.75,12,1,A
4,920,7screws,34.6221,unknown,,0.3757,476.37,13,1,A
4,921,8screws,0.9306,healthy,8screws,0.3457,476.3,13,1,A
4,922,7screws,39.4981,unknown,,0.398,514.8,14,1,A
4,923,7screws,38.1772,unknown,,0.4462,551.98,15,1,A
4,924,7screws,40.9391,unknown,,0.4905,591.92,16,1,A
4,925,7screws,37.941,unknown,,0.5312,628.86,17,1,A
4,926,8screws,0.9731,healthy,8screws,0.4887,628.83,17,1,A
4,927,7screws,40.2549,unknown,,0.5296,668.09,18,1,A
4,928,7screws,36.2085,unknown,,0.5673,703.3,19,1,A
4,929,7screws,46.7912,unknown,,0.6019,749.09,20,1,A
4,930,7screws,37.217,unknown,,0.6337,785.3,21,1,A
4,931,7screws,42.6466,unknown,,0.663,826.95,22,1,A
4,932,7screws,34.8067,unknown,,0.69,860.76,23,1,A
4,933,8screws,0.7888,healthy,8screws,0.6348,860.55,23,1,A
4,934,8screws,0.8758,healthy,8screws,0.584,860.42,23,1,A
4,935,7screws,36.8248,unknown,,0.6173,896.25,24,1,A
4,936,8screws,0.8824,healthy,8screws,0.5679,896.13,24,1,A
4,937,7screws,35.4253,unknown,,0.6025,930.56,25,1,A
4,938,7screws,38.1453,unknown,,0.6343,967.7,26,1,A
4,939,7screws,30.659,unknown,,0.6635,997.36,27,1,A
4,940,7screws,43.1274,unknown,,0.6905,1039.49,28,1,A
4,941,7screws,37.8432,unknown,,0.7152,1076.33,29,1,A
4,942,7screws,40.5904,unknown,,0.738,1115.92,30,1,A
4,943,7screws,39.2443,unknown,,0.759,1154.16,31,1,A
4,944,8screws,0.8278,healthy,8screws,0.6982,1153.99,31,1,A
4,945,8screws,0.9013,healthy,8screws,0.6424,1153.89,31,1,A
4,946,8screws,0.7619,healthy,8screws,0.591,1153.66,31,1,A
4,947,8screws,1.0777,unknown,,0.6237,1153.73,31,1,A
4,948,7screws,44.4492,unknown,,0.6538,1197.18,32,1,A
4,949,7screws,31.835,unknown,,0.6815,1228.02,33,1,A
4,950,7screws,50.2727,unknown,,0.707,1277.29,34,1,A
4,951,7screws,45.9779,unknown,,0.7304,1322.27,35,1,A
4,952,7screws,32.7366,unknown,,0.752,1354.0,36,1,A
4,953,7screws,45.8428,unknown,,0.7718,1398.85,37,1,A
4,954,7screws,40.7505,unknown,,0.7901,1438.6,38,1,A
4,955,7screws,33.3555,unknown,,0.8069,1470.95,39,1,A
4,956,8screws,0.9564,healthy,8screws,0.7423,1470.91,39,1,A
4,957,8screws,0.847,healthy,8screws,0.6829,1470.76,39,1,A
4,958,7screws,34.5265,unknown,,0.7083,1504.28,40,1,A
4,959,7screws,33.5424,unknown,,0.7316,1536.83,41,1,A
4,960,8screws,0.9375,healthy,8screws,0.6731,1536.76,41,1,A
4,961,7screws,45.7825,unknown,,0.6993,1581.55,42,1,A
4,962,8screws,0.7738,healthy,8screws,0.6433,1581.32,42,1,A
4,963,8screws,0.781,healthy,8screws,0.5919,1581.1,42,1,A
4,964,8screws,0.8478,healthy,8screws,0.5445,1580.95,42,1,A
4,965,7screws,36.1562,unknown,,0.5809,1616.1,43,1,A
4,966,7screws,35.3434,unknown,,0.6145,1650.45,44,1,A
4,967,7screws,40.2689,unknown,,0.6453,1689.72,45,1,A
4,968,7screws,46.1623,unknown,,0.6737,1734.88,46,1,A
4,969,8screws,0.7903,healthy,8screws,0.6198,1734.67,46,1,A
4,970,7screws,37.1642,unknown,,0.6502,1770.83,47,1,A
4,971,7screws,41.149,unknown,,0.6782,1810.98,48,1,A
4,972,6screws,57.9769,unknown,,0.7039,1867.96,49,1,A
4,973,6screws,48.6303,unknown,,0.7276,1915.59,50,1,A
4,974,6screws,54.484,unknown,,0.7494,1969.07,51,1,A
4,975,6screws,50.6599,unknown,,0.7695,2018.73,52,1,A
4,976,6screws,50.9465,unknown,,0.7879,2068.68,53,1,A
4,977,6screws,53.7488,unknown,,0.8049,2121.43,54,1,A
4,978,6screws,51.7853,unknown,,0.8205,2172.21,55,1,A
4,979,6screws,52.105,unknown,,0.8348,2223.32,56,1,A
4,980,6screws,47.3528,unknown,,0.8481,2269.67,57,1,A
4,981,6screws,45.0471,unknown,,0.8602,2313.72,58,1,A
4,982,6screws,45.3418,unknown,,0.8714,2358.06,59,1,A
4,983,6screws,52.5161,unknown,,0.8817,2409.58,60,1,A
4,984,6screws,49.053,unknown,,0.8911,2457.63,61,1,A
4,985,6screws,48.7337,unknown,,0.8999,2505.36,62,1,A
4,986,6screws,55.7781,unknown,,0.9079,2560.14,63,1,A
4,987,6screws,61.8834,unknown,,0.9152,2621.03,64,1,A
4,988,6screws,51.126,unknown,,0.922,2671.15,65,1,A
4,989,6screws,48.892,unknown,,0.9283,2719.04,66,1,A
4,990,6screws,61.6886,unknown,,0.934,2779.73,67,1,A
4,991,6screws,54.2896,unknown,,0.9393,2833.02,68,1,A
4,992,6screws,48.2507,unknown,,0.9441,2880.27,69,1,A
4,993,6screws,47.3886,unknown,,0.9486,2926.66,70,1,A
4,994,6screws,47.8698,unknown,,0.9527,2973.53,71,1,A
4,995,6screws,55.6465,unknown,,0.9565,3028.18,72,1,A
4,996,6screws,47.7601,unknown,,0.96,3074.94,73,1,A
4,997,6screws,52.9978,unknown,,0.9632,3126.94,74,1,A
4,998,6screws,44.2702,unknown,,0.9661,3170.21,75,1,A
4,999,6screws,44.206,unknown,,0.9688,3213.41,76,1,A
4,1000,6screws,48.5137,unknown,,0.9713,3260.93,77,1,A
4,1001,6screws,55.2244,unknown,,0.9736,3315.15,78,1,A
4,1002,6screws,48.1407,unknown,,0.9757,3362.29,79,1,A
4,1003,6screws,49.7995,unknown,,0.9777,3411.09,80,1,A
4,1004,6screws,44.2735,unknown,,0.9795,3454.36,81,1,A
4,1005,6screws,44.0976,unknown,,0.9811,3497.46,82,1,A
4,1006,6screws,53.8432,unknown,,0.9826,3550.3,83,1,A
4,1007,6screws,49.787,unknown,,0.984,3599.09,84,1,A
4,1008,6screws,48.7594,unknown,,0.9853,3646.85,85,1,A
4,1009,6screws,49.593,unknown,,0.9865,3695.44,86,1,A
4,1010,6screws,46.3512,unknown,,0.9875,3740.8,87,1,A
4,1011,6screws,57.1331,unknown,,0.9885,3796.93,88,1,A
4,1012,6screws,54.3205,unknown,,0.9895,3850.25,89,1,A
4,1013,6screws,46.2576,unknown,,0.9903,3895.51,90,1,A
4,1014,6screws,45.309,unknown,,0.9911,3939.82,91,1,A
4,1015,6screws,54.3275,unknown,,0.9918,3993.14,92,1,A
4,1016,6screws,49.9954,unknown,,0.9924,4042.14,93,1,A
4,1017,6screws,56.54,unknown,,0.9931,4097.68,94,1,A
4,1018,6screws,46.5294,unknown,,0.9936,4143.21,95,1,A
4,1019,6screws,56.291,unknown,,0.9941,4198.5,96,1,A
4,1020,6screws,45.6934,unknown,,0.9946,4243.19,97,1,A
4,1021,6screws,60.9422,unknown,,0.995,4303.13,98,1,A
4,1022,6screws,5.12,unknown,,0.08,4.12,51,2,A
4,1023,6screws,5.5645,unknown,,0.1536,8.68,52,2,A
4,1024,6screws,5.4115,unknown,,0.2213,13.1,53,2,A
4,1025,6screws,5.2633,unknown,,0.2836,17.36,54,2,A
4,1026,6screws,5.0053,unknown,,0.3409,21.36,55,2,A
4,1027,6screws,5.3007,unknown,,0.3936,25.67,56,2,A
4,1028,6screws,5.4708,unknown,,0.4422,30.14,57,2,A
4,1029,6screws,5.5552,unknown,,0.4868,34.69,58,2,A
4,1030,6screws,5.2685,unknown,,0.5278,38.96,59,2,A
4,1031,6screws,5.49,unknown,,0.5656,43.45,60,2,A
4,1032,5screws,5.8176,unknown,,0.6004,48.27,61,2,A
4,1033,5screws,5.8279,unknown,,0.6323,53.1,62,2,A
4,1034,5screws,5.7047,unknown,,0.6617,57.8,63,2,A
4,1035,5screws,5.6852,unknown,,0.6888,62.48,64,2,A
4,1036,5screws,5.651,unknown,,0.7137,67.14,65,2,A
4,1037,5screws,5.6263,unknown,,0.7366,71.76,66,2,A
4,1038,5screws,5.8194,unknown,,0.7577,76.58,67,2,A
4,1039,5screws,5.5451,unknown,,0.7771,81.13,68,2,A
4,1040,5screws,5.5174,unknown,,0.7949,85.64,69,2,A
4,1041,5screws,5.4329,unknown,,0.8113,90.08,70,2,A
4,1042,5screws,5.9002,unknown,,0.8264,94.98,71,2,A
4,1043,5screws,5.8533,unknown,,0.8403,99.83,72,2,A
4,1044,5screws,5.6616,unknown,,0.8531,104.49,73,2,A
4,1045,5screws,5.8744,unknown,,0.8648,109.37,74,2,A
4,1046,5screws,5.8025,unknown,,0.8756,114.17,75,2,A
4,1047,5screws,5.4611,unknown,,0.8856,118.63,76,2,A
4,1048,5screws,5.7593,unknown,,0.8947,123.39,77,2,A
4,1049,5screws,5.7824,unknown,,0.9032,128.17,78,2,A
4,1050,5screws,5.7403,unknown,,0.9109,132.91,79,2,A
4,1051,5screws,5.8977,unknown,,0.918,137.81,80,2,A
4,1052,5screws,5.6772,unknown,,0.9246,142.49,81,2,A
4,1053,5screws,5.7641,unknown,,0.9306,147.25,82,2,A
4,1054,5screws,5.739,unknown,,0.9362,151.99,83,2,A
4,1055,5screws,5.3746,unknown,,0.9413,156.36,84,2,A
4,1056,5screws,5.5774,unknown,,0.946,160.94,85,2,A
4,1057,5screws,5.9219,unknown,,0.9503,165.86,86,2,A
4,1058,5screws,5.5395,unknown,,0.9543,170.4,87,2,A
4,1059,5screws,5.5435,unknown,,0.9579,174.95,88,2,A
4,1060,5screws,5.4278,unknown,,0.9613,179.37,89,2,A
4,1061,5screws,5.8528,unknown,,0.9644,184.23,90,2,A
4,1062,5screws,5.7613,unknown,,0.9672,188.99,91,2,A
4,1063,5screws,5.5653,unknown,,0.9699,193.55,92,2,A
4,1064,5screws,5.8598,unknown,,0.9723,198.41,93,2,A
4,1065,5screws,5.5888,unknown,,0.9745,203.0,94,2,A
4,1066,5screws,5.5441,unknown,,0.9765,207.55,95,2,A
4,1067,5screws,5.8573,unknown,,0.9784,212.4,96,2,A
4,1068,5screws,5.6095,unknown,,0.9801,217.01,97,2,A
4,1069,5screws,5.4851,unknown,,0.9817,221.5,98,2,A
4,1070,5screws,5.4856,unknown,,0.9832,225.98,99,2,A
4,1071,5screws,5.9349,unknown,,0.9845,230.92,100,2,A
4,1072,5screws,5.667,unknown,,0.9858,235.59,101,2,A
4,1073,5screws,5.4237,unknown,,0.9869,240.01,102,2,A
4,1074,5screws,5.9045,unknown,,0.988,244.91,103,2,A
4,1075,5screws,5.6504,unknown,,0.9889,249.56,104,2,A
4,1076,5screws,5.496,unknown,,0.9898,254.06,105,2,A
4,1077,5screws,5.4566,unknown,,0.9906,258.52,106,2,A
4,1078,5screws,5.6841,unknown,,0.9914,263.2,107,2,A
4,1079,5screws,5.5642,unknown,,0.9921,267.77,108,2,A
4,1080,5screws,5.6742,unknown,,0.9927,272.44,109,2,A
4,1081,5screws,5.5117,unknown,,0.9933,276.95,110,2,A
4,1082,5screws,5.7071,unknown,,0.9938,281.66,111,2,A
4,1083,5screws,5.7426,unknown,,0.9943,286.4,112,2,A
4,1084,5screws,5.8221,unknown,,0.9948,291.22,113,2,A
4,1085,5screws,5.8635,unknown,,0.9952,296.09,114,2,A
4,1086,5screws,5.4356,unknown,,0.9956,300.52,115,2,A
4,1087,5screws,5.731,unknown,,0.9959,305.25,116,2,A
4,1088,5screws,5.4914,unknown,,0.9963,309.74,117,2,A
4,1089,5screws,5.5956,unknown,,0.9966,314.34,118,2,A
4,1090,5screws,5.5979,unknown,,0.9968,318.94,119,2,A
4,1091,5screws,5.4558,unknown,,0.9971,323.39,120,2,A
4,1092,5screws,5.7091,unknown,,0.9973,328.1,121,2,A
4,1093,5screws,3.3247,unknown,,0.08,2.32,62,3,A
4,1094,5screws,3.3833,unknown,,0.1536,4.71,63,3,A
4,1095,5screws,3.0378,unknown,,0.2213,6.75,64,3,A
4,1096,5screws,3.1811,unknown,,0.2836,8.93,65,3,A
4,1097,5screws,2.7878,unknown,,0.3409,10.71,66,3,A
4,1098,5screws,3.3668,unknown,,0.3936,13.08,67,3,A
4,1099,5screws,3.3297,unknown,,0.4422,15.41,68,3,A
4,1100,5screws,3.0666,unknown,,0.4868,17.48,69,3,A
4,1101,5screws,3.1548,unknown,,0.5278,19.63,70,3,A
4,1102,5screws,3.4105,unknown,,0.5656,22.04,71,3,A
4,1103,5screws,2.9866,unknown,,0.6004,24.03,72,3,A
4,1104,5screws,3.4584,unknown,,0.6323,26.49,73,3,A
4,1105,5screws,3.3067,unknown,,0.6617,28.79,74,3,A
4,1106,5screws,3.2331,unknown,,0.6888,31.03,75,3,A
4,1107,5screws,3.3186,unknown,,0.7137,33.35,76,3,A
4,1108,5screws,2.9423,unknown,,0.7366,35.29,77,3,A
4,1109,5screws,3.4456,unknown,,0.7577,37.73,78,3,A
4,1110,5screws,3.0005,unknown,,0.7771,39.74,79,3,A
4,1111,5screws,3.0427,unknown,,0.7949,41.78,80,3,A
4,1112,5screws,3.3117,unknown,,0.8113,44.09,81,3,A
4,1113,5screws,2.9964,unknown,,0.8264,46.09,82,3,A
4,1114,5screws,3.0482,unknown,,0.8403,48.13,83,3,A
4,1115,5screws,3.1938,unknown,,0.8531,50.33,84,3,A
4,1116,5screws,3.335,unknown,,0.8648,52.66,85,3,A
4,1117,5screws,2.9715,unknown,,0.8756,54.63,86,3,A
4,1118,5screws,3.5136,unknown,,0.8856,57.15,87,3,A
4,1119,5screws,3.231,unknown,,0.8947,59.38,88,3,A
4,1120,5screws,3.0643,unknown,,0.9032,61.44,89,3,A
4,1121,5screws,2.9693,unknown,,0.9109,63.41,90,3,A
4,1122,5screws,3.4066,unknown,,0.918,65.82,91,3,A
4,1123,5screws,3.1081,unknown,,0.9246,67.93,92,3,A
4,1124,5screws,3.3038,unknown,,0.9306,70.23,93,3,A
4,1125,5screws,3.5119,unknown,,0.9362,72.74,94,3,A
4,1126,5screws,3.557,unknown,,0.9413,75.3,95,3,A
4,1127,5screws,3.4653,unknown,,0.946,77.77,96,3,A
4,1128,5screws,3.4185,unknown,,0.9503,80.18,97,3,A
4,1129,5screws,2.9683,unknown,,0.9543,82.15,98,3,A
4,1130,5screws,3.1538,unknown,,0.9579,84.31,99,3,A
4,1131,5screws,3.1526,unknown,,0.9613,86.46,100,3,A
4,1132,5screws,3.2216,unknown,,0.9644,88.68,101,3,A
4,1133,5screws,3.2125,unknown,,0.9672,90.89,102,3,A
4,1134,5screws,3.4345,unknown,,0.9699,93.33,103,3,A
4,1135,5screws,3.3779,unknown,,0.9723,95.71,104,3,A
4,1136,5screws,3.5483,unknown,,0.9745,98.25,105,3,A
4,1137,5screws,2.9798,unknown,,0.9765,100.23,106,3,A
4,1138,5screws,3.5075,unknown,,0.9784,102.74,107,3,A
4,1139,5screws,3.1309,unknown,,0.9801,104.87,108,3,A
4,1140,5screws,3.3156,unknown,,0.9817,107.19,109,3,A
4,1141,5screws,3.0761,unknown,,0.9832,109.26,110,3,A
4,1142,5screws,2.9301,unknown,,0.9845,111.19,111,3,A
4,1143,5screws,0.9666,known,5screws,0.0,0.0,0,4,A
4,1144,5screws,1.0356,unknown,,0.08,0.04,0,4,A
4,1145,5screws,0.8449,known,5screws,0.0736,0.0,0,4,A
4,1146,5screws,0.7185,known,5screws,0.0677,0.0,0,4,A
4,1147,5screws,0.8171,known,5screws,0.0623,0.0,0,4,A
4,1148,5screws,0.7211,known,5screws,0.0573,0.0,0,4,A
4,1149,5screws,0.9882,known,5screws,0.0527,0.0,0,4,A
4,1150,5screws,0.805,known,5screws,0.0485,0.0,0,4,A
4,1151,5screws,0.8678,known,5screws,0.0446,0.0,0,4,A
4,1152,5screws,0.9758,known,5screws,0.0411,0.0,0,4,A
4,1153,5screws,0.9654,known,5screws,0.0378,0.0,0,4,A
4,1154,5screws,0.7831,known,5screws,0.0348,0.0,0,4,A
4,1155,5screws,0.6602,known,5screws,0.032,0.0,0,4,A
4,1156,5screws,0.6582,known,5screws,0.0294,0.0,0,4,A
4,1157,5screws,0.8123,known,5screws,0.0271,0.0,0,4,A
4,1158,5screws,0.8862,known,5screws,0.0249,0.0,0,4,A
4,1159,5screws,0.7473,known,5screws,0.0229,0.0,0,4,A
4,1160,5screws,0.6405,known,5screws,0.0211,0.0,0,4,A
4,1161,5screws,1.0672,unknown,,0.0994,0.07,0,4,A
4,1162,5screws,0.7769,known,5screws,0.0914,0.0,0,4,A
4,1163,5screws,0.8451,known,5screws,0.0841,0.0,0,4,A
4,1164,5screws,0.7795,known,5screws,0.0774,0.0,0,4,A
4,1165,5screws,0.9602,known,5screws,0.0712,0.0,0,4,A
4,1166,5screws,0.7632,known,5screws,0.0655,0.0,0,4,A
4,1167,5screws,0.7389,known,5screws,0.0603,0.0,0,4,A
4,1168,5screws,0.7629,known,5screws,0.0554,0.0,0,4,A
4,1169,5screws,1.0444,unknown,,0.131,0.04,0,4,A
4,1170,5screws,0.8006,known,5screws,0.1205,0.0,0,4,A
4,1171,5screws,0.7746,known,5screws,0.1109,0.0,0,4,A
4,1172,5screws,0.9565,known,5screws,0.102,0.0,0,4,A
4,1173,5screws,0.8147,known,5screws,0.0939,0.0,0,4,A
4,1174,5screws,0.7601,known,5screws,0.0863,0.0,0,4,A
4,1175,5screws,0.8002,known,5screws,0.0794,0.0,0,4,A
4,1176,5screws,0.8998,known,5screws,0.0731,0.0,0,4,A
4,1177,5screws,0.7355,known,5screws,0.0672,0.0,0,4,A
4,1178,5screws,0.6969,known,5screws,0.0619,0.0,0,4,A
4,1179,5screws,0.8309,known,5screws,0.0569,0.0,0,4,A
4,1180,5screws,0.8719,known,5screws,0.0524,0.0,0,4,A
4,1181,5screws,0.8225,known,5screws,0.0482,0.0,0,4,A
4,1182,5screws,0.6851,known,5screws,0.0443,0.0,0,4,A
4,1183,5screws,0.9591,known,5screws,0.0408,0.0,0,4,A
4,1184,5screws,0.6788,known,5screws,0.0375,0.0,0,4,A
4,1185,5screws,0.8124,known,5screws,0.0345,0.0,0,4,A
4,1186,5screws,0.6969,known,5screws,0.0317,0.0,0,4,A
4,1187,5screws,0.8449,known,5screws,0.0292,0.0,0,4,A
4,1188,5screws,1.0356,unknown,,0.1069,0.04,0,4,A
4,1189,5screws,0.805,known,5screws,0.0983,0.0,0,4,A
4,1190,5screws,0.9565,known,5screws,0.0905,0.0,0,4,A
4,1191,5screws,0.8171,known,5screws,0.0832,0.0,0,4,A
4,1192,5screws,0.7389,known,5screws,0.0766,0.0,0,4,A
4,1193,5screws,0.9654,known,5screws,0.0704,0.0,0,4,A
4,1194,5screws,0.7831,known,5screws,0.0648,0.0,0,4,A
4,1195,5screws,0.7795,known,5screws,0.0596,0.0,0,4,A
4,1196,5screws,0.8719,known,5screws,0.0548,0.0,0,4,A
4,1197,5screws,0.8678,known,5screws,0.0505,0.0,0,4,A
4,1198,5screws,0.7629,known,5screws,0.0464,0.0,0,4,A
4,1199,5screws,0.8309,known,5screws,0.0427,0.0,0,4,A
4,1200,5screws,0.6582,known,5screws,0.0393,0.0,0,4,A
4,1201,5screws,0.9758,known,5screws,0.0361,0.0,0,4,A
4,1202,5screws,0.7769,known,5screws,0.0333,0.0,0,4,A
4,1203,5screws,1.0672,unknown,,0.1106,0.07,0,4,A
4,1204,5screws,0.8225,known,5screws,0.1017,0.0,0,4,A
4,1205,5screws,0.6405,known,5screws,0.0936,0.0,0,4,A
4,1206,5screws,0.8862,known,5screws,0.0861,0.0,0,4,A
4,1207,5screws,0.9666,known,5screws,0.0792,0.0,0,4,A
4,1208,5screws,0.7473,known,5screws,0.0729,0.0,0,4,A
4,1209,5screws,0.9882,known,5screws,0.0671,0.0,0,4,A
4,1210,5screws,0.7185,known,5screws,0.0617,0.0,0,4,A
4,1211,5screws,0.9602,known,5screws,0.0568,0.0,0,4,A
4,1212,5screws,0.7211,known,5screws,0.0522,0.0,0,4,A
4,1213,5screws,0.8006,known,5screws,0.048,0.0,0,4,A
4,1214,5screws,0.7601,known,5screws,0.0442,0.0,0,4,A
4,1215,5screws,0.7746,known,5screws,0.0407,0.0,0,4,A
4,1216,5screws,1.0444,unknown,,0.1174,0.04,0,4,A
4,1217,5screws,0.7355,known,5screws,0.108,0.0,0,4,A
4,1218,5screws,0.8998,known,5screws,0.0994,0.0,0,4,A
4,1219,5screws,0.8147,known,5screws,0.0914,0.0,0,4,A
4,1220,5screws,0.8123,known,5screws,0.0841,0.0,0,4,A
4,1221,5screws,0.9591,known,5screws,0.0774,0.0,0,4,A
4,1222,5screws,0.8002,known,5screws,0.0712,0.0,0,4,A
4,1223,5screws,0.7632,known,5screws,0.0655,0.0,0,4,A
4,1224,5screws,0.6602,known,5screws,0.0603,0.0,0,4,A
4,1225,5screws,0.6788,known,5screws,0.0554,0.0,0,4,A
4,1226,5screws,0.8124,known,5screws,0.051,0.0,0,4,A
4,1227,5screws,0.6851,known,5screws,0.0469,0.0,0,4,A
4,1228,5screws,0.8451,known,5screws,0.0432,0.0,0,4,A
4,1229,5screws,0.7473,known,5screws,0.0397,0.0,0,4,A
4,1230,5screws,0.6788,known,5screws,0.0365,0.0,0,4,A
4,1231,5screws,0.9591,known,5screws,0.0336,0.0,0,4,A
4,1232,5screws,0.7632,known,5screws,0.0309,0.0,0,4,A
4,1233,5screws,0.7831,known,5screws,0.0285,0.0,0,4,A
4,1234,5screws,0.9758,known,5screws,0.0262,0.0,0,4,A
4,1235,5screws,0.7795,known,5screws,0.0241,0.0,0,4,A
4,1236,5screws,0.8124,known,5screws,0.0222,0.0,0,4,A
4,1237,5screws,0.8719,known,5screws,0.0204,0.0,0,4,A
4,1238,5screws,0.7746,known,5screws,0.0188,0.0,0,4,A
4,1239,5screws,0.7211,known,5screws,0.0173,0.0,0,4,A
4,1240,5screws,1.0672,unknown,,0.0959,0.07,0,4,A
4,1241,5screws,0.8171,known,5screws,0.0882,0.0,0,4,A
4,1242,5screws,0.8225,known,5screws,0.0811,0.0,0,4,A
4,1243,5screws,0.7769,known,5screws,0.0747,0.0,0,4,A
4,1244,5screws,1.0356,unknown,,0.1487,0.04,0,4,A
4,1245,5screws,0.8449,known,5screws,0.1368,0.0,0,4,A
4,1246,5screws,0.7629,known,5screws,0.1258,0.0,0,4,A
4,1247,5screws,0.7389,known,5screws,0.1158,0.0,0,4,A
4,1248,5screws,0.805,known,5screws,0.1065,0.0,0,4,A
4,1249,5screws,0.8678,known,5screws,0.098,0.0,0,4,A
4,1250,5screws,0.8451,known,5screws,0.0902,0.0,0,4,A
4,1251,5screws,0.6405,known,5screws,0.0829,0.0,0,4,A
4,1252,5screws,0.7185,known,5screws,0.0763,0.0,0,4,A
4,1253,5screws,0.9602,known,5screws,0.0702,0.0,0,4,A
4,1254,5screws,0.7355,known,5screws,0.0646,0.0,0,4,A
4,1255,5screws,0.9654,known,5screws,0.0594,0.0,0,4,A
4,1256,5screws,0.8998,known,5screws,0.0547,0.0,0,4,A
4,1257,5screws,0.6582,known,5screws,0.0503,0.0,0,4,A
4,1258,5screws,0.8862,known,5screws,0.0463,0.0,0,4,A
4,1259,5screws,0.6851,known,5screws,0.0426,0.0,0,4,A
4,1260,5screws,0.9565,known,5screws,0.0392,0.0,0,4,A
4,1261,5screws,0.8006,known,5screws,0.036,0.0,0,4,A
4,1262,5screws,0.8309,known,5screws,0.0331,0.0,0,4,A
4,1263,5screws,0.8123,known,5screws,0.0305,0.0,0,4,A
4,1264,5screws,0.6969,known,5screws,0.0281,0.0,0,4,A
4,1265,5screws,0.8002,known,5screws,0.0258,0.0,0,4,A
4,1266,5screws,0.6602,known,5screws,0.0237,0.0,0,4,A
4,1267,5screws,0.9882,known,5screws,0.0218,0.0,0,4,A
4,1268,5screws,0.7601,known,5screws,0.0201,0.0,0,4,A
4,1269,5screws,0.9666,known,5screws,0.0185,0.0,0,4,A
4,1270,5screws,1.0444,unknown,,0.097,0.04,0,4,A
4,1271,5screws,0.8147,known,5screws,0.0893,0.0,0,4,A
4,1272,5screws,0.8002,known,5screws,0.0821,0.0,0,4,A
4,1273,5screws,0.7795,known,5screws,0.0755,0.0,0,4,A
4,1274,5screws,0.7601,known,5screws,0.0695,0.0,0,4,A
4,1275,5screws,0.9565,known,5screws,0.0639,0.0,0,4,A
4,1276,5screws,0.7831,known,5screws,0.0588,0.0,0,4,A
4,1277,5screws,0.8998,known,5screws,0.0541,0.0,0,4,A
4,1278,5screws,0.8006,known,5screws,0.0498,0.0,0,4,A
4,1279,5screws,0.9654,known,5screws,0.0458,0.0,0,4,A
4,1280,5screws,0.7769,known,5screws,0.0421,0.0,0,4,A
4,1281,5screws,0.7746,known,5screws,0.0388,0.0,0,4,A
4,1282,5screws,0.8862,known,5screws,0.0357,0.0,0,4,A
4,1283,5screws,0.7389,known,5screws,0.0328,0.0,0,4,A
4,1284,5screws,0.9602,known,5screws,0.0302,0.0,0,4,A
4,1285,5screws,0.8124,known,5screws,0.0278,0.0,0,4,A
4,1286,5screws,0.8451,known,5screws,0.0256,0.0,0,4,A
4,1287,5screws,0.7211,known,5screws,0.0235,0.0,0,4,A
4,1288,5screws,0.8678,known,5screws,0.0216,0.0,0,4,A
4,1289,5screws,0.6969,known,5screws,0.0199,0.0,0,4,A
4,1290,5screws,0.6851,known,5screws,0.0183,0.0,0,4,A
4,1291,5screws,0.8719,known,5screws,0.0168,0.0,0,4,A
4,1292,5screws,1.0444,unknown,,0.0955,0.04,0,4,A
4,1293,5screws,0.9882,known,5screws,0.0879,0.03,0,4,A
4,1294,5screws,0.6405,known,5screws,0.0808,0.0,0,4,A
4,1295,5screws,0.805,known,5screws,0.0744,0.0,0,4,A
4,1296,5screws,0.8309,known,5screws,0.0684,0.0,0,4,A
4,1297,5screws,0.7185,known,5screws,0.0629,0.0,0,4,A
4,1298,5screws,0.8123,known,5screws,0.0579,0.0,0,4,A
4,1299,5screws,0.7632,known,5screws,0.0533,0.0,0,4,A
4,1300,5screws,1.0356,unknown,,0.129,0.04,0,4,A
4,1301,5screws,0.8171,known,5screws,0.1187,0.0,0,4,A
4,1302,5screws,0.7473,known,5screws,0.1092,0.0,0,4,A
4,1303,5screws,0.8225,known,5screws,0.1005,0.0,0,4,A
4,1304,5screws,0.7355,known,5screws,0.0924,0.0,0,4,A
4,1305,5screws,0.6582,known,5screws,0.085,0.0,0,4,A
4,1306,5screws,0.9758,known,5screws,0.0782,0.0,0,4,A
4,1307,5screws,0.8147,known,5screws,0.072,0.0,0,4,A
4,1308,5screws,0.6788,known,5screws,0.0662,0.0,0,4,A
4,1309,5screws,0.8449,known,5screws,0.0609,0.0,0,4,A
4,1310,5screws,0.9666,known,5screws,0.056,0.0,0,4,A
4,1311,5screws,0.9591,known,5screws,0.0516,0.0,0,4,A
4,1312,5screws,1.0672,unknown,,0.1274,0.07,0,4,A
4,1313,5screws,0.7629,known,5screws,0.1172,0.0,0,4,A
4,1314,5screws,0.6602,known,5screws,0.1079,0.0,0,4,A
4,1315,5screws,0.7185,known,5screws,0.0992,0.0,0,4,A
4,1316,5screws,0.7795,known,5screws,0.0913,0.0,0,4,A
4,1317,5screws,0.8449,known,5screws,0.084,0.0,0,4,A
4,1318,5screws,0.6851,known,5screws,0.0773,0.0,0,4,A
4,1319,5screws,0.8998,known,5screws,0.0711,0.0,0,4,A
4,1320,5screws,0.8862,known,5screws,0.0654,0.0,0,4,A
4,1321,5screws,0.6969,known,5screws,0.0602,0.0,0,4,A
4,1322,5screws,0.7211,known,5screws,0.0554,0.0,0,4,A
4,1323,5screws,0.805,known,5screws,0.0509,0.0,0,4,A
4,1324,5screws,0.7746,known,5screws,0.0469,0.0,0,4,A
4,1325,5screws,0.8171,known,5screws,0.0431,0.0,0,4,A
4,1326,5screws,0.7629,known,5screws,0.0397,0.0,0,4,A
4,1327,5screws,0.9565,known,5screws,0.0365,0.0,0,4,A
4,1328,5screws,0.6788,known,5screws,0.0336,0.0,0,4,A
4,1329,5screws,0.7355,known,5screws,0.0309,0.0,0,4,A
4,1330,5screws,0.7769,known,5screws,0.0284,0.0,0,4,A
4,1331,5screws,0.6582,known,5screws,0.0261,0.0,0,4,A
4,1332,5screws,0.8309,known,5screws,0.024,0.0,0,4,A
4,1333,5screws,0.7831,known,5screws,0.0221,0.0,0,4,A
4,1334,5screws,0.7473,known,5screws,0.0204,0.0,0,4,A
4,1335,5screws,0.8147,known,5screws,0.0187,0.0,0,4,A
4,1336,5screws,0.8719,known,5screws,0.0172,0.0,0,4,A
4,1337,5screws,0.8123,known,5screws,0.0158,0.0,0,4,A
4,1338,5screws,1.0444,unknown,,0.0946,0.04,0,4,A
4,1339,5screws,0.9882,known,5screws,0.087,0.03,0,4,A
4,1340,5screws,0.9758,known,5screws,0.0801,0.01,0,4,A
4,1341,5screws,0.9591,known,5screws,0.0736,0.0,0,4,A
4,1342,5screws,0.9602,known,5screws,0.0678,0.0,0,4,A
4,1343,5screws,0.6405,known,5screws,0.0623,0.0,0,4,A
4,1344,5screws,1.0672,unknown,,0.1373,0.07,0,4,A
4,1345,5screws,0.8225,known,5screws,0.1264,0.0,0,4,A
4,1346,5screws,0.9654,known,5screws,0.1163,0.0,0,4,A
4,1347,5screws,0.8678,known,5screws,0.107,0.0,0,4,A
4,1348,5screws,0.7601,known,5screws,0.0984,0.0,0,4,A
4,1349,5screws,0.8124,known,5screws,0.0905,0.0,0,4,A
4,1350,5screws,0.7632,known,5screws,0.0833,0.0,0,4,A
4,1351,6screws,0.7945,known,6screws,0.0,0.0,0,4,manual
4,1352,6screws,0.8632,known,6screws,0.0,0.0,0,4,manual
4,1353,6screws,0.7906,known,6screws,0.0,0.0,0,4,manual
4,1354,6screws,0.7211,known,6screws,0.0,0.0,0,4,manual
4,1355,6screws,0.8188,known,6screws,0.0,0.0,0,4,manual
4,1356,6screws,0.97,known,6screws,0.0,0.0,0,4,manual
4,1357,6screws,0.923,known,6screws,0.0,0.0,0,4,manual
4,1358,6screws,0.801,known,6screws,0.0,0.0,0,4,manual
4,1359,6screws,0.7571,known,6screws,0.0,0.0,0,4,manual
4,1360,6screws,0.9991,known,6screws,0.0,0.0,0,4,manual
4,1361,6screws,0.682,known,6screws,0.0,0.0,0,4,manual
4,1362,6screws,0.8369,known,6screws,0.0,0.0,0,4,manual
4,1363,6screws,0.948,known,6screws,0.0,0.0,0,4,manual
4,1364,6screws,0.7448,known,6screws,0.0,0.0,0,4,manual
4,1365,6screws,0.8295,known,6screws,0.0,0.0,0,4,manual
4,1366,6screws,0.8349,known,6screws,0.0,0.0,0,4,manual
4,1367,6screws,0.7882,known,6screws,0.0,0.0,0,4,manual
4,1368,6screws,0.7313,known,6screws,0.0,0.0,0,4,manual
4,1369,6screws,0.6718,known,6screws,0.0,0.0,0,4,manual
4,1370,6screws,0.8869,known,6screws,0.0,0.0,0,4,manual
4,1371,6screws,0.7056,known,6screws,0.0,0.0,0,4,manual
4,1372,6screws,0.6542,known,6screws,0.0,0.0,0,4,manual
4,1373,6screws,0.783,known,6screws,0.0,0.0,0,4,manual
4,1374,6screws,0.7351,known,6screws,0.0,0.0,0,4,manual
4,1375,6screws,0.9715,known,6screws,0.0,0.0,0,4,manual
4,1376,6screws,0.7581,known,6screws,0.0,0.0,0,4,manual
4,1377,6screws,0.8392,known,6screws,0.0,0.0,0,4,manual
4,1378,6screws,0.722,known,6screws,0.0,0.0,0,4,manual
4,1379,6screws,0.9005,known,6screws,0.0,0.0,0,4,manual
4,1380,6screws,0.8695,known,6screws,0.0,0.0,0,4,manual
4,1381,6screws,0.6818,known,6screws,0.0,0.0,0,4,manual
4,1382,6screws,0.7065,known,6screws,0.0,0.0,0,4,manual
4,1383,6screws,0.7775,known,6screws,0.0,0.0,0,4,manual
4,1384,6screws,0.6221,known,6screws,0.0,0.0,0,4,manual
4,1385,6screws,0.7783,known,6screws,0.0,0.0,0,4,manual
4,1386,6screws,0.692,known,6screws,0.0,0.0,0,4,manual
4,1387,6screws,0.8527,known,6screws,0.0,0.0,0,4,manual
4,1388,6screws,0.7968,known,6screws,0.0,0.0,0,4,manual
4,1389,6screws,0.7998,known,6screws,0.0,0.0,0,4,manual
4,1390,6screws,0.8207,known,6screws,0.0,0.0,0,4,manual
4,1391,6screws,0.8467,known,6screws,0.0,0.0,0,4,manual
4,1392,6screws,0.8607,known,6screws,0.0,0.0,0,4,manual
4,1393,6screws,0.9191,known,6screws,0.0,0.0,0,4,manual
4,1394,6screws,0.8469,known,6screws,0.0,0.0,0,4,manual
4,1395,6screws,0.9407,known,6screws,0.0,0.0,0,4,manual
4,1396,6screws,0.7922,known,6screws,0.0,0.0,0,4,manual
4,1397,6screws,0.9284,known,6screws,0.0,0.0,0,4,manual
4,1398,6screws,0.8134,known,6screws,0.0,0.0,0,4,manual
4,1399,6screws,0.743,known,6screws,0.0,0.0,0,4,manual
4,1400,6screws,0.7355,known,6screws,0.0,0.0,0,4,manual
4,1401,6screws,0.7898,known,6screws,0.0,0.0,0,4,manual
4,1402,6screws,0.7159,known,6screws,0.0,0.0,0,4,manual
4,1403,6screws,0.8229,known,6screws,0.0,0.0,0,4,manual
4,1404,6screws,0.7488,known,6screws,0.0,0.0,0,4,manual
4,1405,6screws,0.7867,known,6screws,0.0,0.0,0,4,manual
4,1406,6screws,0.7153,known,6screws,0.0,0.0,0,4,manual
4,1407,6screws,0.7802,known,6screws,0.0,0.0,0,4,manual
4,1408,6screws,0.7761,known,6screws,0.0,0.0,0,4,manual
4,1409,6screws,0.9233,known,6screws,0.0,0.0,0,4,manual
4,1410,6screws,0.8628,known,6screws,0.0,0.0,0,4,manual
4,1411,6screws,0.7806,known,6screws,0.0,0.0,0,4,manual
4,1412,6screws,0.8745,known,6screws,0.0,0.0,0,4,manual
4,1413,6screws,0.8244,known,6screws,0.0,0.0,0,4,manual
4,1414,6screws,0.7922,known,6screws,0.0,0.0,0,4,manual
4,1415,6screws,0.9991,known,6screws,0.0,0.0,0,4,manual
4,1416,7screws,0.7759,known,7screws,0.0,0.0,0,4,manual
4,1417,7screws,0.7889,known,7screws,0.0,0.0,0,4,manual
4,1418,7screws,0.8669,known,7screws,0.0,0.0,0,4,manual
4,1419,7screws,0.6834,known,7screws,0.0,0.0,0,4,manual
4,1420,7screws,0.7436,known,7screws,0.0,0.0,0,4,manual
4,1421,7screws,0.7467,known,7screws,0.0,0.0,0,4,manual
4,1422,7screws,0.64,known,7screws,0.0,0.0,0,4,manual
4,1423,7screws,0.635,known,7screws,0.0,0.0,0,4,manual
4,1424,7screws,0.6888,known,7screws,0.0,0.0,0,4,manual
4,1425,7screws,0.7898,known,7screws,0.0,0.0,0,4,manual
4,1426,7screws,0.7201,known,7screws,0.0,0.0,0,4,manual
4,1427,7screws,0.6515,known,7screws,0.0,0.0,0,4,manual
4,1428,7screws,0.916,known,7screws,0.0,0.0,0,4,manual
4,1429,7screws,0.5579,known,7screws,0.0,0.0,0,4,manual
4,1430,7screws,0.4594,known,7screws,0.0,0.0,0,4,manual
4,1431,7screws,0.8017,known,7screws,0.0,0.0,0,4,manual
4,1432,7screws,0.7829,known,7screws,0.0,0.0,0,4,manual
4,1433,7screws,0.6938,known,7screws,0.0,0.0,0,4,manual
4,1434,7screws,0.7887,known,7screws,0.0,0.0,0,4,manual
4,1435,7screws,0.648,known,7screws,0.0,0.0,0,4,manual
4,1436,7screws,0.6367,known,7screws,0.0,0.0,0,4,manual
4,1437,7screws,0.7103,known,7screws,0.0,0.0,0,4,manual
4,1438,7screws,0.8064,known,7screws,0.0,0.0,0,4,manual
4,1439,7screws,0.7976,known,7screws,0.0,0.0,0,4,manual
4,1440,7screws,0.6677,known,7screws,0.0,0.0,0,4,manual
4,1441,7screws,0.7927,known,7screws,0.0,0.0,0,4,manual
4,1442,4screws,2.8189,unknown,,0.08,1.82,1,4,manual
4,1443,4screws,2.6381,unknown,,0.1536,3.46,2,4,manual
4,1444,4screws,2.6452,unknown,,0.2213,5.1,3,4,manual
4,1445,4screws,2.5892,unknown,,0.2836,6.69,4,4,manual
4,1446,4screws,2.7209,unknown,,0.3409,8.41,5,4,manual
4,1447,4screws,2.7288,unknown,,0.3936,10.14,6,4,manual
4,1448,4screws,2.9048,unknown,,0.4422,12.05,7,4,manual
4,1449,4screws,2.7482,unknown,,0.4868,13.79,8,4,manual
4,1450,4screws,2.8734,unknown,,0.5278,15.67,9,4,manual
4,1451,4screws,2.8883,unknown,,0.5656,17.56,10,4,manual
4,1452,4screws,2.7439,unknown,,0.6004,19.3,11,4,manual
4,1453,4screws,2.7473,unknown,,0.6323,21.05,12,4,manual
4,1454,4screws,2.5118,unknown,,0.6617,22.56,13,4,manual
4,1455,4screws,2.9174,unknown,,0.6888,24.48,14,4,manual
4,1456,4screws,2.5429,unknown,,0.7137,26.02,15,4,manual
4,1457,4screws,2.6735,unknown,,0.7366,27.69,16,4,manual
4,1458,4screws,2.7893,unknown,,0.7577,29.48,17,4,manual
4,1459,4screws,2.9569,unknown,,0.7771,31.44,18,4,manual
4,1460,4screws,2.7503,unknown,,0.7949,33.19,19,4,manual
4,1461,4screws,2.9126,unknown,,0.8113,35.1,20,4,manual
4,1462,4screws,2.9491,unknown,,0.8264,37.05,21,4,manual
4,1463,4screws,2.7927,unknown,,0.8403,38.84,22,4,manual
4,1464,4screws,2.7379,unknown,,0.8531,40.58,23,4,manual
4,1465,4screws,2.5952,unknown,,0.8648,42.18,24,4,manual
4,1466,4screws,2.7584,unknown,,0.8756,43.93,25,4,manual
4,1467,4screws,2.609,unknown,,0.8856,45.54,26,4,manual
4,1468,4screws,3.1487,unknown,,0.8947,47.69,27,4,manual
4,1469,4screws,3.0425,unknown,,0.9032,49.74,28,4,manual
4,1470,4screws,2.8723,unknown,,0.9109,51.61,29,4,manual
4,1471,4screws,2.5809,unknown,,0.918,53.19,30,4,manual
4,1472,4screws,2.5973,unknown,,0.9246,54.79,31,4,manual
4,1473,4screws,2.7659,unknown,,0.9306,56.55,32,4,manual
4,1474,4screws,2.7695,unknown,,0.9362,58.32,33,4,manual
4,1475,4screws,2.696,unknown,,0.9413,60.02,34,4,manual
4,1476,4screws,2.5605,unknown,,0.946,61.58,35,4,manual
4,1477,4screws,2.7016,unknown,,0.9503,63.28,36,4,manual
4,1478,4screws,2.7526,unknown,,0.9543,65.03,37,4,manual
4,1479,4screws,2.9378,unknown,,0.9579,66.97,38,4,manual
4,1480,4screws,2.8131,unknown,,0.9613,68.78,39,4,manual
4,1481,4screws,2.477,unknown,,0.9644,70.26,40,4,manual
4,1482,4screws,2.7287,unknown,,0.9672,71.99,41,4,manual
4,1483,4screws,2.7652,unknown,,0.9699,73.75,42,4,manual
4,1484,4screws,2.7801,unknown,,0.9723,75.53,43,4,manual
4,1485,4screws,3.1288,unknown,,0.9745,77.66,44,4,manual
4,1486,4screws,2.5463,unknown,,0.9765,79.21,45,4,manual
4,1487,4screws,2.7732,unknown,,0.9784,80.98,46,4,manual
4,1488,4screws,2.8682,unknown,,0.9801,82.85,47,4,manual
4,1489,4screws,3.3448,unknown,,0.9817,85.19,48,4,manual
4,1490,4screws,2.6832,unknown,,0.9832,86.88,49,4,manual
4,1491,4screws,2.6184,unknown,,0.9845,88.5,50,4,manual
4,1492,4screws,2.8545,unknown,,0.9858,90.35,51,4,manual
4,1493,4screws,2.7122,unknown,,0.9869,92.06,52,4,manual
4,1494,4screws,2.757,unknown,,0.988,93.82,53,4,manual
4,1495,4screws,2.992,unknown,,0.9889,95.81,54,4,manual
4,1496,4screws,2.8829,unknown,,0.9898,97.7,55,4,manual
4,1497,4screws,2.5541,unknown,,0.9906,99.25,56,4,manual
4,1498,4screws,2.8474,unknown,,0.9914,101.1,57,4,manual
4,1499,4screws,2.6745,unknown,,0.9921,102.77,58,4,manual
4,1500,4screws,2.7842,unknown,,0.9927,104.56,59,4,manual
4,1501,4screws,2.7604,unknown,,0.9933,106.32,60,4,manual
4,1502,4screws,2.8587,unknown,,0.9938,108.17,61,4,manual
4,1503,4screws,2.8559,unknown,,0.9943,110.03,62,4,manual
4,1504,4screws,2.7986,unknown,,0.9948,111.83,63,4,manual
4,1505,4screws,2.577,unknown,,0.9952,113.41,64,4,manual
4,1506,4screws,2.8239,unknown,,0.9956,115.23,65,4,manual
4,1507,4screws,2.5115,unknown,,0.9959,116.74,66,4,manual
4,1508,4screws,2.7977,unknown,,0.9963,118.54,67,4,manual
4,1509,4screws,2.7302,unknown,,0.9966,120.27,68,4,manual
4,1510,4screws,2.6767,unknown,,0.9968,121.95,69,4,manual
4,1511,4screws,2.5699,unknown,,0.9971,123.52,70,4,manual
4,1512,4screws,2.7942,unknown,,0.9973,125.31,71,4,manual
4,1513,4screws,2.7259,unknown,,0.9975,127.04,72,4,manual
4,1514,4screws,3.0074,unknown,,0.9977,129.04,73,4,manual
4,1515,4screws,2.6516,unknown,,0.9979,130.69,74,4,manual
4,1516,4screws,2.7128,unknown,,0.9981,132.41,75,4,manual
4,1517,4screws,2.6432,unknown,,0.9982,134.05,76,4,manual
4,1518,4screws,2.9403,unknown,,0.9984,135.99,77,4,manual
4,1519,4screws,2.8096,unknown,,0.9985,137.8,78,4,manual
4,1520,4screws,2.6036,unknown,,0.9986,139.4,79,4,manual
4,1521,4screws,2.5051,unknown,,0.9987,140.91,80,4,manual
4,1522,4screws,2.6687,unknown,,0.9988,142.58,81,4,manual
4,1523,4screws,3.0797,unknown,,0.9989,144.66,82,4,manual
4,1524,4screws,2.8106,unknown,,0.999,146.47,83,4,manual
4,1525,4screws,2.7944,unknown,,0.9991,148.26,84,4,manual
4,1526,4screws,2.7192,unknown,,0.9992,149.98,85,4,manual
4,1527,4screws,2.6652,unknown,,0.9992,151.65,86,4,manual
4,1528,4screws,2.7509,unknown,,0.9993,153.4,87,4,manual
4,1529,4screws,2.8184,unknown,,0.9993,155.22,88,4,manual
4,1530,4screws,2.9672,unknown,,0.9994,157.18,89,4,manual
4,1531,4screws,2.6609,unknown,,0.9994,158.84,90,4,manual
4,1532,4screws,2.7453,unknown,,0.9995,160.59,91,4,manual
4,1533,4screws,2.9093,unknown,,0.9995,162.5,92,4,manual
4,1534,4screws,2.9784,unknown,,0.9996,164.48,93,4,manual
4,1535,4screws,2.9251,unknown,,0.9996,166.4,94,4,manual
4,1536,4screws,2.7828,unknown,,0.9996,168.19,95,4,manual
4,1537,4screws,2.738,unknown,,0.9997,169.92,96,4,manual
4,1538,4screws,2.8826,unknown,,0.9997,171.81,97,4,manual
4,1539,4screws,2.7791,unknown,,0.9997,173.59,98,4,manual
4,1540,4screws,3.1822,unknown,,0.9997,175.77,99,4,manual
4,1541,4screws,2.6859,unknown,,0.9998,177.45,100,4,manual
4,1542,4screws,3.0216,unknown,,0.9998,179.48,101,4,manual
4,1543,4screws,2.6054,unknown,,0.9998,181.08,102,4,manual
4,1544,4screws,2.5242,unknown,,0.9998,182.6,103,4,manual
4,1545,4screws,2.9188,unknown,,0.9998,184.52,104,4,manual
4,1546,4screws,2.7187,unknown,,0.9998,186.24,105,4,manual
4,1547,4screws,2.7438,unknown,,0.9999,187.99,106,4,manual
4,1548,4screws,2.7369,unknown,,0.9999,189.72,107,4,manual
4,1549,4screws,2.9516,unknown,,0.9999,191.67,108,4,manual
4,1550,4screws,2.6348,unknown,,0.9999,193.31,109,4,manual
4,1551,4screws,2.5645,unknown,,0.9999,194.87,110,4,manual
4,1552,4screws,2.668,unknown,,0.9999,196.54,111,4,manual
4,1553,4screws,2.5953,unknown,,0.9999,198.14,112,4,manual
4,1554,4screws,2.9477,unknown,,0.9999,200.08,113,4,manual
4,1555,4screws,2.8067,unknown,,0.9999,201.89,114,4,manual
4,1556,4screws,2.6991,unknown,,0.9999,203.59,115,4,manual
4,1557,4screws,3.0112,unknown,,0.9999,205.6,116,4,manual
4,1558,4screws,3.0277,unknown,,0.9999,207.63,117,4,manual
4,1559,4screws,2.7725,unknown,,0.9999,209.4,118,4,manual
4,1560,4screws,2.6043,unknown,,1.0,211.01,119,4,manual
4,1561,4screws,2.6427,unknown,,1.0,212.65,120,4,manual
4,1562,4screws,2.915,unknown,,1.0,214.56,121,4,manual
4,1563,4screws,2.6023,unknown,,1.0,216.17,122,4,manual
4,1564,4screws,2.9589,unknown,,1.0,218.13,123,4,manual
4,1565,4screws,2.9044,unknown,,1.0,220.03,124,4,manual
4,1566,4screws,2.7771,unknown,,1.0,221.81,125,4,manual
4,1567,4screws,2.9752,unknown,,1.0,223.78,126,4,manual
4,1568,4screws,3.0879,unknown,,1.0,225.87,127,4,manual
4,1569,4screws,2.754,unknown,,1.0,227.62,128,4,manual
4,1570,4screws,2.6081,unknown,,1.0,229.23,129,4,manual
4,1571,4screws,2.5436,unknown,,1.0,230.78,130,4,manual
4,1572,4screws,2.7882,unknown,,1.0,232.56,131,4,manual
4,1573,4screws,2.5332,unknown,,1.0,234.1,132,4,manual
4,1574,4screws,3.0454,unknown,,1.0,236.14,133,4,manual
4,1575,4screws,2.7162,unknown,,1.0,237.86,134,4,manual
4,1576,4screws,2.5944,unknown,,1.0,239.45,135,4,manual
4,1577,4screws,0.9187,known,4screws,0.0,0.0,0,5,manual
4,1578,4screws,0.6959,known,4screws,0.0,0.0,0,5,manual
4,1579,4screws,0.8148,known,4screws,0.0,0.0,0,5,manual
4,1580,4screws,0.7499,known,4screws,0.0,0.0,0,5,manual
4,1581,4screws,0.9151,known,4screws,0.0,0.0,0,5,manual
4,1582,4screws,0.9276,known,4screws,0.0,0.0,0,5,manual
4,1583,4screws,0.8127,known,4screws,0.0,0.0,0,5,manual
4,1584,4screws,0.6773,known,4screws,0.0,0.0,0,5,manual
4,1585,4screws,0.6477,known,4screws,0.0,0.0,0,5,manual
4,1586,4screws,0.9962,known,4screws,0.0,0.0,0,5,manual
4,1587,4screws,0.7623,known,4screws,0.0,0.0,0,5,manual
4,1588,4screws,0.566,known,4screws,0.0,0.0,0,5,manual
4,1589,4screws,0.8109,known,4screws,0.0,0.0,0,5,manual
4,1590,4screws,0.6998,known,4screws,0.0,0.0,0,5,manual
4,1591,4screws,0.7495,known,4screws,0.0,0.0,0,5,manual
4,1592,4screws,0.957,known,4screws,0.0,0.0,0,5,manual
4,1593,4screws,0.8472,known,4screws,0.0,0.0,0,5,manual
4,1594,4screws,0.7239,known,4screws,0.0,0.0,0,5,manual
4,1595,4screws,0.9825,known,4screws,0.0,0.0,0,5,manual
4,1596,4screws,0.925,known,4screws,0.0,0.0,0,5,manual
4,1597,4screws,0.7388,known,4screws,0.0,0.0,0,5,manual
4,1598,4screws,0.963,known,4screws,0.0,0.0,0,5,manual
4,1599,4screws,0.8978,known,4screws,0.0,0.0,0,5,manual
4,1600,4screws,0.9425,known,4screws,0.0,0.0,0,5,manual
4,1601,4screws,0.6561,known,4screws,0.0,0.0,0,5,manual
4,1602,4screws,1.0013,unknown,,0.08,0.0,0,5,manual
4,1603,4screws,0.8525,known,4screws,0.0736,0.0,0,5,manual
4,1604,4screws,0.5882,known,4screws,0.0677,0.0,0,5,manual
4,1605,4screws,0.8553,known,4screws,0.0623,0.0,0,5,manual
4,1606,4screws,0.8706,known,4screws,0.0573,0.0,0,5,manual
4,1607,4screws,0.7376,known,4screws,0.0527,0.0,0,5,manual
4,1608,4screws,0.9,known,4screws,0.0485,0.0,0,5,manual
4,1609,4screws,0.6727,known,4screws,0.0446,0.0,0,5,manual
4,1610,4screws,0.8432,known,4screws,0.0411,0.0,0,5,manual
4,1611,4screws,0.7504,known,4screws,0.0378,0.0,0,5,manual
4,1612,4screws,1.012,unknown,,0.1148,0.01,0,5,manual
4,1613,4screws,0.7039,known,4screws,0.1056,0.0,0,5,manual
4,1614,4screws,0.74,known,4screws,0.0971,0.0,0,5,manual
4,1615,4screws,0.7807,known,4screws,0.0894,0.0,0,5,manual
4,1616,4screws,0.8158,known,4screws,0.0822,0.0,0,5,manual
4,1617,4screws,0.8438,known,4screws,0.0756,0.0,0,5,manual
4,1618,4screws,0.6619,known,4screws,0.0696,0.0,0,5,manual
4,1619,4screws,0.8556,known,4screws,0.064,0.0,0,5,manual
4,1620,4screws,0.818,known,4screws,0.0589,0.0,0,5,manual
4,1621,4screws,0.8536,known,4screws,0.0542,0.0,0,5,manual
4,1622,4screws,0.8071,known,4screws,0.0498,0.0,0,5,manual
4,1623,4screws,0.867,known,4screws,0.0459,0.0,0,5,manual
4,1624,4screws,0.8084,known,4screws,0.0422,0.0,0,5,manual
4,1625,4screws,0.7633,known,4screws,0.0388,0.0,0,5,manual
4,1626,4screws,0.7065,known,4screws,0.0357,0.0,0,5,manual
4,1627,4screws,0.7779,known,4screws,0.0329,0.0,0,5,manual
4,1628,4screws,0.7111,known,4screws,0.0302,0.0,0,5,manual
4,1629,4screws,0.7778,known,4screws,0.0278,0.0,0,5,manual
4,1630,4screws,0.7503,known,4screws,0.0256,0.0,0,5,manual
4,1631,4screws,0.7025,known,4screws,0.0235,0.0,0,5,manual
4,1632,4screws,0.9497,known,4screws,0.0217,0.0,0,5,manual
4,1633,4screws,0.8558,known,4screws,0.0199,0.0,0,5,manual
4,1634,4screws,0.8298,known,4screws,0.0183,0.0,0,5,manual
4,1635,4screws,0.867,known,4screws,0.0169,0.0,0,5,manual
4,1636,4screws,0.9425,known,4screws,0.0155,0.0,0,5,manual
4,1637,4screws,0.6619,known,4screws,0.0143,0.0,0,5,manual
4,1638,4screws,0.6727,known,4screws,0.0131,0.0,0,5,manual
4,1639,4screws,0.6959,known,4screws,0.0121,0.0,0,5,manual
4,1640,4screws,0.8127,known,4screws,0.0111,0.0,0,5,manual
4,1641,4screws,0.7065,known,4screws,0.0102,0.0,0,5,manual
4,1642,4screws,0.8298,known,4screws,0.0094,0.0,0,5,manual
4,1643,4screws,0.6998,known,4screws,0.0087,0.0,0,5,manual
4,1644,4screws,0.7111,known,4screws,0.008,0.0,0,5,manual
4,1645,4screws,0.8148,known,4screws,0.0073,0.0,0,5,manual
4,1646,4screws,0.9151,known,4screws,0.0067,0.0,0,5,manual
4,1647,4screws,0.7376,known,4screws,0.0062,0.0,0,5,manual
4,1648,4screws,0.7495,known,4screws,0.0057,0.0,0,5,manual
4,1649,4screws,0.6561,known,4screws,0.0052,0.0,0,5,manual
4,1650,4screws,0.8472,known,4screws,0.0048,0.0,0,5,manual
4,1651,4screws,0.8558,known,4screws,0.0044,0.0,0,5,manual
4,1652,4screws,0.8556,known,4screws,0.0041,0.0,0,5,manual
4,1653,4screws,0.8071,known,4screws,0.0038,0.0,0,5,manual
4,1654,4screws,0.9825,known,4screws,0.0035,0.0,0,5,manual
4,1655,4screws,0.6773,known,4screws,0.0032,0.0,0,5,manual
4,1656,4screws,0.7779,known,4screws,0.0029,0.0,0,5,manual
4,1657,4screws,0.8706,known,4screws,0.0027,0.0,0,5,manual
4,1658,4screws,0.7499,known,4screws,0.0025,0.0,0,5,manual
4,1659,4screws,0.8438,known,4screws,0.0023,0.0,0,5,manual
4,1660,4screws,0.8158,known,4screws,0.0021,0.0,0,5,manual
4,1661,4screws,0.818,known,4screws,0.0019,0.0,0,5,manual
4,1662,4screws,0.7778,known,4screws,0.0018,0.0,0,5,manual
4,1663,4screws,0.74,known,4screws,0.0016,0.0,0,5,manual
4,1664,4screws,0.8109,known,4screws,0.0015,0.0,0,5,manual
4,1665,4screws,0.7388,known,4screws,0.0014,0.0,0,5,manual
4,1666,4screws,0.7503,known,4screws,0.0013,0.0,0,5,manual
4,1667,4screws,1.012,unknown,,0.0812,0.01,0,5,manual
4,1668,4screws,0.7623,known,4screws,0.0747,0.0,0,5,manual
4,1669,4screws,0.8525,known,4screws,0.0687,0.0,0,5,manual
4,1670,4screws,0.7633,known,4screws,0.0632,0.0,0,5,manual
4,1671,4screws,0.7025,known,4screws,0.0581,0.0,0,5,manual
4,1672,4screws,0.8553,known,4screws,0.0535,0.0,0,5,manual
4,1673,4screws,0.6477,known,4screws,0.0492,0.0,0,5,manual
4,1674,4screws,0.9,known,4screws,0.0453,0.0,0,5,manual
4,1675,4screws,0.5882,known,4screws,0.0417,0.0,0,5,manual
4,1676,4screws,0.8978,known,4screws,0.0383,0.0,0,5,manual
4,1677,4screws,0.957,known,4screws,0.0353,0.0,0,5,manual
4,1678,4screws,0.7039,known,4screws,0.0324,0.0,0,5,manual
4,1679,4screws,0.9962,known,4screws,0.0298,0.0,0,5,manual
4,1680,4screws,0.9276,known,4screws,0.0275,0.0,0,5,manual
4,1681,4screws,0.7504,known,4screws,0.0253,0.0,0,5,manual
4,1682,4screws,0.8536,known,4screws,0.0232,0.0,0,5,manual
4,1683,4screws,0.7239,known,4screws,0.0214,0.0,0,5,manual
4,1684,4screws,0.7807,known,4screws,0.0197,0.0,0,5,manual
4,1685,4screws,0.963,known,4screws,0.0181,0.0,0,5,manual
4,1686,4screws,1.0013,unknown,,0.0966,0.0,0,5,manual
4,1687,4screws,0.8432,known,4screws,0.0889,0.0,0,5,manual
4,1688,4screws,0.9187,known,4screws,0.0818,0.0,0,5,manual
4,1689,4screws,0.566,known,4screws,0.0753,0.0,0,5,manual
4,1690,4screws,0.9497,known,4screws,0.0692,0.0,0,5,manual
4,1691,4screws,0.8084,known,4screws,0.0637,0.0,0,5,manual
4,1692,4screws,0.925,known,4screws,0.0586,0.0,0,5,manual
4,1693,4screws,0.8536,known,4screws,0.0539,0.0,0,5,manual
4,1694,4screws,0.7111,known,4screws,0.0496,0.0,0,5,manual
4,1695,4screws,0.566,known,4screws,0.0456,0.0,0,5,manual
4,1696,4screws,0.6998,known,4screws,0.042,0.0,0,5,manual
4,1697,4screws,0.8432,known,4screws,0.0386,0.0,0,5,manual
4,1698,4screws,0.6773,known,4screws,0.0355,0.0,0,5,manual
4,1699,4screws,0.5882,known,4screws,0.0327,0.0,0,5,manual
4,1700,4screws,1.012,unknown,,0.1101,0.01,0,5,manual
4,1701,4screws,0.7504,known,4screws,0.1013,0.0,0,5,manual
4,1702,4screws,0.963,known,4screws,0.0932,0.0,0,5,manual
4,1703,4screws,0.6477,known,4screws,0.0857,0.0,0,5,manual
4,1704,4screws,0.7039,known,4screws,0.0789,0.0,0,5,manual
4,1705,4screws,0.74,known,4screws,0.0725,0.0,0,5,manual
4,1706,4screws,0.925,known,4screws,0.0667,0.0,0,5,manual
4,1707,4screws,0.6561,known,4screws,0.0614,0.0,0,5,manual
4,1708,4screws,0.6727,known,4screws,0.0565,0.0,0,5,manual
4,1709,4screws,0.957,known,4screws,0.052,0.0,0,5,manual
4,1710,4screws,0.7495,known,4screws,0.0478,0.0,0,5,manual
4,1711,4screws,0.7503,known,4screws,0.044,0.0,0,5,manual
4,1712,4screws,0.8148,known,4screws,0.0405,0.0,0,5,manual
4,1713,4screws,1.0013,unknown,,0.1172,0.0,0,5,manual
4,1714,4screws,0.7239,known,4screws,0.1079,0.0,0,5,manual
4,1715,4screws,0.9151,known,4screws,0.0992,0.0,0,5,manual
4,1716,4screws,0.7779,known,4screws,0.0913,0.0,0,5,manual
4,1717,4screws,0.8706,known,4screws,0.084,0.0,0,5,manual
4,1718,4screws,0.7778,known,4screws,0.0773,0.0,0,5,manual
4,1719,4screws,0.8109,known,4screws,0.0711,0.0,0,5,manual
4,1720,4screws,0.867,known,4screws,0.0654,0.0,0,5,manual
4,1721,4screws,0.8071,known,4screws,0.0602,0.0,0,5,manual
4,1722,4screws,0.8558,known,4screws,0.0554,0.0,0,5,manual
4,1723,4screws,0.9,known,4screws,0.0509,0.0,0,5,manual
4,1724,4screws,0.8438,known,4screws,0.0469,0.0,0,5,manual
4,1725,4screws,0.8556,known,4screws,0.0431,0.0,0,5,manual
4,1726,4screws,0.7388,known,4screws,0.0397,0.0,0,5,manual
4,1727,4screws,0.8127,known,4screws,0.0365,0.0,0,5,manual
4,1728,4screws,0.7065,known,4screws,0.0336,0.0,0,5,manual
4,1729,4screws,0.7025,known,4screws,0.0309,0.0,0,5,manual
4,1730,4screws,0.6959,known,4screws,0.0284,0.0,0,5,manual
4,1731,4screws,0.9962,known,4screws,0.0261,0.0,0,5,manual
4,1732,4screws,0.7807,known,4screws,0.024,0.0,0,5,manual
4,1733,4screws,0.9187,known,4screws,0.0221,0.0,0,5,manual
4,1734,4screws,0.8298,known,4screws,0.0204,0.0,0,5,manual
4,1735,4screws,0.8084,known,4screws,0.0187,0.0,0,5,manual
4,1736,4screws,0.7499,known,4screws,0.0172,0.0,0,5,manual
4,1737,4screws,0.818,known,4screws,0.0158,0.0,0,5,manual
4,1738,4screws,0.6619,known,4screws,0.0146,0.0,0,5,manual
4,1739,4screws,0.9825,known,4screws,0.0134,0.0,0,5,manual
4,1740,4screws,0.8553,known,4screws,0.0123,0.0,0,5,manual
4,1741,4screws,0.8525,known,4screws,0.0114,0.0,0,5,manual
4,1742,4screws,0.9276,known,4screws,0.0104,0.0,0,5,manual
4,1743,4screws,0.8158,known,4screws,0.0096,0.0,0,5,manual
4,1744,4screws,0.7376,known,4screws,0.0088,0.0,0,5,manual
4,1745,4screws,0.8472,known,4screws,0.0081,0.0,0,5,manual
4,1746,4screws,0.8978,known,4screws,0.0075,0.0,0,5,manual
4,1747,4screws,0.7633,known,4screws,0.0069,0.0,0,5,manual
4,1748,4screws,0.7623,known,4screws,0.0063,0.0,0,5,manual
4,1749,4screws,0.9497,known,4screws,0.0058,0.0,0,5,manual
4,1750,4screws,0.9425,known,4screws,0.0054,0.0,0,5,manual
4,1751,4screws,0.9187,known,4screws,0.0049,0.0,0,5,manual
4,1752,4screws,1.012,unknown,,0.0845,0.01,0,5,manual
4,1753,4screws,0.6477,known,4screws,0.0778,0.0,0,5,manual
4,1754,4screws,0.6959,known,4screws,0.0716,0.0,0,5,manual
4,1755,4screws,0.5882,known,4screws,0.0658,0.0,0,5,manual
4,1756,4screws,0.8536,known,4screws,0.0606,0.0,0,5,manual
4,1757,4screws,0.6773,known,4screws,0.0557,0.0,0,5,manual
4,1758,4screws,0.6561,known,4screws,0.0513,0.0,0,5,manual
4,1759,4screws,0.8084,known,4screws,0.0472,0.0,0,5,manual
4,1760,4screws,0.9825,known,4screws,0.0434,0.0,0,5,manual
4,1761,4screws,0.8558,known,4screws,0.0399,0.0,0,5,manual
4,1762,4screws,1.0013,unknown,,0.1167,0.0,0,5,manual
4,1763,4screws,0.8127,known,4screws,0.1074,0.0,0,5,manual
4,1764,4screws,0.8978,known,4screws,0.0988,0.0,0,5,manual
4,1765,4screws,0.8472,known,4screws,0.0909,0.0,0,5,manual
4,1766,4screws,0.6619,known,4screws,0.0836,0.0,0,5,manual
4,1767,4screws,0.8706,known,4screws,0.0769,0.0,0,5,manual
4,1768,4screws,0.7778,known,4screws,0.0708,0.0,0,5,manual
4,1769,4screws,0.7239,known,4screws,0.0651,0.0,0,5,manual
4,1770,4screws,0.8298,known,4screws,0.0599,0.0,0,5,manual
4,1771,4screws,0.7495,known,4screws,0.0551,0.0,0,5,manual
4,1772,4screws,0.8553,known,4screws,0.0507,0.0,0,5,manual
4,1773,4screws,0.8525,known,4screws,0.0466,0.0,0,5,manual
4,1774,4screws,0.9962,known,4screws,0.0429,0.0,0,5,manual
4,1775,4screws,0.7623,known,4screws,0.0395,0.0,0,5,manual
4,1776,4screws,0.7065,known,4screws,0.0363,0.0,0,5,manual
4,1777,4screws,0.7111,known,4screws,0.0334,0.0,0,5,manual
4,1778,4screws,0.925,known,4screws,0.0307,0.0,0,5,manual
4,1779,4screws,0.7388,known,4screws,0.0283,0.0,0,5,manual
4,1780,4screws,0.7504,known,4screws,0.026,0.0,0,5,manual
4,1781,4screws,0.963,known,4screws,0.0239,0.0,0,5,manual
4,1782,4screws,0.7499,known,4screws,0.022,0.0,0,5,manual
4,1783,4screws,0.7807,known,4screws,0.0203,0.0,0,5,manual
4,1784,4screws,0.7633,known,4screws,0.0186,0.0,0,5,manual
4,1785,4screws,0.6727,known,4screws,0.0172,0.0,0,5,manual
4,1786,4screws,0.74,known,4screws,0.0158,0.0,0,5,manual
4,1787,4screws,0.8158,known,4screws,0.0145,0.0,0,5,manual
4,1788,4screws,0.7039,known,4screws,0.0134,0.0,0,5,manual
4,1789,4screws,0.7779,known,4screws,0.0123,0.0,0,5,manual
4,1790,4screws,0.7503,known,4screws,0.0113,0.0,0,5,manual
4,1791,4screws,0.8556,known,4screws,0.0104,0.0,0,5,manual
4,1792,4screws,0.9425,known,4screws,0.0096,0.0,0,5,manual
4,1793,4screws,0.9,known,4screws,0.0088,0.0,0,5,manual
4,1794,4screws,0.8109,known,4screws,0.0081,0.0,0,5,manual
4,1795,4screws,0.867,known,4screws,0.0074,0.0,0,5,manual
4,1796,4screws,0.8438,known,4screws,0.0069,0.0,0,5,manual
4,1797,4screws,0.9276,known,4screws,0.0063,0.0,0,5,manual
4,1798,4screws,0.818,known,4screws,0.0058,0.0,0,5,manual
4,1799,4screws,0.7376,known,4screws,0.0053,0.0,0,5,manual
4,1800,4screws,0.957,known,4screws,0.0049,0.0,0,5,manual
4,1801,4screws,0.8071,known,4screws,0.0045,0.0,0,5,manual
4,1802,4screws,0.7025,known,4screws,0.0042,0.0,0,5,manual
4,1803,4screws,0.8432,known,4screws,0.0038,0.0,0,5,manual
4,1804,4screws,0.9497,known,4screws,0.0035,0.0,0,5,manual
4,1805,4screws,0.566,known,4screws,0.0032,0.0,0,5,manual
4,1806,4screws,0.9151,known,4screws,0.003,0.0,0,5,manual
4,1807,4screws,0.8148,known,4screws,0.0027,0.0,0,5,manual
4,1808,4screws,0.6998,known,4screws,0.0025,0.0,0,5,manual
4,1809,4screws,0.8127,known,4screws,0.0023,0.0,0,5,manual
4,1810,4screws,0.867,known,4screws,0.0021,0.0,0,5,manual
4,1811,4screws,0.8298,known,4screws,0.002,0.0,0,5,manual
4,1812,4screws,0.7807,known,4screws,0.0018,0.0,0,5,manual
4,1813,4screws,0.566,known,4screws,0.0017,0.0,0,5,manual
4,1814,4screws,0.8525,known,4screws,0.0015,0.0,0,5,manual
4,1815,4screws,0.957,known,4screws,0.0014,0.0,0,5,manual
4,1816,4screws,0.8432,known,4screws,0.0013,0.0,0,5,manual
4,1817,4screws,0.9425,known,4screws,0.0012,0.0,0,5,manual
4,1818,4screws,0.7779,known,4screws,0.0011,0.0,0,5,manual
4,1819,4screws,0.9825,known,4screws,0.001,0.0,0,5,manual
4,1820,4screws,0.5882,known,4screws,0.0009,0.0,0,5,manual
4,1821,4screws,0.7111,known,4screws,0.0009,0.0,0,5,manual
4,1822,4screws,0.8472,known,4screws,0.0008,0.0,0,5,manual
4,1823,4screws,0.7778,known,4screws,0.0007,0.0,0,5,manual
4,1824,4screws,0.7065,known,4screws,0.0007,0.0,0,5,manual
4,1825,4screws,0.9187,known,4screws,0.0006,0.0,0,5,manual
4,1826,4screws,0.7239,known,4screws,0.0006,0.0,0,5,manual
4,1827,4screws,0.9962,known,4screws,0.0005,0.0,0,5,manual
4,1828,4screws,0.8536,known,4screws,0.0005,0.0,0,5,manual
4,1829,4screws,0.8438,known,4screws,0.0004,0.0,0,5,manual
4,1830,4screws,0.8556,known,4screws,0.0004,0.0,0,5,manual
4,1831,4screws,0.925,known,4screws,0.0004,0.0,0,5,manual
4,1832,4screws,0.6561,known,4screws,0.0003,0.0,0,5,manual
4,1833,4screws,0.8071,known,4screws,0.0003,0.0,0,5,manual
4,1834,4screws,0.9,known,4screws,0.0003,0.0,0,5,manual
4,1835,4screws,0.74,known,4screws,0.0003,0.0,0,5,manual
4,1836,4screws,0.7388,known,4screws,0.0002,0.0,0,5,manual
4,1837,4screws,0.9276,known,4screws,0.0002,0.0,0,5,manual
4,1838,4screws,0.6773,known,4screws,0.0002,0.0,0,5,manual
4,1839,4screws,0.6619,known,4screws,0.0002,0.0,0,5,manual
4,1840,4screws,0.7623,known,4screws,0.0002,0.0,0,5,manual
4,1841,4screws,0.7376,known,4screws,0.0002,0.0,0,5,manual
4,1842,4screws,0.7039,known,4screws,0.0001,0.0,0,5,manual
4,1843,4screws,0.6727,known,4screws,0.0001,0.0,0,5,manual
4,1844,4screws,0.818,known,4screws,0.0001,0.0,0,5,manual
4,1845,4screws,0.8706,known,4screws,0.0001,0.0,0,5,manual
4,1846,4screws,0.7503,known,4screws,0.0001,0.0,0,5,manual
4,1847,4screws,0.9151,known,4screws,0.0001,0.0,0,5,manual
4,1848,4screws,0.8553,known,4screws,0.0001,0.0,0,5,manual
4,1849,4screws,0.8109,known,4screws,0.0001,0.0,0,5,manual
4,1850,4screws,1.0013,unknown,,0.0801,0.0,0,5,manual
4,1851,4screws,1.012,unknown,,0.1537,0.01,0,5,manual
4,1852,4screws,0.9497,known,4screws,0.1414,0.0,0,5,manual
4,1853,4screws,0.7499,known,4screws,0.1301,0.0,0,5,manual
4,1854,4screws,0.7633,known,4screws,0.1197,0.0,0,5,manual
4,1855,4screws,0.8558,known,4screws,0.1101,0.0,0,5,manual
4,1856,4screws,0.8084,known,4screws,0.1013,0.0,0,5,manual
4,1857,4screws,0.7025,known,4screws,0.0932,0.0,0,5,manual
4,1858,4screws,0.6998,known,4screws,0.0857,0.0,0,5,manual
4,1859,4screws,0.7495,known,4screws,0.0789,0.0,0,5,manual
4,1860,4screws,0.6477,known,4screws,0.0726,0.0,0,5,manual
4,1861,4screws,0.6959,known,4screws,0.0668,0.0,0,5,manual
4,1862,4screws,0.8158,known,4screws,0.0614,0.0,0,5,manual
4,1863,4screws,0.7504,known,4screws,0.0565,0.0,0,5,manual
4,1864,4screws,0.963,known,4screws,0.052,0.0,0,5,manual
4,1865,4screws,0.8148,known,4screws,0.0478,0.0,0,5,manual
4,1866,4screws,0.8978,known,4screws,0.044,0.0,0,5,manual
4,1867,4screws,0.8158,known,4screws,0.0405,0.0,0,5,manual
4,1868,4screws,0.7388,known,4screws,0.0372,0.0,0,5,manual
4,1869,4screws,0.7623,known,4screws,0.0343,0.0,0,5,manual
4,1870,4screws,0.925,known,4screws,0.0315,0.0,0,5,manual
4,1871,4screws,0.8298,known,4screws,0.029,0.0,0,5,manual
4,1872,4screws,0.963,known,4screws,0.0267,0.0,0,5,manual
4,1873,4screws,0.9276,known,4screws,0.0245,0.0,0,5,manual
4,1874,4screws,0.9497,known,4screws,0.0226,0.0,0,5,manual
4,1875,4screws,0.8438,known,4screws,0.0208,0.0,0,5,manual
4,1876,4screws,0.566,known,4screws,0.0191,0.0,0,5,manual
4,1877,4screws,0.8109,known,4screws,0.0176,0.0,0,5,manual
4,1878,4screws,0.6959,known,4screws,0.0162,0.0,0,5,manual
4,1879,4screws,0.8706,known,4screws,0.0149,0.0,0,5,manual
4,1880,4screws,0.7065,known,4screws,0.0137,0.0,0,5,manual
4,1881,4screws,0.7504,known,4screws,0.0126,0.0,0,5,manual
4,1882,4screws,0.7239,known,4screws,0.0116,0.0,0,5,manual
4,1883,4screws,0.7025,known,4screws,0.0107,0.0,0,5,manual
4,1884,4screws,0.9151,known,4screws,0.0098,0.0,0,5,manual
4,1885,4screws,0.6619,known,4screws,0.009,0.0,0,5,manual
4,1886,4screws,0.6727,known,4screws,0.0083,0.0,0,5,manual
4,1887,4screws,0.9425,known,4screws,0.0076,0.0,0,5,manual
4,1888,4screws,0.7807,known,4screws,0.007,0.0,0,5,manual
4,1889,4screws,0.8084,known,4screws,0.0065,0.0,0,5,manual
4,1890,4screws,1.0013,unknown,,0.0859,0.0,0,5,manual
4,1891,4screws,0.5882,known,4screws,0.0791,0.0,0,5,manual
4,1892,4screws,0.8536,known,4screws,0.0727,0.0,0,5,manual
4,1893,4screws,0.818,known,4screws,0.0669,0.0,0,5,manual
4,1894,4screws,0.9825,known,4screws,0.0616,0.0,0,5,manual
4,1895,4screws,0.7633,known,4screws,0.0566,0.0,0,5,manual
4,1896,4screws,0.9,known,4screws,0.0521,0.0,0,5,manual
4,1897,4screws,0.7039,known,4screws,0.0479,0.0,0,5,manual
4,1898,4screws,0.74,known,4screws,0.0441,0.0,0,5,manual
4,1899,4screws,0.8432,known,4screws,0.0406,0.0,0,5,manual
4,1900,4screws,0.6561,known,4screws,0.0373,0.0,0,5,manual
4,1901,4screws,0.8558,known,4screws,0.0343,0.0,0,5,manual
4,1902,4screws,0.8127,known,4screws,0.0316,0.0,0,5,manual
4,1903,4screws,0.867,known,4screws,0.0291,0.0,0,5,manual
4,1904,4screws,0.7779,known,4screws,0.0267,0.0,0,5,manual
4,1905,4screws,0.9187,known,4screws,0.0246,0.0,0,5,manual
4,1906,4screws,0.8148,known,4screws,0.0226,0.0,0,5,manual
4,1907,4screws,0.7495,known,4screws,0.0208,0.0,0,5,manual
4,1908,4screws,0.8556,known,4screws,0.0192,0.0,0,5,manual
4,1909,4screws,1.012,unknown,,0.0976,0.01,0,5,manual
4,1910,4screws,0.8071,known,4screws,0.0898,0.0,0,5,manual
4,1911,4screws,0.8525,known,4screws,0.0826,0.0,0,5,manual
4,1912,4screws,0.8978,known,4screws,0.076,0.0,0,5,manual
4,1913,4screws,0.8553,known,4screws,0.0699,0.0,0,5,manual
4,1914,4screws,0.7376,known,4screws,0.0643,0.0,0,5,manual
4,1915,4screws,0.6477,known,4screws,0.0592,0.0,0,5,manual
4,1916,4screws,0.6998,known,4screws,0.0545,0.0,0,5,manual
4,1917,4screws,0.8472,known,4screws,0.0501,0.0,0,5,manual
4,1918,4screws,0.9962,known,4screws,0.0461,0.0,0,5,manual
4,1919,4screws,0.7503,known,4screws,0.0424,0.0,0,5,manual
4,1920,4screws,0.7499,known,4screws,0.039,0.0,0,5,manual
4,1921,4screws,0.957,known,4screws,0.0359,0.0,0,5,manual
4,1922,4screws,0.7111,known,4screws,0.033,0.0,0,5,manual
4,1923,4screws,0.6773,known,4screws,0.0304,0.0,0,5,manual
4,1924,4screws,0.7778,known,4screws,0.028,0.0,0,5,manual
4,1925,4screws,0.9151,known,4screws,0.0257,0.0,0,5,manual
4,1926,4screws,0.7376,known,4screws,0.0237,0.0,0,5,manual
4,1927,4screws,0.7495,known,4screws,0.0218,0.0,0,5,manual
4,1928,4screws,0.8536,known,4screws,0.02,0.0,0,5,manual
4,1929,4screws,0.963,known,4screws,0.0184,0.0,0,5,manual
4,1930,4screws,0.8558,known,4screws,0.0169,0.0,0,5,manual
4,1931,4screws,0.7111,known,4screws,0.0156,0.0,0,5,manual
4,1932,4screws,0.566,known,4screws,0.0143,0.0,0,5,manual
4,1933,4screws,0.8432,known,4screws,0.0132,0.0,0,5,manual
4,1934,4screws,0.8556,known,4screws,0.0121,0.0,0,5,manual
4,1935,4screws,0.8438,known,4screws,0.0112,0.0,0,5,manual
4,1936,4screws,0.7499,known,4screws,0.0103,0.0,0,5,manual
4,1937,4screws,0.9425,known,4screws,0.0095,0.0,0,5,manual
4,1938,4screws,0.5882,known,4screws,0.0087,0.0,0,5,manual
4,1939,4screws,0.8298,known,4screws,0.008,0.0,0,5,manual
4,1940,4screws,0.74,known,4screws,0.0074,0.0,0,5,manual
4,1941,4screws,0.8553,known,4screws,0.0068,0.0,0,5,manual
4,1942,4screws,0.9962,known,4screws,0.0062,0.0,0,5,manual
4,1943,4screws,0.8472,known,4screws,0.0057,0.0,0,5,manual
4,1944,4screws,0.6773,known,4screws,0.0053,0.0,0,5,manual
4,1945,4screws,1.012,unknown,,0.0849,0.01,0,5,manual
4,1946,4screws,0.7807,known,4screws,0.0781,0.0,0,5,manual
4,1947,4screws,0.7633,known,4screws,0.0718,0.0,0,5,manual
4,1948,4screws,0.9,known,4screws,0.0661,0.0,0,5,manual
4,1949,4screws,0.8158,known,4screws,0.0608,0.0,0,5,manual
4,1950,4screws,0.9825,known,4screws,0.0559,0.0,0,5,manual
4,1951,4screws,0.7388,known,4screws,0.0515,0.0,0,5,manual
4,1952,4screws,0.8525,known,4screws,0.0473,0.0,0,5,manual
4,1953,4screws,0.7779,known,4screws,0.0435,0.0,0,5,manual
4,1954,4screws,0.6727,known,4screws,0.0401,0.0,0,5,manual
4,1955,4screws,0.9497,known,4screws,0.0369,0.0,0,5,manual
4,1956,4screws,0.8127,known,4screws,0.0339,0.0,0,5,manual
4,1957,4screws,0.8071,known,4screws,0.0312,0.0,0,5,manual
4,1958,4screws,0.818,known,4screws,0.0287,0.0,0,5,manual
4,1959,4screws,0.7239,known,4screws,0.0264,0.0,0,5,manual
4,1960,4screws,0.7623,known,4screws,0.0243,0.0,0,5,manual
4,1961,4screws,0.8084,known,4screws,0.0223,0.0,0,5,manual
4,1962,4screws,0.6477,known,4screws,0.0206,0.0,0,5,manual
4,1963,4screws,0.957,known,4screws,0.0189,0.0,0,5,manual
4,1964,4screws,0.7025,known,4screws,0.0174,0.0,0,5,manual
4,1965,4screws,0.925,known,4screws,0.016,0.0,0,5,manual
4,1966,4screws,0.7065,known,4screws,0.0147,0.0,0,5,manual
4,1967,4screws,0.7504,known,4screws,0.0136,0.0,0,5,manual
4,1968,4screws,0.6619,known,4screws,0.0125,0.0,0,5,manual
4,1969,4screws,0.7778,known,4screws,0.0115,0.0,0,5,manual
4,1970,4screws,0.867,known,4screws,0.0106,0.0,0,5,manual
4,1971,4screws,0.7503,known,4screws,0.0097,0.0,0,5,manual
4,1972,4screws,0.9276,known,4screws,0.0089,0.0,0,5,manual
4,1973,4screws,0.6998,known,4screws,0.0082,0.0,0,5,manual
4,1974,4screws,0.9187,known,4screws,0.0076,0.0,0,5,manual
4,1975,4screws,0.8978,known,4screws,0.007,0.0,0,5,manual
4,1976,4screws,0.7039,known,4screws,0.0064,0.0,0,5,manual
4,1977,4screws,1.0013,unknown,,0.0859,0.0,0,5,manual
4,1978,4screws,0.6561,known,4screws,0.079,0.0,0,5,manual
4,1979,4screws,0.8109,known,4screws,0.0727,0.0,0,5,manual
4,1980,4screws,0.8706,known,4screws,0.0669,0.0,0,5,manual
4,1981,4screws,0.6959,known,4screws,0.0615,0.0,0,5,manual
4,1982,4screws,0.8148,known,4screws,0.0566,0.0,0,5,manual
4,1983,4screws,0.7807,known,4screws,0.0521,0.0,0,5,manual
4,1984,4screws,0.8525,known,4screws,0.0479,0.0,0,5,manual
4,1985,4screws,0.8536,known,4screws,0.0441,0.0,0,5,manual
4,1986,4screws,0.963,known,4screws,0.0406,0.0,0,5,manual
4,1987,4screws,0.7388,known,4screws,0.0373,0.0,0,5,manual
4,1988,4screws,0.7504,known,4screws,0.0343,0.0,0,5,manual
4,1989,4screws,0.8558,known,4screws,0.0316,0.0,0,5,manual
4,1990,4screws,0.8071,known,4screws,0.0291,0.0,0,5,manual
4,1991,4screws,0.8084,known,4screws,0.0267,0.0,0,5,manual
4,1992,4screws,0.7503,known,4screws,0.0246,0.0,0,5,manual
4,1993,4screws,0.74,known,4screws,0.0226,0.0,0,5,manual
4,1994,4screws,0.7499,known,4screws,0.0208,0.0,0,5,manual
4,1995,4screws,0.818,known,4screws,0.0191,0.0,0,5,manual
4,1996,4screws,0.7039,known,4screws,0.0176,0.0,0,5,manual
4,1997,4screws,0.8556,known,4screws,0.0162,0.0,0,5,manual
4,1998,4screws,0.8432,known,4screws,0.0149,0.0,0,5,manual
4,1999,4screws,0.867,known,4screws,0.0137,0.0,0,5,manual
4,2000,4screws,0.7495,known,4screws,0.0126,0.0,0,5,manual
4,2001,4screws,0.8298,known,4screws,0.0116,0.0,0,5,manual
4,2002,4screws,0.566,known,4screws,0.0107,0.0,0,5,manual
4,2003,4screws,0.8553,known,4screws,0.0098,0.0,0,5,manual
4,2004,4screws,0.8148,known,4screws,0.009,0.0,0,5,manual
4,2005,4screws,0.5882,known,4screws,0.0083,0.0,0,5,manual
4,2006,4screws,0.6477,known,4screws,0.0077,0.0,0,5,manual
4,2007,4screws,0.925,known,4screws,0.007,0.0,0,5,manual
4,2008,4screws,0.7633,known,4screws,0.0065,0.0,0,5,manual
4,2009,4screws,0.9187,known,4screws,0.006,0.0,0,5,manual
4,2010,4screws,0.6619,known,4screws,0.0055,0.0,0,5,manual
4,2011,4screws,0.9,known,4screws,0.005,0.0,0,5,manual
4,2012,4screws,0.7623,known,4screws,0.0046,0.0,0,5,manual
4,2013,4screws,0.9962,known,4screws,0.0043,0.0,0,5,manual
4,2014,4screws,0.8127,known,4screws,0.0039,0.0,0,5,manual
4,2015,4screws,0.6959,known,4screws,0.0036,0.0,0,5,manual
4,2016,4screws,0.7025,known,4screws,0.0033,0.0,0,5,manual
4,2017,4screws,0.9151,known,4screws,0.0031,0.0,0,5,manual
4,2018,4screws,0.7376,known,4screws,0.0028,0.0,0,5,manual
4,2019,4screws,0.6998,known,4screws,0.0026,0.0,0,5,manual
4,2020,4screws,1.0013,unknown,,0.0824,0.0,0,5,manual
4,2021,4screws,0.7065,known,4screws,0.0758,0.0,0,5,manual
4,2022,4screws,0.7111,known,4screws,0.0697,0.0,0,5,manual
4,2023,4screws,0.6561,known,4screws,0.0641,0.0,0,5,manual
4,2024,4screws,0.8158,known,4screws,0.059,0.0,0,5,manual
4,2025,4screws,0.7239,known,4screws,0.0543,0.0,0,5,manual
4,2026,4screws,0.9425,known,4screws,0.05,0.0,0,5,manual
4,2027,4screws,0.8706,known,4screws,0.046,0.0,0,5,manual
4,2028,4screws,0.7779,known,4screws,0.0423,0.0,0,5,manual
4,2029,4screws,0.957,known,4screws,0.0389,0.0,0,5,manual
4,2030,4screws,0.7778,known,4screws,0.0358,0.0,0,5,manual
4,2031,4screws,0.8472,known,4screws,0.0329,0.0,0,5,manual
4,2032,4screws,0.8438,known,4screws,0.0303,0.0,0,5,manual
4,2033,4screws,1.012,unknown,,0.1079,0.01,0,5,manual
4,2034,4screws,0.9276,known,4screws,0.0992,0.0,0,5,manual
4,2035,4screws,0.9497,known,4screws,0.0913,0.0,0,5,manual
4,2036,4screws,0.6773,known,4screws,0.084,0.0,0,5,manual
4,2037,4screws,0.8978,known,4screws,0.0773,0.0,0,5,manual
4,2038,4screws,0.9825,known,4screws,0.0711,0.0,0,5,manual
4,2039,4screws,0.8109,known,4screws,0.0654,0.0,0,5,manual
4,2040,4screws,0.6727,known,4screws,0.0602,0.0,0,5,manual
4,2041,4screws,0.9276,known,4screws,0.0554,0.0,0,5,manual
4,2042,4screws,0.9151,known,4screws,0.0509,0.0,0,5,manual
4,2043,4screws,0.74,known,4screws,0.0469,0.0,0,5,manual
4,2044,4screws,0.7065,known,4screws,0.0431,0.0,0,5,manual
4,2045,4screws,0.6619,known,4screws,0.0397,0.0,0,5,manual
4,2046,4screws,0.7025,known,4screws,0.0365,0.0,0,5,manual
4,2047,4screws,0.7495,known,4screws,0.0336,0.0,0,5,manual
4,2048,4screws,0.8127,known,4screws,0.0309,0.0,0,5,manual
4,2049,4screws,0.7504,known,4screws,0.0284,0.0,0,5,manual
4,2050,4screws,0.7388,known,4screws,0.0261,0.0,0,5,manual
4,2051,4screws,0.6477,known,4screws,0.024,0.0,0,5,manual
4,2052,4screws,0.8706,known,4screws,0.0221,0.0,0,5,manual
4,2053,4screws,0.7039,known,4screws,0.0204,0.0,0,5,manual
4,2054,4screws,0.9962,known,4screws,0.0187,0.0,0,5,manual
4,2055,4screws,0.566,known,4screws,0.0172,0.0,0,5,manual
4,2056,4screws,0.7807,known,4screws,0.0158,0.0,0,5,manual
4,2057,4screws,0.7376,known,4screws,0.0146,0.0,0,5,manual
4,2058,4screws,0.7623,known,4screws,0.0134,0.0,0,5,manual
4,2059,4screws,0.7633,known,4screws,0.0123,0.0,0,5,manual
4,2060,4screws,0.8084,known,4screws,0.0114,0.0,0,5,manual
4,2061,4screws,0.8525,known,4screws,0.0104,0.0,0,5,manual
4,2062,4screws,0.867,known,4screws,0.0096,0.0,0,5,manual
4,2063,4screws,0.8556,known,4screws,0.0088,0.0,0,5,manual
4,2064,4screws,0.7778,known,4screws,0.0081,0.0,0,5,manual
4,2065,4screws,0.6998,known,4screws,0.0075,0.0,0,5,manual
4,2066,4screws,0.8148,known,4screws,0.0069,0.0,0,5,manual
4,2067,4screws,0.8109,known,4screws,0.0063,0.0,0,5,manual
4,2068,4screws,0.6773,known,4screws,0.0058,0.0,0,5,manual
4,2069,4screws,0.9425,known,4screws,0.0054,0.0,0,5,manual
4,2070,4screws,0.8298,known,4screws,0.0049,0.0,0,5,manual
4,2071,4screws,0.9497,known,4screws,0.0045,0.0,0,5,manual
4,2072,4screws,0.8472,known,4screws,0.0042,0.0,0,5,manual
4,2073,4screws,0.963,known,4screws,0.0038,0.0,0,5,manual
4,2074,4screws,0.8553,known,4screws,0.0035,0.0,0,5,manual
4,2075,4screws,0.7499,known,4screws,0.0033,0.0,0,5,manual
4,2076,4screws,0.7503,known,4screws,0.003,0.0,0,5,manual
4,2077,4screws,0.8558,known,4screws,0.0028,0.0,0,5,manual
4,2078,4screws,0.8978,known,4screws,0.0025,0.0,0,5,manual
4,2079,4screws,0.7239,known,4screws,0.0023,0.0,0,5,manual
4,2080,4screws,0.5882,known,4screws,0.0021,0.0,0,5,manual
4,2081,4screws,0.8438,known,4screws,0.002,0.0,0,5,manual
4,2082,4screws,0.6561,known,4screws,0.0018,0.0,0,5,manual
4,2083,4screws,0.8432,known,4screws,0.0017,0.0,0,5,manual
4,2084,4screws,1.012,unknown,,0.0815,0.01,0,5,manual
4,2085,4screws,0.7111,known,4screws,0.075,0.0,0,5,manual
4,2086,4screws,0.9187,known,4screws,0.069,0.0,0,5,manual
4,2087,4screws,0.7779,known,4screws,0.0635,0.0,0,5,manual
4,2088,4screws,0.9825,known,4screws,0.0584,0.0,0,5,manual
4,2089,4screws,0.6727,known,4screws,0.0537,0.0,0,5,manual
4,2090,4screws,0.818,known,4screws,0.0494,0.0,0,5,manual
4,2091,4screws,0.8071,known,4screws,0.0455,0.0,0,5,manual
4,2092,4screws,0.9,known,4screws,0.0418,0.0,0,5,manual
4,2093,4screws,0.957,known,4screws,0.0385,0.0,0,5,manual
4,2094,4screws,0.6959,known,4screws,0.0354,0.0,0,5,manual
4,2095,4screws,1.0013,unknown,,0.1126,0.0,0,5,manual
4,2096,4screws,0.925,known,4screws,0.1036,0.0,0,5,manual
4,2097,4screws,0.8158,known,4screws,0.0953,0.0,0,5,manual
4,2098,4screws,0.8536,known,4screws,0.0877,0.0,0,5,manual
4,2099,4screws,0.957,known,4screws,0.0807,0.0,0,5,manual
4,2100,4screws,0.8158,known,4screws,0.0742,0.0,0,5,manual
4,2101,4screws,0.9187,known,4screws,0.0683,0.0,0,5,manual
4,2102,4screws,0.6773,known,4screws,0.0628,0.0,0,5,manual
4,2103,4screws,0.8071,known,4screws,0.0578,0.0,0,5,manual
4,2104,4screws,0.8706,known,4screws,0.0532,0.0,0,5,manual
4,2105,4screws,0.6561,known,4screws,0.0489,0.0,0,5,manual
4,2106,4screws,0.7065,known,4screws,0.045,0.0,0,5,manual
4,2107,4screws,0.566,known,4screws,0.0414,0.0,0,5,manual
4,2108,4screws,0.7239,known,4screws,0.0381,0.0,0,5,manual
4,2109,4screws,0.8525,known,4screws,0.035,0.0,0,5,manual
4,2110,4screws,0.7025,known,4screws,0.0322,0.0,0,5,manual
4,2111,4screws,0.8978,known,4screws,0.0297,0.0,0,5,manual
4,2112,4screws,0.6477,known,4screws,0.0273,0.0,0,5,manual
4,2113,4screws,0.8432,known,4screws,0.0251,0.0,0,5,manual
4,2114,4screws,0.9425,known,4screws,0.0231,0.0,0,5,manual
4,2115,4screws,0.9497,known,4screws,0.0212,0.0,0,5,manual
4,2116,4screws,0.7633,known,4screws,0.0195,0.0,0,5,manual
4,2117,4screws,0.7111,known,4screws,0.018,0.0,0,5,manual
4,2118,4screws,0.8109,known,4screws,0.0165,0.0,0,5,manual
4,2119,4screws,0.8472,known,4screws,0.0152,0.0,0,5,manual
4,2120,4screws,0.7499,known,4screws,0.014,0.0,0,5,manual
4,2121,4screws,0.818,known,4screws,0.0129,0.0,0,5,manual
4,2122,4screws,0.7779,known,4screws,0.0119,0.0,0,5,manual
4,2123,4screws,0.7807,known,4screws,0.0109,0.0,0,5,manual
4,2124,4screws,0.9151,known,4screws,0.01,0.0,0,5,manual
4,2125,4screws,0.6727,known,4screws,0.0092,0.0,0,5,manual
4,2126,4screws,0.7388,known,4screws,0.0085,0.0,0,5,manual
4,2127,4screws,0.6959,known,4screws,0.0078,0.0,0,5,manual
4,2128,4screws,0.7503,known,4screws,0.0072,0.0,0,5,manual
4,2129,4screws,0.8438,known,4screws,0.0066,0.0,0,5,manual
4,2130,4screws,0.7495,known,4screws,0.0061,0.0,0,5,manual
4,2131,4screws,0.7623,known,4screws,0.0056,0.0,0,5,manual
4,2132,4screws,0.8536,known,4screws,0.0051,0.0,0,5,manual
4,2133,4screws,0.963,known,4screws,0.0047,0.0,0,5,manual
4,2134,4screws,0.8558,known,4screws,0.0044,0.0,0,5,manual
4,2135,4screws,0.74,known,4screws,0.004,0.0,0,5,manual
4,2136,4screws,0.8148,known,4screws,0.0037,0.0,0,5,manual
4,2137,4screws,0.6619,known,4screws,0.0034,0.0,0,5,manual
4,2138,4screws,0.7778,known,4screws,0.0031,0.0,0,5,manual
4,2139,4screws,1.0013,unknown,,0.0829,0.0,0,5,manual
4,2140,4screws,0.5882,known,4screws,0.0762,0.0,0,5,manual
4,2141,4screws,0.8556,known,4screws,0.0701,0.0,0,5,manual
4,2142,4screws,0.9962,known,4screws,0.0645,0.0,0,5,manual
4,2143,4screws,0.7039,known,4screws,0.0594,0.0,0,5,manual
4,2144,4screws,0.8298,known,4screws,0.0546,0.0,0,5,manual
4,2145,4screws,0.8553,known,4screws,0.0502,0.0,0,5,manual
4,2146,4screws,0.9825,known,4screws,0.0462,0.0,0,5,manual
4,2147,4screws,0.9276,known,4screws,0.0425,0.0,0,5,manual
4,2148,4screws,0.867,known,4screws,0.0391,0.0,0,5,manual
4,2149,4screws,0.9,known,4screws,0.036,0.0,0,5,manual
4,2150,4screws,1.012,unknown,,0.1131,0.01,0,5,manual
4,2151,4screws,0.8127,known,4screws,0.1041,0.0,0,5,manual
4,2152,4screws,0.7376,known,4screws,0.0957,0.0,0,5,manual
4,2153,4screws,0.7504,known,4screws,0.0881,0.0,0,5,manual
4,2154,4screws,0.6998,known,4screws,0.081,0.0,0,5,manual
4,2155,4screws,0.8084,known,4screws,0.0746,0.0,0,5,manual
4,2156,4screws,0.925,known,4screws,0.0686,0.0,0,5,manual
4,2157,4screws,0.7807,known,4screws,0.0631,0.0,0,5,manual
4,2158,4screws,0.8109,known,4screws,0.0581,0.0,0,5,manual
4,2159,4screws,0.7111,known,4screws,0.0534,0.0,0,5,manual
4,2160,4screws,0.7499,known,4screws,0.0491,0.0,0,5,manual
4,2161,4screws,0.7623,known,4screws,0.0452,0.0,0,5,manual
4,2162,4screws,0.8978,known,4screws,0.0416,0.0,0,5,manual
4,2163,4screws,0.9276,known,4screws,0.0383,0.0,0,5,manual
4,2164,4screws,0.8472,known,4screws,0.0352,0.0,0,5,manual
4,2165,4screws,0.8127,known,4screws,0.0324,0.0,0,5,manual
4,2166,4screws,0.9187,known,4screws,0.0298,0.0,0,5,manual
4,2167,4screws,1.0013,unknown,,0.1074,0.0,0,5,manual
4,2168,4screws,0.963,known,4screws,0.0988,0.0,0,5,manual
4,2169,4screws,0.74,known,4screws,0.0909,0.0,0,5,manual
4,2170,4screws,0.957,known,4screws,0.0836,0.0,0,5,manual
4,2171,4screws,0.6619,known,4screws,0.0769,0.0,0,5,manual
4,2172,4screws,0.9825,known,4screws,0.0708,0.0,0,5,manual
4,2173,4screws,0.5882,known,4screws,0.0651,0.0,0,5,manual
4,2174,4screws,0.9151,known,4screws,0.0599,0.0,0,5,manual
4,2175,4screws,0.7388,known,4screws,0.0551,0.0,0,5,manual
4,2176,4screws,0.6561,known,4screws,0.0507,0.0,0,5,manual
4,2177,4screws,0.7065,known,4screws,0.0467,0.0,0,5,manual
4,2178,4screws,0.8148,known,4screws,0.0429,0.0,0,5,manual
4,2179,4screws,0.7025,known,4screws,0.0395,0.0,0,5,manual
4,2180,4screws,0.9962,known,4screws,0.0363,0.0,0,5,manual
4,2181,4screws,0.818,known,4screws,0.0334,0.0,0,5,manual
4,2182,4screws,0.9425,known,4screws,0.0308,0.0,0,5,manual
4,2183,4screws,0.8298,known,4screws,0.0283,0.0,0,5,manual
4,2184,4screws,0.8432,known,4screws,0.026,0.0,0,5,manual
4,2185,4screws,0.6477,known,4screws,0.0239,0.0,0,5,manual
4,2186,4screws,0.7239,known,4screws,0.022,0.0,0,5,manual
4,2187,4screws,0.8556,known,4screws,0.0203,0.0,0,5,manual
4,2188,4screws,0.7495,known,4screws,0.0186,0.0,0,5,manual
4,2189,4screws,0.8158,known,4screws,0.0172,0.0,0,5,manual
4,2190,4screws,1.012,unknown,,0.0958,0.01,0,5,manual
4,2191,4screws,0.6959,known,4screws,0.0881,0.0,0,5,manual
4,2192,4screws,0.8071,known,4screws,0.0811,0.0,0,5,manual
4,2193,4screws,0.6727,known,4screws,0.0746,0.0,0,5,manual
4,2194,4screws,0.9497,known,4screws,0.0686,0.0,0,5,manual
4,2195,4screws,0.7778,known,4screws,0.0631,0.0,0,5,manual
4,2196,4screws,0.8536,known,4screws,0.0581,0.0,0,5,manual
4,2197,4screws,0.7376,known,4screws,0.0534,0.0,0,5,manual
4,2198,4screws,0.7504,known,4screws,0.0492,0.0,0,5,manual
4,2199,4screws,0.7039,known,4screws,0.0452,0.0,0,5,manual
4,2200,4screws,0.867,known,4screws,0.0416,0.0,0,5,manual
4,2201,4screws,0.566,known,4screws,0.0383,0.0,0,5,manual
4,2202,4screws,0.8558,known,4screws,0.0352,0.0,0,5,manual
4,2203,4screws,0.7503,known,4screws,0.0324,0.0,0,5,manual
4,2204,4screws,0.8553,known,4screws,0.0298,0.0,0,5,manual
4,2205,4screws,0.7633,known,4screws,0.0274,0.0,0,5,manual
4,2206,4screws,0.7779,known,4screws,0.0252,0.0,0,5,manual
4,2207,4screws,0.6773,known,4screws,0.0232,0.0,0,5,manual
4,2208,4screws,0.8525,known,4screws,0.0214,0.0,0,5,manual
4,2209,4screws,0.8706,known,4screws,0.0196,0.0,0,5,manual
4,2210,4screws,0.6998,known,4screws,0.0181,0.0,0,5,manual
4,2211,4screws,0.8438,known,4screws,0.0166,0.0,0,5,manual
4,2212,4screws,0.9,known,4screws,0.0153,0.0,0,5,manual
4,2213,4screws,0.8084,known,4screws,0.0141,0.0,0,5,manual
4,2214,4screws,0.925,known,4screws,0.0129,0.0,0,5,manual
4,2215,4screws,0.8071,known,4screws,0.0119,0.0,0,5,manual
4,2216,4screws,0.963,known,4screws,0.011,0.0,0,5,manual
4,2217,4screws,0.7039,known,4screws,0.0101,0.0,0,5,manual
4,2218,4screws,0.6477,known,4screws,0.0093,0.0,0,5,manual
4,2219,4screws,0.6561,known,4screws,0.0085,0.0,0,5,manual
4,2220,4screws,0.7025,known,4screws,0.0079,0.0,0,5,manual
4,2221,4screws,0.9276,known,4screws,0.0072,0.0,0,5,manual
4,2222,4screws,0.8432,known,4screws,0.0066,0.0,0,5,manual
4,2223,4screws,0.7807,known,4screws,0.0061,0.0,0,5,manual
4,2224,4screws,0.9425,known,4screws,0.0056,0.0,0,5,manual
4,2225,4screws,0.8978,known,4screws,0.0052,0.0,0,5,manual
4,2226,4screws,0.7504,known,4screws,0.0048,0.0,0,5,manual
4,2227,4screws,0.74,known,4screws,0.0044,0.0,0,5,manual
4,2228,4screws,0.818,known,4screws,0.004,0.0,0,5,manual
4,2229,4screws,0.7376,known,4screws,0.0037,0.0,0,5,manual
4,2230,4screws,0.5882,known,4screws,0.0034,0.0,0,5,manual
4,2231,4screws,0.6998,known,4screws,0.0031,0.0,0,5,manual
4,2232,4screws,0.7623,known,4screws,0.0029,0.0,0,5,manual
4,2233,4screws,0.8558,known,4screws,0.0027,0.0,0,5,manual
4,2234,4screws,0.8536,known,4screws,0.0024,0.0,0,5,manual
4,2235,4screws,0.566,known,4screws,0.0022,0.0,0,5,manual
4,2236,4screws,0.7495,known,4screws,0.0021,0.0,0,5,manual
4,2237,4screws,0.9,known,4screws,0.0019,0.0,0,5,manual
4,2238,4screws,0.6959,known,4screws,0.0018,0.0,0,5,manual
4,2239,4screws,0.8148,known,4screws,0.0016,0.0,0,5,manual
4,2240,4screws,0.925,known,4screws,0.0015,0.0,0,5,manual
4,2241,4screws,0.9151,known,4screws,0.0014,0.0,0,5,manual
4,2242,4screws,0.7503,known,4screws,0.0013,0.0,0,5,manual
4,2243,4screws,0.957,known,4screws,0.0012,0.0,0,5,manual
4,2244,4screws,0.8438,known,4screws,0.0011,0.0,0,5,manual
4,2245,4screws,0.8556,known,4screws,0.001,0.0,0,5,manual
4,2246,4screws,0.9187,known,4screws,0.0009,0.0,0,5,manual
4,2247,4screws,0.8109,known,4screws,0.0008,0.0,0,5,manual
4,2248,4screws,0.8553,known,4screws,0.0008,0.0,0,5,manual
4,2249,4screws,0.8525,known,4screws,0.0007,0.0,0,5,manual
4,2250,4screws,0.6773,known,4screws,0.0006,0.0,0,5,manual
4,2251,4screws,0.7499,known,4screws,0.0006,0.0,0,5,manual
4,2252,4screws,0.7111,known,4screws,0.0005,0.0,0,5,manual
4,2253,4screws,0.7633,known,4screws,0.0005,0.0,0,5,manual
4,2254,4screws,0.8084,known,4screws,0.0005,0.0,0,5,manual
4,2255,4screws,0.6727,known,4screws,0.0004,0.0,0,5,manual
4,2256,4screws,0.9962,known,4screws,0.0004,0.0,0,5,manual
4,2257,4screws,0.7388,known,4screws,0.0004,0.0,0,5,manual
4,2258,4screws,0.7065,known,4screws,0.0003,0.0,0,5,manual
4,2259,4screws,0.867,known,4screws,0.0003,0.0,0,5,manual
4,2260,4screws,0.8158,known,4screws,0.0003,0.0,0,5,manual
4,2261,4screws,0.8298,known,4screws,0.0003,0.0,0,5,manual
4,2262,4screws,0.9497,known,4screws,0.0002,0.0,0,5,manual
4,2263,4screws,0.7778,known,4screws,0.0002,0.0,0,5,manual
4,2264,4screws,0.8706,known,4screws,0.0002,0.0,0,5,manual
4,2265,4screws,0.7779,known,4screws,0.0002,0.0,0,5,manual
4,2266,4screws,1.0013,unknown,,0.0802,0.0,0,5,manual
4,2267,4screws,0.8127,known,4screws,0.0738,0.0,0,5,manual
4,2268,4screws,0.6619,known,4screws,0.0679,0.0,0,5,manual
4,2269,4screws,1.012,unknown,,0.1424,0.01,0,5,manual
4,2270,4screws,0.8472,known,4screws,0.131,0.0,0,5,manual
4,2271,4screws,0.7239,known,4screws,0.1206,0.0,0,5,manual
4,2272,4screws,0.9825,known,4screws,0.1109,0.0,0,5,manual
4,2273,4screws,0.7778,known,4screws,0.102,0.0,0,5,manual
4,2274,4screws,0.7239,known,4screws,0.0939,0.0,0,5,manual
4,2275,4screws,0.7504,known,4screws,0.0864,0.0,0,5,manual
4,2276,4screws,0.7495,known,4screws,0.0795,0.0,0,5,manual
4,2277,4screws,0.8558,known,4screws,0.0731,0.0,0,5,manual
4,2278,4screws,0.7503,known,4screws,0.0672,0.0,0,5,manual
4,2279,4screws,0.8556,known,4screws,0.0619,0.0,0,5,manual
4,2280,4screws,1.0013,unknown,,0.1369,0.0,0,5,manual
4,2281,4screws,0.9497,known,4screws,0.126,0.0,0,5,manual
4,2282,4screws,0.7807,known,4screws,0.1159,0.0,0,5,manual
4,2283,4screws,0.8706,known,4screws,0.1066,0.0,0,5,manual
4,2284,4screws,0.7111,known,4screws,0.0981,0.0,0,5,manual
4,2285,4screws,0.566,known,4screws,0.0902,0.0,0,5,manual
4,2286,4screws,0.6561,known,4screws,0.083,0.0,0,5,manual
4,2287,4screws,0.8298,known,4screws,0.0764,0.0,0,5,manual
4,2288,4screws,0.9825,known,4screws,0.0703,0.0,0,5,manual
4,2289,4screws,0.7025,known,4screws,0.0646,0.0,0,5,manual
4,2290,4screws,0.8536,known,4screws,0.0595,0.0,0,5,manual
4,2291,4screws,0.8525,known,4screws,0.0547,0.0,0,5,manual
4,2292,4screws,0.9187,known,4screws,0.0503,0.0,0,5,manual
4,2293,4screws,0.867,known,4screws,0.0463,0.0,0,5,manual
4,2294,4screws,0.925,known,4screws,0.0426,0.0,0,5,manual
4,2295,4screws,0.9276,known,4screws,0.0392,0.0,0,5,manual
4,2296,4screws,0.8109,known,4screws,0.0361,0.0,0,5,manual
4,2297,4screws,0.8553,known,4screws,0.0332,0.0,0,5,manual
4,2298,4screws,1.012,unknown,,0.1105,0.01,0,5,manual
4,2299,4screws,0.9,known,4screws,0.1017,0.0,0,5,manual
4,2300,4screws,0.9151,known,4screws,0.0935,0.0,0,5,manual
4,2301,4screws,0.8978,known,4screws,0.0861,0.0,0,5,manual
4,2302,4screws,0.7065,known,4screws,0.0792,0.0,0,5,manual
4,2303,4screws,0.9425,known,4screws,0.0728,0.0,0,5,manual
4,2304,4screws,0.8148,known,4screws,0.067,0.0,0,5,manual
4,2305,4screws,0.8127,known,4screws,0.0617,0.0,0,5,manual
4,2306,4screws,0.9962,known,4screws,0.0567,0.0,0,5,manual
4,2307,4screws,0.6727,known,4screws,0.0522,0.0,0,5,manual
4,2308,4screws,0.8438,known,4screws,0.048,0.0,0,5,manual
4,2309,4screws,0.957,known,4screws,0.0442,0.0,0,5,manual
4,2310,4screws,0.7623,known,4screws,0.0406,0.0,0,5,manual
4,2311,4screws,0.6477,known,4screws,0.0374,0.0,0,5,manual
4,2312,4screws,0.7633,known,4screws,0.0344,0.0,0,5,manual
4,2313,4screws,0.7499,known,4screws,0.0316,0.0,0,5,manual
4,2314,4screws,0.74,known,4screws,0.0291,0.0,0,5,manual
4,2315,4screws,0.6773,known,4screws,0.0268,0.0,0,5,manual
4,2316,4screws,0.7779,known,4screws,0.0246,0.0,0,5,manual
4,2317,4screws,0.818,known,4screws,0.0227,0.0,0,5,manual
4,2318,4screws,0.5882,known,4screws,0.0209,0.0,0,5,manual
4,2319,4screws,0.7388,known,4screws,0.0192,0.0,0,5,manual
4,2320,4screws,0.6619,known,4screws,0.0177,0.0,0,5,manual
4,2321,4screws,0.7039,known,4screws,0.0162,0.0,0,5,manual
4,2322,4screws,0.8084,known,4screws,0.0149,0.0,0,5,manual
4,2323,4screws,0.8071,known,4screws,0.0137,0.0,0,5,manual
4,2324,4screws,0.8432,known,4screws,0.0126,0.0,0,5,manual
4,2325,4screws,0.6959,known,4screws,0.0116,0.0,0,5,manual
4,2326,4screws,0.7376,known,4screws,0.0107,0.0,0,5,manual
4,2327,4screws,0.8158,known,4screws,0.0098,0.0,0,5,manual
4,2328,4screws,0.963,known,4screws,0.0091,0.0,0,5,manual
4,2329,4screws,0.8472,known,4screws,0.0083,0.0,0,5,manual
4,2330,4screws,0.6998,known,4screws,0.0077,0.0,0,5,manual
4,2331,4screws,0.867,known,4screws,0.0071,0.0,0,5,manual
4,2332,4screws,0.6727,known,4screws,0.0065,0.0,0,5,manual
4,2333,4screws,0.6477,known,4screws,0.006,0.0,0,5,manual
4,2334,4screws,0.7025,known,4screws,0.0055,0.0,0,5,manual
4,2335,4screws,0.7778,known,4screws,0.0051,0.0,0,5,manual
4,2336,4screws,0.6998,known,4screws,0.0046,0.0,0,5,manual
4,2337,4screws,0.6773,known,4screws,0.0043,0.0,0,5,manual
4,2338,4screws,0.7503,known,4screws,0.0039,0.0,0,5,manual
4,2339,4screws,0.6561,known,4screws,0.0036,0.0,0,5,manual
4,2340,4screws,0.8148,known,4screws,0.0033,0.0,0,5,manual
4,2341,4screws,0.8432,known,4screws,0.0031,0.0,0,5,manual
4,2342,4screws,0.9151,known,4screws,0.0028,0.0,0,5,manual
4,2343,4screws,0.7111,known,4screws,0.0026,0.0,0,5,manual
4,2344,4screws,0.8298,known,4screws,0.0024,0.0,0,5,manual
4,2345,4screws,0.9276,known,4screws,0.0022,0.0,0,5,manual
4,2346,4screws,0.8084,known,4screws,0.002,0.0,0,5,manual
4,2347,4screws,0.8109,known,4screws,0.0019,0.0,0,5,manual
4,2348,4screws,0.7065,known,4screws,0.0017,0.0,0,5,manual
4,2349,4screws,0.9825,known,4screws,0.0016,0.0,0,5,manual
4,2350,4screws,0.7623,known,4screws,0.0014,0.0,0,5,manual
4,2351,4screws,0.818,known,4screws,0.0013,0.0,0,5,manual
4,2352,4screws,0.8556,known,4screws,0.0012,0.0,0,5,manual
4,2353,4screws,0.957,known,4screws,0.0011,0.0,0,5,manual
4,2354,4screws,0.8553,known,4screws,0.001,0.0,0,5,manual
4,2355,4screws,0.7807,known,4screws,0.001,0.0,0,5,manual
4,2356,4screws,0.7239,known,4screws,0.0009,0.0,0,5,manual
4,2357,4screws,0.8438,known,4screws,0.0008,0.0,0,5,manual
4,2358,4screws,0.8558,known,4screws,0.0007,0.0,0,5,manual
4,2359,4screws,0.7388,known,4screws,0.0007,0.0,0,5,manual
4,2360,4screws,0.566,known,4screws,0.0006,0.0,0,5,manual
4,2361,4screws,0.8127,known,4screws,0.0006,0.0,0,5,manual
4,2362,4screws,0.7495,known,4screws,0.0005,0.0,0,5,manual
4,2363,4screws,0.74,known,4screws,0.0005,0.0,0,5,manual
4,2364,4screws,0.8525,known,4screws,0.0005,0.0,0,5,manual
4,2365,4screws,0.5882,known,4screws,0.0004,0.0,0,5,manual
4,2366,4screws,1.012,unknown,,0.0804,0.01,0,5,manual
4,2367,4screws,0.7633,known,4screws,0.074,0.0,0,5,manual
4,2368,4screws,0.9,known,4screws,0.068,0.0,0,5,manual
4,2369,4screws,1.0013,unknown,,0.1426,0.0,0,5,manual
4,2370,4screws,0.7376,known,4screws,0.1312,0.0,0,5,manual
4,2371,4screws,0.8472,known,4screws,0.1207,0.0,0,5,manual
4,2372,4screws,0.8706,known,4screws,0.111,0.0,0,5,manual
4,2373,4screws,0.8536,known,4screws,0.1022,0.0,0,5,manual
4,2374,4screws,0.6959,known,4screws,0.094,0.0,0,5,manual
4,2375,4screws,0.9497,known,4screws,0.0865,0.0,0,5,manual
4,2376,4screws,0.9962,known,4screws,0.0795,0.0,0,5,manual
4,2377,4screws,0.7039,known,4screws,0.0732,0.0,0,5,manual
4,2378,4screws,0.963,known,4screws,0.0673,0.0,0,5,manual
4,2379,4screws,0.9187,known,4screws,0.0619,0.0,0,5,manual
4,2380,4screws,0.7504,known,4screws,0.057,0.0,0,5,manual
4,2381,4screws,0.7499,known,4screws,0.0524,0.0,0,5,manual
4,2382,4screws,0.8978,known,4screws,0.0482,0.0,0,5,manual
4,2383,4screws,0.7779,known,4screws,0.0444,0.0,0,5,manual
4,2384,4screws,0.9425,known,4screws,0.0408,0.0,0,5,manual
4,2385,4screws,0.8071,known,4screws,0.0376,0.0,0,5,manual
4,2386,4screws,0.6619,known,4screws,0.0346,0.0,0,5,manual
4,2387,4screws,0.8158,known,4screws,0.0318,0.0,0,5,manual
4,2388,4screws,0.925,known,4screws,0.0292,0.0,0,5,manual
4,2389,4screws,0.8978,known,4screws,0.0269,0.0,0,5,manual
4,2390,4screws,0.7778,known,4screws,0.0248,0.0,0,5,manual
4,2391,4screws,0.8432,known,4screws,0.0228,0.0,0,5,manual
4,2392,4screws,0.9151,known,4screws,0.021,0.0,0,5,manual
4,2393,4screws,0.7504,known,4screws,0.0193,0.0,0,5,manual
4,2394,4screws,0.6477,known,4screws,0.0177,0.0,0,5,manual
4,2395,4screws,0.7111,known,4screws,0.0163,0.0,0,5,manual
4,2396,4screws,0.7388,known,4screws,0.015,0.0,0,5,manual
4,2397,4screws,0.9276,known,4screws,0.0138,0.0,0,5,manual
4,2398,4screws,0.74,known,4screws,0.0127,0.0,0,5,manual
4,2399,4screws,0.7495,known,4screws,0.0117,0.0,0,5,manual
4,2400,4screws,0.7623,known,4screws,0.0108,0.0,0,5,manual
4,2401,4screws,0.9425,known,4screws,0.0099,0.0,0,5,manual
4,2402,4screws,0.6619,known,4screws,0.0091,0.0,0,5,manual
4,2403,4screws,0.7807,known,4screws,0.0084,0.0,0,5,manual
4,2404,4screws,0.8536,known,4screws,0.0077,0.0,0,5,manual
4,2405,4screws,0.8127,known,4screws,0.0071,0.0,0,5,manual
4,2406,4screws,0.8071,known,4screws,0.0065,0.0,0,5,manual
4,2407,4screws,0.8084,known,4screws,0.006,0.0,0,5,manual
4,2408,4screws,0.925,known,4screws,0.0055,0.0,0,5,manual
4,2409,4screws,0.7025,known,4screws,0.0051,0.0,0,5,manual
4,2410,4screws,0.6561,known,4screws,0.0047,0.0,0,5,manual
4,2411,4screws,0.8158,known,4screws,0.0043,0.0,0,5,manual
4,2412,4screws,0.6959,known,4screws,0.004,0.0,0,5,manual
4,2413,4screws,0.6998,known,4screws,0.0036,0.0,0,5,manual
4,2414,4screws,0.8148,known,4screws,0.0033,0.0,0,5,manual
4,2415,4screws,0.9497,known,4screws,0.0031,0.0,0,5,manual
4,2416,4screws,0.818,known,4screws,0.0028,0.0,0,5,manual
4,2417,4screws,0.8553,known,4screws,0.0026,0.0,0,5,manual
4,2418,4screws,0.6727,known,4screws,0.0024,0.0,0,5,manual
4,2419,4screws,0.9187,known,4screws,0.0022,0.0,0,5,manual
4,2420,4screws,0.7503,known,4screws,0.002,0.0,0,5,manual
4,2421,4screws,0.7376,known,4screws,0.0019,0.0,0,5,manual
4,2422,4screws,0.7065,known,4screws,0.0017,0.0,0,5,manual
4,2423,4screws,0.5882,known,4screws,0.0016,0.0,0,5,manual
4,2424,4screws,0.9825,known,4screws,0.0015,0.0,0,5,manual
4,2425,4screws,0.9,known,4screws,0.0013,0.0,0,5,manual
4,2426,4screws,0.7499,known,4screws,0.0012,0.0,0,5,manual
4,2427,4screws,0.7779,known,4screws,0.0011,0.0,0,5,manual
4,2428,4screws,0.8298,known,4screws,0.001,0.0,0,5,manual
4,2429,4screws,0.566,known,4screws,0.001,0.0,0,5,manual
4,2430,4screws,0.7039,known,4screws,0.0009,0.0,0,5,manual
4,2431,4screws,0.963,known,4screws,0.0008,0.0,0,5,manual
4,2432,4screws,0.957,known,4screws,0.0007,0.0,0,5,manual
4,2433,4screws,0.867,known,4screws,0.0007,0.0,0,5,manual
4,2434,4screws,0.8525,known,4screws,0.0006,0.0,0,5,manual
4,2435,4screws,0.9962,known,4screws,0.0006,0.0,0,5,manual
4,2436,4screws,0.8558,known,4screws,0.0005,0.0,0,5,manual
4,2437,4screws,0.6773,known,4screws,0.0005,0.0,0,5,manual
4,2438,4screws,0.8109,known,4screws,0.0005,0.0,0,5,manual
4,2439,4screws,0.7239,known,4screws,0.0004,0.0,0,5,manual
4,2440,4screws,0.8472,known,4screws,0.0004,0.0,0,5,manual
4,2441,4screws,1.0013,unknown,,0.0804,0.0,0,5,manual
4,2442,4screws,0.7633,known,4screws,0.0739,0.0,0,5,manual
4,2443,4screws,0.8706,known,4screws,0.068,0.0,0,5,manual
4,2444,4screws,0.8556,known,4screws,0.0626,0.0,0,5,manual
4,2445,4screws,0.8438,known,4screws,0.0576,0.0,0,5,manual
4,2446,4screws,1.012,unknown,,0.133,0.01,0,5,manual
4,2447,4screws,0.6619,known,4screws,0.1223,0.0,0,5,manual
4,2448,4screws,0.8536,known,4screws,0.1125,0.0,0,5,manual
4,2449,4screws,0.9425,known,4screws,0.1035,0.0,0,5,manual
4,2450,4screws,0.6998,known,4screws,0.0953,0.0,0,5,manual
4,2451,4screws,0.8558,known,4screws,0.0876,0.0,0,5,manual
4,2452,4screws,0.9187,known,4screws,0.0806,0.0,0,5,manual
4,2453,4screws,0.8158,known,4screws,0.0742,0.0,0,5,manual
4,2454,4screws,0.7495,known,4screws,0.0682,0.0,0,5,manual
4,2455,4screws,0.6561,known,4screws,0.0628,0.0,0,5,manual
4,2456,4screws,0.7499,known,4screws,0.0578,0.0,0,5,manual
4,2457,4screws,0.9962,known,4screws,0.0531,0.0,0,5,manual
4,2458,4screws,0.5882,known,4screws,0.0489,0.0,0,5,manual
4,2459,4screws,0.818,known,4screws,0.045,0.0,0,5,manual
4,2460,4screws,1.0013,unknown,,0.1214,0.0,0,5,manual
4,2461,4screws,0.867,known,4screws,0.1117,0.0,0,5,manual
4,2462,4screws,0.7504,known,4screws,0.1027,0.0,0,5,manual
4,2463,4screws,0.8084,known,4screws,0.0945,0.0,0,5,manual
4,2464,4screws,0.7376,known,4screws,0.087,0.0,0,5,manual
4,2465,4screws,0.8298,known,4screws,0.08,0.0,0,5,manual
4,2466,4screws,1.012,unknown,,0.1536,0.01,0,5,manual
4,2467,4screws,0.7779,known,4screws,0.1413,0.0,0,5,manual
4,2468,4screws,0.9151,known,4screws,0.13,0.0,0,5,manual
4,2469,4screws,0.74,known,4screws,0.1196,0.0,0,5,manual
4,2470,4screws,0.6959,known,4screws,0.11,0.0,0,5,manual
4,2471,4screws,0.7778,known,4screws,0.1012,0.0,0,5,manual
4,2472,4screws,0.7025,known,4screws,0.0931,0.0,0,5,manual
4,2473,4screws,0.963,known,4screws,0.0857,0.0,0,5,manual
4,2474,4screws,0.8556,known,4screws,0.0788,0.0,0,5,manual
4,2475,4screws,0.7239,known,4screws,0.0725,0.0,0,5,manual
4,2476,4screws,0.8706,known,4screws,0.0667,0.0,0,5,manual
4,2477,4screws,0.925,known,4screws,0.0614,0.0,0,5,manual
4,2478,4screws,0.9,known,4screws,0.0565,0.0,0,5,manual
4,2479,4screws,0.6727,known,4screws,0.052,0.0,0,5,manual
4,2480,4screws,0.8148,known,4screws,0.0478,0.0,0,5,manual
4,2481,4screws,0.8071,known,4screws,0.044,0.0,0,5,manual
4,2482,4screws,0.8127,known,4screws,0.0405,0.0,0,5,manual
4,2483,4screws,0.8109,known,4screws,0.0372,0.0,0,5,manual
4,2484,4screws,0.8525,known,4screws,0.0342,0.0,0,5,manual
4,2485,4screws,0.957,known,4screws,0.0315,0.0,0,5,manual
4,2486,4screws,0.6477,known,4screws,0.029,0.0,0,5,manual
4,2487,4screws,0.7039,known,4screws,0.0267,0.0,0,5,manual
4,2488,4screws,0.7623,known,4screws,0.0245,0.0,0,5,manual
4,2489,4screws,0.7503,known,4screws,0.0226,0.0,0,5,manual
4,2490,4screws,0.9825,known,4screws,0.0208,0.0,0,5,manual
4,2491,4screws,0.8438,known,4screws,0.0191,0.0,0,5,manual
4,2492,4screws,0.7111,known,4screws,0.0176,0.0,0,5,manual
4,2493,4screws,0.7388,known,4screws,0.0162,0.0,0,5,manual
4,2494,4screws,0.6773,known,4screws,0.0149,0.0,0,5,manual
4,2495,4screws,0.7807,known,4screws,0.0137,0.0,0,5,manual
4,2496,4screws,0.8472,known,4screws,0.0126,0.0,0,5,manual
4,2497,4screws,0.9497,known,4screws,0.0116,0.0,0,5,manual
4,2498,4screws,0.7633,known,4screws,0.0107,0.0,0,5,manual
4,2499,4screws,0.7065,known,4screws,0.0098,0.0,0,5,manual
4,2500,4screws,0.8553,known,4screws,0.009,0.0,0,5,manual
4,2501,4screws,0.566,known,4screws,0.0083,0.0,0,5,manual
4,2502,4screws,0.9276,known,4screws,0.0076,0.0,0,5,manual
4,2503,4screws,0.8978,known,4screws,0.007,0.0,0,5,manual
4,2504,4screws,0.8432,known,4screws,0.0065,0.0,0,5,manual
4,2505,4screws,0.74,known,4screws,0.0059,0.0,0,5,manual
4,2506,4screws,0.7111,known,4screws,0.0055,0.0,0,5,manual
4,2507,4screws,0.8556,known,4screws,0.005,0.0,0,5,manual
4,2508,4screws,0.6477,known,4screws,0.0046,0.0,0,5,manual
4,2509,4screws,0.7778,known,4screws,0.0043,0.0,0,5,manual
4,2510,4screws,0.9187,known,4screws,0.0039,0.0,0,5,manual
4,2511,4screws,0.8536,known,4screws,0.0036,0.0,0,5,manual
4,2512,4screws,0.6561,known,4screws,0.0033,0.0,0,5,manual
4,2513,4screws,0.7025,known,4screws,0.0031,0.0,0,5,manual
4,2514,4screws,0.6619,known,4screws,0.0028,0.0,0,5,manual
4,2515,4screws,0.7623,known,4screws,0.0026,0.0,0,5,manual
4,2516,4screws,1.012,unknown,,0.0824,0.01,0,5,manual
4,2517,4screws,0.9151,known,4screws,0.0758,0.0,0,5,manual
4,2518,4screws,0.867,known,4screws,0.0697,0.0,0,5,manual
4,2519,4screws,0.8109,known,4screws,0.0641,0.0,0,5,manual
4,2520,4screws,0.7495,known,4screws,0.059,0.0,0,5,manual
4,2521,4screws,0.9962,known,4screws,0.0543,0.0,0,5,manual
4,2522,4screws,0.566,known,4screws,0.0499,0.0,0,5,manual
4,2523,4screws,0.9276,known,4screws,0.046,0.0,0,5,manual
4,2524,4screws,0.6959,known,4screws,0.0423,0.0,0,5,manual
4,2525,4screws,0.6998,known,4screws,0.0389,0.0,0,5,manual
4,2526,4screws,0.9825,known,4screws,0.0358,0.0,0,5,manual
4,2527,4screws,0.7807,known,4screws,0.0329,0.0,0,5,manual
4,2528,4screws,0.9425,known,4screws,0.0303,0.0,0,5,manual
4,2529,4screws,0.8158,known,4screws,0.0279,0.0,0,5,manual
4,2530,4screws,0.7065,known,4screws,0.0256,0.0,0,5,manual
4,2531,4screws,0.9497,known,4screws,0.0236,0.0,0,5,manual
4,2532,4screws,0.7376,known,4screws,0.0217,0.0,0,5,manual
4,2533,4screws,0.8978,known,4screws,0.02,0.0,0,5,manual
4,2534,4screws,0.7633,known,4screws,0.0184,0.0,0,5,manual
4,2535,4screws,0.963,known,4screws,0.0169,0.0,0,5,manual
4,2536,4screws,0.7504,known,4screws,0.0155,0.0,0,5,manual
4,2537,4screws,0.8432,known,4screws,0.0143,0.0,0,5,manual
4,2538,4screws,1.0013,unknown,,0.0932,0.0,0,5,manual
4,2539,4screws,0.8525,known,4screws,0.0857,0.0,0,5,manual
4,2540,4screws,0.8558,known,4screws,0.0788,0.0,0,5,manual
4,2541,4screws,0.7388,known,4screws,0.0725,0.0,0,5,manual
4,2542,4screws,0.8084,known,4screws,0.0667,0.0,0,5,manual
4,2543,4screws,0.5882,known,4screws,0.0614,0.0,0,5,manual
4,2544,4screws,0.8438,known,4screws,0.0565,0.0,0,5,manual
4,2545,4screws,0.957,known,4screws,0.052,0.0,0,5,manual
4,2546,4screws,0.7503,known,4screws,0.0478,0.0,0,5,manual
4,2547,4screws,0.8127,known,4screws,0.044,0.0,0,5,manual
4,2548,4screws,0.8706,known,4screws,0.0405,0.0,0,5,manual
4,2549,4screws,0.8298,known,4screws,0.0372,0.0,0,5,manual
4,2550,4screws,0.8071,known,4screws,0.0343,0.0,0,5,manual
4,2551,4screws,0.818,known,4screws,0.0315,0.0,0,5,manual
4,2552,4screws,0.7779,known,4screws,0.029,0.0,0,5,manual
4,2553,4screws,0.8553,known,4screws,0.0267,0.0,0,5,manual
4,2554,4screws,0.6773,known,4screws,0.0245,0.0,0,5,manual
4,2555,4screws,0.7039,known,4screws,0.0226,0.0,0,5,manual
4,2556,4screws,0.7239,known,4screws,0.0208,0.0,0,5,manual
4,2557,4screws,0.8472,known,4screws,0.0191,0.0,0,5,manual
4,2558,4screws,0.7499,known,4screws,0.0176,0.0,0,5,manual
4,2559,4screws,0.8148,known,4screws,0.0162,0.0,0,5,manual
4,2560,4screws,0.9,known,4screws,0.0149,0.0,0,5,manual
4,2561,4screws,0.925,known,4screws,0.0137,0.0,0,5,manual
4,2562,4screws,0.6727,known,4screws,0.0126,0.0,0,5,manual
4,2563,4screws,1.0013,unknown,,0.0916,0.0,0,5,manual
4,2564,4screws,0.8158,known,4screws,0.0843,0.0,0,5,manual
4,2565,4screws,0.9276,known,4screws,0.0775,0.0,0,5,manual
4,2566,4screws,0.8525,known,4screws,0.0713,0.0,0,5,manual
4,2567,4screws,0.7633,known,4screws,0.0656,0.0,0,5,manual
4,2568,4screws,0.9,known,4screws,0.0604,0.0,0,5,manual
4,2569,4screws,0.8706,known,4screws,0.0555,0.0,0,5,manual
4,2570,4screws,0.7503,known,4screws,0.0511,0.0,0,5,manual
4,2571,4screws,0.7504,known,4screws,0.047,0.0,0,5,manual
4,2572,4screws,0.9187,known,4screws,0.0432,0.0,0,5,manual
4,2573,4screws,0.7376,known,4screws,0.0398,0.0,0,5,manual
4,2574,4screws,0.8472,known,4screws,0.0366,0.0,0,5,manual
4,2575,4screws,0.7495,known,4screws,0.0337,0.0,0,5,manual
4,2576,4screws,0.7623,known,4screws,0.031,0.0,0,5,manual
4,2577,4screws,0.8556,known,4screws,0.0285,0.0,0,5,manual
4,2578,4screws,0.818,known,4screws,0.0262,0.0,0,5,manual
4,2579,4screws,0.8978,known,4screws,0.0241,0.0,0,5,manual
4,2580,4screws,0.7039,known,4screws,0.0222,0.0,0,5,manual
4,2581,4screws,0.6619,known,4screws,0.0204,0.0,0,5,manual
4,2582,4screws,0.7779,known,4screws,0.0188,0.0,0,5,manual
4,2583,4screws,0.9425,known,4screws,0.0173,0.0,0,5,manual
4,2584,4screws,1.012,unknown,,0.0959,0.01,0,5,manual
4,2585,4screws,0.7778,known,4screws,0.0882,0.0,0,5,manual
4,2586,4screws,0.8553,known,4screws,0.0812,0.0,0,5,manual
4,2587,4screws,0.957,known,4screws,0.0747,0.0,0,5,manual
4,2588,4screws,0.7239,known,4screws,0.0687,0.0,0,5,manual
4,2589,4screws,0.6727,known,4screws,0.0632,0.0,0,5,manual
4,2590,4screws,0.8558,known,4screws,0.0581,0.0,0,5,manual
4,2591,4screws,0.8432,known,4screws,0.0535,0.0,0,5,manual
4,2592,4screws,0.6959,known,4screws,0.0492,0.0,0,5,manual
4,2593,4screws,0.963,known,4screws,0.0453,0.0,0,5,manual
4,2594,4screws,0.7025,known,4screws,0.0417,0.0,0,5,manual
4,2595,4screws,0.7499,known,4screws,0.0383,0.0,0,5,manual
4,2596,4screws,0.6477,known,4screws,0.0353,0.0,0,5,manual
4,2597,4screws,0.8109,known,4screws,0.0324,0.0,0,5,manual
4,2598,4screws,0.867,known,4screws,0.0298,0.0,0,5,manual
4,2599,4screws,0.6561,known,4screws,0.0275,0.0,0,5,manual
4,2600,4screws,0.9962,known,4screws,0.0253,0.0,0,5,manual
4,2601,4screws,0.7111,known,4screws,0.0232,0.0,0,5,manual
4,2602,4screws,0.8148,known,4screws,0.0214,0.0,0,5,manual
4,2603,4screws,0.8127,known,4screws,0.0197,0.0,0,5,manual
4,2604,4screws,0.9825,known,4screws,0.0181,0.0,0,5,manual
4,2605,4screws,0.7388,known,4screws,0.0166,0.0,0,5,manual
4,2606,4screws,0.74,known,4screws,0.0153,0.0,0,5,manual
4,2607,4screws,0.6998,known,4screws,0.0141,0.0,0,5,manual
4,2608,4screws,0.8084,known,4screws,0.013,0.0,0,5,manual
4,2609,4screws,0.925,known,4screws,0.0119,0.0,0,5,manual
4,2610,4screws,0.8298,known,4screws,0.011,0.0,0,5,manual
4,2611,4screws,0.8071,known,4screws,0.0101,0.0,0,5,manual
4,2612,4screws,0.5882,known,4screws,0.0093,0.0,0,5,manual
4,2613,4screws,0.7065,known,4screws,0.0085,0.0,0,5,manual
4,2614,4screws,0.8438,known,4screws,0.0079,0.0,0,5,manual
4,2615,4screws,0.9497,known,4screws,0.0072,0.0,0,5,manual
4,2616,4screws,0.7807,known,4screws,0.0067,0.0,0,5,manual
4,2617,4screws,0.8536,known,4screws,0.0061,0.0,0,5,manual
4,2618,4screws,0.6773,known,4screws,0.0056,0.0,0,5,manual
4,2619,4screws,0.9151,known,4screws,0.0052,0.0,0,5,manual
4,2620,4screws,0.566,known,4screws,0.0048,0.0,0,5,manual
4,2621,4screws,0.7778,known,4screws,0.0044,0.0,0,5,manual
4,2622,4screws,0.74,known,4screws,0.004,0.0,0,5,manual
4,2623,4screws,0.7039,known,4screws,0.0037,0.0,0,5,manual
4,2624,4screws,0.6477,known,4screws,0.0034,0.0,0,5,manual
4,2625,4screws,0.8109,known,4screws,0.0031,0.0,0,5,manual
4,2626,4screws,0.7623,known,4screws,0.0029,0.0,0,5,manual
4,2627,4screws,0.8553,known,4screws,0.0027,0.0,0,5,manual
4,2628,4screws,0.7504,known,4screws,0.0024,0.0,0,5,manual
4,2629,4screws,0.9276,known,4screws,0.0023,0.0,0,5,manual
4,2630,4screws,0.963,known,4screws,0.0021,0.0,0,5,manual
4,2631,4screws,0.8472,known,4screws,0.0019,0.0,0,5,manual
4,2632,4screws,0.6998,known,4screws,0.0018,0.0,0,5,manual
4,2633,4screws,0.7111,known,4screws,0.0016,0.0,0,5,manual
4,2634,4screws,0.6727,known,4screws,0.0015,0.0,0,5,manual
4,2635,4screws,0.7388,known,4screws,0.0014,0.0,0,5,manual
4,2636,4screws,0.818,known,4screws,0.0013,0.0,0,5,manual
4,2637,4screws,0.7065,known,4screws,0.0012,0.0,0,5,manual
4,2638,4screws,0.9425,known,4screws,0.0011,0.0,0,5,manual
4,2639,4screws,0.8298,known,4screws,0.001,0.0,0,5,manual
4,2640,4screws,0.6619,known,4screws,0.0009,0.0,0,5,manual
4,2641,4screws,0.6561,known,4screws,0.0008,0.0,0,5,manual
4,2642,4screws,0.7025,known,4screws,0.0008,0.0,0,5,manual
4,2643,4screws,0.9825,known,4screws,0.0007,0.0,0,5,manual
4,2644,4screws,0.957,known,4screws,0.0006,0.0,0,5,manual
4,2645,4screws,1.012,unknown,,0.0806,0.01,0,5,manual
4,2646,4screws,0.7779,known,4screws,0.0741,0.0,0,5,manual
4,2647,4screws,0.6959,known,4screws,0.0682,0.0,0,5,manual
4,2648,4screws,0.8525,known,4screws,0.0628,0.0,0,5,manual
4,2649,4screws,0.8127,known,4screws,0.0577,0.0,0,5,manual
4,2650,4screws,0.7807,known,4screws,0.0531,0.0,0,5,manual
4,2651,4screws,0.8558,known,4screws,0.0489,0.0,0,5,manual
4,2652,4screws,0.7503,known,4screws,0.045,0.0,0,5,manual
4,2653,4screws,0.8432,known,4screws,0.0414,0.0,0,5,manual
4,2654,4screws,0.7499,known,4screws,0.0381,0.0,0,5,manual
4,2655,4screws,0.8084,known,4screws,0.035,0.0,0,5,manual
4,2656,4screws,0.7495,known,4screws,0.0322,0.0,0,5,manual
4,2657,4screws,0.9962,known,4screws,0.0296,0.0,0,5,manual
4,2658,4screws,0.8536,known,4screws,0.0273,0.0,0,5,manual
4,2659,4screws,1.0013,unknown,,0.1051,0.0,0,5,manual
4,2660,4screws,0.566,known,4screws,0.0967,0.0,0,5,manual
4,2661,4screws,0.9151,known,4screws,0.0889,0.0,0,5,manual
4,2662,4screws,0.925,known,4screws,0.0818,0.0,0,5,manual
4,2663,4screws,0.7633,known,4screws,0.0753,0.0,0,5,manual
4,2664,4screws,0.8438,known,4screws,0.0693,0.0,0,5,manual
4,2665,4screws,0.7376,known,4screws,0.0637,0.0,0,5,manual
4,2666,4screws,0.8706,known,4screws,0.0586,0.0,0,5,manual
4,2667,4screws,0.7239,known,4screws,0.0539,0.0,0,5,manual
4,2668,4screws,0.9497,known,4screws,0.0496,0.0,0,5,manual
4,2669,4screws,0.9,known,4screws,0.0456,0.0,0,5,manual
4,2670,4screws,0.8148,known,4screws,0.042,0.0,0,5,manual
4,2671,4screws,0.8158,known,4screws,0.0386,0.0,0,5,manual
4,2672,4screws,0.8978,known,4screws,0.0355,0.0,0,5,manual
4,2673,4screws,0.8556,known,4screws,0.0327,0.0,0,5,manual
4,2674,4screws,0.6773,known,4screws,0.0301,0.0,0,5,manual
4,2675,4screws,0.867,known,4screws,0.0277,0.0,0,5,manual
4,2676,4screws,0.5882,known,4screws,0.0255,0.0,0,5,manual
4,2677,4screws,0.8071,known,4screws,0.0234,0.0,0,5,manual
4,2678,4screws,0.9187,known,4screws,0.0216,0.0,0,5,manual
4,2679,4screws,0.6727,known,4screws,0.0198,0.0,0,5,manual
4,2680,4screws,0.957,known,4screws,0.0182,0.0,0,5,manual
4,2681,4screws,0.6619,known,4screws,0.0168,0.0,0,5,manual
4,2682,4screws,0.7495,known,4screws,0.0154,0.0,0,5,manual
4,2683,4screws,0.8084,known,4screws,0.0142,0.0,0,5,manual
4,2684,4screws,0.7499,known,4screws,0.0131,0.0,0,5,manual
4,2685,4screws,0.8525,known,4screws,0.012,0.0,0,5,manual
4,2686,4screws,0.9187,known,4screws,0.0111,0.0,0,5,manual
4,2687,4screws,0.7025,known,4screws,0.0102,0.0,0,5,manual
4,2688,4screws,0.963,known,4screws,0.0094,0.0,0,5,manual
4,2689,4screws,0.8071,known,4screws,0.0086,0.0,0,5,manual
4,2690,4screws,0.7376,known,4screws,0.0079,0.0,0,5,manual
4,2691,4screws,0.8558,known,4screws,0.0073,0.0,0,5,manual
4,2692,4screws,0.6561,known,4screws,0.0067,0.0,0,5,manual
4,2693,4screws,0.7779,known,4screws,0.0062,0.0,0,5,manual
4,2694,4screws,0.8109,known,4screws,0.0057,0.0,0,5,manual
4,2695,4screws,0.9151,known,4screws,0.0052,0.0,0,5,manual
4,2696,4screws,0.7503,known,4screws,0.0048,0.0,0,5,manual
4,2697,4screws,0.7111,known,4screws,0.0044,0.0,0,5,manual
4,2698,4screws,0.8553,known,4screws,0.0041,0.0,0,5,manual
4,2699,4screws,0.9425,known,4screws,0.0037,0.0,0,5,manual
4,2700,4screws,0.8158,known,4screws,0.0034,0.0,0,5,manual
4,2701,4screws,0.8127,known,4screws,0.0032,0.0,0,5,manual
4,2702,4screws,0.7039,known,4screws,0.0029,0.0,0,5,manual
4,2703,4screws,0.8432,known,4screws,0.0027,0.0,0,5,manual
4,2704,4screws,0.74,known,4screws,0.0025,0.0,0,5,manual
4,2705,4screws,0.8148,known,4screws,0.0023,0.0,0,5,manual
4,2706,4screws,0.9497,known,4screws,0.0021,0.0,0,5,manual
4,2707,4screws,0.5882,known,4screws,0.0019,0.0,0,5,manual
4,2708,4screws,0.8556,known,4screws,0.0018,0.0,0,5,manual
4,2709,4screws,0.6998,known,4screws,0.0016,0.0,0,5,manual
4,2710,4screws,0.8298,known,4screws,0.0015,0.0,0,5,manual
4,2711,4screws,0.9,known,4screws,0.0014,0.0,0,5,manual
4,2712,4screws,0.7239,known,4screws,0.0013,0.0,0,5,manual
4,2713,4screws,0.7065,known,4screws,0.0012,0.0,0,5,manual
4,2714,4screws,0.8438,known,4screws,0.0011,0.0,0,5,manual
4,2715,4screws,0.8472,known,4screws,0.001,0.0,0,5,manual
4,2716,4screws,0.8536,known,4screws,0.0009,0.0,0,5,manual
4,2717,4screws,0.7633,known,4screws,0.0008,0.0,0,5,manual
4,2718,4screws,0.8706,known,4screws,0.0008,0.0,0,5,manual
4,2719,4screws,0.7504,known,4screws,0.0007,0.0,0,5,manual
4,2720,4screws,0.566,known,4screws,0.0006,0.0,0,5,manual
4,2721,4screws,1.012,unknown,,0.0806,0.01,0,5,manual
4,2722,4screws,0.9825,known,4screws,0.0741,0.0,0,5,manual
4,2723,4screws,0.6773,known,4screws,0.0682,0.0,0,5,manual
4,2724,4screws,0.8978,known,4screws,0.0628,0.0,0,5,manual
4,2725,4screws,0.7807,known,4screws,0.0577,0.0,0,5,manual
4,2726,4screws,0.818,known,4screws,0.0531,0.0,0,5,manual
4,2727,4screws,0.925,known,4screws,0.0489,0.0,0,5,manual
4,2728,4screws,0.6477,known,4screws,0.045,0.0,0,5,manual
4,2729,4screws,0.7623,known,4screws,0.0414,0.0,0,5,manual
4,2730,4screws,0.867,known,4screws,0.0381,0.0,0,5,manual
4,2731,4screws,0.7778,known,4screws,0.035,0.0,0,5,manual
4,2732,4screws,1.0013,unknown,,0.1122,0.0,0,5,manual
4,2733,4screws,0.7388,known,4screws,0.1032,0.0,0,5,manual
4,2734,4screws,0.9962,known,4screws,0.095,0.0,0,5,manual
4,2735,4screws,0.9276,known,4screws,0.0874,0.0,0,5,manual
4,2736,4screws,0.6959,known,4screws,0.0804,0.0,0,5,manual
4,2737,4screws,0.7495,known,4screws,0.074,0.0,0,5,manual
4,2738,4screws,1.0013,unknown,,0.148,0.0,0,5,manual
4,2739,4screws,0.9151,known,4screws,0.1362,0.0,0,5,manual
4,2740,4screws,0.7111,known,4screws,0.1253,0.0,0,5,manual
4,2741,4screws,0.8127,known,4screws,0.1153,0.0,0,5,manual
4,2742,4screws,0.7039,known,4screws,0.1061,0.0,0,5,manual
4,2743,4screws,0.867,known,4screws,0.0976,0.0,0,5,manual
4,2744,4screws,0.8158,known,4screws,0.0898,0.0,0,5,manual
4,2745,4screws,0.6561,known,4screws,0.0826,0.0,0,5,manual
4,2746,4screws,0.7388,known,4screws,0.076,0.0,0,5,manual
4,2747,4screws,0.8438,known,4screws,0.0699,0.0,0,5,manual
4,2748,4screws,0.925,known,4screws,0.0643,0.0,0,5,manual
4,2749,4screws,0.7376,known,4screws,0.0592,0.0,0,5,manual
4,2750,4screws,0.8298,known,4screws,0.0544,0.0,0,5,manual
4,2751,4screws,0.6619,known,4screws,0.0501,0.0,0,5,manual
4,2752,4screws,0.7778,known,4screws,0.0461,0.0,0,5,manual
4,2753,4screws,0.9,known,4screws,0.0424,0.0,0,5,manual
4,2754,4screws,0.566,known,4screws,0.039,0.0,0,5,manual
4,2755,4screws,1.012,unknown,,0.1159,0.01,0,5,manual
4,2756,4screws,0.8432,known,4screws,0.1066,0.0,0,5,manual
4,2757,4screws,0.8536,known,4screws,0.0981,0.0,0,5,manual
4,2758,4screws,0.7239,known,4screws,0.0902,0.0,0,5,manual
4,2759,4screws,0.957,known,4screws,0.083,0.0,0,5,manual
4,2760,4screws,0.8706,known,4screws,0.0764,0.0,0,5,manual
4,2761,4screws,0.6727,known,4screws,0.0703,0.0,0,5,manual
4,2762,4screws,0.8071,known,4screws,0.0646,0.0,0,5,manual
4,2763,4screws,0.8525,known,4screws,0.0595,0.0,0,5,manual
4,2764,4screws,0.6959,known,4screws,0.0547,0.0,0,5,manual
4,2765,4screws,0.7633,known,4screws,0.0503,0.0,0,5,manual
4,2766,4screws,0.6998,known,4screws,0.0463,0.0,0,5,manual
4,2767,4screws,0.6773,known,4screws,0.0426,0.0,0,5,manual
4,2768,4screws,0.8978,known,4screws,0.0392,0.0,0,5,manual
4,2769,4screws,0.8084,known,4screws,0.0361,0.0,0,5,manual
4,2770,4screws,0.9962,known,4screws,0.0332,0.0,0,5,manual
4,2771,4screws,0.818,known,4screws,0.0305,0.0,0,5,manual
4,2772,4screws,0.8109,known,4screws,0.0281,0.0,0,5,manual
4,2773,4screws,0.9825,known,4screws,0.0258,0.0,0,5,manual
4,2774,4screws,0.963,known,4screws,0.0238,0.0,0,5,manual
4,2775,4screws,0.9425,known,4screws,0.0219,0.0,0,5,manual
4,2776,4screws,0.7807,known,4screws,0.0201,0.0,0,5,manual
4,2777,4screws,0.74,known,4screws,0.0185,0.0,0,5,manual
4,2778,4screws,0.8558,known,4screws,0.017,0.0,0,5,manual
4,2779,4screws,0.9276,known,4screws,0.0157,0.0,0,5,manual
4,2780,4screws,0.7623,known,4screws,0.0144,0.0,0,5,manual
4,2781,4screws,0.7499,known,4screws,0.0133,0.0,0,5,manual
4,2782,4screws,0.8556,known,4screws,0.0122,0.0,0,5,manual
4,2783,4screws,0.8472,known,4screws,0.0112,0.0,0,5,manual
4,2784,4screws,0.7503,known,4screws,0.0103,0.0,0,5,manual
4,2785,4screws,0.7025,known,4screws,0.0095,0.0,0,5,manual
4,2786,4screws,0.7779,known,4screws,0.0087,0.0,0,5,manual
4,2787,4screws,0.5882,known,4screws,0.008,0.0,0,5,manual
4,2788,4screws,0.7065,known,4screws,0.0074,0.0,0,5,manual
4,2789,4screws,0.9187,known,4screws,0.0068,0.0,0,5,manual
4,2790,4screws,0.8148,known,4screws,0.0063,0.0,0,5,manual
4,2791,4screws,0.8553,known,4screws,0.0058,0.0,0,5,manual
4,2792,4screws,0.7504,known,4screws,0.0053,0.0,0,5,manual
4,2793,4screws,0.9497,known,4screws,0.0049,0.0,0,5,manual
4,2794,4screws,0.6477,known,4screws,0.0045,0.0,0,5,manual
4,2795,4screws,0.957,known,4screws,0.0041,0.0,0,5,manual
4,2796,4screws,0.8525,known,4screws,0.0038,0.0,0,5,manual
4,2797,4screws,0.867,known,4screws,0.0035,0.0,0,5,manual
4,2798,4screws,0.6619,known,4screws,0.0032,0.0,0,5,manual
4,2799,4screws,0.6477,known,4screws,0.003,0.0,0,5,manual
4,2800,4screws,0.7239,known,4screws,0.0027,0.0,0,5,manual
4,2801,4screws,0.7388,known,4screws,0.0025,0.0,0,5,manual
4,2802,4screws,0.6959,known,4screws,0.0023,0.0,0,5,manual
4,2803,4screws,0.7504,known,4screws,0.0021,0.0,0,5,manual
4,2804,4screws,0.7633,known,4screws,0.0019,0.0,0,5,manual
4,2805,4screws,1.0013,unknown,,0.0818,0.0,0,5,manual
4,2806,4screws,0.8109,known,4screws,0.0752,0.0,0,5,manual
4,2807,4screws,1.012,unknown,,0.1492,0.01,0,5,manual
4,2808,4screws,0.9825,known,4screws,0.1373,0.0,0,5,manual
4,2809,4screws,0.6998,known,4screws,0.1263,0.0,0,5,manual
4,2810,4screws,0.7807,known,4screws,0.1162,0.0,0,5,manual
4,2811,4screws,0.6561,known,4screws,0.1069,0.0,0,5,manual
4,2812,4screws,0.8553,known,4screws,0.0984,0.0,0,5,manual
4,2813,4screws,0.7039,known,4screws,0.0905,0.0,0,5,manual
4,2814,4screws,0.8432,known,4screws,0.0832,0.0,0,5,manual
4,2815,4screws,0.8536,known,4screws,0.0766,0.0,0,5,manual
4,2816,4screws,0.7623,known,4screws,0.0705,0.0,0,5,manual
4,2817,4screws,0.9497,known,4screws,0.0648,0.0,0,5,manual
4,2818,4screws,0.566,known,4screws,0.0596,0.0,0,5,manual
4,2819,4screws,0.9151,known,4screws,0.0549,0.0,0,5,manual
4,2820,4screws,0.818,known,4screws,0.0505,0.0,0,5,manual
4,2821,4screws,0.8558,known,4screws,0.0464,0.0,0,5,manual
4,2822,4screws,0.925,known,4screws,0.0427,0.0,0,5,manual
4,2823,4screws,0.7779,known,4screws,0.0393,0.0,0,5,manual
4,2824,4screws,0.8127,known,4screws,0.0362,0.0,0,5,manual
4,2825,4screws,0.9425,known,4screws,0.0333,0.0,0,5,manual
4,2826,4screws,0.9187,known,4screws,0.0306,0.0,0,5,manual
4,2827,4screws,0.6773,known,4screws,0.0282,0.0,0,5,manual
4,2828,4screws,0.8472,known,4screws,0.0259,0.0,0,5,manual
4,2829,4screws,0.963,known,4screws,0.0238,0.0,0,5,manual
4,2830,4screws,0.7376,known,4screws,0.0219,0.0,0,5,manual
4,2831,4screws,0.8438,known,4screws,0.0202,0.0,0,5,manual
4,2832,4screws,0.8556,known,4screws,0.0186,0.0,0,5,manual
4,2833,4screws,0.9962,known,4screws,0.0171,0.0,0,5,manual
4,2834,4screws,0.7499,known,4screws,0.0157,0.0,0,5,manual
4,2835,4screws,0.9276,known,4screws,0.0145,0.0,0,5,manual
4,2836,4screws,0.7495,known,4screws,0.0133,0.0,0,5,manual
4,2837,4screws,0.8298,known,4screws,0.0122,0.0,0,5,manual
4,2838,4screws,0.7025,known,4screws,0.0113,0.0,0,5,manual
4,2839,4screws,0.8158,known,4screws,0.0104,0.0,0,5,manual
4,2840,4screws,0.8706,known,4screws,0.0095,0.0,0,5,manual
4,2841,4screws,0.7111,known,4screws,0.0088,0.0,0,5,manual
4,2842,4screws,0.8148,known,4screws,0.0081,0.0,0,5,manual
4,2843,4screws,0.7503,known,4screws,0.0074,0.0,0,5,manual
4,2844,4screws,0.74,known,4screws,0.0068,0.0,0,5,manual
4,2845,4screws,0.7778,known,4screws,0.0063,0.0,0,5,manual
4,2846,4screws,0.8084,known,4screws,0.0058,0.0,0,5,manual
4,2847,4screws,0.7065,known,4screws,0.0053,0.0,0,5,manual
4,2848,4screws,0.6727,known,4screws,0.0049,0.0,0,5,manual
4,2849,4screws,0.8978,known,4screws,0.0045,0.0,0,5,manual
4,2850,4screws,0.5882,known,4screws,0.0041,0.0,0,5,manual
4,2851,4screws,0.9,known,4screws,0.0038,0.0,0,5,manual
4,2852,4screws,0.8071,known,4screws,0.0035,0.0,0,5,manual
4,2853,4screws,0.8556,known,4screws,0.0032,0.0,0,5,manual
4,2854,4screws,0.7039,known,4screws,0.003,0.0,0,5,manual
4,2855,4screws,0.8978,known,4screws,0.0027,0.0,0,5,manual
4,2856,4screws,0.7239,known,4screws,0.0025,0.0,0,5,manual
4,2857,4screws,0.7633,known,4screws,0.0023,0.0,0,5,manual
4,2858,4screws,0.7495,known,4screws,0.0021,0.0,0,5,manual
4,2859,4screws,0.566,known,4screws,0.002,0.0,0,5,manual
4,2860,4screws,0.8525,known,4screws,0.0018,0.0,0,5,manual
4,2861,4screws,0.9825,known,4screws,0.0017,0.0,0,5,manual
4,2862,4screws,0.925,known,4screws,0.0015,0.0,0,5,manual
4,2863,4screws,0.5882,known,4screws,0.0014,0.0,0,5,manual
4,2864,4screws,0.7779,known,4screws,0.0013,0.0,0,5,manual
4,2865,4screws,0.8127,known,4screws,0.0012,0.0,0,5,manual
4,2866,4screws,0.8438,known,4screws,0.0011,0.0,0,5,manual
4,2867,4screws,0.7111,known,4screws,0.001,0.0,0,5,manual
4,2868,4screws,0.8084,known,4screws,0.0009,0.0,0,5,manual
4,2869,4screws,0.818,known,4screws,0.0008,0.0,0,5,manual
4,2870,4screws,0.7376,known,4screws,0.0008,0.0,0,5,manual
4,2871,4screws,0.7778,known,4screws,0.0007,0.0,0,5,manual
4,2872,4screws,0.9151,known,4screws,0.0007,0.0,0,5,manual
4,2873,4screws,0.74,known,4screws,0.0006,0.0,0,5,manual
4,2874,4screws,0.6561,known,4screws,0.0006,0.0,0,5,manual
4,2875,4screws,0.7807,known,4screws,0.0005,0.0,0,5,manual
4,2876,4screws,0.9497,known,4screws,0.0005,0.0,0,5,manual
4,2877,4screws,0.8553,known,4screws,0.0004,0.0,0,5,manual
4,2878,4screws,0.9425,known,4screws,0.0004,0.0,0,5,manual
4,2879,4screws,0.8432,known,4screws,0.0004,0.0,0,5,manual
4,2880,4screws,0.957,known,4screws,0.0003,0.0,0,5,manual
4,2881,4screws,0.8109,known,4screws,0.0003,0.0,0,5,manual
4,2882,4screws,0.8148,known,4screws,0.0003,0.0,0,5,manual
4,2883,4screws,1.012,unknown,,0.0803,0.01,0,5,manual
4,2884,4screws,0.8071,known,4screws,0.0738,0.0,0,5,manual
4,2885,4screws,0.6477,known,4screws,0.0679,0.0,0,5,manual
4,2886,4screws,0.9187,known,4screws,0.0625,0.0,0,5,manual
4,2887,4screws,0.7504,known,4screws,0.0575,0.0,0,5,manual
4,2888,4screws,0.8472,known,4screws,0.0529,0.0,0,5,manual
4,2889,4screws,0.6619,known,4screws,0.0487,0.0,0,5,manual
4,2890,4screws,1.0013,unknown,,0.1248,0.0,0,5,manual
4,2891,4screws,0.7065,known,4screws,0.1148,0.0,0,5,manual
4,2892,4screws,0.7388,known,4screws,0.1056,0.0,0,5,manual
4,2893,4screws,0.8558,known,4screws,0.0972,0.0,0,5,manual
4,2894,4screws,0.9962,known,4screws,0.0894,0.0,0,5,manual
4,2895,4screws,0.8158,known,4screws,0.0822,0.0,0,5,manual
4,2896,4screws,0.9276,known,4screws,0.0757,0.0,0,5,manual
4,2897,4screws,0.8536,known,4screws,0.0696,0.0,0,5,manual
4,2898,4screws,0.7503,known,4screws,0.064,0.0,0,5,manual
4,2899,4screws,0.9,known,4screws,0.0589,0.0,0,5,manual
4,2900,4screws,0.7025,known,4screws,0.0542,0.0,0,5,manual
4,2901,4screws,0.6998,known,4screws,0.0499,0.0,0,5,manual
4,2902,4screws,0.7623,known,4screws,0.0459,0.0,0,5,manual
4,2903,4screws,0.7499,known,4screws,0.0422,0.0,0,5,manual
4,2904,4screws,0.8298,known,4screws,0.0388,0.0,0,5,manual
4,2905,4screws,0.6773,known,4screws,0.0357,0.0,0,5,manual
4,2906,4screws,0.867,known,4screws,0.0329,0.0,0,5,manual
4,2907,4screws,0.6959,known,4screws,0.0302,0.0,0,5,manual
4,2908,4screws,0.8706,known,4screws,0.0278,0.0,0,5,manual
4,2909,4screws,0.963,known,4screws,0.0256,0.0,0,5,manual
4,2910,4screws,0.6727,known,4screws,0.0235,0.0,0,5,manual
4,2911,4screws,0.8558,known,4screws,0.0217,0.0,0,5,manual
4,2912,4screws,0.6619,known,4screws,0.0199,0.0,0,5,manual
4,2913,4screws,0.7025,known,4screws,0.0183,0.0,0,5,manual
4,2914,4screws,0.9187,known,4screws,0.0169,0.0,0,5,manual
4,2915,4screws,0.8472,known,4screws,0.0155,0.0,0,5,manual
4,2916,4screws,0.7065,known,4screws,0.0143,0.0,0,5,manual
4,2917,4screws,0.9151,known,4screws,0.0131,0.0,0,5,manual
4,2918,4screws,0.8084,known,4screws,0.0121,0.0,0,5,manual
4,2919,4screws,0.6477,known,4screws,0.0111,0.0,0,5,manual
4,2920,4screws,0.6727,known,4screws,0.0102,0.0,0,5,manual
4,2921,4screws,0.9962,known,4screws,0.0094,0.0,0,5,manual
4,2922,4screws,0.7633,known,4screws,0.0087,0.0,0,5,manual
4,2923,4screws,0.818,known,4screws,0.008,0.0,0,5,manual
4,2924,4screws,0.6561,known,4screws,0.0073,0.0,0,5,manual
4,2925,4screws,0.7807,known,4screws,0.0067,0.0,0,5,manual
4,2926,4screws,0.7239,known,4screws,0.0062,0.0,0,5,manual
4,2927,4screws,0.9,known,4screws,0.0057,0.0,0,5,manual
4,2928,4screws,0.9825,known,4screws,0.0052,0.0,0,5,manual
4,2929,4screws,0.8536,known,4screws,0.0048,0.0,0,5,manual
4,2930,4screws,0.8158,known,4screws,0.0044,0.0,0,5,manual
4,2931,4screws,0.7376,known,4screws,0.0041,0.0,0,5,manual
4,2932,4screws,0.8553,known,4screws,0.0038,0.0,0,5,manual
4,2933,4screws,0.7778,known,4screws,0.0035,0.0,0,5,manual
4,2934,4screws,0.566,known,4screws,0.0032,0.0,0,5,manual
4,2935,4screws,0.9276,known,4screws,0.0029,0.0,0,5,manual
4,2936,4screws,0.7503,known,4screws,0.0027,0.0,0,5,manual
4,2937,4screws,0.8148,known,4screws,0.0025,0.0,0,5,manual
4,2938,4screws,0.7495,known,4screws,0.0023,0.0,0,5,manual
4,2939,4screws,0.8978,known,4screws,0.0021,0.0,0,5,manual
4,2940,4screws,0.7623,known,4screws,0.0019,0.0,0,5,manual
4,2941,4screws,0.6959,known,4screws,0.0018,0.0,0,5,manual
4,2942,4screws,0.6773,known,4screws,0.0016,0.0,0,5,manual
4,2943,4screws,0.9497,known,4screws,0.0015,0.0,0,5,manual
4,2944,4screws,0.9425,known,4screws,0.0014,0.0,0,5,manual
4,2945,4screws,0.7388,known,4screws,0.0013,0.0,0,5,manual
4,2946,4screws,0.963,known,4screws,0.0012,0.0,0,5,manual
4,2947,4screws,0.8109,known,4screws,0.0011,0.0,0,5,manual
4,2948,4screws,0.7111,known,4screws,0.001,0.0,0,5,manual
4,2949,4screws,0.8556,known,4screws,0.0009,0.0,0,5,manual
4,2950,4screws,0.8071,known,4screws,0.0008,0.0,0,5,manual
4,2951,4screws,0.5882,known,4screws,0.0008,0.0,0,5,manual
4,2952,4screws,0.6998,known,4screws,0.0007,0.0,0,5,manual
4,2953,4screws,0.7504,known,4screws,0.0007,0.0,0,5,manual
4,2954,4screws,0.8127,known,4screws,0.0006,0.0,0,5,manual
4,2955,4screws,0.7499,known,4screws,0.0006,0.0,0,5,manual
4,2956,4screws,1.012,unknown,,0.0805,0.01,0,5,manual
4,2957,4screws,0.7779,known,4screws,0.0741,0.0,0,5,manual
4,2958,4screws,0.8438,known,4screws,0.0681,0.0,0,5,manual
4,2959,4screws,0.8525,known,4screws,0.0627,0.0,0,5,manual
4,2960,4screws,0.8432,known,4screws,0.0577,0.0,0,5,manual
4,2961,4screws,0.74,known,4screws,0.0531,0.0,0,5,manual
4,2962,4screws,0.8298,known,4screws,0.0488,0.0,0,5,manual
4,2963,4screws,0.7039,known,4screws,0.0449,0.0,0,5,manual
4,2964,4screws,0.925,known,4screws,0.0413,0.0,0,5,manual
4,2965,4screws,0.957,known,4screws,0.038,0.0,0,5,manual
4,2966,4screws,0.8706,known,4screws,0.035,0.0,0,5,manual
4,2967,4screws,1.0013,unknown,,0.1122,0.0,0,5,manual
4,2968,4screws,0.867,known,4screws,0.1032,0.0,0,5,manual
4,2969,4screws,0.818,known,4screws,0.0949,0.0,0,5,manual
4,2970,4screws,0.8558,known,4screws,0.0873,0.0,0,5,manual
4,2971,4screws,0.8298,known,4screws,0.0804,0.0,0,5,manual
4,2972,4screws,0.6477,known,4screws,0.0739,0.0,0,5,manual
4,2973,4screws,0.7504,known,4screws,0.068,0.0,0,5,manual
4,2974,4screws,0.8553,known,4screws,0.0626,0.0,0,5,manual
4,2975,4screws,0.7025,known,4screws,0.0576,0.0,0,5,manual
4,2976,4screws,0.8071,known,4screws,0.053,0.0,0,5,manual
4,2977,4screws,0.6619,known,4screws,0.0487,0.0,0,5,manual
4,2978,4screws,0.8109,known,4screws,0.0448,0.0,0,5,manual
4,2979,4screws,0.925,known,4screws,0.0412,0.0,0,5,manual
4,2980,4screws,0.7495,known,4screws,0.0379,0.0,0,5,manual
4,2981,4screws,0.9825,known,4screws,0.0349,0.0,0,5,manual
4,2982,4screws,0.8438,known,4screws,0.0321,0.0,0,5,manual
4,2983,4screws,0.8706,known,4screws,0.0295,0.0,0,5,manual
4,2984,4screws,0.9,known,4screws,0.0272,0.0,0,5,manual
4,2985,4screws,0.8536,known,4screws,0.025,0.0,0,5,manual
4,2986,4screws,0.9425,known,4screws,0.023,0.0,0,5,manual
4,2987,4screws,0.8525,known,4screws,0.0212,0.0,0,5,manual
4,2988,4screws,0.9276,known,4screws,0.0195,0.0,0,5,manual
4,2989,4screws,0.957,known,4screws,0.0179,0.0,0,5,manual
4,2990,4screws,0.7807,known,4screws,0.0165,0.0,0,5,manual
4,2991,4screws,0.7039,known,4screws,0.0152,0.0,0,5,manual
4,2992,4screws,0.7239,known,4screws,0.014,0.0,0,5,manual
4,2993,4screws,0.7376,known,4screws,0.0128,0.0,0,5,manual
4,2994,4screws,0.6773,known,4screws,0.0118,0.0,0,5,manual
4,2995,4screws,0.6727,known,4screws,0.0109,0.0,0,5,manual
4,2996,4screws,0.8432,known,4screws,0.01,0.0,0,5,manual
4,2997,4screws,0.8556,known,4screws,0.0092,0.0,0,5,manual
4,2998,4screws,1.012,unknown,,0.0885,0.01,0,5,manual
4,2999,4screws,0.867,known,4screws,0.0814,0.0,0,5,manual
4,3000,4screws,0.8158,known,4screws,0.0749,0.0,0,5,manual
4,3001,4screws,0.7388,known,4screws,0.0689,0.0,0,5,manual
4,3002,4screws,0.8472,known,4screws,0.0634,0.0,0,5,manual
4,3003,4screws,0.9151,known,4screws,0.0583,0.0,0,5,manual
4,3004,4screws,0.9497,known,4screws,0.0536,0.0,0,5,manual
4,3005,4screws,0.8978,known,4screws,0.0493,0.0,0,5,manual
4,3006,4screws,0.5882,known,4screws,0.0454,0.0,0,5,manual
4,3007,4screws,0.74,known,4screws,0.0418,0.0,0,5,manual
4,3008,4screws,0.7779,known,4screws,0.0384,0.0,0,5,manual
4,3009,4screws,0.7499,known,4screws,0.0354,0.0,0,5,manual
4,3010,4screws,0.7111,known,4screws,0.0325,0.0,0,5,manual
4,3011,4screws,0.7623,known,4screws,0.0299,0.0,0,5,manual
4,3012,4screws,0.8127,known,4screws,0.0275,0.0,0,5,manual
4,3013,4screws,0.566,known,4screws,0.0253,0.0,0,5,manual
4,3014,4screws,0.6998,known,4screws,0.0233,0.0,0,5,manual
4,3015,4screws,0.9962,known,4screws,0.0214,0.0,0,5,manual
4,3016,4screws,0.7633,known,4screws,0.0197,0.0,0,5,manual
4,3017,4screws,1.0013,unknown,,0.0981,0.0,0,5,manual
4,3018,4screws,0.7503,known,4screws,0.0903,0.0,0,5,manual
4,3019,4screws,0.8084,known,4screws,0.0831,0.0,0,5,manual
4,3020,4screws,0.7778,known,4screws,0.0764,0.0,0,5,manual
4,3021,4screws,0.8148,known,4screws,0.0703,0.0,0,5,manual
4,3022,4screws,0.9187,known,4screws,0.0647,0.0,0,5,manual
4,3023,4screws,0.6561,known,4screws,0.0595,0.0,0,5,manual
4,3024,4screws,0.963,known,4screws,0.0547,0.0,0,5,manual
4,3025,4screws,0.7065,known,4screws,0.0504,0.0,0,5,manual
4,3026,4screws,0.6959,known,4screws,0.0463,0.0,0,5,manual
4,3027,4screws,0.7633,known,4screws,0.0426,0.0,0,5,manual
4,3028,4screws,0.8438,known,4screws,0.0392,0.0,0,5,manual
4,3029,4screws,0.7779,known,4screws,0.0361,0.0,0,5,manual
4,3030,4screws,0.8071,known,4screws,0.0332,0.0,0,5,manual
4,3031,4screws,0.8084,known,4screws,0.0305,0.0,0,5,manual
4,3032,4screws,0.8148,known,4screws,0.0281,0.0,0,5,manual
4,3033,4screws,0.7039,known,4screws,0.0259,0.0,0,5,manual
4,3034,4screws,0.7025,known,4screws,0.0238,0.0,0,5,manual
4,3035,4screws,0.867,known,4screws,0.0219,0.0,0,5,manual
4,3036,4screws,0.9,known,4screws,0.0201,0.0,0,5,manual
4,3037,4screws,0.6477,known,4screws,0.0185,0.0,0,5,manual
4,3038,4screws,0.6619,known,4screws,0.017,0.0,0,5,manual
4,3039,4screws,0.7111,known,4screws,0.0157,0.0,0,5,manual
4,3040,4screws,0.7623,known,4screws,0.0144,0.0,0,5,manual
4,3041,4screws,0.7503,known,4screws,0.0133,0.0,0,5,manual
4,3042,4screws,0.7778,known,4screws,0.0122,0.0,0,5,manual
4,3043,4screws,0.925,known,4screws,0.0112,0.0,0,5,manual
4,3044,4screws,0.818,known,4screws,0.0103,0.0,0,5,manual
4,3045,4screws,0.9825,known,4screws,0.0095,0.0,0,5,manual
4,3046,4screws,0.9151,known,4screws,0.0087,0.0,0,5,manual
4,3047,4screws,0.8432,known,4screws,0.008,0.0,0,5,manual
4,3048,4screws,0.9187,known,4screws,0.0074,0.0,0,5,manual
4,3049,4screws,0.8472,known,4screws,0.0068,0.0,0,5,manual
4,3050,4screws,0.74,known,4screws,0.0063,0.0,0,5,manual
4,3051,4screws,0.6959,known,4screws,0.0058,0.0,0,5,manual
4,3052,4screws,0.9276,known,4screws,0.0053,0.0,0,5,manual
4,3053,4screws,0.6561,known,4screws,0.0049,0.0,0,5,manual
4,3054,4screws,0.7065,known,4screws,0.0045,0.0,0,5,manual
4,3055,4screws,0.8109,known,4screws,0.0041,0.0,0,5,manual
4,3056,4screws,0.7807,known,4screws,0.0038,0.0,0,5,manual
4,3057,4screws,0.963,known,4screws,0.0035,0.0,0,5,manual
4,3058,4screws,0.8556,known,4screws,0.0032,0.0,0,5,manual
4,3059,4screws,0.8978,known,4screws,0.003,0.0,0,5,manual
4,3060,4screws,0.957,known,4screws,0.0027,0.0,0,5,manual
4,3061,4screws,0.9962,known,4screws,0.0025,0.0,0,5,manual
4,3062,4screws,0.9425,known,4screws,0.0023,0.0,0,5,manual
4,3063,4screws,0.8298,known,4screws,0.0021,0.0,0,5,manual
4,3064,4screws,0.8536,known,4screws,0.0019,0.0,0,5,manual
4,3065,4screws,1.0013,unknown,,0.0818,0.0,0,5,manual
4,3066,4screws,0.8706,known,4screws,0.0752,0.0,0,5,manual
4,3067,4screws,0.7495,known,4screws,0.0692,0.0,0,5,manual
4,3068,4screws,0.8127,known,4screws,0.0637,0.0,0,5,manual
4,3069,4screws,0.8158,known,4screws,0.0586,0.0,0,5,manual
4,3070,4screws,0.8525,known,4screws,0.0539,0.0,0,5,manual
4,3071,4screws,0.7376,known,4screws,0.0496,0.0,0,5,manual
4,3072,4screws,0.8553,known,4screws,0.0456,0.0,0,5,manual
4,3073,4screws,0.7499,known,4screws,0.042,0.0,0,5,manual
4,3074,4screws,0.9497,known,4screws,0.0386,0.0,0,5,manual
4,3075,4screws,0.5882,known,4screws,0.0355,0.0,0,5,manual
4,3076,4screws,0.6998,known,4screws,0.0327,0.0,0,5,manual
4,3077,4screws,0.7388,known,4screws,0.0301,0.0,0,5,manual
4,3078,4screws,0.6773,known,4screws,0.0277,0.0,0,5,manual
4,3079,4screws,0.6727,known,4screws,0.0255,0.0,0,5,manual
4,3080,4screws,0.7504,known,4screws,0.0234,0.0,0,5,manual
4,3081,4screws,0.7239,known,4screws,0.0215,0.0,0,5,manual
4,3082,4screws,1.012,unknown,,0.0998,0.01,0,5,manual
4,3083,4screws,0.8558,known,4screws,0.0918,0.0,0,5,manual
4,3084,4screws,0.566,known,4screws,0.0845,0.0,0,5,manual
4,3085,4screws,0.9187,known,4screws,0.0777,0.0,0,5,manual
4,3086,4screws,1.012,unknown,,0.1515,0.01,0,5,manual
4,3087,4screws,0.7499,known,4screws,0.1394,0.0,0,5,manual
4,3088,4screws,0.7495,known,4screws,0.1282,0.0,0,5,manual
4,3089,4screws,0.8071,known,4screws,0.118,0.0,0,5,manual
4,3090,4screws,0.7623,known,4screws,0.1085,0.0,0,5,manual
4,3091,4screws,0.6959,known,4screws,0.0999,0.0,0,5,manual
4,3092,4screws,0.7778,known,4screws,0.0919,0.0,0,5,manual
4,3093,4screws,0.963,known,4screws,0.0845,0.0,0,5,manual
4,3094,4screws,0.6561,known,4screws,0.0778,0.0,0,5,manual
4,3095,4screws,0.9151,known,4screws,0.0715,0.0,0,5,manual
4,3096,4screws,0.8706,known,4screws,0.0658,0.0,0,5,manual
4,3097,4screws,0.6727,known,4screws,0.0605,0.0,0,5,manual
4,3098,4screws,0.8553,known,4screws,0.0557,0.0,0,5,manual
4,3099,4screws,0.7111,known,4screws,0.0512,0.0,0,5,manual
4,3100,4screws,0.566,known,4screws,0.0471,0.0,0,5,manual
4,3101,4screws,0.9825,known,4screws,0.0434,0.0,0,5,manual
4,3102,4screws,0.7503,known,4screws,0.0399,0.0,0,5,manual
4,3103,4screws,0.8127,known,4screws,0.0367,0.0,0,5,manual
4,3104,4screws,0.7807,known,4screws,0.0338,0.0,0,5,manual
4,3105,4screws,0.8558,known,4screws,0.0311,0.0,0,5,manual
4,3106,4screws,0.6619,known,4screws,0.0286,0.0,0,5,manual
4,3107,4screws,0.7065,known,4screws,0.0263,0.0,0,5,manual
4,3108,4screws,0.8438,known,4screws,0.0242,0.0,0,5,manual
4,3109,4screws,0.8148,known,4screws,0.0223,0.0,0,5,manual
4,3110,4screws,0.6477,known,4screws,0.0205,0.0,0,5,manual
4,3111,4screws,0.7633,known,4screws,0.0188,0.0,0,5,manual
4,3112,4screws,0.7388,known,4screws,0.0173,0.0,0,5,manual
4,3113,4screws,0.7779,known,4screws,0.0159,0.0,0,5,manual
4,3114,4screws,0.9,known,4screws,0.0147,0.0,0,5,manual
4,3115,4screws,0.5882,known,4screws,0.0135,0.0,0,5,manual
4,3116,4screws,0.7376,known,4screws,0.0124,0.0,0,5,manual
4,3117,4screws,0.7504,known,4screws,0.0114,0.0,0,5,manual
4,3118,4screws,0.7039,known,4screws,0.0105,0.0,0,5,manual
4,3119,4screws,0.8556,known,4screws,0.0097,0.0,0,5,manual
4,3120,4screws,0.867,known,4screws,0.0089,0.0,0,5,manual
4,3121,4screws,0.9276,known,4screws,0.0082,0.0,0,5,manual
4,3122,4screws,0.8536,known,4screws,0.0075,0.0,0,5,manual
4,3123,4screws,0.818,known,4screws,0.0069,0.0,0,5,manual
4,3124,4screws,0.957,known,4screws,0.0064,0.0,0,5,manual
4,3125,4screws,0.8298,known,4screws,0.0059,0.0,0,5,manual
4,3126,4screws,0.9425,known,4screws,0.0054,0.0,0,5,manual
4,3127,4screws,0.7239,known,4screws,0.005,0.0,0,5,manual
4,3128,4screws,0.6998,known,4screws,0.0046,0.0,0,5,manual
4,3129,4screws,0.8472,known,4screws,0.0042,0.0,0,5,manual
4,3130,4screws,0.8084,known,4screws,0.0039,0.0,0,5,manual
4,3131,4screws,0.9497,known,4screws,0.0036,0.0,0,5,manual
4,3132,4screws,0.8109,known,4screws,0.0033,0.0,0,5,manual
4,3133,4screws,0.925,known,4screws,0.003,0.0,0,5,manual
4,3134,4screws,0.7025,known,4screws,0.0028,0.0,0,5,manual
4,3135,4screws,0.74,known,4screws,0.0025,0.0,0,5,manual
4,3136,4screws,0.8978,known,4screws,0.0023,0.0,0,5,manual
4,3137,4screws,0.8158,known,4screws,0.0022,0.0,0,5,manual
4,3138,4screws,0.6773,known,4screws,0.002,0.0,0,5,manual
4,3139,4screws,1.0013,unknown,,0.0818,0.0,0,5,manual
4,3140,4screws,0.8525,known,4screws,0.0753,0.0,0,5,manual
4,3141,4screws,0.9962,known,4screws,0.0693,0.0,0,5,manual
4,3142,4screws,0.8432,known,4screws,0.0637,0.0,0,5,manual
4,3143,4screws,0.8298,known,4screws,0.0586,0.0,0,5,manual
4,3144,4screws,0.9151,known,4screws,0.0539,0.0,0,5,manual
4,3145,4screws,0.6998,known,4screws,0.0496,0.0,0,5,manual
4,3146,4screws,0.566,known,4screws,0.0456,0.0,0,5,manual
4,3147,4screws,0.9425,known,4screws,0.042,0.0,0,5,manual
4,3148,4screws,0.8978,known,4screws,0.0386,0.0,0,5,manual
4,3149,4screws,0.867,known,4screws,0.0355,0.0,0,5,manual
4,3150,4screws,0.9825,known,4screws,0.0327,0.0,0,5,manual
4,3151,4screws,0.7499,known,4screws,0.0301,0.0,0,5,manual
4,3152,4screws,0.8556,known,4screws,0.0277,0.0,0,5,manual
4,3153,4screws,0.8071,known,4screws,0.0255,0.0,0,5,manual
4,3154,4screws,0.7388,known,4screws,0.0234,0.0,0,5,manual
4,3155,4screws,0.7807,known,4screws,0.0216,0.0,0,5,manual
4,3156,4screws,0.8438,known,4screws,0.0198,0.0,0,5,manual
4,3157,4screws,0.8127,known,4screws,0.0182,0.0,0,5,manual
4,3158,4screws,0.7503,known,4screws,0.0168,0.0,0,5,manual
4,3159,4screws,0.6477,known,4screws,0.0154,0.0,0,5,manual
4,3160,4screws,0.7623,known,4screws,0.0142,0.0,0,5,manual
4,3161,4screws,0.5882,known,4screws,0.0131,0.0,0,5,manual
4,3162,4screws,0.9187,known,4screws,0.012,0.0,0,5,manual
4,3163,4screws,0.7633,known,4screws,0.0111,0.0,0,5,manual
4,3164,4screws,0.8432,known,4screws,0.0102,0.0,0,5,manual
4,3165,4screws,0.8148,known,4screws,0.0094,0.0,0,5,manual
4,3166,4screws,0.7239,known,4screws,0.0086,0.0,0,5,manual
4,3167,4screws,0.6619,known,4screws,0.0079,0.0,0,5,manual
4,3168,4screws,1.012,unknown,,0.0873,0.01,0,5,manual
4,3169,4screws,0.818,known,4screws,0.0803,0.0,0,5,manual
4,3170,4screws,0.74,known,4screws,0.0739,0.0,0,5,manual
4,3171,4screws,0.7504,known,4screws,0.068,0.0,0,5,manual
4,3172,4screws,0.7111,known,4screws,0.0625,0.0,0,5,manual
4,3173,4screws,0.7778,known,4screws,0.0575,0.0,0,5,manual
4,3174,4screws,0.6959,known,4screws,0.0529,0.0,0,5,manual
4,3175,4screws,0.6561,known,4screws,0.0487,0.0,0,5,manual
4,3176,4screws,0.9497,known,4screws,0.0448,0.0,0,5,manual
4,3177,4screws,0.8158,known,4screws,0.0412,0.0,0,5,manual
4,3178,4screws,0.7495,known,4screws,0.0379,0.0,0,5,manual
4,3179,4screws,0.7779,known,4screws,0.0349,0.0,0,5,manual
4,3180,4screws,0.9962,known,4screws,0.0321,0.0,0,5,manual
4,3181,4screws,0.7065,known,4screws,0.0295,0.0,0,5,manual
4,3182,4screws,0.9,known,4screws,0.0272,0.0,0,5,manual
4,3183,4screws,0.963,known,4screws,0.025,0.0,0,5,manual
4,3184,4screws,0.8472,known,4screws,0.023,0.0,0,5,manual
4,3185,4screws,0.8706,known,4screws,0.0212,0.0,0,5,manual
4,3186,4screws,0.8536,known,4screws,0.0195,0.0,0,5,manual
4,3187,4screws,0.8553,known,4screws,0.0179,0.0,0,5,manual
4,3188,4screws,0.8109,known,4screws,0.0165,0.0,0,5,manual
4,3189,4screws,0.7025,known,4screws,0.0152,0.0,0,5,manual
4,3190,4screws,0.925,known,4screws,0.0139,0.0,0,5,manual
4,3191,4screws,0.7039,known,4screws,0.0128,0.0,0,5,manual
4,3192,4screws,0.6727,known,4screws,0.0118,0.0,0,5,manual
4,3193,4screws,0.8525,known,4screws,0.0109,0.0,0,5,manual
4,3194,4screws,0.9276,known,4screws,0.01,0.0,0,5,manual
4,3195,4screws,0.957,known,4screws,0.0092,0.0,0,5,manual
4,3196,4screws,0.7376,known,4screws,0.0085,0.0,0,5,manual
4,3197,4screws,1.0013,unknown,,0.0878,0.0,0,5,manual
4,3198,4screws,0.6773,known,4screws,0.0808,0.0,0,5,manual
4,3199,4screws,0.8084,known,4screws,0.0743,0.0,0,5,manual
4,3200,4screws,0.8558,known,4screws,0.0684,0.0,0,5,manual
4,3201,4screws,0.9497,known,4screws,0.0629,0.0,0,5,manual
4,3202,4screws,0.8706,known,4screws,0.0579,0.0,0,5,manual
4,3203,4screws,0.8978,known,4screws,0.0532,0.0,0,5,manual
4,3204,4screws,0.7376,known,4screws,0.049,0.0,0,5,manual
4,3205,4screws,0.9,known,4screws,0.045,0.0,0,5,manual
4,3206,4screws,0.9151,known,4screws,0.0414,0.0,0,5,manual
4,3207,4screws,0.5882,known,4screws,0.0381,0.0,0,5,manual
4,3208,4screws,0.6619,known,4screws,0.0351,0.0,0,5,manual
4,3209,4screws,0.7388,known,4screws,0.0323,0.0,0,5,manual
4,3210,4screws,0.9276,known,4screws,0.0297,0.0,0,5,manual
4,3211,4screws,1.0013,unknown,,0.1073,0.0,0,5,manual
4,3212,4screws,0.8127,known,4screws,0.0987,0.0,0,5,manual
4,3213,4screws,0.6773,known,4screws,0.0908,0.0,0,5,manual
4,3214,4screws,1.012,unknown,,0.1636,0.01,0,5,manual
4,3215,4screws,0.8438,known,4screws,0.1505,0.0,0,5,manual
4,3216,4screws,0.7503,known,4screws,0.1384,0.0,0,5,manual
4,3217,4screws,0.7779,known,4screws,0.1274,0.0,0,5,manual
4,3218,4screws,0.7065,known,4screws,0.1172,0.0,0,5,manual
4,3219,4screws,0.9425,known,4screws,0.1078,0.0,0,5,manual
4,3220,4screws,0.8158,known,4screws,0.0992,0.0,0,5,manual
4,3221,4screws,0.6727,known,4screws,0.0912,0.0,0,5,manual
4,3222,4screws,0.7499,known,4screws,0.0839,0.0,0,5,manual
4,3223,4screws,0.8558,known,4screws,0.0772,0.0,0,5,manual
4,3224,4screws,0.6561,known,4screws,0.0711,0.0,0,5,manual
4,3225,4screws,0.7039,known,4screws,0.0654,0.0,0,5,manual
4,3226,4screws,0.6959,known,4screws,0.0601,0.0,0,5,manual
4,3227,4screws,0.957,known,4screws,0.0553,0.0,0,5,manual
4,3228,4screws,0.8148,known,4screws,0.0509,0.0,0,5,manual
4,3229,4screws,0.7025,known,4screws,0.0468,0.0,0,5,manual
4,3230,4screws,0.818,known,4screws,0.0431,0.0,0,5,manual
4,3231,4screws,0.6477,known,4screws,0.0396,0.0,0,5,manual
4,3232,4screws,0.7633,known,4screws,0.0365,0.0,0,5,manual
4,3233,4screws,0.8556,known,4screws,0.0335,0.0,0,5,manual
4,3234,4screws,0.8472,known,4screws,0.0309,0.0,0,5,manual
4,3235,4screws,0.963,known,4screws,0.0284,0.0,0,5,manual
4,3236,4screws,0.9825,known,4screws,0.0261,0.0,0,5,manual
4,3237,4screws,0.8432,known,4screws,0.024,0.0,0,5,manual
4,3238,4screws,0.7807,known,4screws,0.0221,0.0,0,5,manual
4,3239,4screws,0.8084,known,4screws,0.0203,0.0,0,5,manual
4,3240,4screws,0.8071,known,4screws,0.0187,0.0,0,5,manual
4,3241,4screws,0.7239,known,4screws,0.0172,0.0,0,5,manual
4,3242,4screws,0.8298,known,4screws,0.0158,0.0,0,5,manual
4,3243,4screws,0.9962,known,4screws,0.0146,0.0,0,5,manual
4,3244,4screws,0.925,known,4screws,0.0134,0.0,0,5,manual
4,3245,4screws,0.7623,known,4screws,0.0123,0.0,0,5,manual
4,3246,4screws,0.8553,known,4screws,0.0113,0.0,0,5,manual
4,3247,4screws,0.867,known,4screws,0.0104,0.0,0,5,manual
4,3248,4screws,0.7111,known,4screws,0.0096,0.0,0,5,manual
4,3249,4screws,0.7495,known,4screws,0.0088,0.0,0,5,manual
4,3250,4screws,0.8525,known,4screws,0.0081,0.0,0,5,manual
4,3251,4screws,0.7778,known,4screws,0.0075,0.0,0,5,manual
4,3252,4screws,0.566,known,4screws,0.0069,0.0,0,5,manual
4,3253,4screws,0.8109,known,4screws,0.0063,0.0,0,5,manual
4,3254,4screws,0.8536,known,4screws,0.0058,0.0,0,5,manual
4,3255,4screws,0.7504,known,4screws,0.0054,0.0,0,5,manual
4,3256,4screws,0.6998,known,4screws,0.0049,0.0,0,5,manual
4,3257,4screws,0.74,known,4screws,0.0045,0.0,0,5,manual
4,3258,4screws,0.9187,known,4screws,0.0042,0.0,0,5,manual
4,3259,4screws,0.7039,known,4screws,0.0038,0.0,0,5,manual
4,3260,4screws,0.867,known,4screws,0.0035,0.0,0,5,manual
4,3261,4screws,0.8525,known,4screws,0.0032,0.0,0,5,manual
4,3262,4screws,0.6619,known,4screws,0.003,0.0,0,5,manual
4,3263,4screws,0.8127,known,4screws,0.0027,0.0,0,5,manual
4,3264,4screws,0.7065,known,4screws,0.0025,0.0,0,5,manual
4,3265,4screws,0.9962,known,4screws,0.0023,0.0,0,5,manual
4,3266,4screws,0.9187,known,4screws,0.0021,0.0,0,5,manual
4,3267,4screws,0.9151,known,4screws,0.002,0.0,0,5,manual
4,3268,4screws,0.7111,known,4screws,0.0018,0.0,0,5,manual
4,3269,4screws,0.6773,known,4screws,0.0017,0.0,0,5,manual
4,3270,4screws,0.7807,known,4screws,0.0015,0.0,0,5,manual
4,3271,4screws,0.8148,known,4screws,0.0014,0.0,0,5,manual
4,3272,4screws,0.8438,known,4screws,0.0013,0.0,0,5,manual
4,3273,4screws,0.7779,known,4screws,0.0012,0.0,0,5,manual
4,3274,4screws,0.6561,known,4screws,0.0011,0.0,0,5,manual
4,3275,4screws,0.7499,known,4screws,0.001,0.0,0,5,manual
4,3276,4screws,0.7495,known,4screws,0.0009,0.0,0,5,manual
4,3277,4screws,0.7633,known,4screws,0.0009,0.0,0,5,manual
4,3278,4screws,0.74,known,4screws,0.0008,0.0,0,5,manual
4,3279,4screws,0.9276,known,4screws,0.0007,0.0,0,5,manual
4,3280,4screws,0.8556,known,4screws,0.0007,0.0,0,5,manual
4,3281,4screws,0.8472,known,4screws,0.0006,0.0,0,5,manual
4,3282,4screws,0.8071,known,4screws,0.0006,0.0,0,5,manual
4,3283,4screws,0.8978,known,4screws,0.0005,0.0,0,5,manual
4,3284,4screws,0.8432,known,4screws,0.0005,0.0,0,5,manual
4,3285,4screws,0.7025,known,4screws,0.0004,0.0,0,5,manual
4,3286,4screws,0.8298,known,4screws,0.0004,0.0,0,5,manual
4,3287,4screws,0.818,known,4screws,0.0004,0.0,0,5,manual
4,3288,4screws,1.0013,unknown,,0.0803,0.0,0,5,manual
4,3289,4screws,0.6477,known,4screws,0.0739,0.0,0,5,manual
4,3290,4screws,0.925,known,4screws,0.068,0.0,0,5,manual
4,3291,4screws,0.9425,known,4screws,0.0626,0.0,0,5,manual
4,3292,4screws,0.7778,known,4screws,0.0576,0.0,0,5,manual
4,3293,4screws,0.8553,known,4screws,0.053,0.0,0,5,manual
4,3294,4screws,0.7504,known,4screws,0.0487,0.0,0,5,manual
4,3295,4screws,0.9,known,4screws,0.0448,0.0,0,5,manual
4,3296,4screws,0.7376,known,4screws,0.0412,0.0,0,5,manual
4,3297,4screws,0.6998,known,4screws,0.0379,0.0,0,5,manual
4,3298,4screws,0.9497,known,4screws,0.0349,0.0,0,5,manual
4,3299,4screws,0.8084,known,4screws,0.0321,0.0,0,5,manual
4,3300,4screws,0.8558,known,4screws,0.0295,0.0,0,5,manual
4,3301,4screws,0.7388,known,4screws,0.0272,0.0,0,5,manual
4,3302,4screws,0.963,known,4screws,0.025,0.0,0,5,manual
4,3303,4screws,0.6727,known,4screws,0.023,0.0,0,5,manual
4,3304,4screws,0.7623,known,4screws,0.0212,0.0,0,5,manual
4,3305,4screws,0.8109,known,4screws,0.0195,0.0,0,5,manual
4,3306,4screws,0.7503,known,4screws,0.0179,0.0,0,5,manual
4,3307,4screws,0.8158,known,4screws,0.0165,0.0,0,5,manual
4,3308,4screws,0.6959,known,4screws,0.0152,0.0,0,5,manual
4,3309,4screws,0.8536,known,4screws,0.0139,0.0,0,5,manual
4,3310,4screws,1.012,unknown,,0.0928,0.01,0,5,manual
4,3311,4screws,0.8706,known,4screws,0.0854,0.0,0,5,manual
4,3312,4screws,0.7239,known,4screws,0.0786,0.0,0,5,manual
4,3313,4screws,0.5882,known,4screws,0.0723,0.0,0,5,manual
4,3314,4screws,0.566,known,4screws,0.0665,0.0,0,5,manual
4,3315,4screws,0.957,known,4screws,0.0612,0.0,0,5,manual
4,3316,4screws,0.9825,known,4screws,0.0563,0.0,0,5,manual
4,3317,4screws,0.9497,known,4screws,0.0518,0.0,0,5,manual
4,3318,4screws,0.867,known,4screws,0.0476,0.0,0,5,manual
4,3319,4screws,0.7495,known,4screws,0.0438,0.0,0,5,manual
4,3320,4screws,0.6959,known,4screws,0.0403,0.0,0,5,manual
4,3321,4screws,0.8978,known,4screws,0.0371,0.0,0,5,manual
4,3322,4screws,0.7239,known,4screws,0.0341,0.0,0,5,manual
4,3323,4screws,0.7376,known,4screws,0.0314,0.0,0,5,manual
4,3324,4screws,0.7025,known,4screws,0.0289,0.0,0,5,manual
4,3325,4screws,0.7503,known,4screws,0.0266,0.0,0,5,manual
4,3326,4screws,0.8536,known,4screws,0.0245,0.0,0,5,manual
4,3327,4screws,0.8438,known,4screws,0.0225,0.0,0,5,manual
4,3328,4screws,0.7504,known,4screws,0.0207,0.0,0,5,manual
4,3329,4screws,0.74,known,4screws,0.019,0.0,0,5,manual
4,3330,4screws,1.012,unknown,,0.0975,0.01,0,5,manual
4,3331,4screws,0.7499,known,4screws,0.0897,0.0,0,5,manual
4,3332,4screws,0.957,known,4screws,0.0825,0.0,0,5,manual
4,3333,4screws,0.9151,known,4screws,0.0759,0.0,0,5,manual
4,3334,4screws,0.8109,known,4screws,0.0699,0.0,0,5,manual
4,3335,4screws,0.8525,known,4screws,0.0643,0.0,0,5,manual
4,3336,4screws,0.8071,known,4screws,0.0591,0.0,0,5,manual
4,3337,4screws,0.963,known,4screws,0.0544,0.0,0,5,manual
4,3338,4screws,0.8558,known,4screws,0.05,0.0,0,5,manual
4,3339,4screws,0.6773,known,4screws,0.046,0.0,0,5,manual
4,3340,4screws,0.7807,known,4screws,0.0424,0.0,0,5,manual
4,3341,4screws,0.8556,known,4screws,0.039,0.0,0,5,manual
4,3342,4screws,0.8298,known,4screws,0.0359,0.0,0,5,manual
4,3343,4screws,0.7778,known,4screws,0.033,0.0,0,5,manual
4,3344,4screws,0.8148,known,4screws,0.0303,0.0,0,5,manual
4,3345,4screws,0.9187,known,4screws,0.0279,0.0,0,5,manual
4,3346,4screws,0.9425,known,4screws,0.0257,0.0,0,5,manual
4,3347,4screws,0.8706,known,4screws,0.0236,0.0,0,5,manual
4,3348,4screws,0.7388,known,4screws,0.0217,0.0,0,5,manual
4,3349,4screws,0.8084,known,4screws,0.02,0.0,0,5,manual
4,3350,4screws,0.9,known,4screws,0.0184,0.0,0,5,manual
4,3351,4screws,1.0013,unknown,,0.0969,0.0,0,5,manual
4,3352,4screws,0.9825,known,4screws,0.0892,0.0,0,5,manual
4,3353,4screws,0.7623,known,4screws,0.082,0.0,0,5,manual
4,3354,4screws,0.8127,known,4screws,0.0755,0.0,0,5,manual
4,3355,4screws,0.9276,known,4screws,0.0694,0.0,0,5,manual
4,3356,4screws,0.9962,known,4screws,0.0639,0.0,0,5,manual
4,3357,4screws,0.818,known,4screws,0.0588,0.0,0,5,manual
4,3358,4screws,0.6561,known,4screws,0.0541,0.0,0,5,manual
4,3359,4screws,0.6727,known,4screws,0.0497,0.0,0,5,manual
4,3360,4screws,0.7633,known,4screws,0.0458,0.0,0,5,manual
4,3361,4screws,0.8472,known,4screws,0.0421,0.0,0,5,manual
4,3362,4screws,0.566,known,4screws,0.0387,0.0,0,5,manual
4,3363,4screws,0.8432,known,4screws,0.0356,0.0,0,5,manual
4,3364,4screws,0.6998,known,4screws,0.0328,0.0,0,5,manual
4,3365,4screws,0.7111,known,4screws,0.0302,0.0,0,5,manual
4,3366,4screws,0.7039,known,4screws,0.0278,0.0,0,5,manual
4,3367,4screws,0.8158,known,4screws,0.0255,0.0,0,5,manual
4,3368,4screws,0.8553,known,4screws,0.0235,0.0,0,5,manual
4,3369,4screws,0.6477,known,4screws,0.0216,0.0,0,5,manual
4,3370,4screws,0.5882,known,4screws,0.0199,0.0,0,5,manual
4,3371,4screws,0.7779,known,4screws,0.0183,0.0,0,5,manual
4,3372,4screws,0.6619,known,4screws,0.0168,0.0,0,5,manual
4,3373,4screws,0.925,known,4screws,0.0155,0.0,0,5,manual
4,3374,4screws,0.7065,known,4screws,0.0142,0.0,0,5,manual
4,3375,4screws,0.7495,known,4screws,0.0131,0.0,0,5,manual
4,3376,4screws,0.7503,known,4screws,0.0121,0.0,0,5,manual
4,3377,4screws,0.7807,known,4screws,0.0111,0.0,0,5,manual
4,3378,4screws,0.8071,known,4screws,0.0102,0.0,0,5,manual
4,3379,4screws,0.7065,known,4screws,0.0094,0.0,0,5,manual
4,3380,4screws,0.9276,known,4screws,0.0086,0.0,0,5,manual
4,3381,4screws,0.8127,known,4screws,0.0079,0.0,0,5,manual
4,3382,4screws,0.9,known,4screws,0.0073,0.0,0,5,manual
4,3383,4screws,0.9187,known,4screws,0.0067,0.0,0,5,manual
4,3384,4screws,0.7111,known,4screws,0.0062,0.0,0,5,manual
4,3385,4screws,0.6727,known,4screws,0.0057,0.0,0,5,manual
4,3386,4screws,0.8084,known,4screws,0.0052,0.0,0,5,manual
4,3387,4screws,0.8109,known,4screws,0.0048,0.0,0,5,manual
4,3388,4screws,0.6998,known,4screws,0.0044,0.0,0,5,manual
4,3389,4screws,0.818,known,4screws,0.0041,0.0,0,5,manual
4,3390,4screws,1.012,unknown,,0.0838,0.01,0,5,manual
4,3391,4screws,0.7039,known,4screws,0.0771,0.0,0,5,manual
4,3392,4screws,0.8556,known,4screws,0.0709,0.0,0,5,manual
4,3393,4screws,0.957,known,4screws,0.0652,0.0,0,5,manual
4,3394,4screws,0.7623,known,4screws,0.06,0.0,0,5,manual
4,3395,4screws,0.7388,known,4screws,0.0552,0.0,0,5,manual
4,3396,4screws,0.8158,known,4screws,0.0508,0.0,0,5,manual
4,3397,4screws,0.8148,known,4screws,0.0467,0.0,0,5,manual
4,3398,4screws,0.8472,known,4screws,0.043,0.0,0,5,manual
4,3399,4screws,1.0013,unknown,,0.1195,0.0,0,5,manual
4,3400,4screws,0.6477,known,4screws,0.11,0.0,0,5,manual
4,3401,4screws,0.9425,known,4screws,0.1012,0.0,0,5,manual
4,3402,4screws,0.8558,known,4screws,0.0931,0.0,0,5,manual
4,3403,4screws,0.6619,known,4screws,0.0856,0.0,0,5,manual
4,3404,4screws,0.566,known,4screws,0.0788,0.0,0,5,manual
4,3405,4screws,0.925,known,4screws,0.0725,0.0,0,5,manual
4,3406,4screws,0.8978,known,4screws,0.0667,0.0,0,5,manual
4,3407,4screws,0.8432,known,4screws,0.0614,0.0,0,5,manual
4,3408,4screws,0.5882,known,4screws,0.0564,0.0,0,5,manual
4,3409,4screws,0.8536,known,4screws,0.0519,0.0,0,5,manual
4,3410,4screws,0.7504,known,4screws,0.0478,0.0,0,5,manual
4,3411,4screws,0.7239,known,4screws,0.044,0.0,0,5,manual
4,3412,4screws,0.9825,known,4screws,0.0404,0.0,0,5,manual
4,3413,4screws,0.9497,known,4screws,0.0372,0.0,0,5,manual
4,3414,4screws,0.7376,known,4screws,0.0342,0.0,0,5,manual
4,3415,4screws,0.7778,known,4screws,0.0315,0.0,0,5,manual
4,3416,4screws,0.8298,known,4screws,0.029,0.0,0,5,manual
4,3417,4screws,0.6773,known,4screws,0.0267,0.0,0,5,manual
4,3418,4screws,0.7779,known,4screws,0.0245,0.0,0,5,manual
4,3419,4screws,0.9151,known,4screws,0.0226,0.0,0,5,manual
4,3420,4screws,0.9962,known,4screws,0.0208,0.0,0,5,manual
4,3421,4screws,0.8706,known,4screws,0.0191,0.0,0,5,manual
4,3422,4screws,0.867,known,4screws,0.0176,0.0,0,5,manual
4,3423,4screws,0.8553,known,4screws,0.0162,0.0,0,5,manual
4,3424,4screws,0.7633,known,4screws,0.0149,0.0,0,5,manual
4,3425,4screws,0.7025,known,4screws,0.0137,0.0,0,5,manual
4,3426,4screws,0.963,known,4screws,0.0126,0.0,0,5,manual
4,3427,4screws,0.74,known,4screws,0.0116,0.0,0,5,manual
4,3428,4screws,0.8525,known,4screws,0.0107,0.0,0,5,manual
4,3429,4screws,0.7499,known,4screws,0.0098,0.0,0,5,manual
4,3430,4screws,0.6561,known,4screws,0.009,0.0,0,5,manual
4,3431,4screws,0.6959,known,4screws,0.0083,0.0,0,5,manual
4,3432,4screws,0.8438,known,4screws,0.0076,0.0,0,5,manual
4,3433,4screws,0.7623,known,4screws,0.007,0.0,0,5,manual
4,3434,4screws,0.7065,known,4screws,0.0065,0.0,0,5,manual
4,3435,4screws,0.925,known,4screws,0.0059,0.0,0,5,manual
4,3436,4screws,0.8556,known,4screws,0.0055,0.0,0,5,manual
4,3437,4screws,0.7495,known,4screws,0.005,0.0,0,5,manual
4,3438,4screws,0.9425,known,4screws,0.0046,0.0,0,5,manual
4,3439,4screws,0.7388,known,4screws,0.0043,0.0,0,5,manual
4,3440,4screws,0.9497,known,4screws,0.0039,0.0,0,5,manual
4,3441,4screws,0.7633,known,4screws,0.0036,0.0,0,5,manual
4,3442,4screws,0.5882,known,4screws,0.0033,0.0,0,5,manual
4,3443,4screws,0.566,known,4screws,0.003,0.0,0,5,manual
4,3444,4screws,0.8558,known,4screws,0.0028,0.0,0,5,manual
4,3445,4screws,0.8553,known,4screws,0.0026,0.0,0,5,manual
4,3446,4screws,0.9187,known,4screws,0.0024,0.0,0,5,manual
4,3447,4screws,0.867,known,4screws,0.0022,0.0,0,5,manual
4,3448,4screws,0.7807,known,4screws,0.002,0.0,0,5,manual
4,3449,4screws,0.8525,known,4screws,0.0018,0.0,0,5,manual
4,3450,4screws,0.8071,known,4screws,0.0017,0.0,0,5,manual
4,3451,4screws,0.8438,known,4screws,0.0016,0.0,0,5,manual
4,3452,4screws,0.7499,known,4screws,0.0014,0.0,0,5,manual
4,3453,4screws,0.6727,known,4screws,0.0013,0.0,0,5,manual
4,3454,4screws,0.8148,known,4screws,0.0012,0.0,0,5,manual
4,3455,4screws,0.7778,known,4screws,0.0011,0.0,0,5,manual
4,3456,4screws,0.818,known,4screws,0.001,0.0,0,5,manual
4,3457,4screws,0.6959,known,4screws,0.0009,0.0,0,5,manual
4,3458,4screws,0.7239,known,4screws,0.0009,0.0,0,5,manual
4,3459,4screws,0.6998,known,4screws,0.0008,0.0,0,5,manual
4,3460,4screws,0.7779,known,4screws,0.0007,0.0,0,5,manual
4,3461,4screws,0.6619,known,4screws,0.0007,0.0,0,5,manual
4,3462,4screws,0.7039,known,4screws,0.0006,0.0,0,5,manual
4,3463,4screws,0.9962,known,4screws,0.0006,0.0,0,5,manual
4,3464,4screws,0.6773,known,4screws,0.0005,0.0,0,5,manual
4,3465,4screws,0.7504,known,4screws,0.0005,0.0,0,5,manual
4,3466,4screws,0.7503,known,4screws,0.0004,0.0,0,5,manual
4,3467,4screws,1.0013,unknown,,0.0804,0.0,0,5,manual
4,3468,4screws,0.9276,known,4screws,0.074,0.0,0,5,manual
4,3469,4screws,0.8158,known,4screws,0.0681,0.0,0,5,manual
4,3470,4screws,0.6477,known,4screws,0.0626,0.0,0,5,manual
4,3471,4screws,0.8084,known,4screws,0.0576,0.0,0,5,manual
4,3472,4screws,0.8432,known,4screws,0.053,0.0,0,5,manual
4,3473,4screws,0.6561,known,4screws,0.0488,0.0,0,5,manual
4,3474,4screws,0.8298,known,4screws,0.0449,0.0,0,5,manual
4,3475,4screws,0.8978,known,4screws,0.0413,0.0,0,5,manual
4,3476,4screws,0.8127,known,4screws,0.038,0.0,0,5,manual
4,3477,4screws,0.7376,known,4screws,0.0349,0.0,0,5,manual
4,3478,4screws,0.7025,known,4screws,0.0321,0.0,0,5,manual
4,3479,4screws,0.9,known,4screws,0.0296,0.0,0,5,manual
4,3480,4screws,0.8109,known,4screws,0.0272,0.0,0,5,manual
4,3481,4screws,0.8706,known,4screws,0.025,0.0,0,5,manual
4,3482,4screws,0.74,known,4screws,0.023,0.0,0,5,manual
4,3483,4screws,0.8472,known,4screws,0.0212,0.0,0,5,manual
4,3484,4screws,0.9151,known,4screws,0.0195,0.0,0,5,manual
4,3485,4screws,0.8536,known,4screws,0.0179,0.0,0,5,manual
4,3486,4screws,0.9825,known,4screws,0.0165,0.0,0,5,manual
4,3487,4screws,0.7111,known,4screws,0.0152,0.0,0,5,manual
4,3488,4screws,0.957,known,4screws,0.014,0.0,0,5,manual
4,3489,4screws,0.963,known,4screws,0.0128,0.0,0,5,manual
4,3490,4screws,1.012,unknown,,0.0918,0.01,0,5,manual
4,3491,4screws,0.9425,known,4screws,0.0845,0.0,0,5,manual
4,3492,4screws,0.818,known,4screws,0.0777,0.0,0,5,manual
4,3493,4screws,0.867,known,4screws,0.0715,0.0,0,5,manual
4,3494,4screws,0.8071,known,4screws,0.0658,0.0,0,5,manual
4,3495,4screws,0.6959,known,4screws,0.0605,0.0,0,5,manual
4,3496,4screws,0.9497,known,4screws,0.0557,0.0,0,5,manual
4,3497,4screws,0.8706,known,4screws,0.0512,0.0,0,5,manual
4,3498,4screws,0.7499,known,4screws,0.0471,0.0,0,5,manual
4,3499,4screws,1.012,unknown,,0.1234,0.01,0,5,manual
4,3500,4screws,0.7025,known,4screws,0.1135,0.0,0,5,manual
4,3501,4screws,0.6477,known,4screws,0.1044,0.0,0,5,manual
4,3502,4screws,0.7633,known,4screws,0.0961,0.0,0,5,manual
4,3503,4screws,0.8432,known,4screws,0.0884,0.0,0,5,manual
4,3504,4screws,0.8536,known,4screws,0.0813,0.0,0,5,manual
4,3505,4screws,0.8438,known,4screws,0.0748,0.0,0,5,manual
4,3506,4screws,0.8553,known,4screws,0.0688,0.0,0,5,manual
4,3507,4screws,0.8525,known,4screws,0.0633,0.0,0,5,manual
4,3508,4screws,0.74,known,4screws,0.0582,0.0,0,5,manual
4,3509,4screws,0.9,known,4screws,0.0536,0.0,0,5,manual
4,3510,4screws,0.6773,known,4screws,0.0493,0.0,0,5,manual
4,3511,4screws,0.566,known,4screws,0.0454,0.0,0,5,manual
4,3512,4screws,0.5882,known,4screws,0.0417,0.0,0,5,manual
4,3513,4screws,0.7807,known,4screws,0.0384,0.0,0,5,manual
4,3514,4screws,0.7376,known,4screws,0.0353,0.0,0,5,manual
4,3515,4screws,0.7778,known,4screws,0.0325,0.0,0,5,manual
4,3516,4screws,0.7504,known,4screws,0.0299,0.0,0,5,manual
4,3517,4screws,0.8558,known,4screws,0.0275,0.0,0,5,manual
4,3518,4screws,0.8148,known,4screws,0.0253,0.0,0,5,manual
4,3519,4screws,0.8556,known,4screws,0.0233,0.0,0,5,manual
4,3520,4screws,0.9962,known,4screws,0.0214,0.0,0,5,manual
4,3521,4screws,0.8084,known,4screws,0.0197,0.0,0,5,manual
4,3522,4screws,0.9825,known,4screws,0.0181,0.0,0,5,manual
4,3523,4screws,0.9151,known,4screws,0.0167,0.0,0,5,manual
4,3524,4screws,0.6998,known,4screws,0.0153,0.0,0,5,manual
4,3525,4screws,0.957,known,4screws,0.0141,0.0,0,5,manual
4,3526,4screws,0.7065,known,4screws,0.013,0.0,0,5,manual
4,3527,4screws,0.7388,known,4screws,0.0119,0.0,0,5,manual
4,3528,4screws,0.7111,known,4screws,0.011,0.0,0,5,manual
4,3529,4screws,0.7503,known,4screws,0.0101,0.0,0,5,manual
4,3530,4screws,0.9276,known,4screws,0.0093,0.0,0,5,manual
4,3531,4screws,0.7623,known,4screws,0.0086,0.0,0,5,manual
4,3532,4screws,0.8109,known,4screws,0.0079,0.0,0,5,manual
4,3533,4screws,0.7239,known,4screws,0.0072,0.0,0,5,manual
4,3534,4screws,0.8298,known,4screws,0.0067,0.0,0,5,manual
4,3535,4screws,0.6561,known,4screws,0.0061,0.0,0,5,manual
4,3536,4screws,0.8127,known,4screws,0.0056,0.0,0,5,manual
4,3537,4screws,0.7039,known,4screws,0.0052,0.0,0,5,manual
4,3538,4screws,0.6727,known,4screws,0.0048,0.0,0,5,manual
4,3539,4screws,0.925,known,4screws,0.0044,0.0,0,5,manual
4,3540,4screws,0.7779,known,4screws,0.004,0.0,0,5,manual
4,3541,4screws,0.9187,known,4screws,0.0037,0.0,0,5,manual
4,3542,4screws,0.8158,known,4screws,0.0034,0.0,0,5,manual
4,3543,4screws,0.8472,known,4screws,0.0031,0.0,0,5,manual
4,3544,4screws,0.963,known,4screws,0.0029,0.0,0,5,manual
4,3545,4screws,0.6619,known,4screws,0.0027,0.0,0,5,manual
4,3546,4screws,0.7495,known,4screws,0.0025,0.0,0,5,manual
4,3547,4screws,1.0013,unknown,,0.0823,0.0,0,5,manual
4,3548,4screws,0.8978,known,4screws,0.0757,0.0,0,5,manual
4,3549,4screws,0.7623,known,4screws,0.0696,0.0,0,5,manual
4,3550,4screws,0.963,known,4screws,0.0641,0.0,0,5,manual
4,3551,4screws,0.8432,known,4screws,0.0589,0.0,0,5,manual
4,3552,4screws,0.8148,known,4screws,0.0542,0.0,0,5,manual
4,3553,4screws,0.9151,known,4screws,0.0499,0.0,0,5,manual
4,3554,4screws,0.8071,known,4screws,0.0459,0.0,0,5,manual
4,3555,4screws,0.8553,known,4screws,0.0422,0.0,0,5,manual
4,3556,4screws,0.8525,known,4screws,0.0388,0.0,0,5,manual
4,3557,4screws,0.818,known,4screws,0.0357,0.0,0,5,manual
4,3558,4screws,0.7065,known,4screws,0.0329,0.0,0,5,manual
4,3559,4screws,0.6998,known,4screws,0.0302,0.0,0,5,manual
4,3560,4screws,0.7025,known,4screws,0.0278,0.0,0,5,manual
4,3561,4screws,0.9187,known,4screws,0.0256,0.0,0,5,manual
4,3562,4screws,0.8558,known,4screws,0.0235,0.0,0,5,manual
4,3563,4screws,0.8298,known,4screws,0.0217,0.0,0,5,manual
4,3564,4screws,1.012,unknown,,0.0999,0.01,0,5,manual
4,3565,4screws,0.6727,known,4screws,0.0919,0.0,0,5,manual
4,3566,4screws,0.6773,known,4screws,0.0846,0.0,0,5,manual
4,3567,4screws,0.9962,known,4screws,0.0778,0.0,0,5,manual
4,3568,4screws,0.8127,known,4screws,0.0716,0.0,0,5,manual
4,3569,4screws,0.7633,known,4screws,0.0659,0.0,0,5,manual
4,3570,4screws,0.6619,known,4screws,0.0606,0.0,0,5,manual
4,3571,4screws,0.8472,known,4screws,0.0557,0.0,0,5,manual
4,3572,4screws,0.7039,known,4screws,0.0513,0.0,0,5,manual
4,3573,4screws,0.9425,known,4screws,0.0472,0.0,0,5,manual
4,3574,4screws,0.7376,known,4screws,0.0434,0.0,0,5,manual
4,3575,4screws,0.8556,known,4screws,0.0399,0.0,0,5,manual
4,3576,4screws,0.867,known,4screws,0.0367,0.0,0,5,manual
4,3577,4screws,0.7504,known,4screws,0.0338,0.0,0,5,manual
4,3578,4screws,0.8706,known,4screws,0.0311,0.0,0,5,manual
4,3579,4screws,0.8158,known,4screws,0.0286,0.0,0,5,manual
4,3580,4screws,0.8536,known,4screws,0.0263,0.0,0,5,manual
4,3581,4screws,0.7495,known,4screws,0.0242,0.0,0,5,manual
4,3582,4screws,0.566,known,4screws,0.0223,0.0,0,5,manual
4,3583,4screws,0.6561,known,4screws,0.0205,0.0,0,5,manual
4,3584,4screws,0.7388,known,4screws,0.0189,0.0,0,5,manual
4,3585,4screws,0.9,known,4screws,0.0173,0.0,0,5,manual
4,3586,4screws,1.0013,unknown,,0.096,0.0,0,5,manual
4,3587,4screws,0.957,known,4screws,0.0883,0.0,0,5,manual
4,3588,4screws,0.7778,known,4screws,0.0812,0.0,0,5,manual
4,3589,4screws,0.6477,known,4screws,0.0747,0.0,0,5,manual
4,3590,4screws,0.74,known,4screws,0.0687,0.0,0,5,manual
4,3591,4screws,0.7111,known,4screws,0.0632,0.0,0,5,manual
4,3592,4screws,0.8084,known,4screws,0.0582,0.0,0,5,manual
4,3593,4screws,0.9497,known,4screws,0.0535,0.0,0,5,manual
4,3594,4screws,0.7239,known,4screws,0.0492,0.0,0,5,manual
4,3595,4screws,0.7779,known,4screws,0.0453,0.0,0,5,manual
4,3596,4screws,0.7807,known,4screws,0.0417,0.0,0,5,manual
4,3597,4screws,0.7503,known,4screws,0.0383,0.0,0,5,manual
4,3598,4screws,0.5882,known,4screws,0.0353,0.0,0,5,manual
4,3599,4screws,0.9825,known,4screws,0.0325,0.0,0,5,manual
4,3600,4screws,0.925,known,4screws,0.0299,0.0,0,5,manual
4,3601,4screws,0.8978,known,4screws,0.0275,0.0,0,5,manual
4,3602,4screws,0.8109,known,4screws,0.0253,0.0,0,5,manual
4,3603,4screws,0.7499,known,4screws,0.0233,0.0,0,5,manual
4,3604,4screws,0.6959,known,4screws,0.0214,0.0,0,5,manual
4,3605,4screws,0.9276,known,4screws,0.0197,0.0,0,5,manual
4,3606,4screws,0.8438,known,4screws,0.0181,0.0,0,5,manual
4,3607,4screws,0.8158,known,4screws,0.0167,0.0,0,5,manual
4,3608,4screws,0.8148,known,4screws,0.0153,0.0,0,5,manual
4,3609,4screws,0.8472,known,4screws,0.0141,0.0,0,5,manual
4,3610,4screws,0.9187,known,4screws,0.013,0.0,0,5,manual
4,3611,4screws,0.7499,known,4screws,0.0119,0.0,0,5,manual
4,3612,4screws,0.7376,known,4screws,0.011,0.0,0,5,manual
4,3613,4screws,0.8298,known,4screws,0.0101,0.0,0,5,manual
4,3614,4screws,0.6727,known,4screws,0.0093,0.0,0,5,manual
4,3615,4screws,0.8084,known,4screws,0.0085,0.0,0,5,manual
4,3616,4screws,0.8706,known,4screws,0.0079,0.0,0,5,manual
4,3617,4screws,0.6773,known,4screws,0.0072,0.0,0,5,manual
4,3618,4screws,0.6959,known,4screws,0.0067,0.0,0,5,manual
4,3619,4screws,0.7807,known,4screws,0.0061,0.0,0,5,manual
4,3620,4screws,0.7025,known,4screws,0.0056,0.0,0,5,manual
4,3621,4screws,0.7039,known,4screws,0.0052,0.0,0,5,manual
4,3622,4screws,0.7778,known,4screws,0.0048,0.0,0,5,manual
4,3623,4screws,0.6561,known,4screws,0.0044,0.0,0,5,manual
4,3624,4screws,0.9276,known,4screws,0.004,0.0,0,5,manual
4,3625,4screws,0.7495,known,4screws,0.0037,0.0,0,5,manual
4,3626,4screws,1.012,unknown,,0.0834,0.01,0,5,manual
4,3627,4screws,0.566,known,4screws,0.0767,0.0,0,5,manual
4,3628,4screws,0.957,known,4screws,0.0706,0.0,0,5,manual
4,3629,4screws,0.9425,known,4screws,0.065,0.0,0,5,manual
4,3630,4screws,0.8109,known,4screws,0.0598,0.0,0,5,manual
4,3631,4screws,0.9151,known,4screws,0.055,0.0,0,5,manual
4,3632,4screws,0.8127,known,4screws,0.0506,0.0,0,5,manual
4,3633,4screws,0.8536,known,4screws,0.0465,0.0,0,5,manual
4,3634,4screws,0.6998,known,4screws,0.0428,0.0,0,5,manual
4,3635,4screws,0.867,known,4screws,0.0394,0.0,0,5,manual
4,3636,4screws,0.7504,known,4screws,0.0362,0.0,0,5,manual
4,3637,4screws,0.9962,known,4screws,0.0333,0.0,0,5,manual
4,3638,4screws,0.7239,known,4screws,0.0307,0.0,0,5,manual
4,3639,4screws,0.8978,known,4screws,0.0282,0.0,0,5,manual
4,3640,4screws,0.7503,known,4screws,0.026,0.0,0,5,manual
4,3641,4screws,0.9497,known,4screws,0.0239,0.0,0,5,manual
4,3642,4screws,0.9825,known,4screws,0.022,0.0,0,5,manual
4,3643,4screws,0.8558,known,4screws,0.0202,0.0,0,5,manual
4,3644,4screws,0.7779,known,4screws,0.0186,0.0,0,5,manual
4,3645,4screws,0.7111,known,4screws,0.0171,0.0,0,5,manual
4,3646,4screws,0.8556,known,4screws,0.0157,0.0,0,5,manual
4,3647,4screws,0.8071,known,4screws,0.0145,0.0,0,5,manual
4,3648,4screws,0.925,known,4screws,0.0133,0.0,0,5,manual
4,3649,4screws,0.8438,known,4screws,0.0123,0.0,0,5,manual
4,3650,4screws,0.8432,known,4screws,0.0113,0.0,0,5,manual
4,3651,4screws,0.5882,known,4screws,0.0104,0.0,0,5,manual
4,3652,4screws,0.7065,known,4screws,0.0095,0.0,0,5,manual
4,3653,4screws,0.7388,known,4screws,0.0088,0.0,0,5,manual
4,3654,4screws,0.7623,known,4screws,0.0081,0.0,0,5,manual
4,3655,4screws,0.74,known,4screws,0.0074,0.0,0,5,manual
4,3656,4screws,0.8525,known,4screws,0.0068,0.0,0,5,manual
4,3657,4screws,0.6619,known,4screws,0.0063,0.0,0,5,manual
4,3658,4screws,0.963,known,4screws,0.0058,0.0,0,5,manual
4,3659,4screws,0.9,known,4screws,0.0053,0.0,0,5,manual
4,3660,4screws,0.818,known,4screws,0.0049,0.0,0,5,manual
4,3661,4screws,0.8553,known,4screws,0.0045,0.0,0,5,manual
4,3662,4screws,0.7633,known,4screws,0.0041,0.0,0,5,manual
4,3663,4screws,0.6477,known,4screws,0.0038,0.0,0,5,manual
4,3664,4screws,1.0013,unknown,,0.0835,0.0,0,5,manual
4,3665,4screws,0.9497,known,4screws,0.0768,0.0,0,5,manual
4,3666,4screws,0.8536,known,4screws,0.0707,0.0,0,5,manual
4,3667,4screws,0.8558,known,4screws,0.065,0.0,0,5,manual
4,3668,4screws,0.8084,known,4screws,0.0598,0.0,0,5,manual
4,3669,4screws,0.9151,known,4screws,0.055,0.0,0,5,manual
4,3670,4screws,0.9962,known,4screws,0.0506,0.0,0,5,manual
4,3671,4screws,0.8553,known,4screws,0.0466,0.0,0,5,manual
4,3672,4screws,0.8556,known,4screws,0.0429,0.0,0,5,manual
4,3673,4screws,0.8158,known,4screws,0.0394,0.0,0,5,manual
4,3674,4screws,0.9276,known,4screws,0.0363,0.0,0,5,manual
4,3675,4screws,0.7504,known,4screws,0.0334,0.0,0,5,manual
4,3676,4screws,0.8148,known,4screws,0.0307,0.0,0,5,manual
4,3677,4screws,0.7499,known,4screws,0.0282,0.0,0,5,manual
4,3678,4screws,0.9187,known,4screws,0.026,0.0,0,5,manual
4,3679,4screws,0.6727,known,4screws,0.0239,0.0,0,5,manual
4,3680,4screws,1.0013,unknown,,0.102,0.0,0,5,manual
4,3681,4screws,0.7495,known,4screws,0.0938,0.0,0,5,manual
4,3682,4screws,0.5882,known,4screws,0.0863,0.0,0,5,manual
4,3683,4screws,0.8432,known,4screws,0.0794,0.0,0,5,manual
4,3684,4screws,0.7376,known,4screws,0.0731,0.0,0,5,manual
4,3685,4screws,0.9825,known,4screws,0.0672,0.0,0,5,manual
4,3686,4screws,0.7065,known,4screws,0.0618,0.0,0,5,manual
4,3687,4screws,0.7039,known,4screws,0.0569,0.0,0,5,manual
4,3688,4screws,0.6477,known,4screws,0.0523,0.0,0,5,manual
4,3689,4screws,0.7503,known,4screws,0.0482,0.0,0,5,manual
4,3690,4screws,0.7807,known,4screws,0.0443,0.0,0,5,manual
4,3691,4screws,0.8706,known,4screws,0.0408,0.0,0,5,manual
4,3692,4screws,0.7025,known,4screws,0.0375,0.0,0,5,manual
4,3693,4screws,0.8438,known,4screws,0.0345,0.0,0,5,manual
4,3694,4screws,0.9425,known,4screws,0.0317,0.0,0,5,manual
4,3695,4screws,0.963,known,4screws,0.0292,0.0,0,5,manual
4,3696,4screws,0.9,known,4screws,0.0269,0.0,0,5,manual
4,3697,4screws,0.6998,known,4screws,0.0247,0.0,0,5,manual
4,3698,4screws,0.925,known,4screws,0.0227,0.0,0,5,manual
4,3699,4screws,0.6773,known,4screws,0.0209,0.0,0,5,manual
4,3700,4screws,0.8978,known,4screws,0.0192,0.0,0,5,manual
4,3701,4screws,0.7111,known,4screws,0.0177,0.0,0,5,manual
4,3702,4screws,0.8071,known,4screws,0.0163,0.0,0,5,manual
4,3703,4screws,0.74,known,4screws,0.015,0.0,0,5,manual
4,3704,4screws,0.7623,known,4screws,0.0138,0.0,0,5,manual
4,3705,4screws,0.957,known,4screws,0.0127,0.0,0,5,manual
4,3706,4screws,0.8525,known,4screws,0.0117,0.0,0,5,manual
4,3707,4screws,0.867,known,4screws,0.0107,0.0,0,5,manual
4,3708,4screws,0.6619,known,4screws,0.0099,0.0,0,5,manual
4,3709,4screws,0.8109,known,4screws,0.0091,0.0,0,5,manual
4,3710,4screws,0.7633,known,4screws,0.0084,0.0,0,5,manual
4,3711,4screws,0.7778,known,4screws,0.0077,0.0,0,5,manual
4,3712,4screws,0.566,known,4screws,0.0071,0.0,0,5,manual
4,3713,4screws,0.7239,known,4screws,0.0065,0.0,0,5,manual
4,3714,4screws,0.7388,known,4screws,0.006,0.0,0,5,manual
4,3715,4screws,0.8127,known,4screws,0.0055,0.0,0,5,manual
4,3716,4screws,0.6561,known,4screws,0.0051,0.0,0,5,manual
4,3717,4screws,0.8298,known,4screws,0.0047,0.0,0,5,manual
4,3718,4screws,1.012,unknown,,0.0843,0.01,0,5,manual
4,3719,4screws,0.6959,known,4screws,0.0775,0.0,0,5,manual
4,3720,4screws,0.818,known,4screws,0.0713,0.0,0,5,manual
4,3721,4screws,0.8472,known,4screws,0.0656,0.0,0,5,manual
4,3722,4screws,0.7779,known,4screws,0.0604,0.0,0,5,manual
4,3723,4screws,0.6727,known,4screws,0.0556,0.0,0,5,manual
4,3724,4screws,0.8536,known,4screws,0.0511,0.0,0,5,manual
4,3725,4screws,0.8071,known,4screws,0.047,0.0,0,5,manual
4,3726,4screws,0.6477,known,4screws,0.0433,0.0,0,5,manual
4,3727,4screws,0.8109,known,4screws,0.0398,0.0,0,5,manual
4,3728,4screws,0.6998,known,4screws,0.0366,0.0,0,5,manual
4,3729,4screws,0.7623,known,4screws,0.0337,0.0,0,5,manual
4,3730,4screws,0.9962,known,4screws,0.031,0.0,0,5,manual
4,3731,4screws,0.7503,known,4screws,0.0285,0.0,0,5,manual
4,3732,4screws,0.8084,known,4screws,0.0262,0.0,0,5,manual
4,3733,4screws,0.8525,known,4screws,0.0241,0.0,0,5,manual
4,3734,4screws,0.7499,known,4screws,0.0222,0.0,0,5,manual
4,3735,4screws,0.9425,known,4screws,0.0204,0.0,0,5,manual
4,3736,4screws,0.7633,known,4screws,0.0188,0.0,0,5,manual
4,3737,4screws,0.7239,known,4screws,0.0173,0.0,0,5,manual
4,3738,4screws,0.566,known,4screws,0.0159,0.0,0,5,manual
4,3739,4screws,0.925,known,4screws,0.0146,0.0,0,5,manual
4,3740,4screws,0.7111,known,4screws,0.0135,0.0,0,5,manual
4,3741,4screws,0.8438,known,4screws,0.0124,0.0,0,5,manual
4,3742,4screws,0.957,known,4screws,0.0114,0.0,0,5,manual
4,3743,4screws,0.7039,known,4screws,0.0105,0.0,0,5,manual
4,3744,4screws,0.7779,known,4screws,0.0096,0.0,0,5,manual
4,3745,4screws,0.8148,known,4screws,0.0089,0.0,0,5,manual
4,3746,4screws,0.8158,known,4screws,0.0082,0.0,0,5,manual
4,3747,4screws,0.8298,known,4screws,0.0075,0.0,0,5,manual
4,3748,4screws,0.9,known,4screws,0.0069,0.0,0,5,manual
4,3749,4screws,0.8558,known,4screws,0.0064,0.0,0,5,manual
4,3750,4screws,0.7495,known,4screws,0.0058,0.0,0,5,manual
4,3751,4screws,0.9187,known,4screws,0.0054,0.0,0,5,manual
4,3752,4screws,0.7065,known,4screws,0.0049,0.0,0,5,manual
4,3753,4screws,0.867,known,4screws,0.0046,0.0,0,5,manual
4,3754,4screws,0.8472,known,4screws,0.0042,0.0,0,5,manual
4,3755,4screws,0.8432,known,4screws,0.0039,0.0,0,5,manual
4,3756,4screws,0.9276,known,4screws,0.0035,0.0,0,5,manual
4,3757,4screws,0.7388,known,4screws,0.0033,0.0,0,5,manual
4,3758,4screws,0.7778,known,4screws,0.003,0.0,0,5,manual
4,3759,4screws,0.5882,known,4screws,0.0028,0.0,0,5,manual
4,3760,4screws,0.7504,known,4screws,0.0025,0.0,0,5,manual
4,3761,4screws,0.7807,known,4screws,0.0023,0.0,0,5,manual
4,3762,4screws,0.9151,known,4screws,0.0022,0.0,0,5,manual
4,3763,4screws,0.8556,known,4screws,0.002,0.0,0,5,manual
4,3764,4screws,0.6773,known,4screws,0.0018,0.0,0,5,manual
4,3765,4screws,0.818,known,4screws,0.0017,0.0,0,5,manual
4,3766,4screws,1.012,unknown,,0.0815,0.01,0,5,manual
4,3767,4screws,0.7025,known,4screws,0.075,0.0,0,5,manual
4,3768,4screws,0.9825,known,4screws,0.069,0.0,0,5,manual
4,3769,4screws,0.6959,known,4screws,0.0635,0.0,0,5,manual
4,3770,4screws,0.963,known,4screws,0.0584,0.0,0,5,manual
4,3771,4screws,0.74,known,4screws,0.0537,0.0,0,5,manual
4,3772,4screws,0.6619,known,4screws,0.0494,0.0,0,5,manual
4,3773,4screws,0.8706,known,4screws,0.0455,0.0,0,5,manual
4,3774,4screws,0.7376,known,4screws,0.0418,0.0,0,5,manual
4,3775,4screws,0.8978,known,4screws,0.0385,0.0,0,5,manual
4,3776,4screws,1.0013,unknown,,0.1154,0.0,0,5,manual
4,3777,4screws,0.6561,known,4screws,0.1062,0.0,0,5,manual
4,3778,4screws,0.9497,known,4screws,0.0977,0.0,0,5,manual
4,3779,4screws,0.8553,known,4screws,0.0899,0.0,0,5,manual
4,3780,4screws,0.8127,known,4screws,0.0827,0.0,0,5,manual
4,3781,4screws,0.8158,known,4screws,0.0761,0.0,0,5,manual
4,3782,4screws,1.012,unknown,,0.15,0.01,0,5,manual
4,3783,4screws,0.818,known,4screws,0.138,0.0,0,5,manual
4,3784,4screws,0.7025,known,4screws,0.1269,0.0,0,5,manual
4,3785,4screws,0.7495,known,4screws,0.1168,0.0,0,5,manual
4,3786,4screws,0.5882,known,4screws,0.1074,0.0,0,5,manual
4,3787,4screws,0.7111,known,4screws,0.0989,0.0,0,5,manual
4,3788,4screws,0.9151,known,4screws,0.0909,0.0,0,5,manual
4,3789,4screws,0.8553,known,4screws,0.0837,0.0,0,5,manual
4,3790,4screws,0.7039,known,4screws,0.077,0.0,0,5,manual
4,3791,4screws,0.8706,known,4screws,0.0708,0.0,0,5,manual
4,3792,4screws,0.9187,known,4screws,0.0652,0.0,0,5,manual
4,3793,4screws,0.7807,known,4screws,0.0599,0.0,0,5,manual
4,3794,4screws,0.6998,known,4screws,0.0551,0.0,0,5,manual
4,3795,4screws,1.0013,unknown,,0.1307,0.0,0,5,manual
4,3796,4screws,0.867,known,4screws,0.1203,0.0,0,5,manual
4,3797,4screws,0.925,known,4screws,0.1107,0.0,0,5,manual
4,3798,4screws,0.74,known,4screws,0.1018,0.0,0,5,manual
4,3799,4screws,0.963,known,4screws,0.0937,0.0,0,5,manual
4,3800,4screws,0.8438,known,4screws,0.0862,0.0,0,5,manual
4,3801,4screws,0.8084,known,4screws,0.0793,0.0,0,5,manual
4,3802,4screws,0.9497,known,4screws,0.0729,0.0,0,5,manual
4,3803,4screws,0.8525,known,4screws,0.0671,0.0,0,5,manual
4,3804,4screws,0.7376,known,4screws,0.0617,0.0,0,5,manual
4,3805,4screws,0.7503,known,4screws,0.0568,0.0,0,5,manual
4,3806,4screws,0.8109,known,4screws,0.0522,0.0,0,5,manual
4,3807,4screws,0.8558,known,4screws,0.0481,0.0,0,5,manual
4,3808,4screws,0.8978,known,4screws,0.0442,0.0,0,5,manual
4,3809,4screws,0.7065,known,4screws,0.0407,0.0,0,5,manual
4,3810,4screws,0.7778,known,4screws,0.0374,0.0,0,5,manual
4,3811,4screws,0.9825,known,4screws,0.0344,0.0,0,5,manual
4,3812,4screws,0.9,known,4screws,0.0317,0.0,0,5,manual
4,3813,4screws,0.7779,known,4screws,0.0291,0.0,0,5,manual
4,3814,4screws,0.7623,known,4screws,0.0268,0.0,0,5,manual
4,3815,4screws,0.7633,known,4screws,0.0247,0.0,0,5,manual
4,3816,4screws,0.6959,known,4screws,0.0227,0.0,0,5,manual
4,3817,4screws,0.6727,known,4screws,0.0209,0.0,0,5,manual
4,3818,4screws,0.8071,known,4screws,0.0192,0.0,0,5,manual
4,3819,4screws,0.8148,known,4screws,0.0177,0.0,0,5,manual
4,3820,4screws,0.6773,known,4screws,0.0163,0.0,0,5,manual
4,3821,4screws,0.9425,known,4screws,0.015,0.0,0,5,manual
4,3822,4screws,0.7504,known,4screws,0.0138,0.0,0,5,manual
4,3823,4screws,0.566,known,4screws,0.0127,0.0,0,5,manual
4,3824,4screws,0.957,known,4screws,0.0116,0.0,0,5,manual
4,3825,4screws,0.6477,known,4screws,0.0107,0.0,0,5,manual
4,3826,4screws,0.6619,known,4screws,0.0099,0.0,0,5,manual
4,3827,4screws,0.8127,known,4screws,0.0091,0.0,0,5,manual
4,3828,4screws,0.8472,known,4screws,0.0083,0.0,0,5,manual
4,3829,4screws,0.9276,known,4screws,0.0077,0.0,0,5,manual
4,3830,4screws,0.7388,known,4screws,0.0071,0.0,0,5,manual
4,3831,4screws,0.8556,known,4screws,0.0065,0.0,0,5,manual
4,3832,4screws,0.7239,known,4screws,0.006,0.0,0,5,manual
4,3833,4screws,0.8536,known,4screws,0.0055,0.0,0,5,manual
4,3834,4screws,0.6561,known,4screws,0.0051,0.0,0,5,manual
4,3835,4screws,0.9962,known,4screws,0.0047,0.0,0,5,manual
4,3836,4screws,0.8432,known,4screws,0.0043,0.0,0,5,manual
4,3837,4screws,0.8298,known,4screws,0.0039,0.0,0,5,manual
4,3838,4screws,0.7499,known,4screws,0.0036,0.0,0,5,manual
4,3839,4screws,0.7065,known,4screws,0.0033,0.0,0,5,manual
4,3840,4screws,1.0013,unknown,,0.0831,0.0,0,5,manual
4,3841,4screws,0.9276,known,4screws,0.0764,0.0,0,5,manual
4,3842,4screws,0.7495,known,4screws,0.0703,0.0,0,5,manual
4,3843,4screws,0.8553,known,4screws,0.0647,0.0,0,5,manual
4,3844,4screws,0.963,known,4screws,0.0595,0.0,0,5,manual
4,3845,4screws,0.7779,known,4screws,0.0547,0.0,0,5,manual
4,3846,4screws,0.9962,known,4screws,0.0504,0.0,0,5,manual
4,3847,4screws,0.925,known,4screws,0.0463,0.0,0,5,manual
4,3848,4screws,0.8978,known,4screws,0.0426,0.0,0,5,manual
4,3849,4screws,0.818,known,4screws,0.0392,0.0,0,5,manual
4,3850,4screws,0.7025,known,4screws,0.0361,0.0,0,5,manual
4,3851,4screws,0.8525,known,4screws,0.0332,0.0,0,5,manual
4,3852,4screws,0.8438,known,4screws,0.0305,0.0,0,5,manual
4,3853,4screws,0.6727,known,4screws,0.0281,0.0,0,5,manual
4,3854,4screws,0.6619,known,4screws,0.0259,0.0,0,5,manual
4,3855,4screws,0.6477,known,4screws,0.0238,0.0,0,5,manual
4,3856,4screws,0.8556,known,4screws,0.0219,0.0,0,5,manual
4,3857,4screws,0.8084,known,4screws,0.0201,0.0,0,5,manual
4,3858,4screws,0.6773,known,4screws,0.0185,0.0,0,5,manual
4,3859,4screws,0.8109,known,4screws,0.017,0.0,0,5,manual
4,3860,4screws,0.7239,known,4screws,0.0157,0.0,0,5,manual
4,3861,4screws,0.6959,known,4screws,0.0144,0.0,0,5,manual
4,3862,4screws,0.7504,known,4screws,0.0133,0.0,0,5,manual
4,3863,4screws,0.7388,known,4screws,0.0122,0.0,0,5,manual
4,3864,4screws,0.7376,known,4screws,0.0112,0.0,0,5,manual
4,3865,4screws,0.7778,known,4screws,0.0103,0.0,0,5,manual
4,3866,4screws,0.8148,known,4screws,0.0095,0.0,0,5,manual
4,3867,4screws,0.8071,known,4screws,0.0087,0.0,0,5,manual
4,3868,4screws,0.8432,known,4screws,0.008,0.0,0,5,manual
4,3869,4screws,0.9187,known,4screws,0.0074,0.0,0,5,manual
4,3870,4screws,0.9497,known,4screws,0.0068,0.0,0,5,manual
4,3871,4screws,0.8536,known,4screws,0.0063,0.0,0,5,manual
4,3872,4screws,0.9151,known,4screws,0.0058,0.0,0,5,manual
4,3873,4screws,1.012,unknown,,0.0853,0.01,0,5,manual
4,3874,4screws,0.6998,known,4screws,0.0785,0.0,0,5,manual
4,3875,4screws,0.7111,known,4screws,0.0722,0.0,0,5,manual
4,3876,4screws,0.8127,known,4screws,0.0664,0.0,0,5,manual
4,3877,4screws,0.7503,known,4screws,0.0611,0.0,0,5,manual
4,3878,4screws,0.957,known,4screws,0.0562,0.0,0,5,manual
4,3879,4screws,0.7499,known,4screws,0.0517,0.0,0,5,manual
4,3880,4screws,0.74,known,4screws,0.0476,0.0,0,5,manual
4,3881,4screws,0.9425,known,4screws,0.0438,0.0,0,5,manual
4,3882,4screws,0.8472,known,4screws,0.0403,0.0,0,5,manual
4,3883,4screws,0.8158,known,4screws,0.0371,0.0,0,5,manual
4,3884,4screws,0.7807,known,4screws,0.0341,0.0,0,5,manual
4,3885,4screws,0.8706,known,4screws,0.0314,0.0,0,5,manual
4,3886,4screws,0.566,known,4screws,0.0289,0.0,0,5,manual
4,3887,4screws,0.7623,known,4screws,0.0265,0.0,0,5,manual
4,3888,4screws,0.9,known,4screws,0.0244,0.0,0,5,manual
4,3889,4screws,0.867,known,4screws,0.0225,0.0,0,5,manual
4,3890,4screws,0.8558,known,4screws,0.0207,0.0,0,5,manual
4,3891,4screws,0.8298,known,4screws,0.019,0.0,0,5,manual
4,3892,4screws,0.7633,known,4screws,0.0175,0.0,0,5,manual
4,3893,4screws,0.5882,known,4screws,0.0161,0.0,0,5,manual
4,3894,4screws,0.6561,known,4screws,0.0148,0.0,0,5,manual
4,3895,4screws,0.7039,known,4screws,0.0136,0.0,0,5,manual
4,3896,4screws,0.9825,known,4screws,0.0125,0.0,0,5,manual
4,3897,4screws,0.8432,known,4screws,0.0115,0.0,0,5,manual
4,3898,4screws,0.6998,known,4screws,0.0106,0.0,0,5,manual
4,3899,4screws,0.7503,known,4screws,0.0098,0.0,0,5,manual
4,3900,4screws,0.5882,known,4screws,0.009,0.0,0,5,manual
4,3901,4screws,0.7388,known,4screws,0.0083,0.0,0,5,manual
4,3902,4screws,0.6727,known,4screws,0.0076,0.0,0,5,manual
4,3903,4screws,0.566,known,4screws,0.007,0.0,0,5,manual
4,3904,4screws,0.8556,known,4screws,0.0064,0.0,0,5,manual
4,3905,4screws,0.8127,known,4screws,0.0059,0.0,0,5,manual
4,3906,4screws,0.7623,known,4screws,0.0054,0.0,0,5,manual
4,3907,4screws,0.8438,known,4screws,0.005,0.0,0,5,manual
4,3908,4screws,0.8071,known,4screws,0.0046,0.0,0,5,manual
4,3909,4screws,0.8525,known,4screws,0.0042,0.0,0,5,manual
4,3910,4screws,1.012,unknown,,0.0839,0.01,0,5,manual
4,3911,4screws,0.7504,known,4screws,0.0772,0.0,0,5,manual
4,3912,4screws,0.9151,known,4screws,0.071,0.0,0,5,manual
4,3913,4screws,0.8109,known,4screws,0.0653,0.0,0,5,manual
4,3914,4screws,0.6619,known,4screws,0.0601,0.0,0,5,manual
4,3915,4screws,0.963,known,4screws,0.0553,0.0,0,5,manual
4,3916,4screws,0.8978,known,4screws,0.0509,0.0,0,5,manual
4,3917,4screws,0.8084,known,4screws,0.0468,0.0,0,5,manual
4,3918,4screws,0.8558,known,4screws,0.0431,0.0,0,5,manual
4,3919,4screws,0.8158,known,4screws,0.0396,0.0,0,5,manual
4,3920,4screws,0.7039,known,4screws,0.0364,0.0,0,5,manual
4,3921,4screws,0.8553,known,4screws,0.0335,0.0,0,5,manual
4,3922,4screws,0.867,known,4screws,0.0308,0.0,0,5,manual
4,3923,4screws,1.0013,unknown,,0.1084,0.0,0,5,manual
4,3924,4screws,0.9497,known,4screws,0.0997,0.0,0,5,manual
4,3925,4screws,0.8148,known,4screws,0.0917,0.0,0,5,manual
4,3926,4screws,0.9,known,4screws,0.0844,0.0,0,5,manual
4,3927,4screws,0.7065,known,4screws,0.0776,0.0,0,5,manual
4,3928,4screws,0.6773,known,4screws,0.0714,0.0,0,5,manual
4,3929,4screws,0.6959,known,4screws,0.0657,0.0,0,5,manual
4,3930,4screws,0.74,known,4screws,0.0605,0.0,0,5,manual
4,3931,4screws,0.7779,known,4screws,0.0556,0.0,0,5,manual
4,3932,4screws,0.7239,known,4screws,0.0512,0.0,0,5,manual
4,3933,4screws,0.7111,known,4screws,0.0471,0.0,0,5,manual
4,3934,4screws,0.8706,known,4screws,0.0433,0.0,0,5,manual
4,3935,4screws,0.8472,known,4screws,0.0398,0.0,0,5,manual
4,3936,4screws,0.7778,known,4screws,0.0367,0.0,0,5,manual
4,3937,4screws,0.7807,known,4screws,0.0337,0.0,0,5,manual
4,3938,4screws,0.7376,known,4screws,0.031,0.0,0,5,manual
4,3939,4screws,0.8536,known,4screws,0.0285,0.0,0,5,manual
4,3940,4screws,0.7499,known,4screws,0.0263,0.0,0,5,manual
4,3941,4screws,0.957,known,4screws,0.0242,0.0,0,5,manual
4,3942,4screws,0.9962,known,4screws,0.0222,0.0,0,5,manual
4,3943,4screws,0.7025,known,4screws,0.0205,0.0,0,5,manual
4,3944,4screws,0.818,known,4screws,0.0188,0.0,0,5,manual
4,3945,4screws,0.8298,known,4screws,0.0173,0.0,0,5,manual
4,3946,4screws,0.9276,known,4screws,0.0159,0.0,0,5,manual
4,3947,4screws,0.6477,known,4screws,0.0147,0.0,0,5,manual
4,3948,4screws,0.6561,known,4screws,0.0135,0.0,0,5,manual
4,3949,4screws,0.9825,known,4screws,0.0124,0.0,0,5,manual
4,3950,4screws,0.9425,known,4screws,0.0114,0.0,0,5,manual
4,3951,4screws,0.925,known,4screws,0.0105,0.0,0,5,manual
4,3952,4screws,0.7633,known,4screws,0.0097,0.0,0,5,manual
4,3953,4screws,0.9187,known,4screws,0.0089,0.0,0,5,manual
4,3954,4screws,0.7495,known,4screws,0.0082,0.0,0,5,manual
4,3955,4screws,0.7495,known,4screws,0.0075,0.0,0,5,manual
4,3956,4screws,0.7779,known,4screws,0.0069,0.0,0,5,manual
4,3957,4screws,0.7633,known,4screws,0.0064,0.0,0,5,manual
4,3958,4screws,0.6998,known,4screws,0.0059,0.0,0,5,manual
4,3959,4screws,0.867,known,4screws,0.0054,0.0,0,5,manual
4,3960,4screws,0.6477,known,4screws,0.005,0.0,0,5,manual
4,3961,4screws,0.7039,known,4screws,0.0046,0.0,0,5,manual
4,3962,4screws,0.9187,known,4screws,0.0042,0.0,0,5,manual
4,3963,4screws,0.8536,known,4screws,0.0039,0.0,0,5,manual
4,3964,4screws,0.8298,known,4screws,0.0036,0.0,0,5,manual
4,3965,4screws,0.957,known,4screws,0.0033,0.0,0,5,manual
4,3966,4screws,0.9151,known,4screws,0.003,0.0,0,5,manual
4,3967,4screws,0.8158,known,4screws,0.0028,0.0,0,5,manual
4,3968,4screws,0.9497,known,4screws,0.0025,0.0,0,5,manual
4,3969,4screws,0.9825,known,4screws,0.0023,0.0,0,5,manual
4,3970,4screws,0.7065,known,4screws,0.0022,0.0,0,5,manual
4,3971,4screws,0.6959,known,4screws,0.002,0.0,0,5,manual
4,3972,4screws,1.0013,unknown,,0.0818,0.0,0,5,manual
4,3973,4screws,0.925,known,4screws,0.0753,0.0,0,5,manual
4,3974,4screws,0.9,known,4screws,0.0693,0.0,0,5,manual
4,3975,4screws,0.7778,known,4screws,0.0637,0.0,0,5,manual
4,3976,4screws,0.9962,known,4screws,0.0586,0.0,0,5,manual
4,3977,4screws,0.5882,known,4screws,0.0539,0.0,0,5,manual
4,3978,4screws,0.8472,known,4screws,0.0496,0.0,0,5,manual
4,3979,4screws,0.8438,known,4screws,0.0456,0.0,0,5,manual
4,3980,4screws,0.8127,known,4screws,0.042,0.0,0,5,manual
4,3981,4screws,0.8556,known,4screws,0.0386,0.0,0,5,manual
4,3982,4screws,0.7376,known,4screws,0.0355,0.0,0,5,manual
4,3983,4screws,0.818,known,4screws,0.0327,0.0,0,5,manual
4,3984,4screws,0.74,known,4screws,0.0301,0.0,0,5,manual
4,3985,4screws,0.8558,known,4screws,0.0277,0.0,0,5,manual
4,3986,4screws,0.8071,known,4screws,0.0255,0.0,0,5,manual
4,3987,4screws,0.8432,known,4screws,0.0234,0.0,0,5,manual
4,3988,4screws,0.566,known,4screws,0.0216,0.0,0,5,manual
4,3989,4screws,0.7239,known,4screws,0.0198,0.0,0,5,manual
4,3990,4screws,0.7807,known,4screws,0.0182,0.0,0,5,manual
4,3991,4screws,0.8978,known,4screws,0.0168,0.0,0,5,manual
4,3992,4screws,0.7623,known,4screws,0.0154,0.0,0,5,manual
4,3993,4screws,0.6561,known,4screws,0.0142,0.0,0,5,manual
4,3994,4screws,0.8148,known,4screws,0.0131,0.0,0,5,manual
4,3995,4screws,0.9276,known,4screws,0.012,0.0,0,5,manual
4,3996,4screws,0.8084,known,4screws,0.0111,0.0,0,5,manual
4,3997,4screws,0.8525,known,4screws,0.0102,0.0,0,5,manual
4,3998,4screws,1.012,unknown,,0.0894,0.01,0,5,manual
4,3999,4screws,0.8706,known,4screws,0.0822,0.0,0,5,manual
4,4000,4screws,0.9425,known,4screws,0.0756,0.0,0,5,manual
4,4001,4screws,0.7504,known,4screws,0.0696,0.0,0,5,manual
4,4002,4screws,0.6619,known,4screws,0.064,0.0,0,5,manual
4,4003,4screws,0.8109,known,4screws,0.0589,0.0,0,5,manual
4,4004,4screws,0.6727,known,4screws,0.0542,0.0,0,5,manual
4,4005,4screws,0.963,known,4screws,0.0499,0.0,0,5,manual
4,4006,4screws,0.7388,known,4screws,0.0459,0.0,0,5,manual
4,4007,4screws,0.7503,known,4screws,0.0422,0.0,0,5,manual
4,4008,4screws,0.8553,known,4screws,0.0388,0.0,0,5,manual
4,4009,4screws,0.7499,known,4screws,0.0357,0.0,0,5,manual
4,4010,4screws,0.7111,known,4screws,0.0329,0.0,0,5,manual
4,4011,4screws,0.6773,known,4screws,0.0302,0.0,0,5,manual
4,4012,4screws,0.7025,known,4screws,0.0278,0.0,0,5,manual
4,4013,4screws,0.6773,known,4screws,0.0256,0.0,0,5,manual
4,4014,4screws,0.8978,known,4screws,0.0235,0.0,0,5,manual
4,4015,4screws,0.7807,known,4screws,0.0217,0.0,0,5,manual
4,4016,4screws,1.012,unknown,,0.0999,0.01,0,5,manual
4,4017,4screws,0.7111,known,4screws,0.0919,0.0,0,5,manual
4,4018,4screws,0.7376,known,4screws,0.0846,0.0,0,5,manual
4,4019,4screws,0.9825,known,4screws,0.0778,0.0,0,5,manual
4,4020,4screws,0.957,known,4screws,0.0716,0.0,0,5,manual
4,4021,4screws,0.7025,known,4screws,0.0659,0.0,0,5,manual
4,4022,4screws,0.7499,known,4screws,0.0606,0.0,0,5,manual
4,4023,4screws,0.7495,known,4screws,0.0557,0.0,0,5,manual
4,4024,4screws,0.8432,known,4screws,0.0513,0.0,0,5,manual
4,4025,4screws,0.9497,known,4screws,0.0472,0.0,0,5,manual
4,4026,4screws,0.7503,known,4screws,0.0434,0.0,0,5,manual
4,4027,4screws,0.963,known,4screws,0.0399,0.0,0,5,manual
4,4028,4screws,0.7623,known,4screws,0.0367,0.0,0,5,manual
4,4029,4screws,0.9962,known,4screws,0.0338,0.0,0,5,manual
4,4030,4screws,0.8706,known,4screws,0.0311,0.0,0,5,manual
4,4031,4screws,0.8298,known,4screws,0.0286,0.0,0,5,manual
4,4032,4screws,1.0013,unknown,,0.1063,0.0,0,5,manual
4,4033,4screws,0.8553,known,4screws,0.0978,0.0,0,5,manual
4,4034,4screws,0.74,known,4screws,0.09,0.0,0,5,manual
4,4035,4screws,0.9276,known,4screws,0.0828,0.0,0,5,manual
4,4036,4screws,0.8109,known,4screws,0.0762,0.0,0,5,manual
4,4037,4screws,0.6727,known,4screws,0.0701,0.0,0,5,manual
4,4038,4screws,0.9187,known,4screws,0.0645,0.0,0,5,manual
4,4039,4screws,0.818,known,4screws,0.0593,0.0,0,5,manual
4,4040,4screws,0.9,known,4screws,0.0546,0.0,0,5,manual
4,4041,4screws,0.6561,known,4screws,0.0502,0.0,0,5,manual
4,4042,4screws,0.8556,known,4screws,0.0462,0.0,0,5,manual
4,4043,4screws,0.566,known,4screws,0.0425,0.0,0,5,manual
4,4044,4screws,0.8127,known,4screws,0.0391,0.0,0,5,manual
4,4045,4screws,0.8438,known,4screws,0.036,0.0,0,5,manual
4,4046,4screws,0.8158,known,4screws,0.0331,0.0,0,5,manual
4,4047,4screws,0.7504,known,4screws,0.0304,0.0,0,5,manual
4,4048,4screws,0.6998,known,4screws,0.028,0.0,0,5,manual
4,4049,4screws,0.9151,known,4screws,0.0258,0.0,0,5,manual
4,4050,4screws,0.9425,known,4screws,0.0237,0.0,0,5,manual
4,4051,4screws,0.7239,known,4screws,0.0218,0.0,0,5,manual
4,4052,4screws,0.8536,known,4screws,0.0201,0.0,0,5,manual
4,4053,4screws,0.8071,known,4screws,0.0185,0.0,0,5,manual
4,4054,4screws,0.7065,known,4screws,0.017,0.0,0,5,manual
4,4055,4screws,0.7779,known,4screws,0.0156,0.0,0,5,manual
4,4056,4screws,0.7778,known,4screws,0.0144,0.0,0,5,manual
4,4057,4screws,0.6959,known,4screws,0.0132,0.0,0,5,manual
4,4058,4screws,0.8472,known,4screws,0.0122,0.0,0,5,manual
4,4059,4screws,0.925,known,4screws,0.0112,0.0,0,5,manual
4,4060,4screws,0.8558,known,4screws,0.0103,0.0,0,5,manual
4,4061,4screws,0.867,known,4screws,0.0095,0.0,0,5,manual
4,4062,4screws,0.8084,known,4screws,0.0087,0.0,0,5,manual
4,4063,4screws,0.6477,known,4screws,0.008,0.0,0,5,manual
4,4064,4screws,0.7039,known,4screws,0.0074,0.0,0,5,manual
4,4065,4screws,0.7388,known,4screws,0.0068,0.0,0,5,manual
4,4066,4screws,0.6619,known,4screws,0.0062,0.0,0,5,manual
4,4067,4screws,0.5882,known,4screws,0.0057,0.0,0,5,manual
4,4068,4screws,0.8525,known,4screws,0.0053,0.0,0,5,manual
4,4069,4screws,0.8148,known,4screws,0.0049,0.0,0,5,manual
4,4070,4screws,0.7633,known,4screws,0.0045,0.0,0,5,manual
4,4071,4screws,0.925,known,4screws,0.0041,0.0,0,5,manual
4,4072,4screws,0.7239,known,4screws,0.0038,0.0,0,5,manual
4,4073,4screws,0.7039,known,4screws,0.0035,0.0,0,5,manual
4,4074,4screws,0.7025,known,4screws,0.0032,0.0,0,5,manual
4,4075,4screws,0.8148,known,4screws,0.0029,0.0,0,5,manual
4,4076,4screws,0.7778,known,4screws,0.0027,0.0,0,5,manual
4,4077,4screws,0.6773,known,4screws,0.0025,0.0,0,5,manual
4,4078,4screws,1.012,unknown,,0.0823,0.01,0,5,manual
4,4079,4screws,0.6727,known,4screws,0.0757,0.0,0,5,manual
4,4080,4screws,0.9276,known,4screws,0.0697,0.0,0,5,manual
4,4081,4screws,0.8536,known,4screws,0.0641,0.0,0,5,manual
4,4082,4screws,0.9497,known,4screws,0.059,0.0,0,5,manual
4,4083,4screws,0.8071,known,4screws,0.0542,0.0,0,5,manual
4,4084,4screws,0.6959,known,4screws,0.0499,0.0,0,5,manual
4,4085,4screws,0.7633,known,4screws,0.0459,0.0,0,5,manual
4,4086,4screws,0.8298,known,4screws,0.0422,0.0,0,5,manual
4,4087,4screws,0.963,known,4screws,0.0389,0.0,0,5,manual
4,4088,4screws,0.9425,known,4screws,0.0357,0.0,0,5,manual
4,4089,4screws,0.6477,known,4screws,0.0329,0.0,0,5,manual
4,4090,4screws,0.7807,known,4screws,0.0303,0.0,0,5,manual
4,4091,4screws,0.74,known,4screws,0.0278,0.0,0,5,manual
4,4092,4screws,0.7111,known,4screws,0.0256,0.0,0,5,manual
4,4093,4screws,0.9962,known,4screws,0.0236,0.0,0,5,manual
4,4094,4screws,0.7779,known,4screws,0.0217,0.0,0,5,manual
4,4095,4screws,0.8438,known,4screws,0.0199,0.0,0,5,manual
4,4096,4screws,0.8525,known,4screws,0.0183,0.0,0,5,manual
4,4097,4screws,0.9187,known,4screws,0.0169,0.0,0,5,manual
4,4098,4screws,0.8978,known,4screws,0.0155,0.0,0,5,manual
4,4099,4screws,0.7495,known,4screws,0.0143,0.0,0,5,manual
4,4100,4screws,0.7623,known,4screws,0.0131,0.0,0,5,manual
4,4101,4screws,0.8432,known,4screws,0.0121,0.0,0,5,manual
4,4102,4screws,0.7376,known,4screws,0.0111,0.0,0,5,manual
4,4103,4screws,0.7499,known,4screws,0.0102,0.0,0,5,manual
4,4104,4screws,0.957,known,4screws,0.0094,0.0,0,5,manual
4,4105,4screws,0.8556,known,4screws,0.0087,0.0,0,5,manual
4,4106,4screws,0.867,known,4screws,0.008,0.0,0,5,manual
4,4107,4screws,0.6998,known,4screws,0.0073,0.0,0,5,manual
4,4108,4screws,0.8158,known,4screws,0.0067,0.0,0,5,manual
4,4109,4screws,0.8706,known,4screws,0.0062,0.0,0,5,manual
4,4110,4screws,0.6561,known,4screws,0.0057,0.0,0,5,manual
4,4111,4screws,0.7504,known,4screws,0.0053,0.0,0,5,manual
4,4112,4screws,0.9825,known,4screws,0.0048,0.0,0,5,manual
4,4113,4screws,0.8127,known,4screws,0.0044,0.0,0,5,manual
4,4114,4screws,0.8558,known,4screws,0.0041,0.0,0,5,manual
4,4115,4screws,0.7388,known,4screws,0.0038,0.0,0,5,manual
4,4116,4screws,0.9,known,4screws,0.0035,0.0,0,5,manual
4,4117,4screws,0.566,known,4screws,0.0032,0.0,0,5,manual
4,4118,4screws,0.8109,known,4screws,0.0029,0.0,0,5,manual
4,4119,4screws,0.818,known,4screws,0.0027,0.0,0,5,manual
4,4120,4screws,0.7503,known,4screws,0.0025,0.0,0,5,manual
4,4121,4screws,0.8084,known,4screws,0.0023,0.0,0,5,manual
4,4122,4screws,0.9151,known,4screws,0.0021,0.0,0,5,manual
4,4123,4screws,0.6619,known,4screws,0.0019,0.0,0,5,manual
4,4124,4screws,0.8553,known,4screws,0.0018,0.0,0,5,manual
4,4125,4screws,0.5882,known,4screws,0.0016,0.0,0,5,manual
4,4126,4screws,0.8472,known,4screws,0.0015,0.0,0,5,manual
4,4127,4screws,1.0013,unknown,,0.0814,0.0,0,5,manual
4,4128,4screws,0.7065,known,4screws,0.0749,0.0,0,5,manual
4,4129,4screws,0.8071,known,4screws,0.0689,0.0,0,5,manual
4,4130,4screws,0.7376,known,4screws,0.0634,0.0,0,5,manual
4,4131,4screws,0.7039,known,4screws,0.0583,0.0,0,5,manual
4,4132,4screws,0.6619,known,4screws,0.0536,0.0,0,5,manual
4,4133,4screws,0.9825,known,4screws,0.0493,0.0,0,5,manual
4,4134,4screws,0.8438,known,4screws,0.0454,0.0,0,5,manual
4,4135,4screws,0.6477,known,4screws,0.0418,0.0,0,5,manual
4,4136,4screws,0.8472,known,4screws,0.0384,0.0,0,5,manual
4,4137,4screws,0.8148,known,4screws,0.0354,0.0,0,5,manual
4,4138,4screws,0.6998,known,4screws,0.0325,0.0,0,5,manual
4,4139,4screws,0.7779,known,4screws,0.0299,0.0,0,5,manual
4,4140,4screws,1.0013,unknown,,0.1075,0.0,0,5,manual
4,4141,4screws,0.7623,known,4screws,0.0989,0.0,0,5,manual
4,4142,4screws,0.8536,known,4screws,0.091,0.0,0,5,manual
4,4143,4screws,0.9425,known,4screws,0.0837,0.0,0,5,manual
4,4144,4screws,0.9,known,4screws,0.077,0.0,0,5,manual
4,4145,4screws,0.7504,known,4screws,0.0709,0.0,0,5,manual
4,4146,4screws,0.6959,known,4screws,0.0652,0.0,0,5,manual
4,4147,4screws,1.012,unknown,,0.14,0.01,0,5,manual
4,4148,4screws,0.7778,known,4screws,0.1288,0.0,0,5,manual
4,4149,4screws,0.566,known,4screws,0.1185,0.0,0,5,manual
4,4150,4screws,0.8558,known,4screws,0.109,0.0,0,5,manual
4,4151,4screws,0.7633,known,4screws,0.1003,0.0,0,5,manual
4,4152,4screws,0.6727,known,4screws,0.0923,0.0,0,5,manual
4,4153,4screws,0.7503,known,4screws,0.0849,0.0,0,5,manual
4,4154,4screws,0.9151,known,4screws,0.0781,0.0,0,5,manual
4,4155,4screws,0.8432,known,4screws,0.0718,0.0,0,5,manual
4,4156,4screws,0.7499,known,4screws,0.0661,0.0,0,5,manual
4,4157,4screws,0.818,known,4screws,0.0608,0.0,0,5,manual
4,4158,4screws,0.9962,known,4screws,0.0559,0.0,0,5,manual
4,4159,4screws,0.9497,known,4screws,0.0515,0.0,0,5,manual
4,4160,4screws,0.8298,known,4screws,0.0474,0.0,0,5,manual
4,4161,4screws,0.7495,known,4screws,0.0436,0.0,0,5,manual
4,4162,4screws,0.8553,known,4screws,0.0401,0.0,0,5,manual
4,4163,4screws,0.7239,known,4screws,0.0369,0.0,0,5,manual
4,4164,4screws,0.8706,known,4screws,0.0339,0.0,0,5,manual
4,4165,4screws,0.9187,known,4screws,0.0312,0.0,0,5,manual
4,4166,4screws,0.9276,known,4screws,0.0287,0.0,0,5,manual
4,4167,4screws,0.74,known,4screws,0.0264,0.0,0,5,manual
4,4168,4screws,0.8084,known,4screws,0.0243,0.0,0,5,manual
4,4169,4screws,0.867,known,4screws,0.0224,0.0,0,5,manual
4,4170,4screws,0.8127,known,4screws,0.0206,0.0,0,5,manual
4,4171,4screws,0.7807,known,4screws,0.0189,0.0,0,5,manual
4,4172,4screws,0.6561,known,4screws,0.0174,0.0,0,5,manual
4,4173,4screws,0.7111,known,4screws,0.016,0.0,0,5,manual
4,4174,4screws,0.8556,known,4screws,0.0147,0.0,0,5,manual
4,4175,4screws,0.7065,known,4screws,0.0136,0.0,0,5,manual
4,4176,4screws,0.8158,known,4screws,0.0125,0.0,0,5,manual
4,4177,4screws,0.6773,known,4screws,0.0115,0.0,0,5,manual
4,4178,4screws,0.7388,known,4screws,0.0106,0.0,0,5,manual
4,4179,4screws,0.7025,known,4screws,0.0097,0.0,0,5,manual
4,4180,4screws,0.925,known,4screws,0.0089,0.0,0,5,manual
4,4181,4screws,0.963,known,4screws,0.0082,0.0,0,5,manual
4,4182,4screws,0.5882,known,4screws,0.0076,0.0,0,5,manual
4,4183,4screws,0.8525,known,4screws,0.007,0.0,0,5,manual
4,4184,4screws,0.8978,known,4screws,0.0064,0.0,0,5,manual
4,4185,4screws,0.957,known,4screws,0.0059,0.0,0,5,manual
4,4186,4screws,0.8109,known,4screws,0.0054,0.0,0,5,manual
4,4187,4screws,0.8553,known,4screws,0.005,0.0,0,5,manual
4,4188,4screws,0.7376,known,4screws,0.0046,0.0,0,5,manual
4,4189,4screws,0.8525,known,4screws,0.0042,0.0,0,5,manual
4,4190,4screws,0.8084,known,4screws,0.0039,0.0,0,5,manual
4,4191,4screws,0.9,known,4screws,0.0036,0.0,0,5,manual
4,4192,4screws,0.8978,known,4screws,0.0033,0.0,0,5,manual
4,4193,4screws,0.9825,known,4screws,0.003,0.0,0,5,manual
4,4194,4screws,0.818,known,4screws,0.0028,0.0,0,5,manual
4,4195,4screws,0.6959,known,4screws,0.0026,0.0,0,5,manual
4,4196,4screws,0.8109,known,4screws,0.0024,0.0,0,5,manual
4,4197,4screws,0.7499,known,4screws,0.0022,0.0,0,5,manual
4,4198,4screws,0.8148,known,4screws,0.002,0.0,0,5,manual
4,4199,4screws,0.7503,known,4screws,0.0018,0.0,0,5,manual
4,4200,4screws,0.9962,known,4screws,0.0017,0.0,0,5,manual
4,4201,4screws,0.7025,known,4screws,0.0016,0.0,0,5,manual
4,4202,4screws,0.8158,known,4screws,0.0014,0.0,0,5,manual
4,4203,4screws,0.8536,known,4screws,0.0013,0.0,0,5,manual
4,4204,4screws,0.7807,known,4screws,0.0012,0.0,0,5,manual
4,4205,4screws,1.0013,unknown,,0.0811,0.0,0,5,manual
4,4206,4screws,0.8127,known,4screws,0.0746,0.0,0,5,manual
4,4207,4screws,0.8472,known,4screws,0.0687,0.0,0,5,manual
4,4208,4screws,0.8438,known,4screws,0.0632,0.0,0,5,manual
4,4209,4screws,0.7111,known,4screws,0.0581,0.0,0,5,manual
4,4210,4screws,0.9187,known,4screws,0.0535,0.0,0,5,manual
4,4211,4screws,0.8071,known,4screws,0.0492,0.0,0,5,manual
4,4212,4screws,0.566,known,4screws,0.0452,0.0,0,5,manual
4,4213,4screws,0.8706,known,4screws,0.0416,0.0,0,5,manual
4,4214,4screws,0.9497,known,4screws,0.0383,0.0,0,5,manual
4,4215,4screws,0.7495,known,4screws,0.0352,0.0,0,5,manual
4,4216,4screws,0.7039,known,4screws,0.0324,0.0,0,5,manual
4,4217,4screws,1.012,unknown,,0.1098,0.01,0,5,manual
4,4218,4screws,0.6727,known,4screws,0.101,0.0,0,5,manual
4,4219,4screws,0.6998,known,4screws,0.093,0.0,0,5,manual
4,4220,4screws,0.9151,known,4screws,0.0855,0.0,0,5,manual
4,4221,4screws,0.7388,known,4screws,0.0787,0.0,0,5,manual
4,4222,4screws,0.6477,known,4screws,0.0724,0.0,0,5,manual
4,4223,4screws,0.6561,known,4screws,0.0666,0.0,0,5,manual
4,4224,4screws,0.5882,known,4screws,0.0613,0.0,0,5,manual
4,4225,4screws,0.74,known,4screws,0.0564,0.0,0,5,manual
4,4226,4screws,0.8556,known,4screws,0.0519,0.0,0,5,manual
4,4227,4screws,0.8298,known,4screws,0.0477,0.0,0,5,manual
4,4228,4screws,0.9276,known,4screws,0.0439,0.0,0,5,manual
4,4229,4screws,0.7779,known,4screws,0.0404,0.0,0,5,manual
4,4230,4screws,0.7623,known,4screws,0.0371,0.0,0,5,manual
4,4231,4screws,0.6773,known,4screws,0.0342,0.0,0,5,manual
4,4232,4screws,0.8432,known,4screws,0.0314,0.0,0,5,manual
4,4233,4screws,0.867,known,4screws,0.0289,0.0,0,5,manual
4,4234,4screws,0.8558,known,4screws,0.0266,0.0,0,5,manual
4,4235,4screws,0.957,known,4screws,0.0245,0.0,0,5,manual
4,4236,4screws,0.7633,known,4screws,0.0225,0.0,0,5,manual
4,4237,4screws,0.7778,known,4screws,0.0207,0.0,0,5,manual
4,4238,4screws,0.7065,known,4screws,0.0191,0.0,0,5,manual
4,4239,4screws,0.9425,known,4screws,0.0175,0.0,0,5,manual
4,4240,4screws,0.7239,known,4screws,0.0161,0.0,0,5,manual
4,4241,4screws,0.963,known,4screws,0.0148,0.0,0,5,manual
4,4242,4screws,0.925,known,4screws,0.0137,0.0,0,5,manual
4,4243,4screws,0.6619,known,4screws,0.0126,0.0,0,5,manual
4,4244,4screws,0.7504,known,4screws,0.0116,0.0,0,5,manual
4,4245,4screws,0.9,known,4screws,0.0106,0.0,0,5,manual
4,4246,4screws,0.7779,known,4screws,0.0098,0.0,0,5,manual
4,4247,4screws,0.8158,known,4screws,0.009,0.0,0,5,manual
4,4248,4screws,0.8553,known,4screws,0.0083,0.0,0,5,manual
4,4249,4screws,0.9962,known,4screws,0.0076,0.0,0,5,manual
4,4250,4screws,0.9187,known,4screws,0.007,0.0,0,5,manual
4,4251,4screws,0.6619,known,4screws,0.0064,0.0,0,5,manual
4,4252,4screws,0.566,known,4screws,0.0059,0.0,0,5,manual
4,4253,4screws,0.867,known,4screws,0.0055,0.0,0,5,manual
4,4254,4screws,0.6998,known,4screws,0.005,0.0,0,5,manual
4,4255,4screws,0.6561,known,4screws,0.0046,0.0,0,5,manual
4,4256,4screws,0.7499,known,4screws,0.0043,0.0,0,5,manual
4,4257,4screws,0.9425,known,4screws,0.0039,0.0,0,5,manual
4,4258,4screws,0.7495,known,4screws,0.0036,0.0,0,5,manual
4,4259,4screws,0.7623,known,4screws,0.0033,0.0,0,5,manual
4,4260,4screws,0.8706,known,4screws,0.003,0.0,0,5,manual
4,4261,4screws,0.8298,known,4screws,0.0028,0.0,0,5,manual
4,4262,4screws,0.7376,known,4screws,0.0026,0.0,0,5,manual
4,4263,4screws,0.6477,known,4screws,0.0024,0.0,0,5,manual
4,4264,4screws,0.818,known,4screws,0.0022,0.0,0,5,manual
4,4265,4screws,0.8438,known,4screws,0.002,0.0,0,5,manual
4,4266,4screws,0.5882,known,4screws,0.0018,0.0,0,5,manual
4,4267,4screws,0.8432,known,4screws,0.0017,0.0,0,5,manual
4,4268,4screws,0.925,known,4screws,0.0016,0.0,0,5,manual
4,4269,4screws,0.8525,known,4screws,0.0014,0.0,0,5,manual
4,4270,4screws,0.9497,known,4screws,0.0013,0.0,0,5,manual
4,4271,4screws,0.6773,known,4screws,0.0012,0.0,0,5,manual
4,4272,4screws,0.7807,known,4screws,0.0011,0.0,0,5,manual
4,4273,4screws,0.8558,known,4screws,0.001,0.0,0,5,manual
4,4274,4screws,0.7388,known,4screws,0.0009,0.0,0,5,manual
4,4275,4screws,0.8084,known,4screws,0.0009,0.0,0,5,manual
4,4276,4screws,0.9825,known,4screws,0.0008,0.0,0,5,manual
4,4277,4screws,0.7778,known,4screws,0.0007,0.0,0,5,manual
4,4278,4screws,0.7503,known,4screws,0.0007,0.0,0,5,manual
4,4279,4screws,0.7039,known,4screws,0.0006,0.0,0,5,manual
4,4280,4screws,0.7633,known,4screws,0.0006,0.0,0,5,manual
4,4281,4screws,0.957,known,4screws,0.0005,0.0,0,5,manual
4,4282,4screws,0.8127,known,4screws,0.0005,0.0,0,5,manual
4,4283,4screws,0.963,known,4screws,0.0004,0.0,0,5,manual
4,4284,4screws,0.8536,known,4screws,0.0004,0.0,0,5,manual
4,4285,4screws,0.8472,known,4screws,0.0004,0.0,0,5,manual
4,4286,4screws,0.8978,known,4screws,0.0003,0.0,0,5,manual
4,4287,4screws,1.012,unknown,,0.0803,0.01,0,5,manual
4,4288,4screws,0.74,known,4screws,0.0739,0.0,0,5,manual
4,4289,4screws,0.8109,known,4screws,0.068,0.0,0,5,manual
4,4290,4screws,0.6959,known,4screws,0.0625,0.0,0,5,manual
4,4291,4screws,0.7239,known,4screws,0.0575,0.0,0,5,manual
4,4292,4screws,0.8148,known,4screws,0.0529,0.0,0,5,manual
4,4293,4screws,1.0013,unknown,,0.1287,0.0,0,5,manual
4,4294,4screws,0.7025,known,4screws,0.1184,0.0,0,5,manual
4,4295,4screws,0.7111,known,4screws,0.1089,0.0,0,5,manual
4,4296,4screws,0.9276,known,4screws,0.1002,0.0,0,5,manual
4,4297,4screws,0.9151,known,4screws,0.0922,0.0,0,5,manual
4,4298,4screws,0.8556,known,4screws,0.0848,0.0,0,5,manual
4,4299,4screws,0.7504,known,4screws,0.078,0.0,0,5,manual
4,4300,4screws,0.6727,known,4screws,0.0718,0.0,0,5,manual
4,4301,4screws,0.8071,known,4screws,0.0661,0.0,0,5,manual
4,4302,4screws,0.7065,known,4screws,0.0608,0.0,0,5,manual
4,4303,4screws,1.012,unknown,,0.1359,0.01,0,5,manual
4,4304,4screws,0.7779,known,4screws,0.125,0.0,0,5,manual
4,4305,4screws,0.7388,known,4screws,0.115,0.0,0,5,manual
4,4306,4screws,0.7503,known,4screws,0.1058,0.0,0,5,manual
4,4307,4screws,0.8556,known,4screws,0.0974,0.0,0,5,manual
4,4308,4screws,0.6727,known,4screws,0.0896,0.0,0,5,manual
4,4309,4screws,0.8158,known,4screws,0.0824,0.0,0,5,manual
4,4310,4screws,0.8438,known,4screws,0.0758,0.0,0,5,manual
4,4311,4screws,0.7039,known,4screws,0.0698,0.0,0,5,manual
4,4312,4screws,0.74,known,4screws,0.0642,0.0,0,5,manual
4,4313,4screws,0.7633,known,4screws,0.059,0.0,0,5,manual
4,4314,4screws,0.6561,known,4screws,0.0543,0.0,0,5,manual
4,4315,4screws,0.8536,known,4screws,0.05,0.0,0,5,manual
4,4316,4screws,0.8127,known,4screws,0.046,0.0,0,5,manual
4,4317,4screws,0.6998,known,4screws,0.0423,0.0,0,5,manual
4,4318,4screws,0.8553,known,4screws,0.0389,0.0,0,5,manual
4,4319,4screws,0.7239,known,4screws,0.0358,0.0,0,5,manual
4,4320,4screws,0.7623,known,4screws,0.0329,0.0,0,5,manual
4,4321,4screws,1.0013,unknown,,0.1103,0.0,0,5,manual
4,4322,4screws,0.957,known,4screws,0.1015,0.0,0,5,manual
4,4323,4screws,0.9497,known,4screws,0.0934,0.0,0,5,manual
4,4324,4screws,0.7025,known,4screws,0.0859,0.0,0,5,manual
4,4325,4screws,0.7499,known,4screws,0.079,0.0,0,5,manual
4,4326,4screws,0.566,known,4screws,0.0727,0.0,0,5,manual
4,4327,4screws,0.9825,known,4screws,0.0669,0.0,0,5,manual
4,4328,4screws,0.9187,known,4screws,0.0615,0.0,0,5,manual
4,4329,4screws,0.963,known,4screws,0.0566,0.0,0,5,manual
4,4330,4screws,0.8148,known,4screws,0.0521,0.0,0,5,manual
4,4331,4screws,0.6959,known,4screws,0.0479,0.0,0,5,manual
4,4332,4screws,0.6477,known,4screws,0.0441,0.0,0,5,manual
4,4333,4screws,0.8558,known,4screws,0.0406,0.0,0,5,manual
4,4334,4screws,0.5882,known,4screws,0.0373,0.0,0,5,manual
4,4335,4screws,0.7504,known,4screws,0.0343,0.0,0,5,manual
4,4336,4screws,0.8084,known,4screws,0.0316,0.0,0,5,manual
4,4337,4screws,0.7807,known,4screws,0.0291,0.0,0,5,manual
4,4338,4screws,0.6773,known,4screws,0.0267,0.0,0,5,manual
4,4339,4screws,0.8525,known,4screws,0.0246,0.0,0,5,manual
4,4340,4screws,0.925,known,4screws,0.0226,0.0,0,5,manual
4,4341,4screws,0.8978,known,4screws,0.0208,0.0,0,5,manual
4,4342,4screws,0.7376,known,4screws,0.0191,0.0,0,5,manual
4,4343,4screws,0.8472,known,4screws,0.0176,0.0,0,5,manual
4,4344,4screws,0.9425,known,4screws,0.0162,0.0,0,5,manual
4,4345,4screws,0.9962,known,4screws,0.0149,0.0,0,5,manual
4,4346,4screws,0.9,known,4screws,0.0137,0.0,0,5,manual
4,4347,4screws,0.8432,known,4screws,0.0126,0.0,0,5,manual
4,4348,4screws,0.8298,known,4screws,0.0116,0.0,0,5,manual
4,4349,4screws,0.867,known,4screws,0.0107,0.0,0,5,manual
4,4350,4screws,0.818,known,4screws,0.0098,0.0,0,5,manual
4,4351,4screws,0.7495,known,4screws,0.009,0.0,0,5,manual
4,4352,4screws,0.9151,known,4screws,0.0083,0.0,0,5,manual
4,4353,4screws,0.8706,known,4screws,0.0077,0.0,0,5,manual
4,4354,4screws,0.8071,known,4screws,0.007,0.0,0,5,manual
4,4355,4screws,0.7778,known,4screws,0.0065,0.0,0,5,manual
4,4356,4screws,0.7111,known,4screws,0.006,0.0,0,5,manual
4,4357,4screws,0.9276,known,4screws,0.0055,0.0,0,5,manual
4,4358,4screws,0.8109,known,4screws,0.005,0.0,0,5,manual
4,4359,4screws,0.6619,known,4screws,0.0046,0.0,0,5,manual
4,4360,4screws,0.7065,known,4screws,0.0043,0.0,0,5,manual
4,4361,4screws,0.867,known,4screws,0.0039,0.0,0,5,manual
4,4362,4screws,1.012,unknown,,0.0836,0.01,0,5,manual
4,4363,4screws,0.8472,known,4screws,0.0769,0.0,0,5,manual
4,4364,4screws,0.6561,known,4screws,0.0708,0.0,0,5,manual
4,4365,4screws,0.7503,known,4screws,0.0651,0.0,0,5,manual
4,4366,4screws,0.7039,known,4screws,0.0599,0.0,0,5,manual
4,4367,4screws,0.8127,known,4screws,0.0551,0.0,0,5,manual
4,4368,4screws,0.8071,known,4screws,0.0507,0.0,0,5,manual
4,4369,4screws,0.7778,known,4screws,0.0466,0.0,0,5,manual
4,4370,4screws,0.7111,known,4screws,0.0429,0.0,0,5,manual
4,4371,4screws,0.6959,known,4screws,0.0395,0.0,0,5,manual
4,4372,4screws,0.7807,known,4screws,0.0363,0.0,0,5,manual
4,4373,4screws,0.8432,known,4screws,0.0334,0.0,0,5,manual
4,4374,4screws,0.9962,known,4screws,0.0307,0.0,0,5,manual
4,4375,4screws,0.8525,known,4screws,0.0283,0.0,0,5,manual
4,4376,4screws,0.6727,known,4screws,0.026,0.0,0,5,manual
4,4377,4screws,0.8978,known,4screws,0.0239,0.0,0,5,manual
4,4378,4screws,0.7495,known,4screws,0.022,0.0,0,5,manual
4,4379,4screws,0.957,known,4screws,0.0203,0.0,0,5,manual
4,4380,4screws,0.8556,known,4screws,0.0186,0.0,0,5,manual
4,4381,4screws,0.6998,known,4screws,0.0171,0.0,0,5,manual
4,4382,4screws,0.7025,known,4screws,0.0158,0.0,0,5,manual
4,4383,4screws,0.7623,known,4screws,0.0145,0.0,0,5,manual
4,4384,4screws,0.7065,known,4screws,0.0134,0.0,0,5,manual
4,4385,4screws,0.8706,known,4screws,0.0123,0.0,0,5,manual
4,4386,4screws,0.7504,known,4screws,0.0113,0.0,0,5,manual
4,4387,4screws,0.7388,known,4screws,0.0104,0.0,0,5,manual
4,4388,4screws,1.0013,unknown,,0.0896,0.0,0,5,manual
4,4389,4screws,0.7239,known,4screws,0.0824,0.0,0,5,manual
4,4390,4screws,0.7376,known,4screws,0.0758,0.0,0,5,manual
4,4391,4screws,0.8536,known,4screws,0.0697,0.0,0,5,manual
4,4392,4screws,0.9151,known,4screws,0.0642,0.0,0,5,manual
4,4393,4screws,0.8553,known,4screws,0.059,0.0,0,5,manual
4,4394,4screws,0.9187,known,4screws,0.0543,0.0,0,5,manual
4,4395,4screws,0.9,known,4screws,0.05,0.0,0,5,manual
4,4396,4screws,0.8109,known,4screws,0.046,0.0,0,5,manual
4,4397,4screws,0.9497,known,4screws,0.0423,0.0,0,5,manual
4,4398,4screws,0.6477,known,4screws,0.0389,0.0,0,5,manual
4,4399,4screws,0.9425,known,4screws,0.0358,0.0,0,5,manual
4,4400,4screws,0.9276,known,4screws,0.0329,0.0,0,5,manual
4,4401,4screws,0.7633,known,4screws,0.0303,0.0,0,5,manual
4,4402,4screws,0.818,known,4screws,0.0279,0.0,0,5,manual
4,4403,4screws,0.5882,known,4screws,0.0256,0.0,0,5,manual
4,4404,4screws,0.6619,known,4screws,0.0236,0.0,0,5,manual
4,4405,4screws,0.8158,known,4screws,0.0217,0.0,0,5,manual
4,4406,4screws,0.8084,known,4screws,0.02,0.0,0,5,manual
4,4407,4screws,0.7779,known,4screws,0.0184,0.0,0,5,manual
4,4408,4screws,0.7499,known,4screws,0.0169,0.0,0,5,manual
4,4409,4screws,0.963,known,4screws,0.0155,0.0,0,5,manual
4,4410,4screws,0.6773,known,4screws,0.0143,0.0,0,5,manual
4,4411,4screws,0.8148,known,4screws,0.0132,0.0,0,5,manual
4,4412,4screws,0.8558,known,4screws,0.0121,0.0,0,5,manual
4,4413,4screws,0.8438,known,4screws,0.0111,0.0,0,5,manual
4,4414,4screws,0.925,known,4screws,0.0102,0.0,0,5,manual
4,4415,4screws,0.74,known,4screws,0.0094,0.0,0,5,manual
4,4416,4screws,0.8298,known,4screws,0.0087,0.0,0,5,manual
4,4417,4screws,0.566,known,4screws,0.008,0.0,0,5,manual
4,4418,4screws,0.9825,known,4screws,0.0073,0.0,0,5,manual
4,4419,4screws,0.6998,known,4screws,0.0068,0.0,0,5,manual
4,4420,4screws,0.8438,known,4screws,0.0062,0.0,0,5,manual
4,4421,4screws,0.7495,known,4screws,0.0057,0.0,0,5,manual
4,4422,4screws,0.7633,known,4screws,0.0053,0.0,0,5,manual
4,4423,4screws,0.566,known,4screws,0.0048,0.0,0,5,manual
4,4424,4screws,0.8558,known,4screws,0.0045,0.0,0,5,manual
4,4425,4screws,0.8084,known,4screws,0.0041,0.0,0,5,manual
4,4426,4screws,0.8536,known,4screws,0.0038,0.0,0,5,manual
4,4427,4screws,0.8298,known,4screws,0.0035,0.0,0,5,manual
4,4428,4screws,1.012,unknown,,0.0832,0.01,0,5,manual
4,4429,4screws,0.9962,known,4screws,0.0765,0.01,0,5,manual
4,4430,4screws,0.7025,known,4screws,0.0704,0.0,0,5,manual
4,4431,4screws,0.7807,known,4screws,0.0648,0.0,0,5,manual
4,4432,4screws,0.8432,known,4screws,0.0596,0.0,0,5,manual
4,4433,4screws,0.6727,known,4screws,0.0548,0.0,0,5,manual
4,4434,4screws,0.9425,known,4screws,0.0504,0.0,0,5,manual
4,4435,4screws,0.7503,known,4screws,0.0464,0.0,0,5,manual
4,4436,4screws,0.8525,known,4screws,0.0427,0.0,0,5,manual
4,4437,4screws,0.8556,known,4screws,0.0393,0.0,0,5,manual
4,4438,4screws,0.7111,known,4screws,0.0361,0.0,0,5,manual
4,4439,4screws,0.7779,known,4screws,0.0332,0.0,0,5,manual
4,4440,4screws,0.7504,known,4screws,0.0306,0.0,0,5,manual
4,4441,4screws,1.0013,unknown,,0.1081,0.0,0,5,manual
4,4442,4screws,0.9825,known,4screws,0.0995,0.0,0,5,manual
4,4443,4screws,0.8706,known,4screws,0.0915,0.0,0,5,manual
4,4444,4screws,0.8472,known,4screws,0.0842,0.0,0,5,manual
4,4445,4screws,0.74,known,4screws,0.0775,0.0,0,5,manual
4,4446,4screws,0.8553,known,4screws,0.0713,0.0,0,5,manual
4,4447,4screws,0.818,known,4screws,0.0656,0.0,0,5,manual
4,4448,4screws,0.7376,known,4screws,0.0603,0.0,0,5,manual
4,4449,4screws,0.957,known,4screws,0.0555,0.0,0,5,manual
4,4450,4screws,0.7623,known,4screws,0.0511,0.0,0,5,manual
4,4451,4screws,0.8978,known,4screws,0.047,0.0,0,5,manual
4,4452,4screws,0.6477,known,4screws,0.0432,0.0,0,5,manual
4,4453,4screws,0.867,known,4screws,0.0398,0.0,0,5,manual
4,4454,4screws,0.8158,known,4screws,0.0366,0.0,0,5,manual
4,4455,4screws,0.6959,known,4screws,0.0337,0.0,0,5,manual
4,4456,4screws,0.7388,known,4screws,0.031,0.0,0,5,manual
4,4457,4screws,0.7499,known,4screws,0.0285,0.0,0,5,manual
4,4458,4screws,0.7039,known,4screws,0.0262,0.0,0,5,manual
4,4459,4screws,0.9,known,4screws,0.0241,0.0,0,5,manual
4,4460,4screws,0.9276,known,4screws,0.0222,0.0,0,5,manual
4,4461,4screws,0.6619,known,4screws,0.0204,0.0,0,5,manual
4,4462,4screws,0.5882,known,4screws,0.0188,0.0,0,5,manual
4,4463,4screws,0.6773,known,4screws,0.0173,0.0,0,5,manual
4,4464,4screws,0.8109,known,4screws,0.0159,0.0,0,5,manual
4,4465,4screws,0.925,known,4screws,0.0146,0.0,0,5,manual
4,4466,4screws,0.6561,known,4screws,0.0134,0.0,0,5,manual
4,4467,4screws,0.9151,known,4screws,0.0124,0.0,0,5,manual
4,4468,4screws,0.8148,known,4screws,0.0114,0.0,0,5,manual
4,4469,4screws,0.7239,known,4screws,0.0105,0.0,0,5,manual
4,4470,4screws,0.8071,known,4screws,0.0096,0.0,0,5,manual
4,4471,4screws,0.7065,known,4screws,0.0089,0.0,0,5,manual
4,4472,4screws,0.9187,known,4screws,0.0082,0.0,0,5,manual
4,4473,4screws,0.963,known,4screws,0.0075,0.0,0,5,manual
4,4474,4screws,0.8127,known,4screws,0.0069,0.0,0,5,manual
4,4475,4screws,0.9497,known,4screws,0.0063,0.0,0,5,manual
4,4476,4screws,0.7778,known,4screws,0.0058,0.0,0,5,manual
4,4477,4screws,0.6727,known,4screws,0.0054,0.0,0,5,manual
4,4478,4screws,0.8127,known,4screws,0.0049,0.0,0,5,manual
4,4479,4screws,0.9,known,4screws,0.0045,0.0,0,5,manual
4,4480,4screws,0.963,known,4screws,0.0042,0.0,0,5,manual
4,4481,4screws,0.7633,known,4screws,0.0039,0.0,0,5,manual
4,4482,4screws,0.7111,known,4screws,0.0035,0.0,0,5,manual
4,4483,4screws,0.7499,known,4screws,0.0033,0.0,0,5,manual
4,4484,4screws,0.925,known,4screws,0.003,0.0,0,5,manual
4,4485,4screws,0.7504,known,4screws,0.0028,0.0,0,5,manual
4,4486,4screws,0.6619,known,4screws,0.0025,0.0,0,5,manual
4,4487,4screws,0.8706,known,4screws,0.0023,0.0,0,5,manual
4,4488,4screws,0.8298,known,4screws,0.0021,0.0,0,5,manual
4,4489,4screws,0.8432,known,4screws,0.002,0.0,0,5,manual
4,4490,4screws,0.9425,known,4screws,0.0018,0.0,0,5,manual
4,4491,4screws,0.9825,known,4screws,0.0017,0.0,0,5,manual
4,4492,4screws,1.012,unknown,,0.0815,0.01,0,5,manual
4,4493,4screws,0.8558,known,4screws,0.075,0.0,0,5,manual
4,4494,4screws,0.7503,known,4screws,0.069,0.0,0,5,manual
4,4495,4screws,0.8438,known,4screws,0.0635,0.0,0,5,manual
4,4496,4screws,0.7065,known,4screws,0.0584,0.0,0,5,manual
4,4497,4screws,0.9962,known,4screws,0.0537,0.0,0,5,manual
4,4498,4screws,0.8525,known,4screws,0.0494,0.0,0,5,manual
4,4499,4screws,0.7376,known,4screws,0.0455,0.0,0,5,manual
4,4500,4screws,0.6959,known,4screws,0.0418,0.0,0,5,manual
4,4501,4screws,0.8978,known,4screws,0.0385,0.0,0,5,manual
4,4502,4screws,0.7495,known,4screws,0.0354,0.0,0,5,manual
4,4503,4screws,0.7388,known,4screws,0.0326,0.0,0,5,manual
4,4504,4screws,0.7778,known,4screws,0.03,0.0,0,5,manual
4,4505,4screws,0.7239,known,4screws,0.0276,0.0,0,5,manual
4,4506,4screws,0.7025,known,4screws,0.0254,0.0,0,5,manual
4,4507,4screws,1.0013,unknown,,0.1033,0.0,0,5,manual
4,4508,4screws,0.6998,known,4screws,0.0951,0.0,0,5,manual
4,4509,4screws,0.8109,known,4screws,0.0875,0.0,0,5,manual
4,4510,4screws,0.8158,known,4screws,0.0805,0.0,0,5,manual
4,4511,4screws,0.867,known,4screws,0.074,0.0,0,5,manual
4,4512,4screws,0.7807,known,4screws,0.0681,0.0,0,5,manual
4,4513,4screws,0.8071,known,4screws,0.0627,0.0,0,5,manual
4,4514,4screws,0.7779,known,4screws,0.0577,0.0,0,5,manual
4,4515,4screws,0.6773,known,4screws,0.053,0.0,0,5,manual
4,4516,4screws,0.9276,known,4screws,0.0488,0.0,0,5,manual
4,4517,4screws,0.8536,known,4screws,0.0449,0.0,0,5,manual
4,4518,4screws,0.8553,known,4screws,0.0413,0.0,0,5,manual
4,4519,4screws,0.957,known,4screws,0.038,0.0,0,5,manual
4,4520,4screws,0.7623,known,4screws,0.035,0.0,0,5,manual
4,4521,4screws,0.566,known,4screws,0.0322,0.0,0,5,manual
4,4522,4screws,0.9151,known,4screws,0.0296,0.0,0,5,manual
4,4523,4screws,0.818,known,4screws,0.0272,0.0,0,5,manual
4,4524,4screws,0.6561,known,4screws,0.025,0.0,0,5,manual
4,4525,4screws,0.5882,known,4screws,0.023,0.0,0,5,manual
4,4526,4screws,0.8148,known,4screws,0.0212,0.0,0,5,manual
4,4527,4screws,0.8084,known,4screws,0.0195,0.0,0,5,manual
4,4528,4screws,0.9497,known,4screws,0.0179,0.0,0,5,manual
4,4529,4screws,0.74,known,4screws,0.0165,0.0,0,5,manual
4,4530,4screws,0.7039,known,4screws,0.0152,0.0,0,5,manual
4,4531,4screws,0.6477,known,4screws,0.014,0.0,0,5,manual
4,4532,4screws,0.9187,known,4screws,0.0129,0.0,0,5,manual
4,4533,4screws,0.8556,known,4screws,0.0118,0.0,0,5,manual
4,4534,4screws,0.8472,known,4screws,0.0109,0.0,0,5,manual
4,4535,4screws,0.7499,known,4screws,0.01,0.0,0,5,manual
4,4536,4screws,0.963,known,4screws,0.0092,0.0,0,5,manual
4,4537,4screws,0.8148,known,4screws,0.0085,0.0,0,5,manual
4,4538,4screws,0.7065,known,4screws,0.0078,0.0,0,5,manual
4,4539,4screws,0.8432,known,4screws,0.0072,0.0,0,5,manual
4,4540,4screws,0.867,known,4screws,0.0066,0.0,0,5,manual
4,4541,4screws,0.9187,known,4screws,0.0061,0.0,0,5,manual
4,4542,4screws,0.6959,known,4screws,0.0056,0.0,0,5,manual
4,4543,4screws,0.8084,known,4screws,0.0051,0.0,0,5,manual
4,4544,4screws,0.6998,known,4screws,0.0047,0.0,0,5,manual
4,4545,4screws,0.6561,known,4screws,0.0043,0.0,0,5,manual
4,4546,4screws,0.7504,known,4screws,0.004,0.0,0,5,manual
4,4547,4screws,0.9425,known,4screws,0.0037,0.0,0,5,manual
4,4548,4screws,0.566,known,4screws,0.0034,0.0,0,5,manual
4,4549,4screws,0.8706,known,4screws,0.0031,0.0,0,5,manual
4,4550,4screws,0.9825,known,4screws,0.0029,0.0,0,5,manual
4,4551,4screws,0.8109,known,4screws,0.0026,0.0,0,5,manual
4,4552,4screws,0.7025,known,4screws,0.0024,0.0,0,5,manual
4,4553,4screws,0.8525,known,4screws,0.0022,0.0,0,5,manual
4,4554,4screws,1.012,unknown,,0.0821,0.01,0,5,manual
4,4555,4screws,0.6773,known,4screws,0.0755,0.0,0,5,manual
4,4556,4screws,0.7779,known,4screws,0.0694,0.0,0,5,manual
4,4557,4screws,0.7633,known,4screws,0.0639,0.0,0,5,manual
4,4558,4screws,1.0013,unknown,,0.1388,0.0,0,5,manual
4,4559,4screws,0.7388,known,4screws,0.1277,0.0,0,5,manual
4,4560,4screws,0.9497,known,4screws,0.1175,0.0,0,5,manual
4,4561,4screws,0.957,known,4screws,0.1081,0.0,0,5,manual
4,4562,4screws,0.9962,known,4screws,0.0994,0.0,0,5,manual
4,4563,4screws,0.925,known,4screws,0.0915,0.0,0,5,manual
4,4564,4screws,0.8556,known,4screws,0.0842,0.0,0,5,manual
4,4565,4screws,0.7503,known,4screws,0.0774,0.0,0,5,manual
4,4566,4screws,0.818,known,4screws,0.0712,0.0,0,5,manual
4,4567,4screws,0.74,known,4screws,0.0655,0.0,0,5,manual
4,4568,4screws,0.7111,known,4screws,0.0603,0.0,0,5,manual
4,4569,4screws,0.7376,known,4screws,0.0555,0.0,0,5,manual
4,4570,4screws,0.7778,known,4screws,0.051,0.0,0,5,manual
4,4571,4screws,0.8438,known,4screws,0.0469,0.0,0,5,manual
4,4572,4screws,0.8978,known,4screws,0.0432,0.0,0,5,manual
4,4573,4screws,0.7039,known,4screws,0.0397,0.0,0,5,manual
4,4574,4screws,0.8558,known,4screws,0.0366,0.0,0,5,manual
4,4575,4screws,0.6727,known,4screws,0.0336,0.0,0,5,manual
4,4576,4screws,0.7807,known,4screws,0.0309,0.0,0,5,manual
4,4577,4screws,0.9276,known,4screws,0.0285,0.0,0,5,manual
4,4578,4screws,0.7623,known,4screws,0.0262,0.0,0,5,manual
4,4579,4screws,0.6477,known,4screws,0.0241,0.0,0,5,manual
4,4580,4screws,0.5882,known,4screws,0.0222,0.0,0,5,manual
4,4581,4screws,0.9151,known,4screws,0.0204,0.0,0,5,manual
4,4582,4screws,0.8472,known,4screws,0.0188,0.0,0,5,manual
4,4583,4screws,0.8553,known,4screws,0.0173,0.0,0,5,manual
4,4584,4screws,0.8158,known,4screws,0.0159,0.0,0,5,manual
4,4585,4screws,0.9,known,4screws,0.0146,0.0,0,5,manual
4,4586,4screws,0.7495,known,4screws,0.0134,0.0,0,5,manual
4,4587,4screws,0.8127,known,4screws,0.0124,0.0,0,5,manual
4,4588,4screws,0.7239,known,4screws,0.0114,0.0,0,5,manual
4,4589,4screws,0.8536,known,4screws,0.0105,0.0,0,5,manual
4,4590,4screws,0.6619,known,4screws,0.0096,0.0,0,5,manual
4,4591,4screws,0.8298,known,4screws,0.0089,0.0,0,5,manual
4,4592,4screws,0.8071,known,4screws,0.0081,0.0,0,5,manual
4,4593,4screws,0.7503,known,4screws,0.0075,0.0,0,5,manual
4,4594,4screws,0.9425,known,4screws,0.0069,0.0,0,5,manual
4,4595,4screws,0.7111,known,4screws,0.0063,0.0,0,5,manual
4,4596,4screws,0.6959,known,4screws,0.0058,0.0,0,5,manual
4,4597,4screws,0.8158,known,4screws,0.0054,0.0,0,5,manual
4,4598,4screws,0.9151,known,4screws,0.0049,0.0,0,5,manual
4,4599,4screws,0.7779,known,4screws,0.0045,0.0,0,5,manual
4,4600,4screws,0.9962,known,4screws,0.0042,0.0,0,5,manual
4,4601,4screws,0.7039,known,4screws,0.0038,0.0,0,5,manual
4,4602,4screws,0.7807,known,4screws,0.0035,0.0,0,5,manual
4,4603,4screws,0.6477,known,4screws,0.0033,0.0,0,5,manual
4,4604,4screws,0.8558,known,4screws,0.003,0.0,0,5,manual
4,4605,4screws,0.5882,known,4screws,0.0028,0.0,0,5,manual
4,4606,4screws,0.867,known,4screws,0.0025,0.0,0,5,manual
4,4607,4screws,0.8298,known,4screws,0.0023,0.0,0,5,manual
4,4608,4screws,0.7025,known,4screws,0.0021,0.0,0,5,manual
4,4609,4screws,0.7388,known,4screws,0.002,0.0,0,5,manual
4,4610,4screws,0.8978,known,4screws,0.0018,0.0,0,5,manual
4,4611,4screws,0.818,known,4screws,0.0017,0.0,0,5,manual
4,4612,4screws,0.8438,known,4screws,0.0015,0.0,0,5,manual
4,4613,4screws,0.8148,known,4screws,0.0014,0.0,0,5,manual
4,4614,4screws,0.8706,known,4screws,0.0013,0.0,0,5,manual
4,4615,4screws,0.566,known,4screws,0.0012,0.0,0,5,manual
4,4616,4screws,0.8127,known,4screws,0.0011,0.0,0,5,manual
4,4617,4screws,0.74,known,4screws,0.001,0.0,0,5,manual
4,4618,4screws,0.8432,known,4screws,0.0009,0.0,0,5,manual
4,4619,4screws,0.7623,known,4screws,0.0009,0.0,0,5,manual
4,4620,4screws,0.8084,known,4screws,0.0008,0.0,0,5,manual
4,4621,4screws,0.9497,known,4screws,0.0007,0.0,0,5,manual
4,4622,4screws,0.7239,known,4screws,0.0007,0.0,0,5,manual
4,4623,4screws,0.6561,known,4screws,0.0006,0.0,0,5,manual
4,4624,4screws,0.6773,known,4screws,0.0006,0.0,0,5,manual
4,4625,4screws,0.8525,known,4screws,0.0005,0.0,0,5,manual
4,4626,4screws,0.7778,known,4screws,0.0005,0.0,0,5,manual
4,4627,4screws,0.7504,known,4screws,0.0004,0.0,0,5,manual
4,4628,4screws,0.9,known,4screws,0.0004,0.0,0,5,manual
4,4629,4screws,0.7065,known,4screws,0.0004,0.0,0,5,manual
4,4630,4screws,0.6727,known,4screws,0.0003,0.0,0,5,manual
4,4631,4screws,0.8071,known,4screws,0.0003,0.0,0,5,manual
4,4632,4screws,0.6619,known,4screws,0.0003,0.0,0,5,manual
4,4633,4screws,0.7376,known,4screws,0.0003,0.0,0,5,manual
4,4634,4screws,0.963,known,4screws,0.0002,0.0,0,5,manual
4,4635,4screws,0.957,known,4screws,0.0002,0.0,0,5,manual
4,4636,4screws,0.9187,known,4screws,0.0002,0.0,0,5,manual
4,4637,4screws,0.8556,known,4screws,0.0002,0.0,0,5,manual
4,4638,4screws,0.9276,known,4screws,0.0002,0.0,0,5,manual
4,4639,4screws,0.8472,known,4screws,0.0002,0.0,0,5,manual
4,4640,4screws,0.8553,known,4screws,0.0001,0.0,0,5,manual
4,4641,4screws,0.7633,known,4screws,0.0001,0.0,0,5,manual
4,4642,4screws,0.8536,known,4screws,0.0001,0.0,0,5,manual
4,4643,4screws,1.0013,unknown,,0.0801,0.0,0,5,manual
4,4644,4screws,0.925,known,4screws,0.0737,0.0,0,5,manual
4,4645,4screws,0.8109,known,4screws,0.0678,0.0,0,5,manual
4,4646,4screws,1.012,unknown,,0.1424,0.01,0,5,manual
4,4647,4screws,0.6998,known,4screws,0.131,0.0,0,5,manual
4,4648,4screws,0.7495,known,4screws,0.1205,0.0,0,5,manual
4,4649,4screws,0.7499,known,4screws,0.1109,0.0,0,5,manual
4,4650,4screws,0.9825,known,4screws,0.102,0.0,0,5,manual
4,4651,4screws,1.0013,unknown,,0.1738,0.0,0,5,manual
4,4652,4screws,0.7025,known,4screws,0.1599,0.0,0,5,manual
4,4653,4screws,1.012,unknown,,0.2271,0.01,0,5,manual
4,4654,4screws,0.6619,known,4screws,0.209,0.0,0,5,manual
4,4655,4screws,0.925,known,4screws,0.1923,0.0,0,5,manual
4,4656,4screws,0.7503,known,4screws,0.1769,0.0,0,5,manual
4,4657,4screws,0.963,known,4screws,0.1627,0.0,0,5,manual
4,4658,4screws,0.8472,known,4screws,0.1497,0.0,0,5,manual
4,4659,4screws,0.8084,known,4screws,0.1377,0.0,0,5,manual
4,4660,4screws,0.8525,known,4screws,0.1267,0.0,0,5,manual
4,4661,4screws,0.6561,known,4screws,0.1166,0.0,0,5,manual
4,4662,4screws,0.74,known,4screws,0.1072,0.0,0,5,manual
4,4663,4screws,0.7623,known,4screws,0.0987,0.0,0,5,manual
4,4664,4screws,0.8109,known,4screws,0.0908,0.0,0,5,manual
4,4665,4screws,0.9151,known,4screws,0.0835,0.0,0,5,manual
4,4666,4screws,0.818,known,4screws,0.0768,0.0,0,5,manual
4,4667,4screws,0.8148,known,4screws,0.0707,0.0,0,5,manual
4,4668,4screws,0.8978,known,4screws,0.065,0.0,0,5,manual
4,4669,4screws,0.566,known,4screws,0.0598,0.0,0,5,manual
4,4670,4screws,0.7807,known,4screws,0.055,0.0,0,5,manual
4,4671,4screws,0.7388,known,4screws,0.0506,0.0,0,5,manual
4,4672,4screws,0.6959,known,4screws,0.0466,0.0,0,5,manual
4,4673,4screws,0.6477,known,4screws,0.0429,0.0,0,5,manual
4,4674,4screws,0.7376,known,4screws,0.0394,0.0,0,5,manual
4,4675,4screws,0.7778,known,4screws,0.0363,0.0,0,5,manual
4,4676,4screws,0.7779,known,4screws,0.0334,0.0,0,5,manual
4,4677,4screws,0.7499,known,4screws,0.0307,0.0,0,5,manual
4,4678,4screws,0.7065,known,4screws,0.0282,0.0,0,5,manual
4,4679,4screws,0.9276,known,4screws,0.026,0.0,0,5,manual
4,4680,4screws,0.9425,known,4screws,0.0239,0.0,0,5,manual
4,4681,4screws,0.9497,known,4screws,0.022,0.0,0,5,manual
4,4682,4screws,0.8298,known,4screws,0.0202,0.0,0,5,manual
4,4683,4screws,0.8158,known,4screws,0.0186,0.0,0,5,manual
4,4684,4screws,0.8706,known,4screws,0.0171,0.0,0,5,manual
4,4685,4screws,0.7495,known,4screws,0.0158,0.0,0,5,manual
4,4686,4screws,0.8553,known,4screws,0.0145,0.0,0,5,manual
4,4687,4screws,0.8071,known,4screws,0.0133,0.0,0,5,manual
4,4688,4screws,0.9187,known,4screws,0.0123,0.0,0,5,manual
4,4689,4screws,0.8438,known,4screws,0.0113,0.0,0,5,manual
4,4690,4screws,0.9,known,4screws,0.0104,0.0,0,5,manual
4,4691,4screws,0.8536,known,4screws,0.0096,0.0,0,5,manual
4,4692,4screws,0.9962,known,4screws,0.0088,0.0,0,5,manual
4,4693,4screws,0.8432,known,4screws,0.0081,0.0,0,5,manual
4,4694,4screws,0.8558,known,4screws,0.0074,0.0,0,5,manual
4,4695,4screws,0.867,known,4screws,0.0068,0.0,0,5,manual
4,4696,4screws,0.8127,known,4screws,0.0063,0.0,0,5,manual
4,4697,4screws,0.7633,known,4screws,0.0058,0.0,0,5,manual
4,4698,4screws,0.957,known,4screws,0.0053,0.0,0,5,manual
4,4699,4screws,0.6727,known,4screws,0.0049,0.0,0,5,manual
4,4700,4screws,0.6773,known,4screws,0.0045,0.0,0,5,manual
4,4701,4screws,0.7504,known,4screws,0.0042,0.0,0,5,manual
4,4702,4screws,0.7111,known,4screws,0.0038,0.0,0,5,manual
4,4703,4screws,0.7039,known,4screws,0.0035,0.0,0,5,manual
4,4704,4screws,0.8556,known,4screws,0.0032,0.0,0,5,manual
4,4705,4screws,0.9825,known,4screws,0.003,0.0,0,5,manual
4,4706,4screws,0.6998,known,4screws,0.0027,0.0,0,5,manual
4,4707,4screws,0.5882,known,4screws,0.0025,0.0,0,5,manual
4,4708,4screws,0.7239,known,4screws,0.0023,0.0,0,5,manual
4,4709,4screws,0.7623,known,4screws,0.0021,0.0,0,5,manual
4,4710,4screws,0.8084,known,4screws,0.002,0.0,0,5,manual
4,4711,4screws,0.925,known,4screws,0.0018,0.0,0,5,manual
4,4712,4screws,0.7778,known,4screws,0.0017,0.0,0,5,manual
4,4713,4screws,0.8978,known,4screws,0.0015,0.0,0,5,manual
4,4714,4screws,0.9497,known,4screws,0.0014,0.0,0,5,manual
4,4715,4screws,0.6727,known,4screws,0.0013,0.0,0,5,manual
4,4716,4screws,0.7388,known,4screws,0.0012,0.0,0,5,manual
4,4717,4screws,0.9825,known,4screws,0.0011,0.0,0,5,manual
4,4718,4screws,0.6477,known,4screws,0.001,0.0,0,5,manual
4,4719,4screws,0.8706,known,4screws,0.0009,0.0,0,5,manual
4,4720,4screws,0.7807,known,4screws,0.0009,0.0,0,5,manual
4,4721,4screws,0.9,known,4screws,0.0008,0.0,0,5,manual
4,4722,4screws,0.5882,known,4screws,0.0007,0.0,0,5,manual
4,4723,4screws,0.7499,known,4screws,0.0007,0.0,0,5,manual
4,4724,4screws,0.8109,known,4screws,0.0006,0.0,0,5,manual
4,4725,4screws,0.7495,known,4screws,0.0006,0.0,0,5,manual
4,4726,4screws,0.7633,known,4screws,0.0005,0.0,0,5,manual
4,4727,4screws,0.8536,known,4screws,0.0005,0.0,0,5,manual
4,4728,4screws,0.7779,known,4screws,0.0004,0.0,0,5,manual
4,4729,4screws,0.867,known,4screws,0.0004,0.0,0,5,manual
4,4730,4screws,0.8158,known,4screws,0.0004,0.0,0,5,manual
4,4731,4screws,0.957,known,4screws,0.0003,0.0,0,5,manual
4,4732,4screws,0.7376,known,4screws,0.0003,0.0,0,5,manual
4,4733,4screws,0.818,known,4screws,0.0003,0.0,0,5,manual
4,4734,4screws,1.0013,unknown,,0.0803,0.0,0,5,manual
4,4735,4screws,0.6619,known,4screws,0.0738,0.0,0,5,manual
4,4736,4screws,1.012,unknown,,0.1479,0.01,0,5,manual
4,4737,4screws,0.8432,known,4screws,0.1361,0.0,0,5,manual
4,4738,4screws,0.7039,known,4screws,0.1252,0.0,0,5,manual
4,4739,4screws,0.6773,known,4screws,0.1152,0.0,0,5,manual
4,4740,4screws,0.9276,known,4screws,0.106,0.0,0,5,manual
4,4741,4screws,0.963,known,4screws,0.0975,0.0,0,5,manual
4,4742,4screws,0.9187,known,4screws,0.0897,0.0,0,5,manual
4,4743,4screws,0.8148,known,4screws,0.0825,0.0,0,5,manual
4,4744,4screws,0.7065,known,4screws,0.0759,0.0,0,5,manual
4,4745,4screws,0.8525,known,4screws,0.0698,0.0,0,5,manual
4,4746,4screws,0.7025,known,4screws,0.0643,0.0,0,5,manual
4,4747,4screws,0.8071,known,4screws,0.0591,0.0,0,5,manual
4,4748,4screws,0.7239,known,4screws,0.0544,0.0,0,5,manual
4,4749,4screws,0.8298,known,4screws,0.05,0.0,0,5,manual
4,4750,4screws,0.74,known,4screws,0.046,0.0,0,5,manual
4,4751,4screws,0.8553,known,4screws,0.0424,0.0,0,5,manual
4,4752,4screws,0.8127,known,4screws,0.039,0.0,0,5,manual
4,4753,4screws,0.8472,known,4screws,0.0358,0.0,0,5,manual
4,4754,4screws,0.8558,known,4screws,0.033,0.0,0,5,manual
4,4755,4screws,0.7503,known,4screws,0.0303,0.0,0,5,manual
4,4756,4screws,0.7111,known,4screws,0.0279,0.0,0,5,manual
4,4757,4screws,0.8438,known,4screws,0.0257,0.0,0,5,manual
4,4758,4screws,0.9151,known,4screws,0.0236,0.0,0,5,manual
4,4759,4screws,0.6998,known,4screws,0.0217,0.0,0,5,manual
4,4760,4screws,0.7504,known,4screws,0.02,0.0,0,5,manual
4,4761,4screws,0.6561,known,4screws,0.0184,0.0,0,5,manual
4,4762,4screws,0.8556,known,4screws,0.0169,0.0,0,5,manual
4,4763,4screws,0.6959,known,4screws,0.0156,0.0,0,5,manual
4,4764,4screws,0.9962,known,4screws,0.0143,0.0,0,5,manual
4,4765,4screws,0.9425,known,4screws,0.0132,0.0,0,5,manual
4,4766,4screws,0.566,known,4screws,0.0121,0.0,0,5,manual
4,4767,4screws,0.8127,known,4screws,0.0112,0.0,0,5,manual
4,4768,4screws,0.963,known,4screws,0.0103,0.0,0,5,manual
4,4769,4screws,0.7065,known,4screws,0.0094,0.0,0,5,manual
4,4770,4screws,0.8553,known,4screws,0.0087,0.0,0,5,manual
4,4771,4screws,0.7633,known,4screws,0.008,0.0,0,5,manual
4,4772,4screws,0.8706,known,4screws,0.0074,0.0,0,5,manual
4,4773,4screws,0.7025,known,4screws,0.0068,0.0,0,5,manual
4,4774,4screws,0.9151,known,4screws,0.0062,0.0,0,5,manual
4,4775,4screws,0.8109,known,4screws,0.0057,0.0,0,5,manual
4,4776,4screws,0.7111,known,4screws,0.0053,0.0,0,5,manual
4,4777,4screws,0.7039,known,4screws,0.0048,0.0,0,5,manual
4,4778,4screws,0.8432,known,4screws,0.0045,0.0,0,5,manual
4,4779,4screws,0.8071,known,4screws,0.0041,0.0,0,5,manual
4,4780,4screws,0.6773,known,4screws,0.0038,0.0,0,5,manual
4,4781,4screws,0.9825,known,4screws,0.0035,0.0,0,5,manual
4,4782,4screws,0.7499,known,4screws,0.0032,0.0,0,5,manual
4,4783,4screws,0.9187,known,4screws,0.0029,0.0,0,5,manual
4,4784,4screws,0.7503,known,4screws,0.0027,0.0,0,5,manual
4,4785,4screws,0.74,known,4screws,0.0025,0.0,0,5,manual
4,4786,4screws,0.925,known,4screws,0.0023,0.0,0,5,manual
4,4787,4screws,0.957,known,4screws,0.0021,0.0,0,5,manual
4,4788,4screws,0.6619,known,4screws,0.0019,0.0,0,5,manual
4,4789,4screws,0.9,known,4screws,0.0018,0.0,0,5,manual
4,4790,4screws,0.9425,known,4screws,0.0016,0.0,0,5,manual
4,4791,4screws,0.8978,known,4screws,0.0015,0.0,0,5,manual
4,4792,4screws,0.9497,known,4screws,0.0014,0.0,0,5,manual
4,4793,4screws,0.8556,known,4screws,0.0013,0.0,0,5,manual
4,4794,4screws,0.7388,known,4screws,0.0012,0.0,0,5,manual
4,4795,4screws,0.7239,known,4screws,0.0011,0.0,0,5,manual
4,4796,4screws,0.6727,known,4screws,0.001,0.0,0,5,manual
4,4797,4screws,0.9962,known,4screws,0.0009,0.0,0,5,manual
4,4798,4screws,0.8298,known,4screws,0.0008,0.0,0,5,manual
4,4799,4screws,0.6998,known,4screws,0.0008,0.0,0,5,manual
4,4800,4screws,0.7376,known,4screws,0.0007,0.0,0,5,manual
4,4801,4screws,1.0013,unknown,,0.0807,0.0,0,5,manual
4,4802,4screws,0.6959,known,4screws,0.0742,0.0,0,5,manual
4,4803,4screws,0.5882,known,4screws,0.0683,0.0,0,5,manual
4,4804,4screws,0.7807,known,4screws,0.0628,0.0,0,5,manual
4,4805,4screws,0.818,known,4screws,0.0578,0.0,0,5,manual
4,4806,4screws,0.8158,known,4screws,0.0532,0.0,0,5,manual
4,4807,4screws,1.012,unknown,,0.1289,0.01,0,5,manual
4,4808,4screws,0.8472,known,4screws,0.1186,0.0,0,5,manual
4,4809,4screws,0.7623,known,4screws,0.1091,0.0,0,5,manual
4,4810,4screws,0.7779,known,4screws,0.1004,0.0,0,5,manual
4,4811,4screws,0.6477,known,4screws,0.0923,0.0,0,5,manual
4,4812,4screws,0.9276,known,4screws,0.085,0.0,0,5,manual
4,4813,4screws,0.7778,known,4screws,0.0782,0.0,0,5,manual
4,4814,4screws,0.867,known,4screws,0.0719,0.0,0,5,manual
4,4815,4screws,0.7504,known,4screws,0.0662,0.0,0,5,manual
4,4816,4screws,0.8148,known,4screws,0.0609,0.0,0,5,manual
4,4817,4screws,0.6561,known,4screws,0.056,0.0,0,5,manual
4,4818,4screws,0.566,known,4screws,0.0515,0.0,0,5,manual
4,4819,4screws,0.8558,known,4screws,0.0474,0.0,0,5,manual
4,4820,4screws,0.8525,known,4screws,0.0436,0.0,0,5,manual
4,4821,4screws,0.8084,known,4screws,0.0401,0.0,0,5,manual
4,4822,4screws,0.7495,known,4screws,0.0369,0.0,0,5,manual
4,4823,4screws,0.8438,known,4screws,0.034,0.0,0,5,manual
4,4824,4screws,0.8536,known,4screws,0.0312,0.0,0,5,manual
4,4825,4screws,0.7025,known,4screws,0.0287,0.0,0,5,manual
4,4826,4screws,0.7495,known,4screws,0.0264,0.0,0,5,manual
4,4827,4screws,0.7633,known,4screws,0.0243,0.0,0,5,manual
4,4828,4screws,0.963,known,4screws,0.0224,0.0,0,5,manual
4,4829,4screws,0.8706,known,4screws,0.0206,0.0,0,5,manual
4,4830,4screws,0.6773,known,4screws,0.0189,0.0,0,5,manual
4,4831,4screws,0.7623,known,4screws,0.0174,0.0,0,5,manual
4,4832,4screws,1.0013,unknown,,0.096,0.0,0,5,manual
4,4833,4screws,0.8556,known,4screws,0.0883,0.0,0,5,manual
4,4834,4screws,0.7504,known,4screws,0.0813,0.0,0,5,manual
4,4835,4screws,0.8158,known,4screws,0.0748,0.0,0,5,manual
4,4836,4screws,0.8525,known,4screws,0.0688,0.0,0,5,manual
4,4837,4screws,0.818,known,4screws,0.0633,0.0,0,5,manual
4,4838,4screws,0.7239,known,4screws,0.0582,0.0,0,5,manual
4,4839,4screws,0.7779,known,4screws,0.0536,0.0,0,5,manual
4,4840,4screws,0.8109,known,4screws,0.0493,0.0,0,5,manual
4,4841,4screws,0.6619,known,4screws,0.0453,0.0,0,5,manual
4,4842,4screws,0.6998,known,4screws,0.0417,0.0,0,5,manual
4,4843,4screws,0.7111,known,4screws,0.0384,0.0,0,5,manual
4,4844,4screws,0.7065,known,4screws,0.0353,0.0,0,5,manual
4,4845,4screws,0.566,known,4screws,0.0325,0.0,0,5,manual
4,4846,4screws,0.7778,known,4screws,0.0299,0.0,0,5,manual
4,4847,4screws,0.8148,known,4screws,0.0275,0.0,0,5,manual
4,4848,4screws,0.8127,known,4screws,0.0253,0.0,0,5,manual
4,4849,4screws,0.6727,known,4screws,0.0233,0.0,0,5,manual
4,4850,4screws,0.9825,known,4screws,0.0214,0.0,0,5,manual
4,4851,4screws,0.8553,known,4screws,0.0197,0.0,0,5,manual
4,4852,4screws,1.012,unknown,,0.0981,0.01,0,5,manual
4,4853,4screws,0.8071,known,4screws,0.0903,0.0,0,5,manual
4,4854,4screws,0.7388,known,4screws,0.083,0.0,0,5,manual
4,4855,4screws,0.8438,known,4screws,0.0764,0.0,0,5,manual
4,4856,4screws,0.7376,known,4screws,0.0703,0.0,0,5,manual
4,4857,4screws,0.7503,known,4screws,0.0647,0.0,0,5,manual
4,4858,4screws,0.8536,known,4screws,0.0595,0.0,0,5,manual
4,4859,4screws,0.9276,known,4screws,0.0547,0.0,0,5,manual
4,4860,4screws,0.6959,known,4screws,0.0504,0.0,0,5,manual
4,4861,4screws,0.8084,known,4screws,0.0463,0.0,0,5,manual
4,4862,4screws,0.8978,known,4screws,0.0426,0.0,0,5,manual
4,4863,4screws,0.8472,known,4screws,0.0392,0.0,0,5,manual
4,4864,4screws,0.9151,known,4screws,0.0361,0.0,0,5,manual
4,4865,4screws,0.9497,known,4screws,0.0332,0.0,0,5,manual
4,4866,4screws,0.7039,known,4screws,0.0305,0.0,0,5,manual
4,4867,4screws,0.8558,known,4screws,0.0281,0.0,0,5,manual
4,4868,4screws,0.8432,known,4screws,0.0258,0.0,0,5,manual
4,4869,4screws,0.9425,known,4screws,0.0238,0.0,0,5,manual
4,4870,4screws,0.6561,known,4screws,0.0219,0.0,0,5,manual
4,4871,4screws,0.867,known,4screws,0.0201,0.0,0,5,manual
4,4872,4screws,0.9187,known,4screws,0.0185,0.0,0,5,manual
4,4873,4screws,0.7807,known,4screws,0.017,0.0,0,5,manual
4,4874,4screws,0.6477,known,4screws,0.0157,0.0,0,5,manual
4,4875,4screws,0.5882,known,4screws,0.0144,0.0,0,5,manual
4,4876,4screws,0.925,known,4screws,0.0133,0.0,0,5,manual
4,4877,4screws,0.74,known,4screws,0.0122,0.0,0,5,manual
4,4878,4screws,0.7499,known,4screws,0.0112,0.0,0,5,manual
4,4879,4screws,0.957,known,4screws,0.0103,0.0,0,5,manual
4,4880,4screws,0.9962,known,4screws,0.0095,0.0,0,5,manual
4,4881,4screws,0.9,known,4screws,0.0087,0.0,0,5,manual
4,4882,4screws,0.8298,known,4screws,0.008,0.0,0,5,manual
4,4883,4screws,0.8558,known,4screws,0.0074,0.0,0,5,manual
4,4884,4screws,0.8071,known,4screws,0.0068,0.0,0,5,manual
4,4885,4screws,0.6477,known,4screws,0.0063,0.0,0,5,manual
4,4886,4screws,0.6561,known,4screws,0.0058,0.0,0,5,manual
4,4887,4screws,0.8148,known,4screws,0.0053,0.0,0,5,manual
4,4888,4screws,0.7039,known,4screws,0.0049,0.0,0,5,manual
4,4889,4screws,0.7779,known,4screws,0.0045,0.0,0,5,manual
4,4890,4screws,1.0013,unknown,,0.0841,0.0,0,5,manual
4,4891,4screws,0.7388,known,4screws,0.0774,0.0,0,5,manual
4,4892,4screws,0.8438,known,4screws,0.0712,0.0,0,5,manual
4,4893,4screws,0.9825,known,4screws,0.0655,0.0,0,5,manual
4,4894,4screws,0.7065,known,4screws,0.0603,0.0,0,5,manual
4,4895,4screws,0.8556,known,4screws,0.0554,0.0,0,5,manual
4,4896,4screws,0.566,known,4screws,0.051,0.0,0,5,manual
4,4897,4screws,0.7499,known,4screws,0.0469,0.0,0,5,manual
4,4898,4screws,0.818,known,4screws,0.0432,0.0,0,5,manual
4,4899,4screws,0.7503,known,4screws,0.0397,0.0,0,5,manual
4,4900,4screws,0.8525,known,4screws,0.0365,0.0,0,5,manual
4,4901,4screws,0.9276,known,4screws,0.0336,0.0,0,5,manual
4,4902,4screws,0.7025,known,4screws,0.0309,0.0,0,5,manual
4,4903,4screws,0.6619,known,4screws,0.0285,0.0,0,5,manual
4,4904,4screws,0.8158,known,4screws,0.0262,0.0,0,5,manual
4,4905,4screws,0.7495,known,4screws,0.0241,0.0,0,5,manual
4,4906,4screws,0.8706,known,4screws,0.0222,0.0,0,5,manual
4,4907,4screws,0.6727,known,4screws,0.0204,0.0,0,5,manual
4,4908,4screws,0.8553,known,4screws,0.0188,0.0,0,5,manual
4,4909,4screws,0.9187,known,4screws,0.0173,0.0,0,5,manual
4,4910,4screws,0.8536,known,4screws,0.0159,0.0,0,5,manual
4,4911,4screws,0.9497,known,4screws,0.0146,0.0,0,5,manual
4,4912,4screws,0.7111,known,4screws,0.0134,0.0,0,5,manual
4,4913,4screws,0.9425,known,4screws,0.0124,0.0,0,5,manual
4,4914,4screws,0.6773,known,4screws,0.0114,0.0,0,5,manual
4,4915,4screws,0.7239,known,4screws,0.0105,0.0,0,5,manual
4,4916,4screws,0.963,known,4screws,0.0096,0.0,0,5,manual
4,4917,4screws,0.7623,known,4screws,0.0089,0.0,0,5,manual
4,4918,4screws,0.9962,known,4screws,0.0081,0.0,0,5,manual
4,4919,4screws,0.9151,known,4screws,0.0075,0.0,0,5,manual
4,4920,4screws,0.925,known,4screws,0.0069,0.0,0,5,manual
4,4921,4screws,0.957,known,4screws,0.0063,0.0,0,5,manual
4,4922,4screws,0.8472,known,4screws,0.0058,0.0,0,5,manual
4,4923,4screws,0.7504,known,4screws,0.0054,0.0,0,5,manual
4,4924,4screws,0.74,known,4screws,0.0049,0.0,0,5,manual
4,4925,4screws,0.8109,known,4screws,0.0045,0.0,0,5,manual
4,4926,4screws,0.867,known,4screws,0.0042,0.0,0,5,manual
4,4927,4screws,0.8127,known,4screws,0.0038,0.0,0,5,manual
4,4928,4screws,0.8978,known,4screws,0.0035,0.0,0,5,manual
4,4929,4screws,0.9,known,4screws,0.0033,0.0,0,5,manual
4,4930,4screws,0.5882,known,4screws,0.003,0.0,0,5,manual
4,4931,4screws,0.8432,known,4screws,0.0028,0.0,0,5,manual
4,4932,4screws,1.012,unknown,,0.0825,0.01,0,5,manual
4,4933,4screws,0.7807,known,4screws,0.0759,0.0,0,5,manual
4,4934,4screws,0.8298,known,4screws,0.0699,0.0,0,5,manual
4,4935,4screws,0.7778,known,4screws,0.0643,0.0,0,5,manual
4,4936,4screws,0.6998,known,4screws,0.0591,0.0,0,5,manual
4,4937,4screws,0.8084,known,4screws,0.0544,0.0,0,5,manual
4,4938,4screws,0.6959,known,4screws,0.05,0.0,0,5,manual
4,4939,4screws,0.7376,known,4screws,0.046,0.0,0,5,manual
4,4940,4screws,0.7633,known,4screws,0.0424,0.0,0,5,manual
4,4941,4screws,1.012,unknown,,0.119,0.01,0,5,manual
4,4942,4screws,0.9276,known,4screws,0.1095,0.0,0,5,manual
4,4943,4screws,0.9825,known,4screws,0.1007,0.0,0,5,manual
4,4944,4screws,0.9425,known,4screws,0.0926,0.0,0,5,manual
4,4945,4screws,0.9151,known,4screws,0.0852,0.0,0,5,manual
4,4946,4screws,0.5882,known,4screws,0.0784,0.0,0,5,manual
4,4947,4screws,0.7623,known,4screws,0.0721,0.0,0,5,manual
4,4948,4screws,0.6477,known,4screws,0.0664,0.0,0,5,manual
4,4949,4screws,0.6959,known,4screws,0.0611,0.0,0,5,manual
4,4950,4screws,0.8432,known,4screws,0.0562,0.0,0,5,manual
4,4951,4screws,0.7388,known,4screws,0.0517,0.0,0,5,manual
4,4952,4screws,0.8298,known,4screws,0.0475,0.0,0,5,manual
4,4953,4screws,0.9497,known,4screws,0.0437,0.0,0,5,manual
4,4954,4screws,0.8536,known,4screws,0.0402,0.0,0,5,manual
4,4955,4screws,0.957,known,4screws,0.037,0.0,0,5,manual
4,4956,4screws,0.7779,known,4screws,0.0341,0.0,0,5,manual
4,4957,4screws,0.8438,known,4screws,0.0313,0.0,0,5,manual
4,4958,4screws,0.7503,known,4screws,0.0288,0.0,0,5,manual
4,4959,4screws,0.925,known,4screws,0.0265,0.0,0,5,manual
4,4960,4screws,0.8158,known,4screws,0.0244,0.0,0,5,manual
4,4961,4screws,0.9187,known,4screws,0.0224,0.0,0,5,manual
4,4962,4screws,0.7499,known,4screws,0.0207,0.0,0,5,manual
4,4963,4screws,0.6773,known,4screws,0.019,0.0,0,5,manual
4,4964,4screws,0.7504,known,4screws,0.0175,0.0,0,5,manual
4,4965,4screws,0.8472,known,4screws,0.0161,0.0,0,5,manual
4,4966,4screws,1.0013,unknown,,0.0948,0.0,0,5,manual
4,4967,4screws,0.7807,known,4screws,0.0872,0.0,0,5,manual
4,4968,4screws,0.7111,known,4screws,0.0802,0.0,0,5,manual
4,4969,4screws,0.818,known,4screws,0.0738,0.0,0,5,manual
4,4970,4screws,0.9962,known,4screws,0.0679,0.0,0,5,manual
4,4971,4screws,0.8084,known,4screws,0.0625,0.0,0,5,manual
4,4972,4screws,0.7025,known,4screws,0.0575,0.0,0,5,manual
4,4973,4screws,0.963,known,4screws,0.0529,0.0,0,5,manual
4,4974,4screws,0.867,known,4screws,0.0487,0.0,0,5,manual
4,4975,4screws,0.8553,known,4screws,0.0448,0.0,0,5,manual
4,4976,4screws,0.8148,known,4screws,0.0412,0.0,0,5,manual
4,4977,4screws,0.6998,known,4screws,0.0379,0.0,0,5,manual
4,4978,4screws,0.6561,known,4screws,0.0349,0.0,0,5,manual
4,4979,4screws,0.8558,known,4screws,0.0321,0.0,0,5,manual
4,4980,4screws,0.74,known,4screws,0.0295,0.0,0,5,manual
4,4981,4screws,0.6727,known,4screws,0.0271,0.0,0,5,manual
4,4982,4screws,0.7778,known,4screws,0.025,0.0,0,5,manual
4,4983,4screws,0.7039,known,4screws,0.023,0.0,0,5,manual
4,4984,4screws,0.8127,known,4screws,0.0211,0.0,0,5,manual
4,4985,4screws,0.7065,known,4screws,0.0194,0.0,0,5,manual
4,4986,4screws,0.8109,known,4screws,0.0179,0.0,0,5,manual
4,4987,4screws,0.7239,known,4screws,0.0165,0.0,0,5,manual
4,4988,4screws,0.8706,known,4screws,0.0151,0.0,0,5,manual
4,4989,4screws,0.6619,known,4screws,0.0139,0.0,0,5,manual
4,4990,4screws,0.8978,known,4screws,0.0128,0.0,0,5,manual
4,4991,4screws,0.8071,known,4screws,0.0118,0.0,0,5,manual
4,4992,4screws,0.7495,known,4screws,0.0108,0.0,0,5,manual
4,4993,4screws,0.9,known,4screws,0.01,0.0,0,5,manual
4,4994,4screws,0.8525,known,4screws,0.0092,0.0,0,5,manual
4,4995,4screws,0.8556,known,4screws,0.0084,0.0,0,5,manual
4,4996,4screws,0.7376,known,4screws,0.0078,0.0,0,5,manual
4,4997,4screws,0.7633,known,4screws,0.0071,0.0,0,5,manual
4,4998,4screws,0.566,known,4screws,0.0066,0.0,0,5,manual
4,4999,4screws,0.9962,known,4screws,0.0061,0.0,0,5,manual
4,5000,4screws,0.8127,known,4screws,0.0056,0.0,0,5,manual
4,5001,4screws,0.7025,known,4screws,0.0051,0.0,0,5,manual
4,5002,4screws,0.8558,known,4screws,0.0047,0.0,0,5,manual
4,5003,4screws,0.6561,known,4screws,0.0043,0.0,0,5,manual
4,5004,4screws,0.74,known,4screws,0.004,0.0,0,5,manual
4,5005,4screws,0.7633,known,4screws,0.0037,0.0,0,5,manual
4,5006,4screws,0.925,known,4screws,0.0034,0.0,0,5,manual
4,5007,4screws,0.9,known,4screws,0.0031,0.0,0,5,manual
4,5008,4screws,0.7065,known,4screws,0.0029,0.0,0,5,manual
4,5009,4screws,0.7499,known,4screws,0.0026,0.0,0,5,manual
4,5010,4screws,0.9276,known,4screws,0.0024,0.0,0,5,manual
4,5011,4screws,0.8438,known,4screws,0.0022,0.0,0,5,manual
4,5012,4screws,1.012,unknown,,0.082,0.01,0,5,manual
4,5013,4screws,0.5882,known,4screws,0.0755,0.0,0,5,manual
4,5014,4screws,0.6727,known,4screws,0.0694,0.0,0,5,manual
4,5015,4screws,0.6619,known,4screws,0.0639,0.0,0,5,manual
4,5016,4screws,0.7495,known,4screws,0.0588,0.0,0,5,manual
4,5017,4screws,0.867,known,4screws,0.0541,0.0,0,5,manual
4,5018,4screws,0.818,known,4screws,0.0497,0.0,0,5,manual
4,5019,4screws,0.7778,known,4screws,0.0458,0.0,0,5,manual
4,5020,4screws,0.8084,known,4screws,0.0421,0.0,0,5,manual
4,5021,4screws,0.7239,known,4screws,0.0387,0.0,0,5,manual
4,5022,4screws,0.8158,known,4screws,0.0356,0.0,0,5,manual
4,5023,4screws,0.7039,known,4screws,0.0328,0.0,0,5,manual
4,5024,4screws,0.6959,known,4screws,0.0302,0.0,0,5,manual
4,5025,4screws,0.6477,known,4screws,0.0278,0.0,0,5,manual
4,5026,4screws,0.8148,known,4screws,0.0255,0.0,0,5,manual
4,5027,4screws,0.8525,known,4screws,0.0235,0.0,0,5,manual
4,5028,4screws,0.6998,known,4screws,0.0216,0.0,0,5,manual
4,5029,4screws,0.8472,known,4screws,0.0199,0.0,0,5,manual
4,5030,4screws,0.8556,known,4screws,0.0183,0.0,0,5,manual
4,5031,4screws,0.7503,known,4screws,0.0168,0.0,0,5,manual
4,5032,4screws,0.9151,known,4screws,0.0155,0.0,0,5,manual
4,5033,4screws,0.8432,known,4screws,0.0142,0.0,0,5,manual
4,5034,4screws,0.9497,known,4screws,0.0131,0.0,0,5,manual
4,5035,4screws,0.9825,known,4screws,0.0121,0.0,0,5,manual
4,5036,4screws,0.7111,known,4screws,0.0111,0.0,0,5,manual
4,5037,4screws,0.7807,known,4screws,0.0102,0.0,0,5,manual
4,5038,4screws,0.963,known,4screws,0.0094,0.0,0,5,manual
4,5039,4screws,0.8298,known,4screws,0.0086,0.0,0,5,manual
4,5040,4screws,0.7504,known,4screws,0.0079,0.0,0,5,manual
4,5041,4screws,0.8536,known,4screws,0.0073,0.0,0,5,manual
4,5042,4screws,0.8109,known,4screws,0.0067,0.0,0,5,manual
4,5043,4screws,0.8706,known,4screws,0.0062,0.0,0,5,manual
4,5044,4screws,0.9187,known,4screws,0.0057,0.0,0,5,manual
4,5045,4screws,0.7388,known,4screws,0.0052,0.0,0,5,manual
4,5046,4screws,0.8978,known,4screws,0.0048,0.0,0,5,manual
4,5047,4screws,0.7376,known,4screws,0.0044,0.0,0,5,manual
4,5048,4screws,0.9425,known,4screws,0.0041,0.0,0,5,manual
4,5049,4screws,1.0013,unknown,,0.0838,0.0,0,5,manual
4,5050,4screws,0.8553,known,4screws,0.0771,0.0,0,5,manual
4,5051,4screws,0.8071,known,4screws,0.0709,0.0,0,5,manual
4,5052,4screws,0.6773,known,4screws,0.0652,0.0,0,5,manual
4,5053,4screws,0.7623,known,4screws,0.06,0.0,0,5,manual
4,5054,4screws,0.7779,known,4screws,0.0552,0.0,0,5,manual
4,5055,4screws,0.957,known,4screws,0.0508,0.0,0,5,manual
4,5056,4screws,0.566,known,4screws,0.0467,0.0,0,5,manual
4,5057,4screws,0.8071,known,4screws,0.043,0.0,0,5,manual
4,5058,4screws,0.9425,known,4screws,0.0395,0.0,0,5,manual
4,5059,4screws,0.6477,known,4screws,0.0364,0.0,0,5,manual
4,5060,4screws,0.8556,known,4screws,0.0335,0.0,0,5,manual
4,5061,4screws,0.8148,known,4screws,0.0308,0.0,0,5,manual
4,5062,4screws,0.6773,known,4screws,0.0283,0.0,0,5,manual
4,5063,4screws,0.8472,known,4screws,0.0261,0.0,0,5,manual
4,5064,4screws,0.7025,known,4screws,0.024,0.0,0,5,manual
4,5065,4screws,0.5882,known,4screws,0.0221,0.0,0,5,manual
4,5066,4screws,0.7779,known,4screws,0.0203,0.0,0,5,manual
4,5067,4screws,0.6959,known,4screws,0.0187,0.0,0,5,manual
4,5068,4screws,1.012,unknown,,0.0972,0.01,0,5,manual
4,5069,4screws,0.8084,known,4screws,0.0894,0.0,0,5,manual
4,5070,4screws,0.867,known,4screws,0.0823,0.0,0,5,manual
4,5071,4screws,0.8536,known,4screws,0.0757,0.0,0,5,manual
4,5072,4screws,0.8525,known,4screws,0.0696,0.0,0,5,manual
4,5073,4screws,0.7376,known,4screws,0.064,0.0,0,5,manual
4,5074,4screws,0.9497,known,4screws,0.0589,0.0,0,5,manual
4,5075,4screws,0.7503,known,4screws,0.0542,0.0,0,5,manual
4,5076,4screws,0.8127,known,4screws,0.0499,0.0,0,5,manual
4,5077,4screws,0.9276,known,4screws,0.0459,0.0,0,5,manual
4,5078,4screws,0.7499,known,4screws,0.0422,0.0,0,5,manual
4,5079,4screws,0.7111,known,4screws,0.0388,0.0,0,5,manual
4,5080,4screws,0.7623,known,4screws,0.0357,0.0,0,5,manual
4,5081,4screws,0.9,known,4screws,0.0329,0.0,0,5,manual
4,5082,4screws,0.7388,known,4screws,0.0302,0.0,0,5,manual
4,5083,4screws,0.7239,known,4screws,0.0278,0.0,0,5,manual
4,5084,4screws,0.957,known,4screws,0.0256,0.0,0,5,manual
4,5085,4screws,0.925,known,4screws,0.0235,0.0,0,5,manual
4,5086,4screws,0.8978,known,4screws,0.0217,0.0,0,5,manual
4,5087,4screws,0.963,known,4screws,0.0199,0.0,0,5,manual
4,5088,4screws,1.0013,unknown,,0.0983,0.0,0,5,manual
4,5089,4screws,0.8553,known,4screws,0.0905,0.0,0,5,manual
4,5090,4screws,0.566,known,4screws,0.0832,0.0,0,5,manual
4,5091,4screws,0.6561,known,4screws,0.0766,0.0,0,5,manual
4,5092,4screws,0.7504,known,4screws,0.0704,0.0,0,5,manual
4,5093,4screws,0.8298,known,4screws,0.0648,0.0,0,5,manual
4,5094,4screws,0.9151,known,4screws,0.0596,0.0,0,5,manual
4,5095,4screws,0.9825,known,4screws,0.0549,0.0,0,5,manual
4,5096,4screws,0.8109,known,4screws,0.0505,0.0,0,5,manual
4,5097,4screws,0.7495,known,4screws,0.0464,0.0,0,5,manual
4,5098,4screws,0.818,known,4screws,0.0427,0.0,0,5,manual
4,5099,4screws,0.8158,known,4screws,0.0393,0.0,0,5,manual
4,5100,4screws,0.7807,known,4screws,0.0362,0.0,0,5,manual
4,5101,4screws,0.7633,known,4screws,0.0333,0.0,0,5,manual
4,5102,4screws,0.8432,known,4screws,0.0306,0.0,0,5,manual
4,5103,4screws,0.9962,known,4screws,0.0282,0.0,0,5,manual
4,5104,4screws,0.8706,known,4screws,0.0259,0.0,0,5,manual
4,5105,4screws,0.7039,known,4screws,0.0238,0.0,0,5,manual
4,5106,4screws,0.8558,known,4screws,0.0219,0.0,0,5,manual
4,5107,4screws,0.7065,known,4screws,0.0202,0.0,0,5,manual
4,5108,4screws,0.74,known,4screws,0.0186,0.0,0,5,manual
4,5109,4screws,0.8438,known,4screws,0.0171,0.0,0,5,manual
4,5110,4screws,0.6727,known,4screws,0.0157,0.0,0,5,manual
4,5111,4screws,0.9187,known,4screws,0.0144,0.0,0,5,manual
4,5112,4screws,0.7778,known,4screws,0.0133,0.0,0,5,manual
4,5113,4screws,0.6619,known,4screws,0.0122,0.0,0,5,manual
4,5114,4screws,0.6998,known,4screws,0.0113,0.0,0,5,manual
4,5115,4screws,0.8556,known,4screws,0.0104,0.0,0,5,manual
4,5116,4screws,0.7633,known,4screws,0.0095,0.0,0,5,manual
4,5117,4screws,0.9276,known,4screws,0.0088,0.0,0,5,manual
4,5118,4screws,1.012,unknown,,0.0881,0.01,0,5,manual
4,5119,4screws,0.8438,known,4screws,0.081,0.0,0,5,manual
4,5120,4screws,0.6998,known,4screws,0.0745,0.0,0,5,manual
4,5121,4screws,0.8432,known,4screws,0.0686,0.0,0,5,manual
4,5122,4screws,0.9425,known,4screws,0.0631,0.0,0,5,manual
4,5123,4screws,0.8978,known,4screws,0.058,0.0,0,5,manual
4,5124,4screws,0.8472,known,4screws,0.0534,0.0,0,5,manual
4,5125,4screws,0.7778,known,4screws,0.0491,0.0,0,5,manual
4,5126,4screws,0.9497,known,4screws,0.0452,0.0,0,5,manual
4,5127,4screws,0.8298,known,4screws,0.0416,0.0,0,5,manual
4,5128,4screws,0.8158,known,4screws,0.0383,0.0,0,5,manual
4,5129,4screws,0.867,known,4screws,0.0352,0.0,0,5,manual
4,5130,4screws,0.7239,known,4screws,0.0324,0.0,0,5,manual
4,5131,4screws,0.7025,known,4screws,0.0298,0.0,0,5,manual
4,5132,4screws,0.8109,known,4screws,0.0274,0.0,0,5,manual
4,5133,4screws,0.963,known,4screws,0.0252,0.0,0,5,manual
4,5134,4screws,0.8127,known,4screws,0.0232,0.0,0,5,manual
4,5135,4screws,0.6773,known,4screws,0.0213,0.0,0,5,manual
4,5136,4screws,0.74,known,4screws,0.0196,0.0,0,5,manual
4,5137,4screws,0.7111,known,4screws,0.0181,0.0,0,5,manual
4,5138,4screws,0.7039,known,4screws,0.0166,0.0,0,5,manual
4,5139,4screws,0.5882,known,4screws,0.0153,0.0,0,5,manual
4,5140,4screws,0.8071,known,4screws,0.0141,0.0,0,5,manual
4,5141,4screws,0.7623,known,4screws,0.0129,0.0,0,5,manual
4,5142,4screws,0.8558,known,4screws,0.0119,0.0,0,5,manual
4,5143,4screws,0.9825,known,4screws,0.011,0.0,0,5,manual
4,5144,4screws,0.6619,known,4screws,0.0101,0.0,0,5,manual
4,5145,4screws,0.9,known,4screws,0.0093,0.0,0,5,manual
4,5146,4screws,0.6959,known,4screws,0.0085,0.0,0,5,manual
4,5147,4screws,0.9962,known,4screws,0.0078,0.0,0,5,manual
4,5148,4screws,0.8148,known,4screws,0.0072,0.0,0,5,manual
4,5149,4screws,0.818,known,4screws,0.0066,0.0,0,5,manual
4,5150,4screws,0.7499,known,4screws,0.0061,0.0,0,5,manual
4,5151,4screws,0.8706,known,4screws,0.0056,0.0,0,5,manual
4,5152,4screws,0.8084,known,4screws,0.0052,0.0,0,5,manual
4,5153,4screws,0.9187,known,4screws,0.0048,0.0,0,5,manual
4,5154,4screws,0.7495,known,4screws,0.0044,0.0,0,5,manual
4,5155,4screws,0.7504,known,4screws,0.004,0.0,0,5,manual
4,5156,4screws,0.8536,known,4screws,0.0037,0.0,0,5,manual
4,5157,4screws,0.6477,known,4screws,0.0034,0.0,0,5,manual
4,5158,4screws,0.7807,known,4screws,0.0031,0.0,0,5,manual
4,5159,4screws,0.7065,known,4screws,0.0029,0.0,0,5,manual
4,5160,4screws,0.7779,known,4screws,0.0027,0.0,0,5,manual
4,5161,4screws,0.7388,known,4screws,0.0024,0.0,0,5,manual
4,5162,4screws,0.8553,known,4screws,0.0022,0.0,0,5,manual
4,5163,4screws,0.6727,known,4screws,0.0021,0.0,0,5,manual
4,5164,4screws,0.6561,known,4screws,0.0019,0.0,0,5,manual
4,5165,4screws,0.566,known,4screws,0.0017,0.0,0,5,manual
4,5166,4screws,0.957,known,4screws,0.0016,0.0,0,5,manual
4,5167,4screws,0.925,known,4screws,0.0015,0.0,0,5,manual
4,5168,4screws,0.7376,known,4screws,0.0014,0.0,0,5,manual
4,5169,4screws,0.8525,known,4screws,0.0013,0.0,0,5,manual
4,5170,4screws,1.0013,unknown,,0.0812,0.0,0,5,manual
4,5171,4screws,0.9151,known,4screws,0.0747,0.0,0,5,manual
4,5172,4screws,0.7503,known,4screws,0.0687,0.0,0,5,manual
4,5173,4screws,0.8071,known,4screws,0.0632,0.0,0,5,manual
4,5174,4screws,0.6619,known,4screws,0.0581,0.0,0,5,manual
4,5175,4screws,0.7039,known,4screws,0.0535,0.0,0,5,manual
4,5176,4screws,0.9187,known,4screws,0.0492,0.0,0,5,manual
4,5177,4screws,0.6561,known,4screws,0.0453,0.0,0,5,manual
4,5178,4screws,0.7503,known,4screws,0.0416,0.0,0,5,manual
4,5179,4screws,0.7065,known,4screws,0.0383,0.0,0,5,manual
4,5180,4screws,0.8556,known,4screws,0.0353,0.0,0,5,manual
4,5181,4screws,0.9825,known,4screws,0.0324,0.0,0,5,manual
4,5182,4screws,0.957,known,4screws,0.0298,0.0,0,5,manual
4,5183,4screws,0.566,known,4screws,0.0275,0.0,0,5,manual
4,5184,4screws,0.7633,known,4screws,0.0253,0.0,0,5,manual
4,5185,4screws,0.6477,known,4screws,0.0232,0.0,0,5,manual
4,5186,4screws,0.6727,known,4screws,0.0214,0.0,0,5,manual
4,5187,4screws,0.5882,known,4screws,0.0197,0.0,0,5,manual
4,5188,4screws,0.9425,known,4screws,0.0181,0.0,0,5,manual
4,5189,4screws,0.8084,known,4screws,0.0166,0.0,0,5,manual
4,5190,4screws,0.9962,known,4screws,0.0153,0.0,0,5,manual
4,5191,4screws,0.8432,known,4screws,0.0141,0.0,0,5,manual
4,5192,4screws,0.7623,known,4screws,0.013,0.0,0,5,manual
4,5193,4screws,0.8298,known,4screws,0.0119,0.0,0,5,manual
4,5194,4screws,0.7495,known,4screws,0.011,0.0,0,5,manual
4,5195,4screws,0.8438,known,4screws,0.0101,0.0,0,5,manual
4,5196,4screws,1.012,unknown,,0.0893,0.01,0,5,manual
4,5197,4screws,0.8127,known,4screws,0.0821,0.0,0,5,manual
4,5198,4screws,0.8472,known,4screws,0.0756,0.0,0,5,manual
4,5199,4screws,0.9,known,4screws,0.0695,0.0,0,5,manual
4,5200,4screws,0.9276,known,4screws,0.064,0.0,0,5,manual
4,5201,4screws,0.8553,known,4screws,0.0588,0.0,0,5,manual
4,5202,4screws,0.9151,known,4screws,0.0541,0.0,0,5,manual
4,5203,4screws,0.8109,known,4screws,0.0498,0.0,0,5,manual
4,5204,4screws,0.8558,known,4screws,0.0458,0.0,0,5,manual
4,5205,4screws,0.7504,known,4screws,0.0422,0.0,0,5,manual
4,5206,4screws,0.867,known,4screws,0.0388,0.0,0,5,manual
4,5207,4screws,0.7807,known,4screws,0.0357,0.0,0,5,manual
4,5208,4screws,0.7111,known,4screws,0.0328,0.0,0,5,manual
4,5209,4screws,1.0013,unknown,,0.1102,0.0,0,5,manual
4,5210,4screws,0.8706,known,4screws,0.1014,0.0,0,5,manual
4,5211,4screws,0.963,known,4screws,0.0933,0.0,0,5,manual
4,5212,4screws,0.6773,known,4screws,0.0858,0.0,0,5,manual
4,5213,4screws,0.7376,known,4screws,0.0789,0.0,0,5,manual
4,5214,4screws,0.9497,known,4screws,0.0726,0.0,0,5,manual
4,5215,4screws,0.8148,known,4screws,0.0668,0.0,0,5,manual
4,5216,4screws,0.7388,known,4screws,0.0615,0.0,0,5,manual
4,5217,4screws,0.925,known,4screws,0.0566,0.0,0,5,manual
4,5218,4screws,0.8536,known,4screws,0.052,0.0,0,5,manual
4,5219,4screws,0.8978,known,4screws,0.0479,0.0,0,5,manual
4,5220,4screws,0.7239,known,4screws,0.044,0.0,0,5,manual
4,5221,4screws,0.8158,known,4screws,0.0405,0.0,0,5,manual
4,5222,4screws,0.818,known,4screws,0.0373,0.0,0,5,manual
4,5223,4screws,0.8525,known,4screws,0.0343,0.0,0,5,manual
4,5224,4screws,0.6959,known,4screws,0.0316,0.0,0,5,manual
4,5225,4screws,0.7778,known,4screws,0.029,0.0,0,5,manual
4,5226,4screws,0.6998,known,4screws,0.0267,0.0,0,5,manual
4,5227,4screws,0.7025,known,4screws,0.0246,0.0,0,5,manual
4,5228,4screws,0.74,known,4screws,0.0226,0.0,0,5,manual
4,5229,4screws,0.7499,known,4screws,0.0208,0.0,0,5,manual
4,5230,4screws,0.7779,known,4screws,0.0191,0.0,0,5,manual
4,5231,4screws,0.7065,known,4screws,0.0176,0.0,0,5,manual
4,5232,4screws,1.012,unknown,,0.0962,0.01,0,5,manual
4,5233,4screws,0.7778,known,4screws,0.0885,0.0,0,5,manual
4,5234,4screws,1.0013,unknown,,0.1614,0.0,0,5,manual
4,5235,4screws,0.8438,known,4screws,0.1485,0.0,0,5,manual
4,5236,4screws,0.7633,known,4screws,0.1366,0.0,0,5,manual
4,5237,4screws,0.6619,known,4screws,0.1257,0.0,0,5,manual
4,5238,4screws,0.7388,known,4screws,0.1156,0.0,0,5,manual
4,5239,4screws,0.7779,known,4screws,0.1064,0.0,0,5,manual
4,5240,4screws,0.8158,known,4screws,0.0979,0.0,0,5,manual
4,5241,4screws,0.9151,known,4screws,0.09,0.0,0,5,manual
4,5242,4screws,0.9276,known,4screws,0.0828,0.0,0,5,manual
4,5243,4screws,0.9425,known,4screws,0.0762,0.0,0,5,manual
4,5244,4screws,0.9187,known,4screws,0.0701,0.0,0,5,manual
4,5245,4screws,0.7495,known,4screws,0.0645,0.0,0,5,manual
4,5246,4screws,0.8706,known,4screws,0.0593,0.0,0,5,manual
4,5247,4screws,0.7239,known,4screws,0.0546,0.0,0,5,manual
4,5248,4screws,0.8553,known,4screws,0.0502,0.0,0,5,manual
4,5249,4screws,0.7111,known,4screws,0.0462,0.0,0,5,manual
4,5250,4screws,0.9497,known,4screws,0.0425,0.0,0,5,manual
4,5251,4screws,0.6727,known,4screws,0.0391,0.0,0,5,manual
4,5252,4screws,0.8978,known,4screws,0.036,0.0,0,5,manual
4,5253,4screws,0.7376,known,4screws,0.0331,0.0,0,5,manual
4,5254,4screws,0.566,known,4screws,0.0305,0.0,0,5,manual
4,5255,4screws,0.7623,known,4screws,0.028,0.0,0,5,manual
4,5256,4screws,0.8525,known,4screws,0.0258,0.0,0,5,manual
4,5257,4screws,0.6773,known,4screws,0.0237,0.0,0,5,manual
4,5258,4screws,0.6998,known,4screws,0.0218,0.0,0,5,manual
4,5259,4screws,0.9825,known,4screws,0.0201,0.0,0,5,manual
4,5260,4screws,0.8536,known,4screws,0.0185,0.0,0,5,manual
4,5261,4screws,0.5882,known,4screws,0.017,0.0,0,5,manual
4,5262,4screws,0.74,known,4screws,0.0156,0.0,0,5,manual
4,5263,4screws,0.7807,known,4screws,0.0144,0.0,0,5,manual
4,5264,4screws,0.9962,known,4screws,0.0132,0.0,0,5,manual
4,5265,4screws,0.6477,known,4screws,0.0122,0.0,0,5,manual
4,5266,4screws,0.8148,known,4screws,0.0112,0.0,0,5,manual
4,5267,4screws,0.8109,known,4screws,0.0103,0.0,0,5,manual
4,5268,4screws,0.8432,known,4screws,0.0095,0.0,0,5,manual
4,5269,4screws,0.8127,known,4screws,0.0087,0.0,0,5,manual
4,5270,4screws,0.7504,known,4screws,0.008,0.0,0,5,manual
4,5271,4screws,0.8071,known,4screws,0.0074,0.0,0,5,manual
4,5272,4screws,0.963,known,4screws,0.0068,0.0,0,5,manual
4,5273,4screws,0.957,known,4screws,0.0062,0.0,0,5,manual
4,5274,4screws,0.8558,known,4screws,0.0057,0.0,0,5,manual
4,5275,4screws,0.7503,known,4screws,0.0053,0.0,0,5,manual
4,5276,4screws,0.867,known,4screws,0.0049,0.0,0,5,manual
4,5277,4screws,0.7025,known,4screws,0.0045,0.0,0,5,manual
4,5278,4screws,0.7039,known,4screws,0.0041,0.0,0,5,manual
4,5279,4screws,0.8084,known,4screws,0.0038,0.0,0,5,manual
4,5280,4screws,0.818,known,4screws,0.0035,0.0,0,5,manual
4,5281,4screws,0.9,known,4screws,0.0032,0.0,0,5,manual
4,5282,4screws,0.6959,known,4screws,0.0029,0.0,0,5,manual
4,5283,4screws,0.8472,known,4screws,0.0027,0.0,0,5,manual
4,5284,4screws,0.8556,known,4screws,0.0025,0.0,0,5,manual
4,5285,4screws,0.7499,known,4screws,0.0023,0.0,0,5,manual
4,5286,4screws,0.6561,known,4screws,0.0021,0.0,0,5,manual
4,5287,4screws,0.8298,known,4screws,0.0019,0.0,0,5,manual
4,5288,4screws,0.925,known,4screws,0.0018,0.0,0,5,manual
4,5289,4screws,1.0013,unknown,,0.0816,0.0,0,5,manual
4,5290,4screws,0.9,known,4screws,0.0751,0.0,0,5,manual
4,5291,4screws,0.925,known,4screws,0.0691,0.0,0,5,manual
4,5292,4screws,0.8148,known,4screws,0.0636,0.0,0,5,manual
4,5293,4screws,0.6477,known,4screws,0.0585,0.0,0,5,manual
4,5294,4screws,0.7065,known,4screws,0.0538,0.0,0,5,manual
4,5295,4screws,0.7633,known,4screws,0.0495,0.0,0,5,manual
4,5296,4screws,0.8158,known,4screws,0.0455,0.0,0,5,manual
4,5297,4screws,0.8109,known,4screws,0.0419,0.0,0,5,manual
4,5298,4screws,0.8525,known,4screws,0.0385,0.0,0,5,manual
4,5299,4screws,0.7504,known,4screws,0.0355,0.0,0,5,manual
4,5300,4screws,0.5882,known,4screws,0.0326,0.0,0,5,manual
4,5301,4screws,0.7807,known,4screws,0.03,0.0,0,5,manual
4,5302,4screws,0.6959,known,4screws,0.0276,0.0,0,5,manual
4,5303,4screws,0.566,known,4screws,0.0254,0.0,0,5,manual
4,5304,4screws,0.8071,known,4screws,0.0234,0.0,0,5,manual
4,5305,4screws,0.9825,known,4screws,0.0215,0.0,0,5,manual
4,5306,4screws,0.8432,known,4screws,0.0198,0.0,0,5,manual
4,5307,4screws,0.74,known,4screws,0.0182,0.0,0,5,manual
4,5308,4screws,0.7025,known,4screws,0.0167,0.0,0,5,manual
4,5309,4screws,0.8127,known,4screws,0.0154,0.0,0,5,manual
4,5310,4screws,0.7239,known,4screws,0.0142,0.0,0,5,manual
4,5311,4screws,0.8978,known,4screws,0.013,0.0,0,5,manual
4,5312,4screws,0.9187,known,4screws,0.012,0.0,0,5,manual
4,5313,4screws,0.8084,known,4screws,0.011,0.0,0,5,manual
4,5314,4screws,0.6773,known,4screws,0.0102,0.0,0,5,manual
4,5315,4screws,0.963,known,4screws,0.0093,0.0,0,5,manual
4,5316,4screws,0.8472,known,4screws,0.0086,0.0,0,5,manual
4,5317,4screws,0.8438,known,4screws,0.0079,0.0,0,5,manual
4,5318,4screws,1.012,unknown,,0.0873,0.01,0,5,manual
4,5319,4screws,0.8553,known,4screws,0.0803,0.0,0,5,manual
4,5320,4screws,0.7623,known,4screws,0.0739,0.0,0,5,manual
4,5321,4screws,0.8558,known,4screws,0.068,0.0,0,5,manual
4,5322,4screws,0.8706,known,4screws,0.0625,0.0,0,5,manual
4,5323,4screws,0.7503,known,4screws,0.0575,0.0,0,5,manual
4,5324,4screws,0.9151,known,4screws,0.0529,0.0,0,5,manual
4,5325,4screws,0.6619,known,4screws,0.0487,0.0,0,5,manual
4,5326,4screws,0.7376,known,4screws,0.0448,0.0,0,5,manual
4,5327,4screws,0.7111,known,4screws,0.0412,0.0,0,5,manual
4,5328,4screws,0.8298,known,4screws,0.0379,0.0,0,5,manual
4,5329,4screws,0.9276,known,4screws,0.0349,0.0,0,5,manual
4,5330,4screws,0.6561,known,4screws,0.0321,0.0,0,5,manual
4,5331,4screws,0.9425,known,4screws,0.0295,0.0,0,5,manual
4,5332,4screws,0.6998,known,4screws,0.0272,0.0,0,5,manual
4,5333,4screws,0.6727,known,4screws,0.025,0.0,0,5,manual
4,5334,4screws,0.7495,known,4screws,0.023,0.0,0,5,manual
4,5335,4screws,0.957,known,4screws,0.0211,0.0,0,5,manual
4,5336,4screws,0.7388,known,4screws,0.0195,0.0,0,5,manual
4,5337,4screws,0.867,known,4screws,0.0179,0.0,0,5,manual
4,5338,4screws,0.7778,known,4screws,0.0165,0.0,0,5,manual
4,5339,4screws,0.9962,known,4screws,0.0152,0.0,0,5,manual
4,5340,4screws,0.9497,known,4screws,0.0139,0.0,0,5,manual
4,5341,4screws,0.7779,known,4screws,0.0128,0.0,0,5,manual
4,5342,4screws,0.818,known,4screws,0.0118,0.0,0,5,manual
4,5343,4screws,0.7039,known,4screws,0.0109,0.0,0,5,manual
4,5344,4screws,0.7499,known,4screws,0.01,0.0,0,5,manual
4,5345,4screws,0.8536,known,4screws,0.0092,0.0,0,5,manual
4,5346,4screws,0.8556,known,4screws,0.0085,0.0,0,5,manual
4,5347,4screws,0.8084,known,4screws,0.0078,0.0,0,5,manual
4,5348,4screws,0.6727,known,4screws,0.0072,0.0,0,5,manual
4,5349,4screws,0.8298,known,4screws,0.0066,0.0,0,5,manual
4,5350,4screws,0.8158,known,4screws,0.0061,0.0,0,5,manual
4,5351,4screws,0.7111,known,4screws,0.0056,0.0,0,5,manual
4,5352,4screws,0.6773,known,4screws,0.0051,0.0,0,5,manual
4,5353,4screws,0.9151,known,4screws,0.0047,0.0,0,5,manual
4,5354,4screws,0.957,known,4screws,0.0043,0.0,0,5,manual
4,5355,4screws,0.6561,known,4screws,0.004,0.0,0,5,manual
4,5356,4screws,0.925,known,4screws,0.0037,0.0,0,5,manual
4,5357,4screws,0.9962,known,4screws,0.0034,0.0,0,5,manual
4,5358,4screws,0.6998,known,4screws,0.0031,0.0,0,5,manual
4,5359,4screws,0.9276,known,4screws,0.0029,0.0,0,5,manual
4,5360,4screws,0.7065,known,4screws,0.0026,0.0,0,5,manual
4,5361,4screws,0.9497,known,4screws,0.0024,0.0,0,5,manual
4,5362,4screws,0.9425,known,4screws,0.0022,0.0,0,5,manual
4,5363,4screws,0.7025,known,4screws,0.002,0.0,0,5,manual
4,5364,4screws,0.8553,known,4screws,0.0019,0.0,0,5,manual
4,5365,4screws,0.8472,known,4screws,0.0017,0.0,0,5,manual
4,5366,4screws,1.0013,unknown,,0.0816,0.0,0,5,manual
4,5367,4screws,0.7495,known,4screws,0.0751,0.0,0,5,manual
4,5368,4screws,0.7623,known,4screws,0.0691,0.0,0,5,manual
4,5369,4screws,0.7039,known,4screws,0.0635,0.0,0,5,manual
4,5370,4screws,0.8438,known,4screws,0.0585,0.0,0,5,manual
4,5371,4screws,0.8558,known,4screws,0.0538,0.0,0,5,manual
4,5372,4screws,0.8127,known,4screws,0.0495,0.0,0,5,manual
4,5373,4screws,0.9187,known,4screws,0.0455,0.0,0,5,manual
4,5374,4screws,0.818,known,4screws,0.0419,0.0,0,5,manual
4,5375,4screws,0.7807,known,4screws,0.0385,0.0,0,5,manual
4,5376,4screws,0.8706,known,4screws,0.0354,0.0,0,5,manual
4,5377,4screws,0.7499,known,4screws,0.0326,0.0,0,5,manual
4,5378,4screws,0.867,known,4screws,0.03,0.0,0,5,manual
4,5379,4screws,0.7239,known,4screws,0.0276,0.0,0,5,manual
4,5380,4screws,1.012,unknown,,0.1054,0.01,0,5,manual
4,5381,4screws,0.8536,known,4screws,0.097,0.0,0,5,manual
4,5382,4screws,0.7503,known,4screws,0.0892,0.0,0,5,manual
4,5383,4screws,0.7633,known,4screws,0.0821,0.0,0,5,manual
4,5384,4screws,0.7779,known,4screws,0.0755,0.0,0,5,manual
4,5385,4screws,0.9825,known,4screws,0.0695,0.0,0,5,manual
4,5386,4screws,0.6959,known,4screws,0.0639,0.0,0,5,manual
4,5387,4screws,0.8071,known,4screws,0.0588,0.0,0,5,manual
4,5388,4screws,0.6477,known,4screws,0.0541,0.0,0,5,manual
4,5389,4screws,0.8525,known,4screws,0.0498,0.0,0,5,manual
4,5390,4screws,0.7376,known,4screws,0.0458,0.0,0,5,manual
4,5391,4screws,0.566,known,4screws,0.0421,0.0,0,5,manual
4,5392,4screws,0.8109,known,4screws,0.0387,0.0,0,5,manual
4,5393,4screws,0.74,known,4screws,0.0356,0.0,0,5,manual
4,5394,4screws,0.9,known,4screws,0.0328,0.0,0,5,manual
4,5395,4screws,0.7388,known,4screws,0.0302,0.0,0,5,manual
4,5396,4screws,0.7778,known,4screws,0.0278,0.0,0,5,manual
4,5397,4screws,0.8148,known,4screws,0.0255,0.0,0,5,manual
4,5398,4screws,0.8432,known,4screws,0.0235,0.0,0,5,manual
4,5399,4screws,0.7504,known,4screws,0.0216,0.0,0,5,manual
4,5400,4screws,0.8978,known,4screws,0.0199,0.0,0,5,manual
4,5401,4screws,0.963,known,4screws,0.0183,0.0,0,5,manual
4,5402,4screws,0.8556,known,4screws,0.0168,0.0,0,5,manual
4,5403,4screws,0.6619,known,4screws,0.0155,0.0,0,5,manual
4,5404,4screws,0.5882,known,4screws,0.0142,0.0,0,5,manual
4,5405,4screws,0.7623,known,4screws,0.0131,0.0,0,5,manual
4,5406,4screws,0.566,known,4screws,0.0121,0.0,0,5,manual
4,5407,4screws,0.8978,known,4screws,0.0111,0.0,0,5,manual
4,5408,4screws,0.9497,known,4screws,0.0102,0.0,0,5,manual
4,5409,4screws,0.6619,known,4screws,0.0094,0.0,0,5,manual
4,5410,4screws,0.963,known,4screws,0.0086,0.0,0,5,manual
4,5411,4screws,0.8298,known,4screws,0.0079,0.0,0,5,manual
4,5412,4screws,0.6959,known,4screws,0.0073,0.0,0,5,manual
4,5413,4screws,0.8438,known,4screws,0.0067,0.0,0,5,manual
4,5414,4screws,0.7065,known,4screws,0.0062,0.0,0,5,manual
4,5415,4screws,0.9425,known,4screws,0.0057,0.0,0,5,manual
4,5416,4screws,0.7025,known,4screws,0.0052,0.0,0,5,manual
4,5417,4screws,0.8127,known,4screws,0.0048,0.0,0,5,manual
4,5418,4screws,0.7503,known,4screws,0.0044,0.0,0,5,manual
4,5419,4screws,0.6998,known,4screws,0.0041,0.0,0,5,manual
4,5420,4screws,0.7633,known,4screws,0.0038,0.0,0,5,manual
4,5421,4screws,0.7779,known,4screws,0.0035,0.0,0,5,manual
4,5422,4screws,0.8558,known,4screws,0.0032,0.0,0,5,manual
4,5423,4screws,0.6561,known,4screws,0.0029,0.0,0,5,manual
4,5424,4screws,0.7504,known,4screws,0.0027,0.0,0,5,manual
4,5425,4screws,0.8148,known,4screws,0.0025,0.0,0,5,manual
4,5426,4screws,0.925,known,4screws,0.0023,0.0,0,5,manual
4,5427,4screws,0.9,known,4screws,0.0021,0.0,0,5,manual
4,5428,4screws,0.9825,known,4screws,0.0019,0.0,0,5,manual
4,5429,4screws,0.8706,known,4screws,0.0018,0.0,0,5,manual
4,5430,4screws,0.7376,known,4screws,0.0016,0.0,0,5,manual
4,5431,4screws,0.9962,known,4screws,0.0015,0.0,0,5,manual
4,5432,4screws,0.957,known,4screws,0.0014,0.0,0,5,manual
4,5433,4screws,0.8432,known,4screws,0.0013,0.0,0,5,manual
4,5434,4screws,0.7239,known,4screws,0.0012,0.0,0,5,manual
4,5435,4screws,0.8109,known,4screws,0.0011,0.0,0,5,manual
4,5436,4screws,0.5882,known,4screws,0.001,0.0,0,5,manual
4,5437,4screws,0.6773,known,4screws,0.0009,0.0,0,5,manual
4,5438,4screws,0.8071,known,4screws,0.0008,0.0,0,5,manual
4,5439,4screws,0.8556,known,4screws,0.0008,0.0,0,5,manual
4,5440,4screws,0.7778,known,4screws,0.0007,0.0,0,5,manual
4,5441,4screws,0.74,known,4screws,0.0007,0.0,0,5,manual
4,5442,4screws,0.7039,known,4screws,0.0006,0.0,0,5,manual
4,5443,4screws,0.9276,known,4screws,0.0006,0.0,0,5,manual
4,5444,4screws,0.8525,known,4screws,0.0005,0.0,0,5,manual
4,5445,4screws,0.6727,known,4screws,0.0005,0.0,0,5,manual
4,5446,4screws,1.012,unknown,,0.0804,0.01,0,5,manual
4,5447,4screws,0.8084,known,4screws,0.074,0.0,0,5,manual
4,5448,4screws,0.7807,known,4screws,0.0681,0.0,0,5,manual
4,5449,4screws,0.8472,known,4screws,0.0626,0.0,0,5,manual
4,5450,4screws,0.867,known,4screws,0.0576,0.0,0,5,manual
4,5451,4screws,0.7499,known,4screws,0.053,0.0,0,5,manual
4,5452,4screws,0.6477,known,4screws,0.0488,0.0,0,5,manual
4,5453,4screws,0.7495,known,4screws,0.0449,0.0,0,5,manual
4,5454,4screws,0.7111,known,4screws,0.0413,0.0,0,5,manual
4,5455,4screws,0.8536,known,4screws,0.038,0.0,0,5,manual
4,5456,4screws,0.9151,known,4screws,0.0349,0.0,0,5,manual
4,5457,4screws,0.818,known,4screws,0.0321,0.0,0,5,manual
4,5458,4screws,0.7388,known,4screws,0.0296,0.0,0,5,manual
4,5459,4screws,1.0013,unknown,,0.1072,0.0,0,5,manual
4,5460,4screws,0.8158,known,4screws,0.0986,0.0,0,5,manual
4,5461,4screws,0.9187,known,4screws,0.0907,0.0,0,5,manual
4,5462,4screws,0.8553,known,4screws,0.0835,0.0,0,5,manual
4,5463,4screws,1.0013,unknown,,0.1568,0.0,0,5,manual
4,5464,4screws,0.9187,known,4screws,0.1443,0.0,0,5,manual
4,5465,4screws,0.6727,known,4screws,0.1327,0.0,0,5,manual
4,5466,4screws,0.8978,known,4screws,0.1221,0.0,0,5,manual
4,5467,4screws,0.7495,known,4screws,0.1123,0.0,0,5,manual
4,5468,4screws,0.7633,known,4screws,0.1033,0.0,0,5,manual
4,5469,4screws,0.6619,known,4screws,0.0951,0.0,0,5,manual
4,5470,4screws,0.6477,known,4screws,0.0875,0.0,0,5,manual
4,5471,4screws,0.8127,known,4screws,0.0805,0.0,0,5,manual
4,5472,4screws,0.9497,known,4screws,0.074,0.0,0,5,manual
4,5473,4screws,0.8071,known,4screws,0.0681,0.0,0,5,manual
4,5474,4screws,0.7039,known,4screws,0.0627,0.0,0,5,manual
4,5475,4screws,0.8706,known,4screws,0.0577,0.0,0,5,manual
4,5476,4screws,1.012,unknown,,0.133,0.01,0,5,manual
4,5477,4screws,0.7239,known,4screws,0.1224,0.0,0,5,manual
4,5478,4screws,0.8438,known,4screws,0.1126,0.0,0,5,manual
4,5479,4screws,0.6959,known,4screws,0.1036,0.0,0,5,manual
4,5480,4screws,0.9425,known,4screws,0.0953,0.0,0,5,manual
4,5481,4screws,0.5882,known,4screws,0.0877,0.0,0,5,manual
4,5482,4screws,0.9,known,4screws,0.0807,0.0,0,5,manual
4,5483,4screws,0.9962,known,4screws,0.0742,0.0,0,5,manual
4,5484,4screws,0.7065,known,4screws,0.0683,0.0,0,5,manual
4,5485,4screws,0.8472,known,4screws,0.0628,0.0,0,5,manual
4,5486,4screws,0.9276,known,4screws,0.0578,0.0,0,5,manual
4,5487,4screws,0.7025,known,4screws,0.0532,0.0,0,5,manual
4,5488,4screws,0.6773,known,4screws,0.0489,0.0,0,5,manual
4,5489,4screws,0.566,known,4screws,0.045,0.0,0,5,manual
4,5490,4screws,0.7376,known,4screws,0.0414,0.0,0,5,manual
4,5491,4screws,0.8432,known,4screws,0.0381,0.0,0,5,manual
4,5492,4screws,0.7503,known,4screws,0.035,0.0,0,5,manual
4,5493,4screws,0.7504,known,4screws,0.0322,0.0,0,5,manual
4,5494,4screws,0.7778,known,4screws,0.0297,0.0,0,5,manual
4,5495,4screws,0.7111,known,4screws,0.0273,0.0,0,5,manual
4,5496,4screws,0.818,known,4screws,0.0251,0.0,0,5,manual
4,5497,4screws,0.74,known,4screws,0.0231,0.0,0,5,manual
4,5498,4screws,0.8556,known,4screws,0.0212,0.0,0,5,manual
4,5499,4screws,0.8084,known,4screws,0.0195,0.0,0,5,manual
4,5500,4screws,0.7388,known,4screws,0.018,0.0,0,5,manual
4,5501,4screws,0.8298,known,4screws,0.0165,0.0,0,5,manual
4,5502,4screws,0.7779,known,4screws,0.0152,0.0,0,5,manual
4,5503,4screws,0.7807,known,4screws,0.014,0.0,0,5,manual
4,5504,4screws,0.8553,known,4screws,0.0129,0.0,0,5,manual
4,5505,4screws,0.9151,known,4screws,0.0119,0.0,0,5,manual
4,5506,4screws,0.8148,known,4screws,0.0109,0.0,0,5,manual
4,5507,4screws,0.867,known,4screws,0.01,0.0,0,5,manual
4,5508,4screws,0.8158,known,4screws,0.0092,0.0,0,5,manual
4,5509,4screws,0.925,known,4screws,0.0085,0.0,0,5,manual
4,5510,4screws,0.963,known,4screws,0.0078,0.0,0,5,manual
4,5511,4screws,0.7499,known,4screws,0.0072,0.0,0,5,manual
4,5512,4screws,0.8109,known,4screws,0.0066,0.0,0,5,manual
4,5513,4screws,0.6561,known,4screws,0.0061,0.0,0,5,manual
4,5514,4screws,0.8536,known,4screws,0.0056,0.0,0,5,manual
4,5515,4screws,0.8525,known,4screws,0.0051,0.0,0,5,manual
4,5516,4screws,0.8558,known,4screws,0.0047,0.0,0,5,manual
4,5517,4screws,0.7623,known,4screws,0.0044,0.0,0,5,manual
4,5518,4screws,0.6998,known,4screws,0.004,0.0,0,5,manual
4,5519,4screws,0.957,known,4screws,0.0037,0.0,0,5,manual
4,5520,4screws,0.9825,known,4screws,0.0034,0.0,0,5,manual
4,5521,4screws,0.8148,known,4screws,0.0031,0.0,0,5,manual
4,5522,4screws,0.9151,known,4screws,0.0029,0.0,0,5,manual
4,5523,4screws,0.7239,known,4screws,0.0026,0.0,0,5,manual
4,5524,4screws,0.7025,known,4screws,0.0024,0.0,0,5,manual
4,5525,4screws,0.9187,known,4screws,0.0022,0.0,0,5,manual
4,5526,4screws,0.9,known,4screws,0.0021,0.0,0,5,manual
4,5527,4screws,0.8978,known,4screws,0.0019,0.0,0,5,manual
4,5528,4screws,0.867,known,4screws,0.0017,0.0,0,5,manual
4,5529,4screws,0.925,known,4screws,0.0016,0.0,0,5,manual
4,5530,4screws,0.9276,known,4screws,0.0015,0.0,0,5,manual
4,5531,4screws,0.8525,known,4screws,0.0014,0.0,0,5,manual
4,5532,4screws,0.74,known,4screws,0.0012,0.0,0,5,manual
4,5533,4screws,0.8298,known,4screws,0.0011,0.0,0,5,manual
4,5534,4screws,0.9425,known,4screws,0.0011,0.0,0,5,manual
4,5535,4screws,0.5882,known,4screws,0.001,0.0,0,5,manual
4,5536,4screws,0.7807,known,4screws,0.0009,0.0,0,5,manual
4,5537,4screws,0.7039,known,4screws,0.0008,0.0,0,5,manual
4,5538,4screws,0.6998,known,4screws,0.0008,0.0,0,5,manual
4,5539,4screws,0.7388,known,4screws,0.0007,0.0,0,5,manual
4,5540,4screws,0.8472,known,4screws,0.0006,0.0,0,5,manual
4,5541,4screws,1.012,unknown,,0.0806,0.01,0,5,manual
4,5542,4screws,0.8127,known,4screws,0.0741,0.0,0,5,manual
4,5543,4screws,0.8558,known,4screws,0.0682,0.0,0,5,manual
4,5544,4screws,0.8084,known,4screws,0.0628,0.0,0,5,manual
4,5545,4screws,0.7633,known,4screws,0.0577,0.0,0,5,manual
4,5546,4screws,1.0013,unknown,,0.1331,0.0,0,5,manual
4,5547,4screws,0.7111,known,4screws,0.1225,0.0,0,5,manual
4,5548,4screws,0.8158,known,4screws,0.1127,0.0,0,5,manual
4,5549,4screws,0.8109,known,4screws,0.1037,0.0,0,5,manual
4,5550,4screws,0.6619,known,4screws,0.0954,0.0,0,5,manual
4,5551,4screws,0.9962,known,4screws,0.0877,0.0,0,5,manual
4,5552,4screws,0.8071,known,4screws,0.0807,0.0,0,5,manual
4,5553,4screws,0.7623,known,4screws,0.0743,0.0,0,5,manual
4,5554,4screws,0.8706,known,4screws,0.0683,0.0,0,5,manual
4,5555,4screws,0.566,known,4screws,0.0629,0.0,0,5,manual
4,5556,4screws,0.8438,known,4screws,0.0578,0.0,0,5,manual
4,5557,4screws,0.7504,known,4screws,0.0532,0.0,0,5,manual
4,5558,4screws,0.7503,known,4screws,0.0489,0.0,0,5,manual
4,5559,4screws,0.6727,known,4screws,0.045,0.0,0,5,manual
4,5560,4screws,0.9825,known,4screws,0.0414,0.0,0,5,manual
4,5561,4screws,0.6959,known,4screws,0.0381,0.0,0,5,manual
4,5562,4screws,0.7376,known,4screws,0.0351,0.0,0,5,manual
4,5563,4screws,0.7499,known,4screws,0.0323,0.0,0,5,manual
4,5564,4screws,0.957,known,4screws,0.0297,0.0,0,5,manual
4,5565,4screws,0.7065,known,4screws,0.0273,0.0,0,5,manual
4,5566,4screws,0.6773,known,4screws,0.0251,0.0,0,5,manual
4,5567,4screws,0.8556,known,4screws,0.0231,0.0,0,5,manual
4,5568,4screws,0.963,known,4screws,0.0213,0.0,0,5,manual
4,5569,4screws,0.7495,known,4screws,0.0196,0.0,0,5,manual
4,5570,4screws,0.8553,known,4screws,0.018,0.0,0,5,manual
4,5571,4screws,0.818,known,4screws,0.0166,0.0,0,5,manual
4,5572,4screws,0.9497,known,4screws,0.0152,0.0,0,5,manual
4,5573,4screws,0.7779,known,4screws,0.014,0.0,0,5,manual
4,5574,4screws,0.6477,known,4screws,0.0129,0.0,0,5,manual
4,5575,4screws,0.6561,known,4screws,0.0119,0.0,0,5,manual
4,5576,4screws,0.8432,known,4screws,0.0109,0.0,0,5,manual
4,5577,4screws,0.7778,known,4screws,0.01,0.0,0,5,manual
4,5578,4screws,0.8536,known,4screws,0.0092,0.0,0,5,manual
4,5579,4screws,0.7503,known,4screws,0.0085,0.0,0,5,manual
4,5580,4screws,0.8553,known,4screws,0.0078,0.0,0,5,manual
4,5581,4screws,0.8536,known,4screws,0.0072,0.0,0,5,manual
4,5582,4screws,0.7495,known,4screws,0.0066,0.0,0,5,manual
4,5583,4screws,0.8558,known,4screws,0.0061,0.0,0,5,manual
4,5584,4screws,0.7778,known,4screws,0.0056,0.0,0,5,manual
4,5585,4screws,0.74,known,4screws,0.0052,0.0,0,5,manual
4,5586,4screws,0.9151,known,4screws,0.0047,0.0,0,5,manual
4,5587,4screws,0.8432,known,4screws,0.0044,0.0,0,5,manual
4,5588,4screws,0.7807,known,4screws,0.004,0.0,0,5,manual
4,5589,4screws,0.8148,known,4screws,0.0037,0.0,0,5,manual
4,5590,4screws,0.9,known,4screws,0.0034,0.0,0,5,manual
4,5591,4screws,0.6561,known,4screws,0.0031,0.0,0,5,manual
4,5592,4screws,0.7499,known,4screws,0.0029,0.0,0,5,manual
4,5593,4screws,0.6959,known,4screws,0.0026,0.0,0,5,manual
4,5594,4screws,0.7039,known,4screws,0.0024,0.0,0,5,manual
4,5595,4screws,0.8556,known,4screws,0.0022,0.0,0,5,manual
4,5596,4screws,1.012,unknown,,0.0821,0.01,0,5,manual
4,5597,4screws,0.6773,known,4screws,0.0755,0.0,0,5,manual
4,5598,4screws,0.867,known,4screws,0.0695,0.0,0,5,manual
4,5599,4screws,0.7025,known,4screws,0.0639,0.0,0,5,manual
4,5600,4screws,0.8978,known,4screws,0.0588,0.0,0,5,manual
4,5601,4screws,0.8109,known,4screws,0.0541,0.0,0,5,manual
4,5602,4screws,0.9962,known,4screws,0.0498,0.0,0,5,manual
4,5603,4screws,0.8472,known,4screws,0.0458,0.0,0,5,manual
4,5604,4screws,0.9187,known,4screws,0.0421,0.0,0,5,manual
4,5605,4screws,0.6619,known,4screws,0.0387,0.0,0,5,manual
4,5606,4screws,0.818,known,4screws,0.0356,0.0,0,5,manual
4,5607,4screws,0.9497,known,4screws,0.0328,0.0,0,5,manual
4,5608,4screws,0.7388,known,4screws,0.0302,0.0,0,5,manual
4,5609,4screws,0.7239,known,4screws,0.0278,0.0,0,5,manual
4,5610,4screws,0.9276,known,4screws,0.0255,0.0,0,5,manual
4,5611,4screws,0.8525,known,4screws,0.0235,0.0,0,5,manual
4,5612,4screws,0.8084,known,4screws,0.0216,0.0,0,5,manual
4,5613,4screws,0.957,known,4screws,0.0199,0.0,0,5,manual
4,5614,4screws,0.6727,known,4screws,0.0183,0.0,0,5,manual
4,5615,4screws,0.5882,known,4screws,0.0168,0.0,0,5,manual
4,5616,4screws,1.0013,unknown,,0.0955,0.0,0,5,manual
4,5617,4screws,0.8071,known,4screws,0.0878,0.0,0,5,manual
4,5618,4screws,0.8158,known,4screws,0.0808,0.0,0,5,manual
4,5619,4screws,0.963,known,4screws,0.0744,0.0,0,5,manual
4,5620,4screws,0.9825,known,4screws,0.0684,0.0,0,5,manual
4,5621,4screws,0.8298,known,4screws,0.0629,0.0,0,5,manual
4,5622,4screws,0.7633,known,4screws,0.0579,0.0,0,5,manual
4,5623,4screws,0.925,known,4screws,0.0533,0.0,0,5,manual
4,5624,4screws,0.7623,known,4screws,0.049,0.0,0,5,manual
4,5625,4screws,0.7065,known,4screws,0.0451,0.0,0,5,manual
4,5626,4screws,0.566,known,4screws,0.0415,0.0,0,5,manual
4,5627,4screws,0.8706,known,4screws,0.0382,0.0,0,5,manual
4,5628,4screws,0.8438,known,4screws,0.0351,0.0,0,5,manual
4,5629,4screws,0.9425,known,4screws,0.0323,0.0,0,5,manual
4,5630,4screws,0.7504,known,4screws,0.0297,0.0,0,5,manual
4,5631,4screws,0.8127,known,4screws,0.0273,0.0,0,5,manual
4,5632,4screws,0.6477,known,4screws,0.0251,0.0,0,5,manual
4,5633,4screws,0.7779,known,4screws,0.0231,0.0,0,5,manual
4,5634,4screws,0.7376,known,4screws,0.0213,0.0,0,5,manual
4,5635,4screws,0.6998,known,4screws,0.0196,0.0,0,5,manual
4,5636,4screws,0.7111,known,4screws,0.018,0.0,0,5,manual
4,5637,4screws,0.8432,known,4screws,0.0166,0.0,0,5,manual
4,5638,4screws,0.7376,known,4screws,0.0152,0.0,0,5,manual
4,5639,4screws,0.6998,known,4screws,0.014,0.0,0,5,manual
4,5640,4screws,0.8525,known,4screws,0.0129,0.0,0,5,manual
4,5641,4screws,0.8558,known,4screws,0.0119,0.0,0,5,manual
4,5642,4screws,0.6477,known,4screws,0.0109,0.0,0,5,manual
4,5643,4screws,0.8706,known,4screws,0.0101,0.0,0,5,manual
4,5644,4screws,0.7807,known,4screws,0.0092,0.0,0,5,manual
4,5645,4screws,0.8978,known,4screws,0.0085,0.0,0,5,manual
4,5646,4screws,0.7239,known,4screws,0.0078,0.0,0,5,manual
4,5647,4screws,0.6561,known,4screws,0.0072,0.0,0,5,manual
4,5648,4screws,0.9962,known,4screws,0.0066,0.0,0,5,manual
4,5649,4screws,0.6619,known,4screws,0.0061,0.0,0,5,manual
4,5650,4screws,0.8472,known,4screws,0.0056,0.0,0,5,manual
4,5651,4screws,0.7388,known,4screws,0.0052,0.0,0,5,manual
4,5652,4screws,0.867,known,4screws,0.0047,0.0,0,5,manual
4,5653,4screws,0.8071,known,4screws,0.0044,0.0,0,5,manual
4,5654,4screws,0.818,known,4screws,0.004,0.0,0,5,manual
4,5655,4screws,0.925,known,4screws,0.0037,0.0,0,5,manual
4,5656,4screws,0.8109,known,4screws,0.0034,0.0,0,5,manual
4,5657,4screws,0.963,known,4screws,0.0031,0.0,0,5,manual
4,5658,4screws,0.7495,known,4screws,0.0029,0.0,0,5,manual
4,5659,4screws,0.7778,known,4screws,0.0026,0.0,0,5,manual
4,5660,4screws,0.5882,known,4screws,0.0024,0.0,0,5,manual
4,5661,4screws,1.0013,unknown,,0.0822,0.0,0,5,manual
4,5662,4screws,0.6959,known,4screws,0.0757,0.0,0,5,manual
4,5663,4screws,0.9497,known,4screws,0.0696,0.0,0,5,manual
4,5664,4screws,0.9425,known,4screws,0.064,0.0,0,5,manual
4,5665,4screws,0.74,known,4screws,0.0589,0.0,0,5,manual
4,5666,4screws,0.7065,known,4screws,0.0542,0.0,0,5,manual
4,5667,4screws,0.8158,known,4screws,0.0499,0.0,0,5,manual
4,5668,4screws,0.7623,known,4screws,0.0459,0.0,0,5,manual
4,5669,4screws,0.8536,known,4screws,0.0422,0.0,0,5,manual
4,5670,4screws,0.6773,known,4screws,0.0388,0.0,0,5,manual
4,5671,4screws,0.7504,known,4screws,0.0357,0.0,0,5,manual
4,5672,4screws,0.9825,known,4screws,0.0329,0.0,0,5,manual
4,5673,4screws,0.9276,known,4screws,0.0302,0.0,0,5,manual
4,5674,4screws,0.7025,known,4screws,0.0278,0.0,0,5,manual
4,5675,4screws,0.8438,known,4screws,0.0256,0.0,0,5,manual
4,5676,4screws,0.7779,known,4screws,0.0235,0.0,0,5,manual
4,5677,4screws,0.9187,known,4screws,0.0217,0.0,0,5,manual
4,5678,4screws,0.7499,known,4screws,0.0199,0.0,0,5,manual
4,5679,4screws,0.9,known,4screws,0.0183,0.0,0,5,manual
4,5680,4screws,0.7111,known,4screws,0.0169,0.0,0,5,manual
4,5681,4screws,0.8127,known,4screws,0.0155,0.0,0,5,manual
4,5682,4screws,0.566,known,4screws,0.0143,0.0,0,5,manual
4,5683,4screws,0.8084,known,4screws,0.0131,0.0,0,5,manual
4,5684,4screws,0.8148,known,4screws,0.0121,0.0,0,5,manual
4,5685,4screws,1.012,unknown,,0.0911,0.01,0,5,manual
4,5686,4screws,0.7633,known,4screws,0.0838,0.0,0,5,manual
4,5687,4screws,0.957,known,4screws,0.0771,0.0,0,5,manual
4,5688,4screws,0.8553,known,4screws,0.071,0.0,0,5,manual
4,5689,4screws,0.8298,known,4screws,0.0653,0.0,0,5,manual
4,5690,4screws,0.8556,known,4screws,0.0601,0.0,0,5,manual
4,5691,4screws,0.7039,known,4screws,0.0552,0.0,0,5,manual
4,5692,4screws,0.6727,known,4screws,0.0508,0.0,0,5,manual
4,5693,4screws,0.7503,known,4screws,0.0468,0.0,0,5,manual
4,5694,4screws,0.9151,known,4screws,0.043,0.0,0,5,manual
4,5695,4screws,0.5882,known,4screws,0.0396,0.0,0,5,manual
4,5696,4screws,0.867,known,4screws,0.0364,0.0,0,5,manual
4,5697,4screws,1.012,unknown,,0.1135,0.01,0,5,manual
4,5698,4screws,0.9151,known,4screws,0.1044,0.0,0,5,manual
4,5699,4screws,0.8432,known,4screws,0.0961,0.0,0,5,manual
4,5700,4screws,0.6959,known,4screws,0.0884,0.0,0,5,manual
4,5701,4screws,0.8438,known,4screws,0.0813,0.0,0,5,manual
4,5702,4screws,0.9,known,4screws,0.0748,0.0,0,5,manual
4,5703,4screws,0.925,known,4screws,0.0688,0.0,0,5,manual
4,5704,4screws,0.7504,known,4screws,0.0633,0.0,0,5,manual
4,5705,4screws,0.6773,known,4screws,0.0583,0.0,0,5,manual
4,5706,4screws,0.8298,known,4screws,0.0536,0.0,0,5,manual
4,5707,4screws,0.7503,known,4screws,0.0493,0.0,0,5,manual
4,5708,4screws,0.6998,known,4screws,0.0454,0.0,0,5,manual
4,5709,4screws,0.7495,known,4screws,0.0417,0.0,0,5,manual
4,5710,4screws,0.7623,known,4screws,0.0384,0.0,0,5,manual
4,5711,4screws,0.7065,known,4screws,0.0353,0.0,0,5,manual
4,5712,4screws,0.6619,known,4screws,0.0325,0.0,0,5,manual
4,5713,4screws,0.818,known,4screws,0.0299,0.0,0,5,manual
4,5714,4screws,0.6477,known,4screws,0.0275,0.0,0,5,manual
4,5715,4screws,0.8536,known,4screws,0.0253,0.0,0,5,manual
4,5716,4screws,0.6561,known,4screws,0.0233,0.0,0,5,manual
4,5717,4screws,0.8556,known,4screws,0.0214,0.0,0,5,manual
4,5718,4screws,0.7039,known,4screws,0.0197,0.0,0,5,manual
4,5719,4screws,0.9825,known,4screws,0.0181,0.0,0,5,manual
4,5720,4screws,0.7239,known,4screws,0.0167,0.0,0,5,manual
4,5721,4screws,0.8127,known,4screws,0.0153,0.0,0,5,manual
4,5722,4screws,0.6727,known,4screws,0.0141,0.0,0,5,manual
4,5723,4screws,0.8084,known,4screws,0.013,0.0,0,5,manual
4,5724,4screws,0.8158,known,4screws,0.0119,0.0,0,5,manual
4,5725,4screws,0.7376,known,4screws,0.011,0.0,0,5,manual
4,5726,4screws,0.74,known,4screws,0.0101,0.0,0,5,manual
4,5727,4screws,0.957,known,4screws,0.0093,0.0,0,5,manual
4,5728,4screws,0.9497,known,4screws,0.0086,0.0,0,5,manual
4,5729,4screws,0.566,known,4screws,0.0079,0.0,0,5,manual
4,5730,4screws,0.9276,known,4screws,0.0072,0.0,0,5,manual
4,5731,4screws,0.7111,known,4screws,0.0067,0.0,0,5,manual
4,5732,4screws,0.8553,known,4screws,0.0061,0.0,0,5,manual
4,5733,4screws,0.9962,known,4screws,0.0056,0.0,0,5,manual
4,5734,4screws,0.8978,known,4screws,0.0052,0.0,0,5,manual
4,5735,4screws,0.8148,known,4screws,0.0048,0.0,0,5,manual
4,5736,4screws,0.7633,known,4screws,0.0044,0.0,0,5,manual
4,5737,4screws,1.0013,unknown,,0.084,0.0,0,5,manual
4,5738,4screws,0.8706,known,4screws,0.0773,0.0,0,5,manual
4,5739,4screws,0.7778,known,4screws,0.0711,0.0,0,5,manual
4,5740,4screws,0.7807,known,4screws,0.0654,0.0,0,5,manual
4,5741,4screws,0.7025,known,4screws,0.0602,0.0,0,5,manual
4,5742,4screws,0.9425,known,4screws,0.0554,0.0,0,5,manual
4,5743,4screws,0.8525,known,4screws,0.051,0.0,0,5,manual
4,5744,4screws,0.7779,known,4screws,0.0469,0.0,0,5,manual
4,5745,4screws,0.7499,known,4screws,0.0431,0.0,0,5,manual
4,5746,4screws,0.8558,known,4screws,0.0397,0.0,0,5,manual
4,5747,4screws,0.9187,known,4screws,0.0365,0.0,0,5,manual
4,5748,4screws,0.963,known,4screws,0.0336,0.0,0,5,manual
4,5749,4screws,0.8472,known,4screws,0.0309,0.0,0,5,manual
4,5750,4screws,0.8071,known,4screws,0.0284,0.0,0,5,manual
4,5751,4screws,0.8109,known,4screws,0.0262,0.0,0,5,manual
4,5752,4screws,0.7388,known,4screws,0.0241,0.0,0,5,manual
4,5753,4screws,0.7807,known,4screws,0.0221,0.0,0,5,manual
4,5754,4screws,0.8084,known,4screws,0.0204,0.0,0,5,manual
4,5755,4screws,0.8127,known,4screws,0.0187,0.0,0,5,manual
4,5756,4screws,0.963,known,4screws,0.0172,0.0,0,5,manual
4,5757,4screws,0.867,known,4screws,0.0159,0.0,0,5,manual
4,5758,4screws,0.7623,known,4screws,0.0146,0.0,0,5,manual
4,5759,4screws,0.6959,known,4screws,0.0134,0.0,0,5,manual
4,5760,4screws,0.957,known,4screws,0.0123,0.0,0,5,manual
4,5761,4screws,0.9,known,4screws,0.0114,0.0,0,5,manual
4,5762,4screws,0.818,known,4screws,0.0105,0.0,0,5,manual
4,5763,4screws,0.6727,known,4screws,0.0096,0.0,0,5,manual
4,5764,4screws,0.8432,known,4screws,0.0088,0.0,0,5,manual
4,5765,4screws,0.9962,known,4screws,0.0081,0.0,0,5,manual
4,5766,4screws,0.7388,known,4screws,0.0075,0.0,0,5,manual
4,5767,4screws,0.8558,known,4screws,0.0069,0.0,0,5,manual
4,5768,4screws,0.9151,known,4screws,0.0063,0.0,0,5,manual
4,5769,4screws,0.6773,known,4screws,0.0058,0.0,0,5,manual
4,5770,4screws,0.7239,known,4screws,0.0054,0.0,0,5,manual
4,5771,4screws,0.7778,known,4screws,0.0049,0.0,0,5,manual
4,5772,4screws,0.9497,known,4screws,0.0045,0.0,0,5,manual
4,5773,4screws,0.7504,known,4screws,0.0042,0.0,0,5,manual
4,5774,4screws,0.8472,known,4screws,0.0038,0.0,0,5,manual
4,5775,4screws,0.9825,known,4screws,0.0035,0.0,0,5,manual
4,5776,4screws,0.8148,known,4screws,0.0033,0.0,0,5,manual
4,5777,4screws,1.0013,unknown,,0.083,0.0,0,5,manual
4,5778,4screws,1.012,unknown,,0.1564,0.01,0,5,manual
4,5779,4screws,0.8706,known,4screws,0.1438,0.0,0,5,manual
4,5780,4screws,0.5882,known,4screws,0.1323,0.0,0,5,manual
4,5781,4screws,0.8158,known,4screws,0.1218,0.0,0,5,manual
4,5782,4screws,0.9187,known,4screws,0.112,0.0,0,5,manual
4,5783,4screws,0.74,known,4screws,0.103,0.0,0,5,manual
4,5784,4screws,0.7503,known,4screws,0.0948,0.0,0,5,manual
4,5785,4screws,0.8556,known,4screws,0.0872,0.0,0,5,manual
4,5786,4screws,0.9276,known,4screws,0.0802,0.0,0,5,manual
4,5787,4screws,0.8298,known,4screws,0.0738,0.0,0,5,manual
4,5788,4screws,0.7633,known,4screws,0.0679,0.0,0,5,manual
4,5789,4screws,0.7025,known,4screws,0.0625,0.0,0,5,manual
4,5790,4screws,0.8978,known,4screws,0.0575,0.0,0,5,manual
4,5791,4screws,0.7039,known,4screws,0.0529,0.0,0,5,manual
4,5792,4screws,0.8536,known,4screws,0.0487,0.0,0,5,manual
4,5793,4screws,0.7111,known,4screws,0.0448,0.0,0,5,manual
4,5794,4screws,0.8071,known,4screws,0.0412,0.0,0,5,manual
4,5795,4screws,0.8525,known,4screws,0.0379,0.0,0,5,manual
4,5796,4screws,0.8553,known,4screws,0.0349,0.0,0,5,manual
4,5797,4screws,0.6561,known,4screws,0.0321,0.0,0,5,manual
4,5798,4screws,0.7499,known,4screws,0.0295,0.0,0,5,manual
4,5799,4screws,0.8109,known,4screws,0.0271,0.0,0,5,manual
4,5800,4screws,0.7065,known,4screws,0.025,0.0,0,5,manual
4,5801,4screws,0.9425,known,4screws,0.023,0.0,0,5,manual
4,5802,4screws,0.7495,known,4screws,0.0211,0.0,0,5,manual
4,5803,4screws,0.7779,known,4screws,0.0194,0.0,0,5,manual
4,5804,4screws,0.6619,known,4screws,0.0179,0.0,0,5,manual
4,5805,4screws,0.8438,known,4screws,0.0165,0.0,0,5,manual
4,5806,4screws,0.6998,known,4screws,0.0151,0.0,0,5,manual
4,5807,4screws,0.6477,known,4screws,0.0139,0.0,0,5,manual
4,5808,4screws,0.566,known,4screws,0.0128,0.0,0,5,manual
4,5809,4screws,0.925,known,4screws,0.0118,0.0,0,5,manual
4,5810,4screws,0.7376,known,4screws,0.0108,0.0,0,5,manual
4,5811,4screws,0.8978,known,4screws,0.01,0.0,0,5,manual
4,5812,4screws,0.8071,known,4screws,0.0092,0.0,0,5,manual
4,5813,4screws,0.9425,known,4screws,0.0084,0.0,0,5,manual
4,5814,4screws,0.7807,known,4screws,0.0078,0.0,0,5,manual
4,5815,4screws,0.9,known,4screws,0.0071,0.0,0,5,manual
4,5816,4screws,0.6773,known,4screws,0.0066,0.0,0,5,manual
4,5817,4screws,0.7111,known,4screws,0.0061,0.0,0,5,manual
4,5818,4screws,0.7779,known,4screws,0.0056,0.0,0,5,manual
4,5819,4screws,0.9151,known,4screws,0.0051,0.0,0,5,manual
4,5820,4screws,1.012,unknown,,0.0847,0.01,0,5,manual
4,5821,4screws,0.6561,known,4screws,0.0779,0.0,0,5,manual
4,5822,4screws,0.7039,known,4screws,0.0717,0.0,0,5,manual
4,5823,4screws,0.7495,known,4screws,0.066,0.0,0,5,manual
4,5824,4screws,0.7388,known,4screws,0.0607,0.0,0,5,manual
4,5825,4screws,0.7499,known,4screws,0.0558,0.0,0,5,manual
4,5826,4screws,0.957,known,4screws,0.0514,0.0,0,5,manual
4,5827,4screws,0.7376,known,4screws,0.0473,0.0,0,5,manual
4,5828,4screws,0.8084,known,4screws,0.0435,0.0,0,5,manual
4,5829,4screws,0.8438,known,4screws,0.04,0.0,0,5,manual
4,5830,4screws,0.7503,known,4screws,0.0368,0.0,0,5,manual
4,5831,4screws,0.925,known,4screws,0.0339,0.0,0,5,manual
4,5832,4screws,0.9276,known,4screws,0.0311,0.0,0,5,manual
4,5833,4screws,0.6619,known,4screws,0.0287,0.0,0,5,manual
4,5834,4screws,0.963,known,4screws,0.0264,0.0,0,5,manual
4,5835,4screws,0.7778,known,4screws,0.0243,0.0,0,5,manual
4,5836,4screws,0.8109,known,4screws,0.0223,0.0,0,5,manual
4,5837,4screws,0.8553,known,4screws,0.0205,0.0,0,5,manual
4,5838,4screws,0.74,known,4screws,0.0189,0.0,0,5,manual
4,5839,4screws,0.9825,known,4screws,0.0174,0.0,0,5,manual
4,5840,4screws,0.8432,known,4screws,0.016,0.0,0,5,manual
4,5841,4screws,0.566,known,4screws,0.0147,0.0,0,5,manual
4,5842,4screws,0.8148,known,4screws,0.0135,0.0,0,5,manual
4,5843,4screws,0.8158,known,4screws,0.0124,0.0,0,5,manual
4,5844,4screws,0.8706,known,4screws,0.0115,0.0,0,5,manual
4,5845,4screws,1.0013,unknown,,0.0905,0.0,0,5,manual
4,5846,4screws,0.5882,known,4screws,0.0833,0.0,0,5,manual
4,5847,4screws,0.7065,known,4screws,0.0766,0.0,0,5,manual
4,5848,4screws,0.9497,known,4screws,0.0705,0.0,0,5,manual
4,5849,4screws,0.8536,known,4screws,0.0649,0.0,0,5,manual
4,5850,4screws,0.8525,known,4screws,0.0597,0.0,0,5,manual
4,5851,4screws,0.8558,known,4screws,0.0549,0.0,0,5,manual
4,5852,4screws,0.9187,known,4screws,0.0505,0.0,0,5,manual
4,5853,4screws,0.9962,known,4screws,0.0465,0.0,0,5,manual
4,5854,4screws,0.8298,known,4screws,0.0427,0.0,0,5,manual
4,5855,4screws,0.818,known,4screws,0.0393,0.0,0,5,manual
4,5856,4screws,0.6998,known,4screws,0.0362,0.0,0,5,manual
4,5857,4screws,0.8556,known,4screws,0.0333,0.0,0,5,manual
4,5858,4screws,0.7504,known,4screws,0.0306,0.0,0,5,manual
4,5859,4screws,0.6727,known,4screws,0.0282,0.0,0,5,manual
4,5860,4screws,0.7633,known,4screws,0.0259,0.0,0,5,manual
4,5861,4screws,0.8472,known,4screws,0.0238,0.0,0,5,manual
4,5862,4screws,0.6477,known,4screws,0.0219,0.0,0,5,manual
4,5863,4screws,0.7623,known,4screws,0.0202,0.0,0,5,manual
4,5864,4screws,0.867,known,4screws,0.0186,0.0,0,5,manual
4,5865,4screws,0.7025,known,4screws,0.0171,0.0,0,5,manual
4,5866,4screws,0.8127,known,4screws,0.0157,0.0,0,5,manual
4,5867,4screws,0.6959,known,4screws,0.0145,0.0,0,5,manual
4,5868,4screws,0.7239,known,4screws,0.0133,0.0,0,5,manual
4,5869,4screws,0.8525,known,4screws,0.0122,0.0,0,5,manual
4,5870,4screws,0.8472,known,4screws,0.0113,0.0,0,5,manual
4,5871,4screws,0.963,known,4screws,0.0104,0.0,0,5,manual
4,5872,4screws,0.7388,known,4screws,0.0095,0.0,0,5,manual
4,5873,4screws,0.7495,known,4screws,0.0088,0.0,0,5,manual
4,5874,4screws,0.8536,known,4screws,0.0081,0.0,0,5,manual
4,5875,4screws,0.7039,known,4screws,0.0074,0.0,0,5,manual
4,5876,4screws,0.9425,known,4screws,0.0068,0.0,0,5,manual
4,5877,4screws,0.8071,known,4screws,0.0063,0.0,0,5,manual
4,5878,4screws,0.7779,known,4screws,0.0058,0.0,0,5,manual
4,5879,4screws,0.8298,known,4screws,0.0053,0.0,0,5,manual
4,5880,4screws,0.6619,known,4screws,0.0049,0.0,0,5,manual
4,5881,4screws,0.867,known,4screws,0.0045,0.0,0,5,manual
4,5882,4screws,0.9,known,4screws,0.0041,0.0,0,5,manual
4,5883,4screws,0.7778,known,4screws,0.0038,0.0,0,5,manual
4,5884,4screws,0.5882,known,4screws,0.0035,0.0,0,5,manual
4,5885,4screws,0.7633,known,4screws,0.0032,0.0,0,5,manual
4,5886,4screws,0.8158,known,4screws,0.003,0.0,0,5,manual
4,5887,4screws,0.9187,known,4screws,0.0027,0.0,0,5,manual
4,5888,4screws,0.6727,known,4screws,0.0025,0.0,0,5,manual
4,5889,4screws,0.8706,known,4screws,0.0023,0.0,0,5,manual
4,5890,4screws,0.6477,known,4screws,0.0021,0.0,0,5,manual
4,5891,4screws,0.9825,known,4screws,0.002,0.0,0,5,manual
4,5892,4screws,0.8109,known,4screws,0.0018,0.0,0,5,manual
4,5893,4screws,1.012,unknown,,0.0817,0.01,0,5,manual
4,5894,4screws,0.7504,known,4screws,0.0751,0.0,0,5,manual
4,5895,4screws,0.9962,known,4screws,0.0691,0.0,0,5,manual
4,5896,4screws,0.8553,known,4screws,0.0636,0.0,0,5,manual
4,5897,4screws,0.7111,known,4screws,0.0585,0.0,0,5,manual
4,5898,4screws,0.6959,known,4screws,0.0538,0.0,0,5,manual
4,5899,4screws,0.6998,known,4screws,0.0495,0.0,0,5,manual
4,5900,4screws,0.7065,known,4screws,0.0456,0.0,0,5,manual
4,5901,4screws,0.8148,known,4screws,0.0419,0.0,0,5,manual
4,5902,4screws,0.8127,known,4screws,0.0386,0.0,0,5,manual
4,5903,4screws,0.9151,known,4screws,0.0355,0.0,0,5,manual
4,5904,4screws,0.74,known,4screws,0.0326,0.0,0,5,manual
4,5905,4screws,0.6561,known,4screws,0.03,0.0,0,5,manual
4,5906,4screws,0.818,known,4screws,0.0276,0.0,0,5,manual
4,5907,4screws,0.957,known,4screws,0.0254,0.0,0,5,manual
4,5908,4screws,0.8978,known,4screws,0.0234,0.0,0,5,manual
4,5909,4screws,0.7623,known,4screws,0.0215,0.0,0,5,manual
4,5910,4screws,0.7376,known,4screws,0.0198,0.0,0,5,manual
4,5911,4screws,0.8084,known,4screws,0.0182,0.0,0,5,manual
4,5912,4screws,0.925,known,4screws,0.0167,0.0,0,5,manual
4,5913,4screws,0.8558,known,4screws,0.0154,0.0,0,5,manual
4,5914,4screws,1.0013,unknown,,0.0942,0.0,0,5,manual
4,5915,4screws,0.7503,known,4screws,0.0866,0.0,0,5,manual
4,5916,4screws,0.8556,known,4screws,0.0797,0.0,0,5,manual
4,5917,4screws,0.566,known,4screws,0.0733,0.0,0,5,manual
4,5918,4screws,0.7025,known,4screws,0.0675,0.0,0,5,manual
4,5919,4screws,0.6773,known,4screws,0.0621,0.0,0,5,manual
4,5920,4screws,0.8438,known,4screws,0.0571,0.0,0,5,manual
4,5921,4screws,0.7239,known,4screws,0.0525,0.0,0,5,manual
4,5922,4screws,0.7807,known,4screws,0.0483,0.0,0,5,manual
4,5923,4screws,0.7499,known,4screws,0.0445,0.0,0,5,manual
4,5924,4screws,0.8432,known,4screws,0.0409,0.0,0,5,manual
4,5925,4screws,0.9276,known,4screws,0.0376,0.0,0,5,manual
4,5926,4screws,0.9497,known,4screws,0.0346,0.0,0,5,manual
4,5927,4screws,0.9825,known,4screws,0.0319,0.0,0,5,manual
4,5928,4screws,0.7779,known,4screws,0.0293,0.0,0,5,manual
4,5929,4screws,0.6998,known,4screws,0.027,0.0,0,5,manual
4,5930,4screws,0.818,known,4screws,0.0248,0.0,0,5,manual
4,5931,4screws,0.7111,known,4screws,0.0228,0.0,0,5,manual
4,5932,4screws,0.7633,known,4screws,0.021,0.0,0,5,manual
4,5933,4screws,0.8158,known,4screws,0.0193,0.0,0,5,manual
4,5934,4screws,0.7504,known,4screws,0.0178,0.0,0,5,manual
4,5935,4screws,0.963,known,4screws,0.0163,0.0,0,5,manual
4,5936,4screws,0.957,known,4screws,0.015,0.0,0,5,manual
4,5937,4screws,0.9497,known,4screws,0.0138,0.0,0,5,manual
4,5938,4screws,0.5882,known,4screws,0.0127,0.0,0,5,manual
4,5939,4screws,0.8556,known,4screws,0.0117,0.0,0,5,manual
4,5940,4screws,0.6477,known,4screws,0.0108,0.0,0,5,manual
4,5941,4screws,0.9187,known,4screws,0.0099,0.0,0,5,manual
4,5942,4screws,0.867,known,4screws,0.0091,0.0,0,5,manual
4,5943,4screws,0.9425,known,4screws,0.0084,0.0,0,5,manual
4,5944,4screws,0.8432,known,4screws,0.0077,0.0,0,5,manual
4,5945,4screws,0.6561,known,4screws,0.0071,0.0,0,5,manual
4,5946,4screws,0.8558,known,4screws,0.0065,0.0,0,5,manual
4,5947,4screws,0.8071,known,4screws,0.006,0.0,0,5,manual
4,5948,4screws,0.7025,known,4screws,0.0055,0.0,0,5,manual
4,5949,4screws,0.8084,known,4screws,0.0051,0.0,0,5,manual
4,5950,4screws,0.7623,known,4screws,0.0047,0.0,0,5,manual
4,5951,4screws,0.7778,known,4screws,0.0043,0.0,0,5,manual
4,5952,4screws,0.8472,known,4screws,0.004,0.0,0,5,manual
4,5953,4screws,0.7376,known,4screws,0.0036,0.0,0,5,manual
4,5954,4screws,1.0013,unknown,,0.0834,0.0,0,5,manual
4,5955,4screws,0.566,known,4screws,0.0767,0.0,0,5,manual
4,5956,4screws,0.7065,known,4screws,0.0706,0.0,0,5,manual
4,5957,4screws,0.7495,known,4screws,0.0649,0.0,0,5,manual
4,5958,4screws,0.7039,known,4screws,0.0597,0.0,0,5,manual
4,5959,4screws,0.7503,known,4screws,0.0549,0.0,0,5,manual
4,5960,4screws,0.8148,known,4screws,0.0505,0.0,0,5,manual
4,5961,4screws,0.74,known,4screws,0.0465,0.0,0,5,manual
4,5962,4screws,0.9962,known,4screws,0.0428,0.0,0,5,manual
4,5963,4screws,0.8298,known,4screws,0.0394,0.0,0,5,manual
4,5964,4screws,0.8109,known,4screws,0.0362,0.0,0,5,manual
4,5965,4screws,0.8127,known,4screws,0.0333,0.0,0,5,manual
4,5966,4screws,0.925,known,4screws,0.0306,0.0,0,5,manual
4,5967,4screws,0.6773,known,4screws,0.0282,0.0,0,5,manual
4,5968,4screws,0.9151,known,4screws,0.0259,0.0,0,5,manual
4,5969,4screws,0.7239,known,4screws,0.0239,0.0,0,5,manual
4,5970,4screws,0.8536,known,4screws,0.022,0.0,0,5,manual
4,5971,4screws,0.6959,known,4screws,0.0202,0.0,0,5,manual
4,5972,4screws,0.8525,known,4screws,0.0186,0.0,0,5,manual
4,5973,4screws,0.8706,known,4screws,0.0171,0.0,0,5,manual
4,5974,4screws,0.6619,known,4screws,0.0157,0.0,0,5,manual
4,5975,4screws,0.9276,known,4screws,0.0145,0.0,0,5,manual
4,5976,4screws,0.9,known,4screws,0.0133,0.0,0,5,manual
4,5977,4screws,1.012,unknown,,0.0922,0.01,0,5,manual
4,5978,4screws,0.8438,known,4screws,0.0849,0.0,0,5,manual
4,5979,4screws,0.6727,known,4screws,0.0781,0.0,0,5,manual
4,5980,4screws,0.7807,known,4screws,0.0718,0.0,0,5,manual
4,5981,4screws,0.7388,known,4screws,0.0661,0.0,0,5,manual
4,5982,4screws,0.8553,known,4screws,0.0608,0.0,0,5,manual
4,5983,4screws,0.7499,known,4screws,0.0559,0.0,0,5,manual
4,5984,4screws,0.8978,known,4screws,0.0515,0.0,0,5,manual
4,5985,4screws,0.7633,known,4screws,0.0473,0.0,0,5,manual
4,5986,4screws,0.8158,known,4screws,0.0436,0.0,0,5,manual
4,5987,4screws,1.012,unknown,,0.1201,0.01,0,5,manual
4,5988,4screws,0.6561,known,4screws,0.1105,0.0,0,5,manual
4,5989,4screws,0.6959,known,4screws,0.1016,0.0,0,5,manual
4,5990,4screws,1.0013,unknown,,0.1735,0.0,0,5,manual
4,5991,4screws,0.867,known,4screws,0.1596,0.0,0,5,manual
4,5992,4screws,0.7111,known,4screws,0.1468,0.0,0,5,manual
4,5993,4screws,0.8438,known,4screws,0.1351,0.0,0,5,manual
4,5994,4screws,0.9151,known,4screws,0.1243,0.0,0,5,manual
4,5995,4screws,0.7499,known,4screws,0.1143,0.0,0,5,manual
4,5996,4screws,0.8432,known,4screws,0.1052,0.0,0,5,manual
4,5997,4screws,0.9825,known,4screws,0.0968,0.0,0,5,manual
4,5998,4screws,0.7623,known,4screws,0.089,0.0,0,5,manual
4,5999,4screws,0.6773,known,4screws,0.0819,0.0,0,5,manual
4,6000,4screws,0.7504,known,4screws,0.0754,0.0,0,5,manual
4,6001,4screws,0.7807,known,4screws,0.0693,0.0,0,5,manual
4,6002,4screws,0.8084,known,4screws,0.0638,0.0,0,5,manual
4,6003,4screws,0.8558,known,4screws,0.0587,0.0,0,5,manual
4,6004,4screws,0.9962,known,4screws,0.054,0.0,0,5,manual
4,6005,4screws,0.9187,known,4screws,0.0497,0.0,0,5,manual
4,6006,4screws,0.7503,known,4screws,0.0457,0.0,0,5,manual
4,6007,4screws,0.7039,known,4screws,0.042,0.0,0,5,manual
4,6008,4screws,0.8071,known,4screws,0.0387,0.0,0,5,manual
4,6009,4screws,0.9497,known,4screws,0.0356,0.0,0,5,manual
4,6010,4screws,0.8536,known,4screws,0.0327,0.0,0,5,manual
4,6011,4screws,0.7495,known,4screws,0.0301,0.0,0,5,manual
4,6012,4screws,0.8148,known,4screws,0.0277,0.0,0,5,manual
4,6013,4screws,0.7778,known,4screws,0.0255,0.0,0,5,manual
4,6014,4screws,0.6998,known,4screws,0.0235,0.0,0,5,manual
4,6015,4screws,0.8978,known,4screws,0.0216,0.0,0,5,manual
4,6016,4screws,0.7779,known,4screws,0.0199,0.0,0,5,manual
4,6017,4screws,0.9425,known,4screws,0.0183,0.0,0,5,manual
4,6018,4screws,0.5882,known,4screws,0.0168,0.0,0,5,manual
4,6019,4screws,0.9276,known,4screws,0.0155,0.0,0,5,manual
4,6020,4screws,0.6619,known,4screws,0.0142,0.0,0,5,manual
4,6021,4screws,0.957,known,4screws,0.0131,0.0,0,5,manual
4,6022,4screws,0.925,known,4screws,0.012,0.0,0,5,manual
4,6023,4screws,0.7376,known,4screws,0.0111,0.0,0,5,manual
4,6024,4screws,0.566,known,4screws,0.0102,0.0,0,5,manual
4,6025,4screws,0.963,known,4screws,0.0094,0.0,0,5,manual
4,6026,4screws,0.9,known,4screws,0.0086,0.0,0,5,manual
4,6027,4screws,0.8298,known,4screws,0.0079,0.0,0,5,manual
4,6028,4screws,0.6477,known,4screws,0.0073,0.0,0,5,manual
4,6029,4screws,0.74,known,4screws,0.0067,0.0,0,5,manual
4,6030,4screws,0.7065,known,4screws,0.0062,0.0,0,5,manual
4,6031,4screws,0.8525,known,4screws,0.0057,0.0,0,5,manual
4,6032,4screws,0.8706,known,4screws,0.0052,0.0,0,5,manual
4,6033,4screws,0.6727,known,4screws,0.0048,0.0,0,5,manual
4,6034,4screws,0.8109,known,4screws,0.0044,0.0,0,5,manual
4,6035,4screws,0.8127,known,4screws,0.0041,0.0,0,5,manual
4,6036,4screws,0.8472,known,4screws,0.0037,0.0,0,5,manual
4,6037,4screws,0.7388,known,4screws,0.0034,0.0,0,5,manual
4,6038,4screws,0.818,known,4screws,0.0032,0.0,0,5,manual
4,6039,4screws,0.8553,known,4screws,0.0029,0.0,0,5,manual
4,6040,4screws,0.7239,known,4screws,0.0027,0.0,0,5,manual
4,6041,4screws,0.7025,known,4screws,0.0025,0.0,0,5,manual
4,6042,4screws,0.8556,known,4screws,0.0023,0.0,0,5,manual
4,6043,4screws,0.7779,known,4screws,0.0021,0.0,0,5,manual
4,6044,4screws,0.8438,known,4screws,0.0019,0.0,0,5,manual
4,6045,4screws,0.9187,known,4screws,0.0018,0.0,0,5,manual
4,6046,4screws,0.6998,known,4screws,0.0016,0.0,0,5,manual
4,6047,4screws,0.9276,known,4screws,0.0015,0.0,0,5,manual
4,6048,4screws,0.7623,known,4screws,0.0014,0.0,0,5,manual
4,6049,4screws,0.8525,known,4screws,0.0013,0.0,0,5,manual
4,6050,4screws,0.7039,known,4screws,0.0012,0.0,0,5,manual
4,6051,4screws,0.867,known,4screws,0.0011,0.0,0,5,manual
4,6052,4screws,0.8148,known,4screws,0.001,0.0,0,5,manual
4,6053,4screws,0.8158,known,4screws,0.0009,0.0,0,5,manual
4,6054,4screws,0.925,known,4screws,0.0008,0.0,0,5,manual
4,6055,4screws,0.7376,known,4screws,0.0008,0.0,0,5,manual
4,6056,4screws,0.8109,known,4screws,0.0007,0.0,0,5,manual
4,6057,4screws,0.9825,known,4screws,0.0007,0.0,0,5,manual
4,6058,4screws,0.9497,known,4screws,0.0006,0.0,0,5,manual
4,6059,4screws,0.74,known,4screws,0.0006,0.0,0,5,manual
4,6060,4screws,0.9,known,4screws,0.0005,0.0,0,5,manual
4,6061,4screws,0.7504,known,4screws,0.0005,0.0,0,5,manual
4,6062,4screws,0.8706,known,4screws,0.0004,0.0,0,5,manual
4,6063,4screws,0.7025,known,4screws,0.0004,0.0,0,5,manual
4,6064,4screws,0.8071,known,4screws,0.0004,0.0,0,5,manual
4,6065,4screws,0.8978,known,4screws,0.0003,0.0,0,5,manual
4,6066,4screws,1.0013,unknown,,0.0803,0.0,0,5,manual
4,6067,4screws,0.6477,known,4screws,0.0739,0.0,0,5,manual
4,6068,4screws,0.5882,known,4screws,0.068,0.0,0,5,manual
4,6069,4screws,0.6773,known,4screws,0.0625,0.0,0,5,manual
4,6070,4screws,0.7388,known,4screws,0.0575,0.0,0,5,manual
4,6071,4screws,0.6561,known,4screws,0.0529,0.0,0,5,manual
4,6072,4screws,0.7495,known,4screws,0.0487,0.0,0,5,manual
4,6073,4screws,0.6959,known,4screws,0.0448,0.0,0,5,manual
4,6074,4screws,0.8127,known,4screws,0.0412,0.0,0,5,manual
4,6075,4screws,0.8536,known,4screws,0.0379,0.0,0,5,manual
4,6076,4screws,0.566,known,4screws,0.0349,0.0,0,5,manual
4,6077,4screws,0.6727,known,4screws,0.0321,0.0,0,5,manual
4,6078,4screws,0.9151,known,4screws,0.0295,0.0,0,5,manual
4,6079,4screws,0.7065,known,4screws,0.0272,0.0,0,5,manual
4,6080,4screws,0.7503,known,4screws,0.025,0.0,0,5,manual
4,6081,4screws,0.957,known,4screws,0.023,0.0,0,5,manual
4,6082,4screws,0.6619,known,4screws,0.0212,0.0,0,5,manual
4,6083,4screws,0.7778,known,4screws,0.0195,0.0,0,5,manual
4,6084,4screws,0.963,known,4screws,0.0179,0.0,0,5,manual
4,6085,4screws,0.8553,known,4screws,0.0165,0.0,0,5,manual
4,6086,4screws,0.9962,known,4screws,0.0152,0.0,0,5,manual
4,6087,4screws,0.8558,known,4screws,0.0139,0.0,0,5,manual
4,6088,4screws,1.012,unknown,,0.0928,0.01,0,5,manual
4,6089,4screws,0.8084,known,4screws,0.0854,0.0,0,5,manual
4,6090,4screws,0.8432,known,4screws,0.0786,0.0,0,5,manual
4,6091,4screws,0.8298,known,4screws,0.0723,0.0,0,5,manual
4,6092,4screws,0.8556,known,4screws,0.0665,0.0,0,5,manual
4,6093,4screws,0.7807,known,4screws,0.0612,0.0,0,5,manual
4,6094,4screws,0.7111,known,4screws,0.0563,0.0,0,5,manual
4,6095,4screws,0.8472,known,4screws,0.0518,0.0,0,5,manual
4,6096,4screws,0.7633,known,4screws,0.0476,0.0,0,5,manual
4,6097,4screws,0.7239,known,4screws,0.0438,0.0,0,5,manual
4,6098,4screws,0.7499,known,4screws,0.0403,0.0,0,5,manual
4,6099,4screws,0.818,known,4screws,0.0371,0.0,0,5,manual
4,6100,4screws,0.9425,known,4screws,0.0341,0.0,0,5,manual
4,6101,4screws,0.7807,known,4screws,0.0314,0.0,0,5,manual
4,6102,4screws,0.7623,known,4screws,0.0289,0.0,0,5,manual
4,6103,4screws,0.7779,known,4screws,0.0266,0.0,0,5,manual
4,6104,4screws,0.963,known,4screws,0.0244,0.0,0,5,manual
4,6105,4screws,0.6727,known,4screws,0.0225,0.0,0,5,manual
4,6106,4screws,0.9497,known,4screws,0.0207,0.0,0,5,manual
4,6107,4screws,1.012,unknown,,0.099,0.01,0,5,manual
4,6108,4screws,0.8525,known,4screws,0.0911,0.0,0,5,manual
4,6109,4screws,0.8553,known,4screws,0.0838,0.0,0,5,manual
4,6110,4screws,0.8084,known,4screws,0.0771,0.0,0,5,manual
4,6111,4screws,0.8472,known,4screws,0.071,0.0,0,5,manual
4,6112,4screws,0.8127,known,4screws,0.0653,0.0,0,5,manual
4,6113,4screws,0.7376,known,4screws,0.0601,0.0,0,5,manual
4,6114,4screws,0.7633,known,4screws,0.0552,0.0,0,5,manual
4,6115,4screws,0.7778,known,4screws,0.0508,0.0,0,5,manual
4,6116,4screws,0.7499,known,4screws,0.0468,0.0,0,5,manual
4,6117,4screws,0.8432,known,4screws,0.043,0.0,0,5,manual
4,6118,4screws,0.7504,known,4screws,0.0396,0.0,0,5,manual
4,6119,4screws,0.8109,known,4screws,0.0364,0.0,0,5,manual
4,6120,4screws,0.6773,known,4screws,0.0335,0.0,0,5,manual
4,6121,4screws,0.7239,known,4screws,0.0308,0.0,0,5,manual
4,6122,4screws,0.8148,known,4screws,0.0284,0.0,0,5,manual
4,6123,4screws,0.9425,known,4screws,0.0261,0.0,0,5,manual
4,6124,4screws,0.8706,known,4screws,0.024,0.0,0,5,manual
4,6125,4screws,0.8536,known,4screws,0.0221,0.0,0,5,manual
4,6126,4screws,0.6477,known,4screws,0.0203,0.0,0,5,manual
4,6127,4screws,0.7111,known,4screws,0.0187,0.0,0,5,manual
4,6128,4screws,0.7495,known,4screws,0.0172,0.0,0,5,manual
4,6129,4screws,0.9276,known,4screws,0.0158,0.0,0,5,manual
4,6130,4screws,0.957,known,4screws,0.0146,0.0,0,5,manual
4,6131,4screws,0.7025,known,4screws,0.0134,0.0,0,5,manual
4,6132,4screws,0.7503,known,4screws,0.0123,0.0,0,5,manual
4,6133,4screws,0.818,known,4screws,0.0113,0.0,0,5,manual
4,6134,4screws,0.5882,known,4screws,0.0104,0.0,0,5,manual
4,6135,4screws,0.6998,known,4screws,0.0096,0.0,0,5,manual
4,6136,4screws,0.7065,known,4screws,0.0088,0.0,0,5,manual
4,6137,4screws,0.867,known,4screws,0.0081,0.0,0,5,manual
4,6138,4screws,0.74,known,4screws,0.0075,0.0,0,5,manual
4,6139,4screws,0.9962,known,4screws,0.0069,0.0,0,5,manual
4,6140,4screws,0.566,known,4screws,0.0063,0.0,0,5,manual
4,6141,4screws,0.8298,known,4screws,0.0058,0.0,0,5,manual
4,6142,4screws,0.6619,known,4screws,0.0054,0.0,0,5,manual
4,6143,4screws,0.6959,known,4screws,0.0049,0.0,0,5,manual
4,6144,4screws,1.0013,unknown,,0.0845,0.0,0,5,manual
4,6145,4screws,0.8158,known,4screws,0.0778,0.0,0,5,manual
4,6146,4screws,0.9,known,4screws,0.0715,0.0,0,5,manual
4,6147,4screws,0.6561,known,4screws,0.0658,0.0,0,5,manual
4,6148,4screws,0.8071,known,4screws,0.0606,0.0,0,5,manual
4,6149,4screws,0.7388,known,4screws,0.0557,0.0,0,5,manual
4,6150,4screws,0.8438,known,4screws,0.0513,0.0,0,5,manual
4,6151,4screws,0.9151,known,4screws,0.0472,0.0,0,5,manual
4,6152,4screws,0.925,known,4screws,0.0434,0.0,0,5,manual
4,6153,4screws,0.9187,known,4screws,0.0399,0.0,0,5,manual
4,6154,4screws,0.9825,known,4screws,0.0367,0.0,0,5,manual
4,6155,4screws,0.8558,known,4screws,0.0338,0.0,0,5,manual
4,6156,4screws,0.8978,known,4screws,0.0311,0.0,0,5,manual
4,6157,4screws,0.7039,known,4screws,0.0286,0.0,0,5,manual
4,6158,4screws,0.8556,known,4screws,0.0263,0.0,0,5,manual
4,6159,4screws,0.818,known,4screws,0.0242,0.0,0,5,manual
4,6160,4screws,0.7807,known,4screws,0.0223,0.0,0,5,manual
4,6161,4screws,0.8438,known,4screws,0.0205,0.0,0,5,manual
4,6162,4screws,1.0013,unknown,,0.0988,0.0,0,5,manual
4,6163,4screws,0.7633,known,4screws,0.0909,0.0,0,5,manual
4,6164,4screws,0.7779,known,4screws,0.0837,0.0,0,5,manual
4,6165,4screws,0.6773,known,4screws,0.077,0.0,0,5,manual
4,6166,4screws,0.957,known,4screws,0.0708,0.0,0,5,manual
4,6167,4screws,0.925,known,4screws,0.0651,0.0,0,5,manual
4,6168,4screws,0.9276,known,4screws,0.0599,0.0,0,5,manual
4,6169,4screws,0.8148,known,4screws,0.0551,0.0,0,5,manual
4,6170,4screws,0.9825,known,4screws,0.0507,0.0,0,5,manual
4,6171,4screws,1.012,unknown,,0.1267,0.01,0,5,manual
4,6172,4screws,0.8525,known,4screws,0.1165,0.0,0,5,manual
4,6173,4screws,0.8432,known,4screws,0.1072,0.0,0,5,manual
4,6174,4screws,0.6619,known,4screws,0.0986,0.0,0,5,manual
4,6175,4screws,0.7025,known,4screws,0.0907,0.0,0,5,manual
4,6176,4screws,0.5882,known,4screws,0.0835,0.0,0,5,manual
4,6177,4screws,0.9962,known,4screws,0.0768,0.0,0,5,manual
4,6178,4screws,0.7039,known,4screws,0.0707,0.0,0,5,manual
4,6179,4screws,0.8706,known,4screws,0.065,0.0,0,5,manual
4,6180,4screws,0.6959,known,4screws,0.0598,0.0,0,5,manual
4,6181,4screws,0.6561,known,4screws,0.055,0.0,0,5,manual
4,6182,4screws,0.7376,known,4screws,0.0506,0.0,0,5,manual
4,6183,4screws,0.8084,known,4screws,0.0466,0.0,0,5,manual
4,6184,4screws,0.8298,known,4screws,0.0428,0.0,0,5,manual
4,6185,4screws,0.7065,known,4screws,0.0394,0.0,0,5,manual
4,6186,4screws,0.7503,known,4screws,0.0363,0.0,0,5,manual
4,6187,4screws,0.7623,known,4screws,0.0334,0.0,0,5,manual
4,6188,4screws,0.963,known,4screws,0.0307,0.0,0,5,manual
4,6189,4screws,0.8553,known,4screws,0.0282,0.0,0,5,manual
4,6190,4screws,0.9151,known,4screws,0.026,0.0,0,5,manual
4,6191,4screws,0.6477,known,4screws,0.0239,0.0,0,5,manual
4,6192,4screws,0.8158,known,4screws,0.022,0.0,0,5,manual
4,6193,4screws,0.8978,known,4screws,0.0202,0.0,0,5,manual
4,6194,4screws,0.8536,known,4screws,0.0186,0.0,0,5,manual
4,6195,4screws,0.6998,known,4screws,0.0171,0.0,0,5,manual
4,6196,4screws,0.8558,known,4screws,0.0158,0.0,0,5,manual
4,6197,4screws,0.8127,known,4screws,0.0145,0.0,0,5,manual
4,6198,4screws,0.7239,known,4screws,0.0133,0.0,0,5,manual
4,6199,4screws,0.7111,known,4screws,0.0123,0.0,0,5,manual
4,6200,4screws,0.74,known,4screws,0.0113,0.0,0,5,manual
4,6201,4screws,0.9425,known,4screws,0.0104,0.0,0,5,manual
4,6202,4screws,0.8472,known,4screws,0.0096,0.0,0,5,manual
4,6203,4screws,0.7499,known,4screws,0.0088,0.0,0,5,manual
4,6204,4screws,0.8556,known,4screws,0.0081,0.0,0,5,manual
4,6205,4screws,0.867,known,4screws,0.0074,0.0,0,5,manual
4,6206,4screws,0.7495,known,4screws,0.0068,0.0,0,5,manual
4,6207,4screws,0.7504,known,4screws,0.0063,0.0,0,5,manual
4,6208,4screws,0.7388,known,4screws,0.0058,0.0,0,5,manual
4,6209,4screws,0.9497,known,4screws,0.0053,0.0,0,5,manual
4,6210,4screws,0.9,known,4screws,0.0049,0.0,0,5,manual
4,6211,4screws,0.7778,known,4screws,0.0045,0.0,0,5,manual
4,6212,4screws,0.566,known,4screws,0.0041,0.0,0,5,manual
4,6213,4screws,0.6727,known,4screws,0.0038,0.0,0,5,manual
4,6214,4screws,0.8071,known,4screws,0.0035,0.0,0,5,manual
4,6215,4screws,0.9187,known,4screws,0.0032,0.0,0,5,manual
4,6216,4screws,0.8109,known,4screws,0.003,0.0,0,5,manual
4,6217,4screws,0.8536,known,4screws,0.0027,0.0,0,5,manual
4,6218,4screws,0.957,known,4screws,0.0025,0.0,0,5,manual
4,6219,4screws,0.8556,known,4screws,0.0023,0.0,0,5,manual
4,6220,4screws,0.7633,known,4screws,0.0021,0.0,0,5,manual
4,6221,4screws,0.8298,known,4screws,0.002,0.0,0,5,manual
4,6222,4screws,0.566,known,4screws,0.0018,0.0,0,5,manual
4,6223,4screws,0.7376,known,4screws,0.0017,0.0,0,5,manual
4,6224,4screws,0.6959,known,4screws,0.0015,0.0,0,5,manual
4,6225,4screws,0.6727,known,4screws,0.0014,0.0,0,5,manual
4,6226,4screws,0.6477,known,4screws,0.0013,0.0,0,5,manual
4,6227,4screws,0.6998,known,4screws,0.0012,0.0,0,5,manual
4,6228,4screws,0.8158,known,4screws,0.0011,0.0,0,5,manual
4,6229,4screws,0.8558,known,4screws,0.001,0.0,0,5,manual
4,6230,4screws,0.8127,known,4screws,0.0009,0.0,0,5,manual
4,6231,4screws,0.9276,known,4screws,0.0009,0.0,0,5,manual
4,6232,4screws,0.6619,known,4screws,0.0008,0.0,0,5,manual
4,6233,4screws,0.9,known,4screws,0.0007,0.0,0,5,manual
4,6234,4screws,0.6773,known,4screws,0.0007,0.0,0,5,manual
4,6235,4screws,0.818,known,4screws,0.0006,0.0,0,5,manual
4,6236,4screws,0.867,known,4screws,0.0006,0.0,0,5,manual
4,6237,4screws,0.8438,known,4screws,0.0005,0.0,0,5,manual
4,6238,4screws,1.0013,unknown,,0.0805,0.0,0,5,manual
4,6239,4screws,0.8553,known,4screws,0.074,0.0,0,5,manual
4,6240,4screws,0.7623,known,4screws,0.0681,0.0,0,5,manual
4,6241,4screws,0.7807,known,4screws,0.0627,0.0,0,5,manual
4,6242,4screws,0.9497,known,4screws,0.0577,0.0,0,5,manual
4,6243,4screws,0.7111,known,4screws,0.053,0.0,0,5,manual
4,6244,4screws,0.8706,known,4screws,0.0488,0.0,0,5,manual
4,6245,4screws,1.012,unknown,,0.1249,0.01,0,5,manual
4,6246,4screws,0.8432,known,4screws,0.1149,0.0,0,5,manual
4,6247,4screws,0.8084,known,4screws,0.1057,0.0,0,5,manual
4,6248,4screws,0.8071,known,4screws,0.0973,0.0,0,5,manual
4,6249,4screws,0.8472,known,4screws,0.0895,0.0,0,5,manual
4,6250,4screws,0.7504,known,4screws,0.0823,0.0,0,5,manual
4,6251,4screws,0.7239,known,4screws,0.0757,0.0,0,5,manual
4,6252,4screws,0.9151,known,4screws,0.0697,0.0,0,5,manual
4,6253,4screws,0.8148,known,4screws,0.0641,0.0,0,5,manual
4,6254,4screws,0.7779,known,4screws,0.059,0.0,0,5,manual
4,6255,4screws,0.925,known,4screws,0.0543,0.0,0,5,manual
4,6256,4screws,0.6561,known,4screws,0.0499,0.0,0,5,manual
4,6257,4screws,0.8978,known,4screws,0.0459,0.0,0,5,manual
4,6258,4screws,0.9962,known,4screws,0.0422,0.0,0,5,manual
4,6259,4screws,0.7495,known,4screws,0.0389,0.0,0,5,manual
4,6260,4screws,0.8525,known,4screws,0.0358,0.0,0,5,manual
4,6261,4screws,0.7503,known,4screws,0.0329,0.0,0,5,manual
4,6262,4screws,0.7039,known,4screws,0.0303,0.0,0,5,manual
4,6263,4screws,0.74,known,4screws,0.0278,0.0,0,5,manual
4,6264,4screws,0.7025,known,4screws,0.0256,0.0,0,5,manual
4,6265,4screws,0.9187,known,4screws,0.0236,0.0,0,5,manual
4,6266,4screws,0.8109,known,4screws,0.0217,0.0,0,5,manual
4,6267,4screws,0.7065,known,4screws,0.0199,0.0,0,5,manual
4,6268,4screws,0.963,known,4screws,0.0184,0.0,0,5,manual
4,6269,4screws,0.7388,known,4screws,0.0169,0.0,0,5,manual
4,6270,4screws,0.7499,known,4screws,0.0155,0.0,0,5,manual
4,6271,4screws,0.5882,known,4screws,0.0143,0.0,0,5,manual
4,6272,4screws,0.9825,known,4screws,0.0131,0.0,0,5,manual
4,6273,4screws,0.7778,known,4screws,0.0121,0.0,0,5,manual
4,6274,4screws,0.9425,known,4screws,0.0111,0.0,0,5,manual
4,6275,4screws,0.7239,known,4screws,0.0102,0.0,0,5,manual
4,6276,4screws,0.8071,known,4screws,0.0094,0.0,0,5,manual
4,6277,4screws,0.9962,known,4screws,0.0087,0.0,0,5,manual
4,6278,4screws,0.9,known,4screws,0.008,0.0,0,5,manual
4,6279,4screws,0.5882,known,4screws,0.0073,0.0,0,5,manual
4,6280,4screws,0.6998,known,4screws,0.0067,0.0,0,5,manual
4,6281,4screws,1.012,unknown,,0.0862,0.01,0,5,manual
4,6282,4screws,0.6773,known,4screws,0.0793,0.0,0,5,manual
4,6283,4screws,0.867,known,4screws,0.073,0.0,0,5,manual
4,6284,4screws,0.8148,known,4screws,0.0671,0.0,0,5,manual
4,6285,4screws,0.7025,known,4screws,0.0618,0.0,0,5,manual
4,6286,4screws,0.74,known,4screws,0.0568,0.0,0,5,manual
4,6287,4screws,0.8558,known,4screws,0.0523,0.0,0,5,manual
4,6288,4screws,1.0013,unknown,,0.1281,0.0,0,5,manual
4,6289,4screws,0.566,known,4screws,0.1178,0.0,0,5,manual
4,6290,4screws,0.7376,known,4screws,0.1084,0.0,0,5,manual
4,6291,4screws,0.7499,known,4screws,0.0997,0.0,0,5,manual
4,6292,4screws,0.9276,known,4screws,0.0918,0.0,0,5,manual
4,6293,4screws,0.7111,known,4screws,0.0844,0.0,0,5,manual
4,6294,4screws,0.8438,known,4screws,0.0777,0.0,0,5,manual
4,6295,4screws,0.9151,known,4screws,0.0715,0.0,0,5,manual
4,6296,4screws,0.9187,known,4screws,0.0657,0.0,0,5,manual
4,6297,4screws,0.7503,known,4screws,0.0605,0.0,0,5,manual
4,6298,4screws,0.9425,known,4screws,0.0556,0.0,0,5,manual
4,6299,4screws,0.8556,known,4screws,0.0512,0.0,0,5,manual
4,6300,4screws,0.8084,known,4screws,0.0471,0.0,0,5,manual
4,6301,4screws,0.7778,known,4screws,0.0433,0.0,0,5,manual
4,6302,4screws,0.7495,known,4screws,0.0399,0.0,0,5,manual
4,6303,4screws,0.8553,known,4screws,0.0367,0.0,0,5,manual
4,6304,4screws,0.7504,known,4screws,0.0337,0.0,0,5,manual
4,6305,4screws,0.925,known,4screws,0.031,0.0,0,5,manual
4,6306,4screws,0.8706,known,4screws,0.0286,0.0,0,5,manual
4,6307,4screws,0.8127,known,4screws,0.0263,0.0,0,5,manual
4,6308,4screws,0.957,known,4screws,0.0242,0.0,0,5,manual
4,6309,4screws,0.6959,known,4screws,0.0222,0.0,0,5,manual
4,6310,4screws,0.8525,known,4screws,0.0205,0.0,0,5,manual
4,6311,4screws,0.7388,known,4screws,0.0188,0.0,0,5,manual
4,6312,4screws,0.8432,known,4screws,0.0173,0.0,0,5,manual
4,6313,4screws,0.6477,known,4screws,0.0159,0.0,0,5,manual
4,6314,4screws,0.8536,known,4screws,0.0147,0.0,0,5,manual
4,6315,4screws,0.9497,known,4screws,0.0135,0.0,0,5,manual
4,6316,4screws,0.6727,known,4screws,0.0124,0.0,0,5,manual
4,6317,4screws,0.7633,known,4screws,0.0114,0.0,0,5,manual
4,6318,4screws,0.7779,known,4screws,0.0105,0.0,0,5,manual
4,6319,4screws,0.9825,known,4screws,0.0097,0.0,0,5,manual
4,6320,4screws,0.7039,known,4screws,0.0089,0.0,0,5,manual
4,6321,4screws,0.7623,known,4screws,0.0082,0.0,0,5,manual
4,6322,4screws,0.7807,known,4screws,0.0075,0.0,0,5,manual
4,6323,4screws,0.6619,known,4screws,0.0069,0.0,0,5,manual
4,6324,4screws,0.8472,known,4screws,0.0064,0.0,0,5,manual
4,6325,4screws,0.8158,known,4screws,0.0059,0.0,0,5,manual
4,6326,4screws,0.818,known,4screws,0.0054,0.0,0,5,manual
4,6327,4screws,0.7065,known,4screws,0.005,0.0,0,5,manual
4,6328,4screws,0.8109,known,4screws,0.0046,0.0,0,5,manual
4,6329,4screws,0.8978,known,4screws,0.0042,0.0,0,5,manual
4,6330,4screws,0.963,known,4screws,0.0039,0.0,0,5,manual
4,6331,4screws,0.6561,known,4screws,0.0036,0.0,0,5,manual
4,6332,4screws,0.8298,known,4screws,0.0033,0.0,0,5,manual
4,6333,4screws,0.74,known,4screws,0.003,0.0,0,5,manual
4,6334,4screws,0.5882,known,4screws,0.0028,0.0,0,5,manual
4,6335,4screws,0.7633,known,4screws,0.0025,0.0,0,5,manual
4,6336,4screws,0.9276,known,4screws,0.0023,0.0,0,5,manual
4,6337,4screws,0.8553,known,4screws,0.0022,0.0,0,5,manual
4,6338,4screws,0.8432,known,4screws,0.002,0.0,0,5,manual
4,6339,4screws,0.8556,known,4screws,0.0018,0.0,0,5,manual
4,6340,4screws,0.6561,known,4screws,0.0017,0.0,0,5,manual
4,6341,4screws,0.7039,known,4screws,0.0015,0.0,0,5,manual
4,6342,4screws,0.7495,known,4screws,0.0014,0.0,0,5,manual
4,6343,4screws,1.0013,unknown,,0.0813,0.0,0,5,manual
4,6344,4screws,0.7623,known,4screws,0.0748,0.0,0,5,manual
4,6345,4screws,0.7065,known,4screws,0.0688,0.0,0,5,manual
4,6346,4screws,0.9425,known,4screws,0.0633,0.0,0,5,manual
4,6347,4screws,0.7376,known,4screws,0.0582,0.0,0,5,manual
4,6348,4screws,0.7025,known,4screws,0.0536,0.0,0,5,manual
4,6349,4screws,0.867,known,4screws,0.0493,0.0,0,5,manual
4,6350,4screws,0.963,known,4screws,0.0454,0.0,0,5,manual
4,6351,4screws,0.9187,known,4screws,0.0417,0.0,0,5,manual
4,6352,4screws,0.8536,known,4screws,0.0384,0.0,0,5,manual
4,6353,4screws,0.7778,known,4screws,0.0353,0.0,0,5,manual
4,6354,4screws,0.7388,known,4screws,0.0325,0.0,0,5,manual
4,6355,4screws,0.818,known,4screws,0.0299,0.0,0,5,manual
4,6356,4screws,0.8084,known,4screws,0.0275,0.0,0,5,manual
4,6357,4screws,0.7504,known,4screws,0.0253,0.0,0,5,manual
4,6358,4screws,0.6619,known,4screws,0.0233,0.0,0,5,manual
4,6359,4screws,0.6959,known,4screws,0.0214,0.0,0,5,manual
4,6360,4screws,0.7779,known,4screws,0.0197,0.0,0,5,manual
4,6361,4screws,0.7111,known,4screws,0.0181,0.0,0,5,manual
4,6362,4screws,0.9962,known,4screws,0.0167,0.0,0,5,manual
4,6363,4screws,1.012,unknown,,0.0953,0.01,0,5,manual
4,6364,4screws,0.8298,known,4screws,0.0877,0.0,0,5,manual
4,6365,4screws,0.8127,known,4screws,0.0807,0.0,0,5,manual
4,6366,4screws,0.9,known,4screws,0.0742,0.0,0,5,manual
4,6367,4screws,0.8558,known,4screws,0.0683,0.0,0,5,manual
4,6368,4screws,0.6773,known,4screws,0.0628,0.0,0,5,manual
4,6369,4screws,0.566,known,4screws,0.0578,0.0,0,5,manual
4,6370,4screws,0.8438,known,4screws,0.0532,0.0,0,5,manual
4,6371,4screws,0.8525,known,4screws,0.0489,0.0,0,5,manual
4,6372,4screws,0.6727,known,4screws,0.045,0.0,0,5,manual
4,6373,4screws,0.6477,known,4screws,0.0414,0.0,0,5,manual
4,6374,4screws,0.9497,known,4screws,0.0381,0.0,0,5,manual
4,6375,4screws,0.9825,known,4screws,0.0351,0.0,0,5,manual
4,6376,4screws,0.7499,known,4screws,0.0322,0.0,0,5,manual
4,6377,4screws,0.8978,known,4screws,0.0297,0.0,0,5,manual
4,6378,4screws,0.7239,known,4screws,0.0273,0.0,0,5,manual
4,6379,4screws,0.8109,known,4screws,0.0251,0.0,0,5,manual
4,6380,4screws,0.8071,known,4screws,0.0231,0.0,0,5,manual
4,6381,4screws,0.925,known,4screws,0.0213,0.0,0,5,manual
4,6382,4screws,0.7807,known,4screws,0.0196,0.0,0,5,manual
4,6383,4screws,0.8148,known,4screws,0.018,0.0,0,5,manual
4,6384,4screws,0.9151,known,4screws,0.0166,0.0,0,5,manual
4,6385,4screws,0.7503,known,4screws,0.0152,0.0,0,5,manual
4,6386,4screws,0.8472,known,4screws,0.014,0.0,0,5,manual
4,6387,4screws,0.8706,known,4screws,0.0129,0.0,0,5,manual
4,6388,4screws,0.957,known,4screws,0.0119,0.0,0,5,manual
4,6389,4screws,0.8158,known,4screws,0.0109,0.0,0,5,manual
4,6390,4screws,0.6998,known,4screws,0.01,0.0,0,5,manual
4,6391,4screws,0.8298,known,4screws,0.0092,0.0,0,5,manual
4,6392,4screws,0.9151,known,4screws,0.0085,0.0,0,5,manual
4,6393,4screws,0.7495,known,4screws,0.0078,0.0,0,5,manual
4,6394,4screws,1.012,unknown,,0.0872,0.01,0,5,manual
4,6395,4screws,0.7039,known,4screws,0.0802,0.0,0,5,manual
4,6396,4screws,0.8978,known,4screws,0.0738,0.0,0,5,manual
4,6397,4screws,0.5882,known,4screws,0.0679,0.0,0,5,manual
4,6398,4screws,0.6477,known,4screws,0.0625,0.0,0,5,manual
4,6399,4screws,0.7779,known,4screws,0.0575,0.0,0,5,manual
4,6400,4screws,0.7111,known,4screws,0.0529,0.0,0,5,manual
4,6401,4screws,0.7499,known,4screws,0.0486,0.0,0,5,manual
4,6402,4screws,0.6959,known,4screws,0.0447,0.0,0,5,manual
4,6403,4screws,0.9425,known,4screws,0.0412,0.0,0,5,manual
4,6404,4screws,0.6619,known,4screws,0.0379,0.0,0,5,manual
4,6405,4screws,0.9187,known,4screws,0.0348,0.0,0,5,manual
4,6406,4screws,0.74,known,4screws,0.0321,0.0,0,5,manual
4,6407,4screws,0.8525,known,4screws,0.0295,0.0,0,5,manual
4,6408,4screws,0.6998,known,4screws,0.0271,0.0,0,5,manual
4,6409,4screws,0.8558,known,4screws,0.025,0.0,0,5,manual
4,6410,4screws,0.6561,known,4screws,0.023,0.0,0,5,manual
4,6411,4screws,0.8438,known,4screws,0.0211,0.0,0,5,manual
4,6412,4screws,0.9825,known,4screws,0.0194,0.0,0,5,manual
4,6413,4screws,0.9276,known,4screws,0.0179,0.0,0,5,manual
4,6414,4screws,0.6727,known,4screws,0.0165,0.0,0,5,manual
4,6415,4screws,0.6773,known,4screws,0.0151,0.0,0,5,manual
4,6416,4screws,0.963,known,4screws,0.0139,0.0,0,5,manual
4,6417,4screws,0.7388,known,4screws,0.0128,0.0,0,5,manual
4,6418,4screws,0.8536,known,4screws,0.0118,0.0,0,5,manual
4,6419,4screws,0.7623,known,4screws,0.0108,0.0,0,5,manual
4,6420,4screws,0.7376,known,4screws,0.01,0.0,0,5,manual
4,6421,4screws,0.7503,known,4screws,0.0092,0.0,0,5,manual
4,6422,4screws,0.8084,known,4screws,0.0084,0.0,0,5,manual
4,6423,4screws,0.7633,known,4screws,0.0078,0.0,0,5,manual
4,6424,4screws,0.7807,known,4screws,0.0071,0.0,0,5,manual
4,6425,4screws,0.867,known,4screws,0.0066,0.0,0,5,manual
4,6426,4screws,0.8071,known,4screws,0.006,0.0,0,5,manual
4,6427,4screws,0.9,known,4screws,0.0056,0.0,0,5,manual
4,6428,4screws,0.8553,known,4screws,0.0051,0.0,0,5,manual
4,6429,4screws,1.0013,unknown,,0.0847,0.0,0,5,manual
4,6430,4screws,0.7065,known,4screws,0.0779,0.0,0,5,manual
4,6431,4screws,0.8148,known,4screws,0.0717,0.0,0,5,manual
4,6432,4screws,0.957,known,4screws,0.066,0.0,0,5,manual
4,6433,4screws,0.8158,known,4screws,0.0607,0.0,0,5,manual
4,6434,4screws,0.9497,known,4screws,0.0558,0.0,0,5,manual
4,6435,4screws,0.7239,known,4screws,0.0514,0.0,0,5,manual
4,6436,4screws,0.8432,known,4screws,0.0473,0.0,0,5,manual
4,6437,4screws,0.7504,known,4screws,0.0435,0.0,0,5,manual
4,6438,4screws,0.8472,known,4screws,0.04,0.0,0,5,manual
4,6439,4screws,0.8556,known,4screws,0.0368,0.0,0,5,manual
4,6440,4screws,0.566,known,4screws,0.0339,0.0,0,5,manual
4,6441,4screws,0.7778,known,4screws,0.0311,0.0,0,5,manual
4,6442,4screws,0.818,known,4screws,0.0287,0.0,0,5,manual
4,6443,4screws,0.8706,known,4screws,0.0264,0.0,0,5,manual
4,6444,4screws,0.925,known,4screws,0.0243,0.0,0,5,manual
4,6445,4screws,0.9962,known,4screws,0.0223,0.0,0,5,manual
4,6446,4screws,0.7025,known,4screws,0.0205,0.0,0,5,manual
4,6447,4screws,0.8109,known,4screws,0.0189,0.0,0,5,manual
4,6448,4screws,0.8127,known,4screws,0.0174,0.0,0,5,manual
4,6449,4screws,0.8472,known,4screws,0.016,0.0,0,5,manual
4,6450,4screws,0.7499,known,4screws,0.0147,0.0,0,5,manual
4,6451,4screws,0.7807,known,4screws,0.0135,0.0,0,5,manual
4,6452,4screws,1.012,unknown,,0.0924,0.01,0,5,manual
4,6453,4screws,0.9187,known,4screws,0.0851,0.0,0,5,manual
4,6454,4screws,0.7503,known,4screws,0.0782,0.0,0,5,manual
4,6455,4screws,0.7623,known,4screws,0.072,0.0,0,5,manual
4,6456,4screws,0.7025,known,4screws,0.0662,0.0,0,5,manual
4,6457,4screws,0.9151,known,4screws,0.0609,0.0,0,5,manual
4,6458,4screws,0.9962,known,4screws,0.0561,0.0,0,5,manual
4,6459,4screws,0.8298,known,4screws,0.0516,0.0,0,5,manual
4,6460,4screws,0.74,known,4screws,0.0474,0.0,0,5,manual
4,6461,4screws,0.8148,known,4screws,0.0436,0.0,0,5,manual
4,6462,4screws,0.8525,known,4screws,0.0402,0.0,0,5,manual
4,6463,4screws,0.7778,known,4screws,0.0369,0.0,0,5,manual
4,6464,4screws,0.7376,known,4screws,0.034,0.0,0,5,manual
4,6465,4screws,0.7239,known,4screws,0.0313,0.0,0,5,manual
4,6466,4screws,0.8432,known,4screws,0.0288,0.0,0,5,manual
4,6467,4screws,0.818,known,4screws,0.0265,0.0,0,5,manual
4,6468,4screws,0.8558,known,4screws,0.0243,0.0,0,5,manual
4,6469,4screws,0.6773,known,4screws,0.0224,0.0,0,5,manual
4,6470,4screws,0.8438,known,4screws,0.0206,0.0,0,5,manual
4,6471,4screws,0.9825,known,4screws,0.019,0.0,0,5,manual
4,6472,4screws,0.8556,known,4screws,0.0174,0.0,0,5,manual
4,6473,4screws,0.9,known,4screws,0.016,0.0,0,5,manual
4,6474,4screws,0.8084,known,4screws,0.0148,0.0,0,5,manual
4,6475,4screws,0.8127,known,4screws,0.0136,0.0,0,5,manual
4,6476,4screws,0.9497,known,4screws,0.0125,0.0,0,5,manual
4,6477,4screws,0.8553,known,4screws,0.0115,0.0,0,5,manual
4,6478,4screws,0.7111,known,4screws,0.0106,0.0,0,5,manual
4,6479,4screws,0.7495,known,4screws,0.0097,0.0,0,5,manual
4,6480,4screws,0.8536,known,4screws,0.009,0.0,0,5,manual
4,6481,4screws,0.7504,known,4screws,0.0082,0.0,0,5,manual
4,6482,4screws,0.8109,known,4screws,0.0076,0.0,0,5,manual
4,6483,4screws,0.8706,known,4screws,0.007,0.0,0,5,manual
4,6484,4screws,0.963,known,4screws,0.0064,0.0,0,5,manual
4,6485,4screws,0.7633,known,4screws,0.0059,0.0,0,5,manual
4,6486,4screws,0.8071,known,4screws,0.0054,0.0,0,5,manual
4,6487,4screws,0.7039,known,4screws,0.005,0.0,0,5,manual
4,6488,4screws,0.5882,known,4screws,0.0046,0.0,0,5,manual
4,6489,4screws,0.957,known,4screws,0.0042,0.0,0,5,manual
4,6490,4screws,0.6477,known,4screws,0.0039,0.0,0,5,manual
4,6491,4screws,0.8158,known,4screws,0.0036,0.0,0,5,manual
4,6492,4screws,0.9425,known,4screws,0.0033,0.0,0,5,manual
4,6493,4screws,0.7065,known,4screws,0.003,0.0,0,5,manual
4,6494,4screws,1.0013,unknown,,0.0828,0.0,0,5,manual
4,6495,4screws,0.867,known,4screws,0.0762,0.0,0,5,manual
4,6496,4screws,0.925,known,4screws,0.0701,0.0,0,5,manual
4,6497,4screws,0.7388,known,4screws,0.0645,0.0,0,5,manual
4,6498,4screws,0.6619,known,4screws,0.0593,0.0,0,5,manual
4,6499,4screws,0.8978,known,4screws,0.0546,0.0,0,5,manual
4,6500,4screws,0.9276,known,4screws,0.0502,0.0,0,5,manual
4,6501,4screws,0.6561,known,4screws,0.0462,0.0,0,5,manual
4,6502,4screws,0.6959,known,4screws,0.0425,0.0,0,5,manual
4,6503,4screws,0.6727,known,4screws,0.0391,0.0,0,5,manual
4,6504,4screws,0.566,known,4screws,0.036,0.0,0,5,manual
4,6505,4screws,0.6998,known,4screws,0.0331,0.0,0,5,manual
4,6506,4screws,0.7779,known,4screws,0.0304,0.0,0,5,manual
4,6507,4screws,0.925,known,4screws,0.028,0.0,0,5,manual
4,6508,4screws,0.963,known,4screws,0.0258,0.0,0,5,manual
4,6509,4screws,0.8071,known,4screws,0.0237,0.0,0,5,manual
4,6510,4screws,0.7025,known,4screws,0.0218,0.0,0,5,manual
4,6511,4screws,0.8148,known,4screws,0.0201,0.0,0,5,manual
4,6512,4screws,0.9151,known,4screws,0.0185,0.0,0,5,manual
4,6513,4screws,1.012,unknown,,0.097,0.01,0,5,manual
4,6514,4screws,0.6998,known,4screws,0.0892,0.0,0,5,manual
4,6515,4screws,0.7623,known,4screws,0.0821,0.0,0,5,manual
4,6516,4screws,0.818,known,4screws,0.0755,0.0,0,5,manual
4,6517,4screws,0.9962,known,4screws,0.0695,0.0,0,5,manual
4,6518,4screws,0.8536,known,4screws,0.0639,0.0,0,5,manual
4,6519,4screws,0.8978,known,4screws,0.0588,0.0,0,5,manual
4,6520,4screws,0.867,known,4screws,0.0541,0.0,0,5,manual
4,6521,4screws,0.7388,known,4screws,0.0498,0.0,0,5,manual
4,6522,4screws,0.6773,known,4screws,0.0458,0.0,0,5,manual
4,6523,4screws,0.566,known,4screws,0.0421,0.0,0,5,manual
4,6524,4screws,0.8158,known,4screws,0.0388,0.0,0,5,manual
4,6525,4screws,0.7503,known,4screws,0.0357,0.0,0,5,manual
4,6526,4screws,0.9,known,4screws,0.0328,0.0,0,5,manual
4,6527,4screws,0.8127,known,4screws,0.0302,0.0,0,5,manual
4,6528,4screws,0.7504,known,4screws,0.0278,0.0,0,5,manual
4,6529,4screws,0.9825,known,4screws,0.0255,0.0,0,5,manual
4,6530,4screws,0.9187,known,4screws,0.0235,0.0,0,5,manual
4,6531,4screws,0.6619,known,4screws,0.0216,0.0,0,5,manual
4,6532,4screws,0.74,known,4screws,0.0199,0.0,0,5,manual
4,6533,4screws,0.7495,known,4screws,0.0183,0.0,0,5,manual
4,6534,4screws,0.5882,known,4screws,0.0168,0.0,0,5,manual
4,6535,4screws,0.8556,known,4screws,0.0155,0.0,0,5,manual
4,6536,4screws,0.8432,known,4screws,0.0142,0.0,0,5,manual
4,6537,4screws,0.7778,known,4screws,0.0131,0.0,0,5,manual
4,6538,4screws,0.7807,known,4screws,0.0121,0.0,0,5,manual
4,6539,4screws,0.6477,known,4screws,0.0111,0.0,0,5,manual
4,6540,4screws,0.957,known,4screws,0.0102,0.0,0,5,manual
4,6541,4screws,0.6959,known,4screws,0.0094,0.0,0,5,manual
4,6542,4screws,0.7111,known,4screws,0.0086,0.0,0,5,manual
4,6543,4screws,0.9276,known,4screws,0.0079,0.0,0,5,manual
4,6544,4screws,0.9497,known,4screws,0.0073,0.0,0,5,manual
4,6545,4screws,0.7039,known,4screws,0.0067,0.0,0,5,manual
4,6546,4screws,0.8558,known,4screws,0.0062,0.0,0,5,manual
4,6547,4screws,0.8472,known,4screws,0.0057,0.0,0,5,manual
4,6548,4screws,0.7499,known,4screws,0.0052,0.0,0,5,manual
4,6549,4screws,0.7376,known,4screws,0.0048,0.0,0,5,manual
4,6550,4screws,0.7065,known,4screws,0.0044,0.0,0,5,manual
4,6551,4screws,0.8706,known,4screws,0.0041,0.0,0,5,manual
4,6552,4screws,0.8084,known,4screws,0.0038,0.0,0,5,manual
4,6553,4screws,0.6561,known,4screws,0.0035,0.0,0,5,manual
4,6554,4screws,0.7633,known,4screws,0.0032,0.0,0,5,manual
4,6555,4screws,0.6727,known,4screws,0.0029,0.0,0,5,manual
4,6556,4screws,0.8553,known,4screws,0.0027,0.0,0,5,manual
4,6557,4screws,0.8525,known,4screws,0.0025,0.0,0,5,manual
4,6558,4screws,0.9425,known,4screws,0.0023,0.0,0,5,manual
4,6559,4screws,0.8438,known,4screws,0.0021,0.0,0,5,manual
4,6560,4screws,0.8109,known,4screws,0.0019,0.0,0,5,manual
4,6561,4screws,1.0013,unknown,,0.0818,0.0,0,5,manual
4,6562,4screws,0.7239,known,4screws,0.0752,0.0,0,5,manual
4,6563,4screws,0.7779,known,4screws,0.0692,0.0,0,5,manual
4,6564,4screws,0.8298,known,4screws,0.0637,0.0,0,5,manual
4,6565,4screws,0.6619,known,4screws,0.0586,0.0,0,5,manual
4,6566,4screws,0.8084,known,4screws,0.0539,0.0,0,5,manual
4,6567,4screws,0.8553,known,4screws,0.0496,0.0,0,5,manual
4,6568,4screws,0.6477,known,4screws,0.0456,0.0,0,5,manual
4,6569,4screws,0.7239,known,4screws,0.042,0.0,0,5,manual
4,6570,4screws,0.9276,known,4screws,0.0386,0.0,0,5,manual
4,6571,4screws,0.8556,known,4screws,0.0355,0.0,0,5,manual
4,6572,4screws,0.8158,known,4screws,0.0327,0.0,0,5,manual
4,6573,4screws,0.7388,known,4screws,0.0301,0.0,0,5,manual
4,6574,4screws,0.8978,known,4screws,0.0277,0.0,0,5,manual
4,6575,4screws,0.7807,known,4screws,0.0254,0.0,0,5,manual
4,6576,4screws,0.7623,known,4screws,0.0234,0.0,0,5,manual
4,6577,4screws,0.7025,known,4screws,0.0215,0.0,0,5,manual
4,6578,4screws,0.8472,known,4screws,0.0198,0.0,0,5,manual
4,6579,4screws,0.6561,known,4screws,0.0182,0.0,0,5,manual
4,6580,4screws,0.7376,known,4screws,0.0168,0.0,0,5,manual
4,6581,4screws,0.8558,known,4screws,0.0154,0.0,0,5,manual
4,6582,4screws,0.957,known,4screws,0.0142,0.0,0,5,manual
4,6583,4screws,0.963,known,4screws,0.0131,0.0,0,5,manual
4,6584,4screws,0.8148,known,4screws,0.012,0.0,0,5,manual
4,6585,4screws,0.8525,known,4screws,0.0111,0.0,0,5,manual
4,6586,4screws,0.6773,known,4screws,0.0102,0.0,0,5,manual
4,6587,4screws,0.6998,known,4screws,0.0094,0.0,0,5,manual
4,6588,4screws,0.7503,known,4screws,0.0086,0.0,0,5,manual
4,6589,4screws,0.7633,known,4screws,0.0079,0.0,0,5,manual
4,6590,4screws,0.8432,known,4screws,0.0073,0.0,0,5,manual
4,6591,4screws,0.9425,known,4screws,0.0067,0.0,0,5,manual
4,6592,4screws,0.9151,known,4screws,0.0062,0.0,0,5,manual
4,6593,4screws,0.8298,known,4screws,0.0057,0.0,0,5,manual
4,6594,4screws,0.8536,known,4screws,0.0052,0.0,0,5,manual
4,6595,4screws,0.8127,known,4screws,0.0048,0.0,0,5,manual
4,6596,4screws,1.0013,unknown,,0.0844,0.0,0,5,manual
4,6597,4screws,1.012,unknown,,0.1577,0.01,0,5,manual
4,6598,4screws,0.8706,known,4screws,0.1451,0.0,0,5,manual
4,6599,4screws,0.6959,known,4screws,0.1334,0.0,0,5,manual
4,6600,4screws,0.74,known,4screws,0.1228,0.0,0,5,manual
4,6601,4screws,0.7504,known,4screws,0.1129,0.0,0,5,manual
4,6602,4screws,0.8109,known,4screws,0.1039,0.0,0,5,manual
4,6603,4screws,0.818,known,4screws,0.0956,0.0,0,5,manual
4,6604,4screws,0.7065,known,4screws,0.088,0.0,0,5,manual
4,6605,4screws,0.6727,known,4screws,0.0809,0.0,0,5,manual
4,6606,4screws,0.7111,known,4screws,0.0744,0.0,0,5,manual
4,6607,4screws,0.8438,known,4screws,0.0685,0.0,0,5,manual
4,6608,4screws,0.925,known,4screws,0.063,0.0,0,5,manual
4,6609,4screws,0.7779,known,4screws,0.058,0.0,0,5,manual
4,6610,4screws,0.9,known,4screws,0.0533,0.0,0,5,manual
4,6611,4screws,0.867,known,4screws,0.0491,0.0,0,5,manual
4,6612,4screws,0.9497,known,4screws,0.0451,0.0,0,5,manual
4,6613,4screws,0.9825,known,4screws,0.0415,0.0,0,5,manual
4,6614,4screws,0.7495,known,4screws,0.0382,0.0,0,5,manual
4,6615,4screws,0.9187,known,4screws,0.0351,0.0,0,5,manual
4,6616,4screws,0.8071,known,4screws,0.0323,0.0,0,5,manual
4,6617,4screws,0.7499,known,4screws,0.0298,0.0,0,5,manual
4,6618,4screws,0.7778,known,4screws,0.0274,0.0,0,5,manual
4,6619,4screws,0.9962,known,4screws,0.0252,0.0,0,5,manual
4,6620,4screws,0.5882,known,4screws,0.0232,0.0,0,5,manual
4,6621,4screws,0.566,known,4screws,0.0213,0.0,0,5,manual
4,6622,4screws,0.7039,known,4screws,0.0196,0.0,0,5,manual
4,6623,4screws,0.7239,known,4screws,0.018,0.0,0,5,manual
4,6624,4screws,0.6959,known,4screws,0.0166,0.0,0,5,manual
4,6625,4screws,0.8556,known,4screws,0.0153,0.0,0,5,manual
4,6626,4screws,0.6998,known,4screws,0.014,0.0,0,5,manual
4,6627,4screws,0.7111,known,4screws,0.0129,0.0,0,5,manual
4,6628,4screws,0.7633,known,4screws,0.0119,0.0,0,5,manual
4,6629,4screws,0.7504,known,4screws,0.0109,0.0,0,5,manual
4,6630,4screws,0.6561,known,4screws,0.0101,0.0,0,5,manual
4,6631,4screws,0.8071,known,4screws,0.0093,0.0,0,5,manual
4,6632,4screws,0.963,known,4screws,0.0085,0.0,0,5,manual
4,6633,4screws,0.8525,known,4screws,0.0078,0.0,0,5,manual
4,6634,4screws,0.9,known,4screws,0.0072,0.0,0,5,manual
4,6635,4screws,0.7376,known,4screws,0.0066,0.0,0,5,manual
4,6636,4screws,0.7778,known,4screws,0.0061,0.0,0,5,manual
4,6637,4screws,0.8706,known,4screws,0.0056,0.0,0,5,manual
4,6638,4screws,1.012,unknown,,0.0852,0.01,0,5,manual
4,6639,4screws,0.8558,known,4screws,0.0784,0.0,0,5,manual
4,6640,4screws,0.7025,known,4screws,0.0721,0.0,0,5,manual
4,6641,4screws,0.8553,known,4screws,0.0663,0.0,0,5,manual
4,6642,4screws,0.7807,known,4screws,0.061,0.0,0,5,manual
4,6643,4screws,0.9497,known,4screws,0.0561,0.0,0,5,manual
4,6644,4screws,0.566,known,4screws,0.0516,0.0,0,5,manual
4,6645,4screws,0.6477,known,4screws,0.0475,0.0,0,5,manual
4,6646,4screws,0.6773,known,4screws,0.0437,0.0,0,5,manual
4,6647,4screws,0.7388,known,4screws,0.0402,0.0,0,5,manual
4,6648,4screws,0.6727,known,4screws,0.037,0.0,0,5,manual
4,6649,4screws,0.8148,known,4screws,0.034,0.0,0,5,manual
4,6650,4screws,0.8536,known,4screws,0.0313,0.0,0,5,manual
4,6651,4screws,0.8438,known,4screws,0.0288,0.0,0,5,manual
4,6652,4screws,0.9151,known,4screws,0.0265,0.0,0,5,manual
4,6653,4screws,0.925,known,4screws,0.0244,0.0,0,5,manual
4,6654,4screws,0.9425,known,4screws,0.0224,0.0,0,5,manual
4,6655,4screws,0.8084,known,4screws,0.0206,0.0,0,5,manual
4,6656,4screws,0.7779,known,4screws,0.019,0.0,0,5,manual
4,6657,4screws,0.7623,known,4screws,0.0175,0.0,0,5,manual
4,6658,4screws,0.9825,known,4screws,0.0161,0.0,0,5,manual
4,6659,4screws,0.7039,known,4screws,0.0148,0.0,0,5,manual
4,6660,4screws,1.0013,unknown,,0.0936,0.0,0,5,manual
4,6661,4screws,0.8109,known,4screws,0.0861,0.0,0,5,manual
4,6662,4screws,0.9187,known,4screws,0.0792,0.0,0,5,manual
4,6663,4screws,0.74,known,4screws,0.0729,0.0,0,5,manual
4,6664,4screws,0.957,known,4screws,0.0671,0.0,0,5,manual
4,6665,4screws,0.7503,known,4screws,0.0617,0.0,0,5,manual
4,6666,4screws,0.9962,known,4screws,0.0568,0.0,0,5,manual
4,6667,4screws,0.5882,known,4screws,0.0522,0.0,0,5,manual
4,6668,4screws,0.8432,known,4screws,0.048,0.0,0,5,manual
4,6669,4screws,0.7065,known,4screws,0.0442,0.0,0,5,manual
4,6670,4screws,0.8158,known,4screws,0.0407,0.0,0,5,manual
4,6671,4screws,0.8127,known,4screws,0.0374,0.0,0,5,manual
4,6672,4screws,0.867,known,4screws,0.0344,0.0,0,5,manual
4,6673,4screws,0.7495,known,4screws,0.0317,0.0,0,5,manual
4,6674,4screws,0.8472,known,4screws,0.0291,0.0,0,5,manual
4,6675,4screws,0.7499,known,4screws,0.0268,0.0,0,5,manual
4,6676,4screws,0.8298,known,4screws,0.0247,0.0,0,5,manual
4,6677,4screws,0.6619,known,4screws,0.0227,0.0,0,5,manual
4,6678,4screws,0.818,known,4screws,0.0209,0.0,0,5,manual
4,6679,4screws,0.9276,known,4screws,0.0192,0.0,0,5,manual
4,6680,4screws,0.8978,known,4screws,0.0177,0.0,0,5,manual
4,6681,4screws,0.9151,known,4screws,0.0162,0.0,0,5,manual
4,6682,4screws,1.012,unknown,,0.0949,0.01,0,5,manual
4,6683,4screws,0.8438,known,4screws,0.0874,0.0,0,5,manual
4,6684,4screws,0.8127,known,4screws,0.0804,0.0,0,5,manual
4,6685,4screws,0.7633,known,4screws,0.0739,0.0,0,5,manual
4,6686,4screws,1.0013,unknown,,0.148,0.0,0,5,manual
4,6687,4screws,0.9,known,4screws,0.1362,0.0,0,5,manual
4,6688,4screws,0.6773,known,4screws,0.1253,0.0,0,5,manual
4,6689,4screws,0.8472,known,4screws,0.1153,0.0,0,5,manual
4,6690,4screws,0.818,known,4screws,0.106,0.0,0,5,manual
4,6691,4screws,0.6998,known,4screws,0.0976,0.0,0,5,manual
4,6692,4screws,0.7239,known,4screws,0.0898,0.0,0,5,manual
4,6693,4screws,0.6727,known,4screws,0.0826,0.0,0,5,manual
4,6694,4screws,0.8432,known,4screws,0.076,0.0,0,5,manual
4,6695,4screws,0.7807,known,4screws,0.0699,0.0,0,5,manual
4,6696,4screws,0.9825,known,4screws,0.0643,0.0,0,5,manual
4,6697,4screws,0.867,known,4screws,0.0592,0.0,0,5,manual
4,6698,4screws,0.9425,known,4screws,0.0544,0.0,0,5,manual
4,6699,4screws,0.8553,known,4screws,0.0501,0.0,0,5,manual
4,6700,4screws,0.8071,known,4screws,0.0461,0.0,0,5,manual
4,6701,4screws,0.6619,known,4screws,0.0424,0.0,0,5,manual
4,6702,4screws,0.7065,known,4screws,0.039,0.0,0,5,manual
4,6703,4screws,0.957,known,4screws,0.0359,0.0,0,5,manual
4,6704,4screws,0.7039,known,4screws,0.033,0.0,0,5,manual
4,6705,4screws,0.7503,known,4screws,0.0304,0.0,0,5,manual
4,6706,4screws,0.74,known,4screws,0.0279,0.0,0,5,manual
4,6707,4screws,0.8525,known,4screws,0.0257,0.0,0,5,manual
4,6708,4screws,0.7499,known,4screws,0.0236,0.0,0,5,manual
4,6709,4screws,0.9276,known,4screws,0.0217,0.0,0,5,manual
4,6710,4screws,0.8558,known,4screws,0.02,0.0,0,5,manual
4,6711,4screws,0.8978,known,4screws,0.0184,0.0,0,5,manual
4,6712,4screws,0.7504,known,4screws,0.0169,0.0,0,5,manual
4,6713,4screws,0.8706,known,4screws,0.0156,0.0,0,5,manual
4,6714,4screws,0.5882,known,4screws,0.0143,0.0,0,5,manual
4,6715,4screws,0.6477,known,4screws,0.0132,0.0,0,5,manual
4,6716,4screws,0.6959,known,4screws,0.0121,0.0,0,5,manual
4,6717,4screws,0.7025,known,4screws,0.0112,0.0,0,5,manual
4,6718,4screws,0.8158,known,4screws,0.0103,0.0,0,5,manual
4,6719,4screws,0.7778,known,4screws,0.0094,0.0,0,5,manual
4,6720,4screws,0.7779,known,4screws,0.0087,0.0,0,5,manual
4,6721,4screws,0.9962,known,4screws,0.008,0.0,0,5,manual
4,6722,4screws,0.8148,known,4screws,0.0074,0.0,0,5,manual
4,6723,4screws,0.8536,known,4screws,0.0068,0.0,0,5,manual
4,6724,4screws,0.7495,known,4screws,0.0062,0.0,0,5,manual
4,6725,4screws,0.9187,known,4screws,0.0057,0.0,0,5,manual
4,6726,4screws,0.925,known,4screws,0.0053,0.0,0,5,manual
4,6727,4screws,0.8109,known,4screws,0.0048,0.0,0,5,manual
4,6728,4screws,0.7623,known,4screws,0.0045,0.0,0,5,manual
4,6729,4screws,0.7376,known,4screws,0.0041,0.0,0,5,manual
4,6730,4screws,0.566,known,4screws,0.0038,0.0,0,5,manual
4,6731,4screws,0.7388,known,4screws,0.0035,0.0,0,5,manual
4,6732,4screws,0.7111,known,4screws,0.0032,0.0,0,5,manual
4,6733,4screws,0.8084,known,4screws,0.0029,0.0,0,5,manual
4,6734,4screws,0.963,known,4screws,0.0027,0.0,0,5,manual
4,6735,4screws,0.8298,known,4screws,0.0025,0.0,0,5,manual
4,6736,4screws,0.6561,known,4screws,0.0023,0.0,0,5,manual
4,6737,4screws,0.8556,known,4screws,0.0021,0.0,0,5,manual
4,6738,4screws,0.9497,known,4screws,0.0019,0.0,0,5,manual
4,6739,4screws,0.9151,known,4screws,0.0018,0.0,0,5,manual
4,6740,4screws,1.012,unknown,,0.0816,0.01,0,5,manual
4,6741,4screws,0.7376,known,4screws,0.0751,0.0,0,5,manual
4,6742,4screws,0.9187,known,4screws,0.0691,0.0,0,5,manual
4,6743,4screws,0.566,known,4screws,0.0636,0.0,0,5,manual
4,6744,4screws,0.9497,known,4screws,0.0585,0.0,0,5,manual
4,6745,4screws,0.5882,known,4screws,0.0538,0.0,0,5,manual
4,6746,4screws,0.7388,known,4screws,0.0495,0.0,0,5,manual
4,6747,4screws,0.6561,known,4screws,0.0455,0.0,0,5,manual
4,6748,4screws,0.8071,known,4screws,0.0419,0.0,0,5,manual
4,6749,4screws,0.8127,known,4screws,0.0385,0.0,0,5,manual
4,6750,4screws,0.8525,known,4screws,0.0355,0.0,0,5,manual
4,6751,4screws,0.7778,known,4screws,0.0326,0.0,0,5,manual
4,6752,4screws,0.9425,known,4screws,0.03,0.0,0,5,manual
4,6753,4screws,0.8438,known,4screws,0.0276,0.0,0,5,manual
4,6754,4screws,0.867,known,4screws,0.0254,0.0,0,5,manual
4,6755,4screws,0.7504,known,4screws,0.0234,0.0,0,5,manual
4,6756,4screws,0.9962,known,4screws,0.0215,0.0,0,5,manual
4,6757,4screws,0.9276,known,4screws,0.0198,0.0,0,5,manual
4,6758,4screws,0.6619,known,4screws,0.0182,0.0,0,5,manual
4,6759,4screws,0.7495,known,4screws,0.0167,0.0,0,5,manual
4,6760,4screws,0.7499,known,4screws,0.0154,0.0,0,5,manual
4,6761,4screws,0.8553,known,4screws,0.0142,0.0,0,5,manual
4,6762,4screws,0.8148,known,4screws,0.013,0.0,0,5,manual
4,6763,4screws,0.9825,known,4screws,0.012,0.0,0,5,manual
4,6764,4screws,0.818,known,4screws,0.011,0.0,0,5,manual
4,6765,4screws,0.8084,known,4screws,0.0102,0.0,0,5,manual
4,6766,4screws,0.7633,known,4screws,0.0093,0.0,0,5,manual
4,6767,4screws,0.925,known,4screws,0.0086,0.0,0,5,manual
4,6768,4screws,0.8432,known,4screws,0.0079,0.0,0,5,manual
4,6769,4screws,0.8978,known,4screws,0.0073,0.0,0,5,manual
4,6770,4screws,0.7503,known,4screws,0.0067,0.0,0,5,manual
4,6771,4screws,0.7807,known,4screws,0.0062,0.0,0,5,manual
4,6772,4screws,0.8109,known,4screws,0.0057,0.0,0,5,manual
4,6773,4screws,0.8556,known,4screws,0.0052,0.0,0,5,manual
4,6774,4screws,0.6998,known,4screws,0.0048,0.0,0,5,manual
4,6775,4screws,0.8158,known,4screws,0.0044,0.0,0,5,manual
4,6776,4screws,0.7065,known,4screws,0.0041,0.0,0,5,manual
4,6777,4screws,0.8536,known,4screws,0.0037,0.0,0,5,manual
4,6778,4screws,0.7623,known,4screws,0.0034,0.0,0,5,manual
4,6779,4screws,0.6773,known,4screws,0.0032,0.0,0,5,manual
4,6780,4screws,0.6959,known,4screws,0.0029,0.0,0,5,manual
4,6781,4screws,0.8298,known,4screws,0.0027,0.0,0,5,manual
4,6782,4screws,0.7239,known,4screws,0.0025,0.0,0,5,manual
4,6783,4screws,0.6727,known,4screws,0.0023,0.0,0,5,manual
4,6784,4screws,0.7025,known,4screws,0.0021,0.0,0,5,manual
4,6785,4screws,0.963,known,4screws,0.0019,0.0,0,5,manual
4,6786,4screws,0.8706,known,4screws,0.0018,0.0,0,5,manual
4,6787,4screws,0.7039,known,4screws,0.0016,0.0,0,5,manual
4,6788,4screws,1.0013,unknown,,0.0815,0.0,0,5,manual
4,6789,4screws,0.9,known,4screws,0.075,0.0,0,5,manual
4,6790,4screws,0.7779,known,4screws,0.069,0.0,0,5,manual
4,6791,4screws,0.8558,known,4screws,0.0635,0.0,0,5,manual
4,6792,4screws,0.7111,known,4screws,0.0584,0.0,0,5,manual
4,6793,4screws,0.957,known,4screws,0.0537,0.0,0,5,manual
4,6794,4screws,0.8472,known,4screws,0.0494,0.0,0,5,manual
4,6795,4screws,0.6477,known,4screws,0.0455,0.0,0,5,manual
4,6796,4screws,0.74,known,4screws,0.0418,0.0,0,5,manual
4,6797,4screws,0.74,known,4screws,0.0385,0.0,0,5,manual
4,6798,4screws,0.7499,known,4screws,0.0354,0.0,0,5,manual
4,6799,4screws,0.8978,known,4screws,0.0326,0.0,0,5,manual
4,6800,4screws,1.0013,unknown,,0.11,0.0,0,5,manual
4,6801,4screws,0.9962,known,4screws,0.1012,0.0,0,5,manual
4,6802,4screws,0.6477,known,4screws,0.0931,0.0,0,5,manual
4,6803,4screws,0.8558,known,4screws,0.0856,0.0,0,5,manual
4,6804,4screws,0.9825,known,4screws,0.0788,0.0,0,5,manual
4,6805,4screws,0.8553,known,4screws,0.0725,0.0,0,5,manual
4,6806,4screws,0.5882,known,4screws,0.0667,0.0,0,5,manual
4,6807,4screws,0.8071,known,4screws,0.0613,0.0,0,5,manual
4,6808,4screws,0.8084,known,4screws,0.0564,0.0,0,5,manual
4,6809,4screws,0.7239,known,4screws,0.0519,0.0,0,5,manual
4,6810,4screws,0.8432,known,4screws,0.0478,0.0,0,5,manual
4,6811,4screws,0.8472,known,4screws,0.0439,0.0,0,5,manual
4,6812,4screws,0.8109,known,4screws,0.0404,0.0,0,5,manual
4,6813,4screws,0.8556,known,4screws,0.0372,0.0,0,5,manual
4,6814,4screws,1.012,unknown,,0.1142,0.01,0,5,manual
4,6815,4screws,0.925,known,4screws,0.1051,0.0,0,5,manual
4,6816,4screws,0.9151,known,4screws,0.0967,0.0,0,5,manual
4,6817,4screws,0.963,known,4screws,0.0889,0.0,0,5,manual
4,6818,4screws,0.7025,known,4screws,0.0818,0.0,0,5,manual
4,6819,4screws,0.7388,known,4screws,0.0753,0.0,0,5,manual
4,6820,4screws,0.566,known,4screws,0.0693,0.0,0,5,manual
4,6821,4screws,0.8127,known,4screws,0.0637,0.0,0,5,manual
4,6822,4screws,0.8536,known,4screws,0.0586,0.0,0,5,manual
4,6823,4screws,0.7779,known,4screws,0.0539,0.0,0,5,manual
4,6824,4screws,0.6619,known,4screws,0.0496,0.0,0,5,manual
4,6825,4screws,0.867,known,4screws,0.0456,0.0,0,5,manual
4,6826,4screws,0.957,known,4screws,0.042,0.0,0,5,manual
4,6827,4screws,0.8158,known,4screws,0.0386,0.0,0,5,manual
4,6828,4screws,0.7503,known,4screws,0.0355,0.0,0,5,manual
4,6829,4screws,0.9187,known,4screws,0.0327,0.0,0,5,manual
4,6830,4screws,0.7376,known,4screws,0.0301,0.0,0,5,manual
4,6831,4screws,0.6998,known,4screws,0.0277,0.0,0,5,manual
4,6832,4screws,0.7039,known,4screws,0.0255,0.0,0,5,manual
4,6833,4screws,0.6959,known,4screws,0.0234,0.0,0,5,manual
4,6834,4screws,0.9497,known,4screws,0.0216,0.0,0,5,manual
4,6835,4screws,0.8525,known,4screws,0.0198,0.0,0,5,manual
4,6836,4screws,0.7111,known,4screws,0.0182,0.0,0,5,manual
4,6837,4screws,0.7504,known,4screws,0.0168,0.0,0,5,manual
4,6838,4screws,0.6773,known,4screws,0.0154,0.0,0,5,manual
4,6839,4screws,0.8438,known,4screws,0.0142,0.0,0,5,manual
4,6840,4screws,0.7778,known,4screws,0.0131,0.0,0,5,manual
4,6841,4screws,0.6727,known,4screws,0.012,0.0,0,5,manual
4,6842,4screws,0.6561,known,4screws,0.0111,0.0,0,5,manual
4,6843,4screws,0.9276,known,4screws,0.0102,0.0,0,5,manual
4,6844,4screws,0.8706,known,4screws,0.0094,0.0,0,5,manual
4,6845,4screws,0.8148,known,4screws,0.0086,0.0,0,5,manual
4,6846,4screws,0.9425,known,4screws,0.0079,0.0,0,5,manual
4,6847,4screws,0.7495,known,4screws,0.0073,0.0,0,5,manual
4,6848,4screws,0.7065,known,4screws,0.0067,0.0,0,5,manual
4,6849,4screws,0.818,known,4screws,0.0062,0.0,0,5,manual
4,6850,4screws,0.7807,known,4screws,0.0057,0.0,0,5,manual
4,6851,4screws,0.7633,known,4screws,0.0052,0.0,0,5,manual
4,6852,4screws,0.7623,known,4screws,0.0048,0.0,0,5,manual
4,6853,4screws,0.9,known,4screws,0.0044,0.0,0,5,manual
4,6854,4screws,0.8298,known,4screws,0.0041,0.0,0,5,manual
4,6855,4screws,0.6561,known,4screws,0.0037,0.0,0,5,manual
4,6856,4screws,0.9276,known,4screws,0.0034,0.0,0,5,manual
4,6857,4screws,0.7778,known,4screws,0.0032,0.0,0,5,manual
4,6858,4screws,0.9497,known,4screws,0.0029,0.0,0,5,manual
4,6859,4screws,0.9187,known,4screws,0.0027,0.0,0,5,manual
4,6860,4screws,0.8558,known,4screws,0.0025,0.0,0,5,manual
4,6861,4screws,0.7065,known,4screws,0.0023,0.0,0,5,manual
4,6862,4screws,0.9962,known,4screws,0.0021,0.0,0,5,manual
4,6863,4screws,0.6477,known,4screws,0.0019,0.0,0,5,manual
4,6864,4screws,0.8148,known,4screws,0.0018,0.0,0,5,manual
4,6865,4screws,0.5882,known,4screws,0.0016,0.0,0,5,manual
4,6866,4screws,0.8071,known,4screws,0.0015,0.0,0,5,manual
4,6867,4screws,0.9825,known,4screws,0.0014,0.0,0,5,manual
4,6868,4screws,0.9,known,4screws,0.0013,0.0,0,5,manual
4,6869,4screws,0.8978,known,4screws,0.0012,0.0,0,5,manual
4,6870,4screws,0.957,known,4screws,0.0011,0.0,0,5,manual
4,6871,4screws,0.925,known,4screws,0.001,0.0,0,5,manual
4,6872,4screws,0.9151,known,4screws,0.0009,0.0,0,5,manual
4,6873,4screws,0.818,known,4screws,0.0008,0.0,0,5,manual
4,6874,4screws,0.6619,known,4screws,0.0008,0.0,0,5,manual
4,6875,4screws,0.8127,known,4screws,0.0007,0.0,0,5,manual
4,6876,4screws,0.7503,known,4screws,0.0006,0.0,0,5,manual
4,6877,4screws,0.8536,known,4screws,0.0006,0.0,0,5,manual
4,6878,4screws,0.9425,known,4screws,0.0005,0.0,0,5,manual
4,6879,4screws,0.7807,known,4screws,0.0005,0.0,0,5,manual
4,6880,4screws,1.012,unknown,,0.0805,0.01,0,5,manual
4,6881,4screws,0.7495,known,4screws,0.074,0.0,0,5,manual
4,6882,4screws,0.8472,known,4screws,0.0681,0.0,0,5,manual
4,6883,4screws,0.7376,known,4screws,0.0627,0.0,0,5,manual
4,6884,4screws,0.7499,known,4screws,0.0576,0.0,0,5,manual
4,6885,4screws,0.74,known,4screws,0.053,0.0,0,5,manual
4,6886,4screws,0.7779,known,4screws,0.0488,0.0,0,5,manual
4,6887,4screws,0.8706,known,4screws,0.0449,0.0,0,5,manual
4,6888,4screws,0.6773,known,4screws,0.0413,0.0,0,5,manual
4,6889,4screws,0.6998,known,4screws,0.038,0.0,0,5,manual
4,6890,4screws,0.7239,known,4screws,0.035,0.0,0,5,manual
4,6891,4screws,0.8432,known,4screws,0.0322,0.0,0,5,manual
4,6892,4screws,0.8525,known,4screws,0.0296,0.0,0,5,manual
4,6893,4screws,0.8158,known,4screws,0.0272,0.0,0,5,manual
4,6894,4screws,0.7111,known,4screws,0.025,0.0,0,5,manual
4,6895,4screws,0.7623,known,4screws,0.023,0.0,0,5,manual
4,6896,4screws,0.8553,known,4screws,0.0212,0.0,0,5,manual
4,6897,4screws,0.6959,known,4screws,0.0195,0.0,0,5,manual
4,6898,4screws,0.8084,known,4screws,0.0179,0.0,0,5,manual
4,6899,4screws,0.566,known,4screws,0.0165,0.0,0,5,manual
4,6900,4screws,0.8438,known,4screws,0.0152,0.0,0,5,manual
4,6901,4screws,1.0013,unknown,,0.094,0.0,0,5,manual
4,6902,4screws,0.867,known,4screws,0.0865,0.0,0,5,manual
4,6903,4screws,0.8556,known,4screws,0.0795,0.0,0,5,manual
4,6904,4screws,0.7025,known,4screws,0.0732,0.0,0,5,manual
4,6905,4screws,0.8298,known,4screws,0.0673,0.0,0,5,manual
4,6906,4screws,0.7388,known,4screws,0.0619,0.0,0,5,manual
4,6907,4screws,0.963,known,4screws,0.057,0.0,0,5,manual
4,6908,4screws,0.6727,known,4screws,0.0524,0.0,0,5,manual
4,6909,4screws,0.8109,known,4screws,0.0482,0.0,0,5,manual
4,6910,4screws,0.7633,known,4screws,0.0444,0.0,0,5,manual
4,6911,4screws,0.7504,known,4screws,0.0408,0.0,0,5,manual
4,6912,4screws,0.7039,known,4screws,0.0376,0.0,0,5,manual
4,6913,4screws,0.957,known,4screws,0.0345,0.0,0,5,manual
4,6914,4screws,0.8432,known,4screws,0.0318,0.0,0,5,manual
4,6915,4screws,0.867,known,4screws,0.0292,0.0,0,5,manual
4,6916,4screws,1.0013,unknown,,0.1069,0.0,0,5,manual
4,6917,4screws,0.566,known,4screws,0.0984,0.0,0,5,manual
4,6918,4screws,0.7039,known,4screws,0.0905,0.0,0,5,manual
4,6919,4screws,0.7376,known,4screws,0.0832,0.0,0,5,manual
4,6920,4screws,0.8127,known,4screws,0.0766,0.0,0,5,manual
4,6921,4screws,0.7239,known,4screws,0.0705,0.0,0,5,manual
4,6922,4screws,0.6477,known,4screws,0.0648,0.0,0,5,manual
4,6923,4screws,0.9425,known,4screws,0.0596,0.0,0,5,manual
4,6924,4screws,0.6959,known,4screws,0.0549,0.0,0,5,manual
4,6925,4screws,0.8084,known,4screws,0.0505,0.0,0,5,manual
4,6926,4screws,0.8536,known,4screws,0.0464,0.0,0,5,manual
4,6927,4screws,0.818,known,4screws,0.0427,0.0,0,5,manual
4,6928,4screws,0.8158,known,4screws,0.0393,0.0,0,5,manual
4,6929,4screws,0.9187,known,4screws,0.0362,0.0,0,5,manual
4,6930,4screws,0.5882,known,4screws,0.0333,0.0,0,5,manual
4,6931,4screws,0.8525,known,4screws,0.0306,0.0,0,5,manual
4,6932,4screws,0.7504,known,4screws,0.0282,0.0,0,5,manual
4,6933,4screws,0.7503,known,4screws,0.0259,0.0,0,5,manual
4,6934,4screws,0.7388,known,4screws,0.0238,0.0,0,5,manual
4,6935,4screws,0.6727,known,4screws,0.0219,0.0,0,5,manual
4,6936,4screws,0.7807,known,4screws,0.0202,0.0,0,5,manual
4,6937,4screws,0.7065,known,4screws,0.0186,0.0,0,5,manual
4,6938,4screws,0.7025,known,4screws,0.0171,0.0,0,5,manual
4,6939,4screws,0.7779,known,4screws,0.0157,0.0,0,5,manual
4,6940,4screws,0.7495,known,4screws,0.0145,0.0,0,5,manual
4,6941,4screws,0.8109,known,4screws,0.0133,0.0,0,5,manual
4,6942,4screws,0.925,known,4screws,0.0122,0.0,0,5,manual
4,6943,4screws,0.7111,known,4screws,0.0113,0.0,0,5,manual
4,6944,4screws,0.8148,known,4screws,0.0104,0.0,0,5,manual
4,6945,4screws,0.7778,known,4screws,0.0095,0.0,0,5,manual
4,6946,4screws,0.6561,known,4screws,0.0088,0.0,0,5,manual
4,6947,4screws,0.8438,known,4screws,0.0081,0.0,0,5,manual
4,6948,4screws,0.9825,known,4screws,0.0074,0.0,0,5,manual
4,6949,4screws,0.8553,known,4screws,0.0068,0.0,0,5,manual
4,6950,4screws,0.7633,known,4screws,0.0063,0.0,0,5,manual
4,6951,4screws,0.6998,known,4screws,0.0058,0.0,0,5,manual
4,6952,4screws,0.8706,known,4screws,0.0053,0.0,0,5,manual
4,6953,4screws,0.8978,known,4screws,0.0049,0.0,0,5,manual
4,6954,4screws,0.9,known,4screws,0.0045,0.0,0,5,manual
4,6955,4screws,0.7499,known,4screws,0.0041,0.0,0,5,manual
4,6956,4screws,0.963,known,4screws,0.0038,0.0,0,5,manual
4,6957,4screws,0.9276,known,4screws,0.0035,0.0,0,5,manual
4,6958,4screws,0.9497,known,4screws,0.0032,0.0,0,5,manual
4,6959,4screws,0.9151,known,4screws,0.003,0.0,0,5,manual
4,6960,4screws,0.8071,known,4screws,0.0027,0.0,0,5,manual
4,6961,4screws,1.012,unknown,,0.0825,0.01,0,5,manual
4,6962,4screws,0.6619,known,4screws,0.0759,0.0,0,5,manual
4,6963,4screws,0.8298,known,4screws,0.0698,0.0,0,5,manual
4,6964,4screws,0.7623,known,4screws,0.0642,0.0,0,5,manual
4,6965,4screws,0.8472,known,4screws,0.0591,0.0,0,5,manual
4,6966,4screws,0.6773,known,4screws,0.0544,0.0,0,5,manual
4,6967,4screws,0.8556,known,4screws,0.05,0.0,0,5,manual
4,6968,4screws,0.8558,known,4screws,0.046,0.0,0,5,manual
4,6969,4screws,0.9962,known,4screws,0.0423,0.0,0,5,manual
4,6970,4screws,0.74,known,4screws,0.039,0.0,0,5,manual
4,6971,4screws,0.7376,known,4screws,0.0358,0.0,0,5,manual
4,6972,4screws,0.6959,known,4screws,0.033,0.0,0,5,manual
4,6973,4screws,0.7633,known,4screws,0.0303,0.0,0,5,manual
4,6974,4screws,0.9497,known,4screws,0.0279,0.0,0,5,manual
4,6975,4screws,0.8536,known,4screws,0.0257,0.0,0,5,manual
4,6976,4screws,0.7779,known,4screws,0.0236,0.0,0,5,manual
4,6977,4screws,0.8472,known,4screws,0.0217,0.0,0,5,manual
4,6978,4screws,0.9187,known,4screws,0.02,0.0,0,5,manual
4,6979,4screws,0.8706,known,4screws,0.0184,0.0,0,5,manual
4,6980,4screws,0.7503,known,4screws,0.0169,0.0,0,5,manual
4,6981,4screws,0.6773,known,4screws,0.0156,0.0,0,5,manual
4,6982,4screws,0.7495,known,4screws,0.0143,0.0,0,5,manual
4,6983,4screws,0.957,known,4screws,0.0132,0.0,0,5,manual
4,6984,4screws,0.7065,known,4screws,0.0121,0.0,0,5,manual
4,6985,4screws,0.8556,known,4screws,0.0112,0.0,0,5,manual
4,6986,4screws,0.7111,known,4screws,0.0103,0.0,0,5,manual
4,6987,4screws,0.8558,known,4screws,0.0094,0.0,0,5,manual
4,6988,4screws,0.8298,known,4screws,0.0087,0.0,0,5,manual
4,6989,4screws,0.7778,known,4screws,0.008,0.0,0,5,manual
4,6990,4screws,0.867,known,4screws,0.0074,0.0,0,5,manual
4,6991,4screws,0.74,known,4screws,0.0068,0.0,0,5,manual
4,6992,4screws,0.8148,known,4screws,0.0062,0.0,0,5,manual
4,6993,4screws,0.6998,known,4screws,0.0057,0.0,0,5,manual
4,6994,4screws,0.7807,known,4screws,0.0053,0.0,0,5,manual
4,6995,4screws,0.7388,known,4screws,0.0048,0.0,0,5,manual
4,6996,4screws,0.8084,known,4screws,0.0045,0.0,0,5,manual
4,6997,4screws,0.8127,known,4screws,0.0041,0.0,0,5,manual
4,6998,4screws,0.5882,known,4screws,0.0038,0.0,0,5,manual
4,6999,4screws,0.8525,known,4screws,0.0035,0.0,0,5,manual
4,7000,4screws,0.9962,known,4screws,0.0032,0.0,0,5,manual
4,7001,4screws,0.566,known,4screws,0.0029,0.0,0,5,manual
4,7002,4screws,0.7623,known,4screws,0.0027,0.0,0,5,manual
4,7003,4screws,0.7039,known,4screws,0.0025,0.0,0,5,manual
4,7004,4screws,0.8553,known,4screws,0.0023,0.0,0,5,manual
4,7005,4screws,0.963,known,4screws,0.0021,0.0,0,5,manual
4,7006,4screws,0.8071,known,4screws,0.0019,0.0,0,5,manual
4,7007,4screws,0.9276,known,4screws,0.0018,0.0,0,5,manual
4,7008,4screws,0.7239,known,4screws,0.0016,0.0,0,5,manual
4,7009,4screws,0.7499,known,4screws,0.0015,0.0,0,5,manual
4,7010,4screws,0.6727,known,4screws,0.0014,0.0,0,5,manual
4,7011,4screws,0.7025,known,4screws,0.0013,0.0,0,5,manual
4,7012,4screws,0.818,known,4screws,0.0012,0.0,0,5,manual
4,7013,4screws,0.8109,known,4screws,0.0011,0.0,0,5,manual
4,7014,4screws,0.7504,known,4screws,0.001,0.0,0,5,manual
4,7015,4screws,0.9151,known,4screws,0.0009,0.0,0,5,manual
4,7016,4screws,1.012,unknown,,0.0808,0.01,0,5,manual
4,7017,4screws,0.8978,known,4screws,0.0744,0.0,0,5,manual
4,7018,4screws,0.8158,known,4screws,0.0684,0.0,0,5,manual
4,7019,4screws,1.0013,unknown,,0.1429,0.0,0,5,manual
4,7020,4screws,0.6561,known,4screws,0.1315,0.0,0,5,manual
4,7021,4screws,0.6477,known,4screws,0.121,0.0,0,5,manual
4,7022,4screws,0.8432,known,4screws,0.1113,0.0,0,5,manual
4,7023,4screws,0.6619,known,4screws,0.1024,0.0,0,5,manual
4,7024,4screws,0.925,known,4screws,0.0942,0.0,0,5,manual
4,7025,4screws,0.8438,known,4screws,0.0867,0.0,0,5,manual
4,7026,4screws,0.9825,known,4screws,0.0797,0.0,0,5,manual
4,7027,4screws,0.9,known,4screws,0.0734,0.0,0,5,manual
4,7028,4screws,0.9425,known,4screws,0.0675,0.0,0,5,manual
4,7029,4screws,0.9425,known,4screws,0.0621,0.0,0,5,manual
4,7030,4screws,0.6998,known,4screws,0.0571,0.0,0,5,manual
4,7031,4screws,0.963,known,4screws,0.0526,0.0,0,5,manual
4,7032,4screws,0.5882,known,4screws,0.0484,0.0,0,5,manual
4,7033,4screws,0.7111,known,4screws,0.0445,0.0,0,5,manual
4,7034,4screws,0.7039,known,4screws,0.0409,0.0,0,5,manual
4,7035,4screws,0.8109,known,4screws,0.0377,0.0,0,5,manual
4,7036,4screws,0.8148,known,4screws,0.0346,0.0,0,5,manual
4,7037,4screws,1.012,unknown,,0.1119,0.01,0,5,manual
4,7038,4screws,0.9962,known,4screws,0.1029,0.01,0,5,manual
4,7039,4screws,0.7807,known,4screws,0.0947,0.0,0,5,manual
4,7040,4screws,0.7376,known,4screws,0.0871,0.0,0,5,manual
4,7041,4screws,0.7779,known,4screws,0.0801,0.0,0,5,manual
4,7042,4screws,0.8432,known,4screws,0.0737,0.0,0,5,manual
4,7043,4screws,0.867,known,4screws,0.0678,0.0,0,5,manual
4,7044,4screws,0.7503,known,4screws,0.0624,0.0,0,5,manual
4,7045,4screws,0.7239,known,4screws,0.0574,0.0,0,5,manual
4,7046,4screws,0.7025,known,4screws,0.0528,0.0,0,5,manual
4,7047,4screws,0.7623,known,4screws,0.0486,0.0,0,5,manual
4,7048,4screws,0.6477,known,4screws,0.0447,0.0,0,5,manual
4,7049,4screws,0.9825,known,4screws,0.0411,0.0,0,5,manual
4,7050,4screws,0.9497,known,4screws,0.0378,0.0,0,5,manual
4,7051,4screws,0.7495,known,4screws,0.0348,0.0,0,5,manual
4,7052,4screws,0.7388,known,4screws,0.032,0.0,0,5,manual
4,7053,4screws,0.8558,known,4screws,0.0295,0.0,0,5,manual
4,7054,4screws,0.8553,known,4screws,0.0271,0.0,0,5,manual
4,7055,4screws,0.8536,known,4screws,0.0249,0.0,0,5,manual
4,7056,4screws,0.8472,known,4screws,0.0229,0.0,0,5,manual
4,7057,4screws,0.9187,known,4screws,0.0211,0.0,0,5,manual
4,7058,4screws,0.7504,known,4screws,0.0194,0.0,0,5,manual
4,7059,4screws,0.8978,known,4screws,0.0179,0.0,0,5,manual
4,7060,4screws,0.7778,known,4screws,0.0164,0.0,0,5,manual
4,7061,4screws,0.7633,known,4screws,0.0151,0.0,0,5,manual
4,7062,4screws,0.8298,known,4screws,0.0139,0.0,0,5,manual
4,7063,4screws,0.8706,known,4screws,0.0128,0.0,0,5,manual
4,7064,4screws,0.7499,known,4screws,0.0118,0.0,0,5,manual
4,7065,4screws,0.6619,known,4screws,0.0108,0.0,0,5,manual
4,7066,4screws,0.8438,known,4screws,0.01,0.0,0,5,manual
4,7067,4screws,0.566,known,4screws,0.0092,0.0,0,5,manual
4,7068,4screws,0.9,known,4screws,0.0084,0.0,0,5,manual
4,7069,4screws,0.8084,known,4screws,0.0078,0.0,0,5,manual
4,7070,4screws,0.9151,known,4screws,0.0071,0.0,0,5,manual
4,7071,4screws,0.8556,known,4screws,0.0066,0.0,0,5,manual
4,7072,4screws,1.0013,unknown,,0.086,0.0,0,5,manual
4,7073,4screws,0.8525,known,4screws,0.0792,0.0,0,5,manual
4,7074,4screws,0.9276,known,4screws,0.0728,0.0,0,5,manual
4,7075,4screws,0.74,known,4screws,0.067,0.0,0,5,manual
4,7076,4screws,0.6727,known,4screws,0.0616,0.0,0,5,manual
4,7077,4screws,0.6561,known,4screws,0.0567,0.0,0,5,manual
4,7078,4screws,0.6773,known,4screws,0.0522,0.0,0,5,manual
4,7079,4screws,0.8071,known,4screws,0.048,0.0,0,5,manual
4,7080,4screws,0.6959,known,4screws,0.0442,0.0,0,5,manual
4,7081,4screws,0.957,known,4screws,0.0406,0.0,0,5,manual
4,7082,4screws,0.8158,known,4screws,0.0374,0.0,0,5,manual
4,7083,4screws,0.818,known,4screws,0.0344,0.0,0,5,manual
4,7084,4screws,0.7065,known,4screws,0.0316,0.0,0,5,manual
4,7085,4screws,0.8127,known,4screws,0.0291,0.0,0,5,manual
4,7086,4screws,0.925,known,4screws,0.0268,0.0,0,5,manual
4,7087,4screws,0.818,known,4screws,0.0246,0.0,0,5,manual
4,7088,4screws,0.7039,known,4screws,0.0227,0.0,0,5,manual
4,7089,4screws,0.8084,known,4screws,0.0209,0.0,0,5,manual
4,7090,4screws,0.8148,known,4screws,0.0192,0.0,0,5,manual
4,7091,4screws,0.7503,known,4screws,0.0176,0.0,0,5,manual
4,7092,4screws,0.8109,known,4screws,0.0162,0.0,0,5,manual
4,7093,4screws,0.7499,known,4screws,0.0149,0.0,0,5,manual
4,7094,4screws,0.9425,known,4screws,0.0137,0.0,0,5,manual
4,7095,4screws,0.9825,known,4screws,0.0126,0.0,0,5,manual
4,7096,4screws,0.957,known,4screws,0.0116,0.0,0,5,manual
4,7097,4screws,0.925,known,4screws,0.0107,0.0,0,5,manual
4,7098,4screws,0.6561,known,4screws,0.0098,0.0,0,5,manual
4,7099,4screws,0.7495,known,4screws,0.0091,0.0,0,5,manual
4,7100,4screws,0.9187,known,4screws,0.0083,0.0,0,5,manual
4,7101,4screws,0.8071,known,4screws,0.0077,0.0,0,5,manual
4,7102,4screws,0.8536,known,4screws,0.0071,0.0,0,5,manual
4,7103,4screws,0.7779,known,4screws,0.0065,0.0,0,5,manual
4,7104,4screws,0.963,known,4screws,0.006,0.0,0,5,manual
4,7105,4screws,0.8978,known,4screws,0.0055,0.0,0,5,manual
4,7106,4screws,0.8127,known,4screws,0.0051,0.0,0,5,manual
4,7107,4screws,0.566,known,4screws,0.0046,0.0,0,5,manual
4,7108,4screws,0.6773,known,4screws,0.0043,0.0,0,5,manual
4,7109,4screws,0.7065,known,4screws,0.0039,0.0,0,5,manual
4,7110,4screws,1.012,unknown,,0.0836,0.01,0,5,manual
4,7111,4screws,0.7504,known,4screws,0.0769,0.0,0,5,manual
4,7112,4screws,0.7778,known,4screws,0.0708,0.0,0,5,manual
4,7113,4screws,0.74,known,4screws,0.0651,0.0,0,5,manual
4,7114,4screws,0.9497,known,4screws,0.0599,0.0,0,5,manual
4,7115,4screws,0.867,known,4screws,0.0551,0.0,0,5,manual
4,7116,4screws,0.6477,known,4screws,0.0507,0.0,0,5,manual
4,7117,4screws,0.6727,known,4screws,0.0466,0.0,0,5,manual
4,7118,4screws,0.9151,known,4screws,0.0429,0.0,0,5,manual
4,7119,4screws,0.7111,known,4screws,0.0395,0.0,0,5,manual
4,7120,4screws,0.8438,known,4screws,0.0363,0.0,0,5,manual
4,7121,4screws,0.8158,known,4screws,0.0334,0.0,0,5,manual
4,7122,4screws,0.6998,known,4screws,0.0307,0.0,0,5,manual
4,7123,4screws,0.7633,known,4screws,0.0283,0.0,0,5,manual
4,7124,4screws,0.8558,known,4screws,0.026,0.0,0,5,manual
4,7125,4screws,0.9962,known,4screws,0.0239,0.0,0,5,manual
4,7126,4screws,0.9,known,4screws,0.022,0.0,0,5,manual
4,7127,4screws,0.7388,known,4screws,0.0203,0.0,0,5,manual
4,7128,4screws,0.7623,known,4screws,0.0186,0.0,0,5,manual
4,7129,4screws,0.8706,known,4screws,0.0172,0.0,0,5,manual
4,7130,4screws,0.8553,known,4screws,0.0158,0.0,0,5,manual
4,7131,4screws,1.0013,unknown,,0.0945,0.0,0,5,manual
4,7132,4screws,0.6959,known,4screws,0.087,0.0,0,5,manual
4,7133,4screws,0.9276,known,4screws,0.08,0.0,0,5,manual
4,7134,4screws,0.8525,known,4screws,0.0736,0.0,0,5,manual
4,7135,4screws,0.7376,known,4screws,0.0677,0.0,0,5,manual
4,7136,4screws,0.8298,known,4screws,0.0623,0.0,0,5,manual
4,7137,4screws,0.8432,known,4screws,0.0573,0.0,0,5,manual
4,7138,4screws,0.6619,known,4screws,0.0527,0.0,0,5,manual
4,7139,4screws,0.8556,known,4screws,0.0485,0.0,0,5,manual
4,7140,4screws,0.7239,known,4screws,0.0446,0.0,0,5,manual
4,7141,4screws,0.8472,known,4screws,0.0411,0.0,0,5,manual
4,7142,4screws,0.5882,known,4screws,0.0378,0.0,0,5,manual
4,7143,4screws,0.7025,known,4screws,0.0348,0.0,0,5,manual
4,7144,4screws,0.7807,known,4screws,0.032,0.0,0,5,manual
4,7145,4screws,0.925,known,4screws,0.0294,0.0,0,5,manual
4,7146,4screws,0.7778,known,4screws,0.0271,0.0,0,5,manual
4,7147,4screws,1.0013,unknown,,0.1049,0.0,0,5,manual
4,7148,4screws,0.6619,known,4screws,0.0965,0.0,0,5,manual
4,7149,4screws,0.7623,known,4screws,0.0888,0.0,0,5,manual
4,7150,4screws,0.7633,known,4screws,0.0817,0.0,0,5,manual
4,7151,4screws,0.6561,known,4screws,0.0751,0.0,0,5,manual
4,7152,4screws,0.8536,known,4screws,0.0691,0.0,0,5,manual
4,7153,4screws,0.8109,known,4screws,0.0636,0.0,0,5,manual
4,7154,4screws,0.8298,known,4screws,0.0585,0.0,0,5,manual
4,7155,4screws,0.6773,known,4screws,0.0538,0.0,0,5,manual
4,7156,4screws,0.8071,known,4screws,0.0495,0.0,0,5,manual
4,7157,4screws,0.7065,known,4screws,0.0456,0.0,0,5,manual
4,7158,4screws,0.7388,known,4screws,0.0419,0.0,0,5,manual
4,7159,4screws,0.8432,known,4screws,0.0386,0.0,0,5,manual
4,7160,4screws,0.7495,known,4screws,0.0355,0.0,0,5,manual
4,7161,4screws,0.9825,known,4screws,0.0326,0.0,0,5,manual
4,7162,4screws,0.7039,known,4screws,0.03,0.0,0,5,manual
4,7163,4screws,0.7499,known,4screws,0.0276,0.0,0,5,manual
4,7164,4screws,0.9,known,4screws,0.0254,0.0,0,5,manual
4,7165,4screws,0.7779,known,4screws,0.0234,0.0,0,5,manual
4,7166,4screws,0.6477,known,4screws,0.0215,0.0,0,5,manual
4,7167,4screws,0.9151,known,4screws,0.0198,0.0,0,5,manual
4,7168,4screws,0.8158,known,4screws,0.0182,0.0,0,5,manual
4,7169,4screws,0.8556,known,4screws,0.0168,0.0,0,5,manual
4,7170,4screws,0.818,known,4screws,0.0154,0.0,0,5,manual
4,7171,4screws,0.8553,known,4screws,0.0142,0.0,0,5,manual
4,7172,4screws,0.7025,known,4screws,0.013,0.0,0,5,manual
4,7173,4screws,0.9962,known,4screws,0.012,0.0,0,5,manual
4,7174,4screws,0.9425,known,4screws,0.011,0.0,0,5,manual
4,7175,4screws,0.7111,known,4screws,0.0102,0.0,0,5,manual
4,7176,4screws,1.012,unknown,,0.0893,0.01,0,5,manual
4,7177,4screws,0.74,known,4screws,0.0822,0.0,0,5,manual
4,7178,4screws,0.867,known,4screws,0.0756,0.0,0,5,manual
4,7179,4screws,0.6998,known,4screws,0.0696,0.0,0,5,manual
4,7180,4screws,0.8472,known,4screws,0.064,0.0,0,5,manual
4,7181,4screws,0.566,known,4screws,0.0589,0.0,0,5,manual
4,7182,4screws,0.6727,known,4screws,0.0542,0.0,0,5,manual
4,7183,4screws,0.8525,known,4screws,0.0498,0.0,0,5,manual
4,7184,4screws,0.8978,known,4screws,0.0459,0.0,0,5,manual
4,7185,4screws,0.8438,known,4screws,0.0422,0.0,0,5,manual
4,7186,4screws,0.5882,known,4screws,0.0388,0.0,0,5,manual
4,7187,4screws,0.7504,known,4screws,0.0357,0.0,0,5,manual
4,7188,4screws,0.8558,known,4screws,0.0328,0.0,0,5,manual
4,7189,4screws,0.7376,known,4screws,0.0302,0.0,0,5,manual
4,7190,4screws,0.9497,known,4screws,0.0278,0.0,0,5,manual
4,7191,4screws,0.9187,known,4screws,0.0256,0.0,0,5,manual
4,7192,4screws,0.8706,known,4screws,0.0235,0.0,0,5,manual
4,7193,4screws,0.7239,known,4screws,0.0217,0.0,0,5,manual
4,7194,4screws,0.9276,known,4screws,0.0199,0.0,0,5,manual
4,7195,4screws,0.8127,known,4screws,0.0183,0.0,0,5,manual
4,7196,4screws,0.963,known,4screws,0.0169,0.0,0,5,manual
4,7197,4screws,0.7807,known,4screws,0.0155,0.0,0,5,manual
4,7198,4screws,0.8148,known,4screws,0.0143,0.0,0,5,manual
4,7199,4screws,0.6959,known,4screws,0.0131,0.0,0,5,manual
4,7200,4screws,0.957,known,4screws,0.0121,0.0,0,5,manual
4,7201,4screws,0.8084,known,4screws,0.0111,0.0,0,5,manual
4,7202,4screws,0.7503,known,4screws,0.0102,0.0,0,5,manual
4,7203,4screws,0.8071,known,4screws,0.0094,0.0,0,5,manual
4,7204,4screws,0.9425,known,4screws,0.0087,0.0,0,5,manual
4,7205,4screws,0.5882,known,4screws,0.008,0.0,0,5,manual
4,7206,4screws,0.8525,known,4screws,0.0073,0.0,0,5,manual
4,7207,4screws,0.7376,known,4screws,0.0067,0.0,0,5,manual
4,7208,4screws,0.8432,known,4screws,0.0062,0.0,0,5,manual
4,7209,4screws,0.8438,known,4screws,0.0057,0.0,0,5,manual
4,7210,4screws,0.7807,known,4screws,0.0052,0.0,0,5,manual
4,7211,4screws,0.9825,known,4screws,0.0048,0.0,0,5,manual
4,7212,4screws,0.7065,known,4screws,0.0044,0.0,0,5,manual
4,7213,4screws,0.7025,known,4screws,0.0041,0.0,0,5,manual
4,7214,4screws,0.6619,known,4screws,0.0038,0.0,0,5,manual
4,7215,4screws,0.8109,known,4screws,0.0035,0.0,0,5,manual
4,7216,4screws,0.74,known,4screws,0.0032,0.0,0,5,manual
4,7217,4screws,0.6561,known,4screws,0.0029,0.0,0,5,manual
4,7218,4screws,0.9962,known,4screws,0.0027,0.0,0,5,manual
4,7219,4screws,0.8706,known,4screws,0.0025,0.0,0,5,manual
4,7220,4screws,0.8978,known,4screws,0.0023,0.0,0,5,manual
4,7221,4screws,0.7039,known,4screws,0.0021,0.0,0,5,manual
4,7222,4screws,0.6477,known,4screws,0.0019,0.0,0,5,manual
4,7223,4screws,0.8298,known,4screws,0.0018,0.0,0,5,manual
4,7224,4screws,0.818,known,4screws,0.0016,0.0,0,5,manual
4,7225,4screws,1.0013,unknown,,0.0815,0.0,0,5,manual
4,7226,4screws,1.012,unknown,,0.155,0.01,0,5,manual
4,7227,4screws,0.6727,known,4screws,0.1426,0.0,0,5,manual
4,7228,4screws,0.8127,known,4screws,0.1312,0.0,0,5,manual
4,7229,4screws,0.8148,known,4screws,0.1207,0.0,0,5,manual
4,7230,4screws,0.7623,known,4screws,0.111,0.0,0,5,manual
4,7231,4screws,0.925,known,4screws,0.1021,0.0,0,5,manual
4,7232,4screws,0.9276,known,4screws,0.094,0.0,0,5,manual
4,7233,4screws,0.8556,known,4screws,0.0865,0.0,0,5,manual
4,7234,4screws,0.8558,known,4screws,0.0795,0.0,0,5,manual
4,7235,4screws,0.7239,known,4screws,0.0732,0.0,0,5,manual
4,7236,4screws,0.963,known,4screws,0.0673,0.0,0,5,manual
4,7237,4screws,0.8536,known,4screws,0.0619,0.0,0,5,manual
4,7238,4screws,0.7499,known,4screws,0.057,0.0,0,5,manual
4,7239,4screws,0.6773,known,4screws,0.0524,0.0,0,5,manual
4,7240,4screws,0.7633,known,4screws,0.0482,0.0,0,5,manual
4,7241,4screws,0.6998,known,4screws,0.0444,0.0,0,5,manual
4,7242,4screws,0.9151,known,4screws,0.0408,0.0,0,5,manual
4,7243,4screws,0.566,known,4screws,0.0376,0.0,0,5,manual
4,7244,4screws,0.7111,known,4screws,0.0346,0.0,0,5,manual
4,7245,4screws,0.6959,known,4screws,0.0318,0.0,0,5,manual
4,7246,4screws,0.7504,known,4screws,0.0292,0.0,0,5,manual
4,7247,4screws,0.9,known,4screws,0.0269,0.0,0,5,manual
4,7248,4screws,0.7503,known,4screws,0.0248,0.0,0,5,manual
4,7249,4screws,0.8553,known,4screws,0.0228,0.0,0,5,manual
4,7250,4screws,0.8084,known,4screws,0.021,0.0,0,5,manual
4,7251,4screws,0.7388,known,4screws,0.0193,0.0,0,5,manual
4,7252,4screws,0.8472,known,4screws,0.0177,0.0,0,5,manual
4,7253,4screws,0.7778,known,4screws,0.0163,0.0,0,5,manual
4,7254,4screws,0.7495,known,4screws,0.015,0.0,0,5,manual
4,7255,4screws,0.7779,known,4screws,0.0138,0.0,0,5,manual
4,7256,4screws,0.9497,known,4screws,0.0127,0.0,0,5,manual
4,7257,4screws,0.8158,known,4screws,0.0117,0.0,0,5,manual
4,7258,4screws,0.957,known,4screws,0.0108,0.0,0,5,manual
4,7259,4screws,0.867,known,4screws,0.0099,0.0,0,5,manual
4,7260,4screws,0.9187,known,4screws,0.0091,0.0,0,5,manual
4,7261,4screws,0.8432,known,4screws,0.0084,0.0,0,5,manual
4,7262,4screws,0.7504,known,4screws,0.0077,0.0,0,5,manual
4,7263,4screws,0.9962,known,4screws,0.0071,0.0,0,5,manual
4,7264,4screws,0.7633,known,4screws,0.0065,0.0,0,5,manual
4,7265,4screws,0.6561,known,4screws,0.006,0.0,0,5,manual
4,7266,4screws,0.7039,known,4screws,0.0055,0.0,0,5,manual
4,7267,4screws,0.9187,known,4screws,0.0051,0.0,0,5,manual
4,7268,4screws,0.7807,known,4screws,0.0047,0.0,0,5,manual
4,7269,4screws,0.8525,known,4screws,0.0043,0.0,0,5,manual
4,7270,4screws,0.7111,known,4screws,0.004,0.0,0,5,manual
4,7271,4screws,0.9,known,4screws,0.0036,0.0,0,5,manual
4,7272,4screws,0.8556,known,4screws,0.0033,0.0,0,5,manual
4,7273,4screws,0.6727,known,4screws,0.0031,0.0,0,5,manual
4,7274,4screws,0.7499,known,4screws,0.0028,0.0,0,5,manual
4,7275,4screws,0.925,known,4screws,0.0026,0.0,0,5,manual
4,7276,4screws,0.7778,known,4screws,0.0024,0.0,0,5,manual
4,7277,4screws,0.7503,known,4screws,0.0022,0.0,0,5,manual
4,7278,4screws,0.7388,known,4screws,0.002,0.0,0,5,manual
4,7279,4screws,0.8536,known,4screws,0.0019,0.0,0,5,manual
4,7280,4screws,0.8109,known,4screws,0.0017,0.0,0,5,manual
4,7281,4screws,0.8298,known,4screws,0.0016,0.0,0,5,manual
4,7282,4screws,0.8558,known,4screws,0.0015,0.0,0,5,manual
4,7283,4screws,0.8158,known,4screws,0.0013,0.0,0,5,manual
4,7284,4screws,0.8706,known,4screws,0.0012,0.0,0,5,manual
4,7285,4screws,0.8127,known,4screws,0.0011,0.0,0,5,manual
4,7286,4screws,0.5882,known,4screws,0.001,0.0,0,5,manual
4,7287,4screws,0.9276,known,4screws,0.001,0.0,0,5,manual
4,7288,4screws,0.7065,known,4screws,0.0009,0.0,0,5,manual
4,7289,4screws,0.7779,known,4screws,0.0008,0.0,0,5,manual
4,7290,4screws,0.818,known,4screws,0.0007,0.0,0,5,manual
4,7291,4screws,0.9825,known,4screws,0.0007,0.0,0,5,manual
4,7292,4screws,0.7623,known,4screws,0.0006,0.0,0,5,manual
4,7293,4screws,0.6773,known,4screws,0.0006,0.0,0,5,manual
4,7294,4screws,0.963,known,4screws,0.0005,0.0,0,5,manual
4,7295,4screws,0.566,known,4screws,0.0005,0.0,0,5,manual
4,7296,4screws,0.74,known,4screws,0.0005,0.0,0,5,manual
4,7297,4screws,1.012,unknown,,0.0804,0.01,0,5,manual
4,7298,4screws,0.8071,known,4screws,0.074,0.0,0,5,manual
4,7299,4screws,0.957,known,4screws,0.0681,0.0,0,5,manual
4,7300,4screws,0.8978,known,4screws,0.0626,0.0,0,5,manual
4,7301,4screws,0.8084,known,4screws,0.0576,0.0,0,5,manual
4,7302,4screws,0.7025,known,4screws,0.053,0.0,0,5,manual
4,7303,4screws,0.8472,known,4screws,0.0488,0.0,0,5,manual
4,7304,4screws,0.6959,known,4screws,0.0449,0.0,0,5,manual
4,7305,4screws,0.6477,known,4screws,0.0413,0.0,0,5,manual
4,7306,4screws,0.8148,known,4screws,0.038,0.0,0,5,manual
4,7307,4screws,0.9151,known,4screws,0.0349,0.0,0,5,manual
4,7308,4screws,0.7495,known,4screws,0.0321,0.0,0,5,manual
4,7309,4screws,0.6998,known,4screws,0.0296,0.0,0,5,manual
4,7310,4screws,0.8553,known,4screws,0.0272,0.0,0,5,manual
4,7311,4screws,0.6619,known,4screws,0.025,0.0,0,5,manual
4,7312,4screws,0.9425,known,4screws,0.023,0.0,0,5,manual
4,7313,4screws,0.7239,known,4screws,0.0212,0.0,0,5,manual
4,7314,4screws,0.9497,known,4screws,0.0195,0.0,0,5,manual
4,7315,4screws,0.8438,known,4screws,0.0179,0.0,0,5,manual
4,7316,4screws,0.7376,known,4screws,0.0165,0.0,0,5,manual
4,7317,4screws,0.867,known,4screws,0.0152,0.0,0,5,manual
4,7318,4screws,1.0013,unknown,,0.094,0.0,0,5,manual
4,7319,4screws,0.7065,known,4screws,0.0864,0.0,0,5,manual
4,7320,4screws,0.7111,known,4screws,0.0795,0.0,0,5,manual
4,7321,4screws,0.9497,known,4screws,0.0732,0.0,0,5,manual
4,7322,4screws,0.9825,known,4screws,0.0673,0.0,0,5,manual
4,7323,4screws,0.6477,known,4screws,0.0619,0.0,0,5,manual
4,7324,4screws,0.7503,known,4screws,0.057,0.0,0,5,manual
4,7325,4screws,0.7239,known,4screws,0.0524,0.0,0,5,manual
4,7326,4screws,0.8127,known,4screws,0.0482,0.0,0,5,manual
4,7327,4screws,0.7779,known,4screws,0.0444,0.0,0,5,manual
4,7328,4screws,0.8109,known,4screws,0.0408,0.0,0,5,manual
4,7329,4screws,0.7504,known,4screws,0.0375,0.0,0,5,manual
4,7330,4screws,0.818,known,4screws,0.0345,0.0,0,5,manual
4,7331,4screws,0.6959,known,4screws,0.0318,0.0,0,5,manual
4,7332,4screws,0.8084,known,4screws,0.0292,0.0,0,5,manual
4,7333,4screws,0.7388,known,4screws,0.0269,0.0,0,5,manual
4,7334,4screws,0.957,known,4screws,0.0247,0.0,0,5,manual
4,7335,4screws,0.5882,known,4screws,0.0228,0.0,0,5,manual
4,7336,4screws,0.7495,known,4screws,0.0209,0.0,0,5,manual
4,7337,4screws,0.8148,known,4screws,0.0193,0.0,0,5,manual
4,7338,4screws,0.8556,known,4screws,0.0177,0.0,0,5,manual
4,7339,4screws,0.8298,known,4screws,0.0163,0.0,0,5,manual
4,7340,4screws,0.7623,known,4screws,0.015,0.0,0,5,manual
4,7341,4screws,0.925,known,4screws,0.0138,0.0,0,5,manual
4,7342,4screws,0.8432,known,4screws,0.0127,0.0,0,5,manual
4,7343,4screws,0.8071,known,4screws,0.0117,0.0,0,5,manual
4,7344,4screws,0.8978,known,4screws,0.0108,0.0,0,5,manual
4,7345,4screws,0.9276,known,4screws,0.0099,0.0,0,5,manual
4,7346,4screws,0.8158,known,4screws,0.0091,0.0,0,5,manual
4,7347,4screws,0.566,known,4screws,0.0084,0.0,0,5,manual
4,7348,4screws,0.7807,known,4screws,0.0077,0.0,0,5,manual
4,7349,4screws,0.6773,known,4screws,0.0071,0.0,0,5,manual
4,7350,4screws,0.963,known,4screws,0.0065,0.0,0,5,manual
4,7351,4screws,0.6561,known,4screws,0.006,0.0,0,5,manual
4,7352,4screws,0.8558,known,4screws,0.0055,0.0,0,5,manual
4,7353,4screws,0.8536,known,4screws,0.0051,0.0,0,5,manual
4,7354,4screws,0.7039,known,4screws,0.0047,0.0,0,5,manual
4,7355,4screws,0.9187,known,4screws,0.0043,0.0,0,5,manual
4,7356,4screws,1.0013,unknown,,0.084,0.0,0,5,manual
4,7357,4screws,0.9425,known,4screws,0.0772,0.0,0,5,manual
4,7358,4screws,0.867,known,4screws,0.0711,0.0,0,5,manual
4,7359,4screws,0.7499,known,4screws,0.0654,0.0,0,5,manual
4,7360,4screws,0.9962,known,4screws,0.0601,0.0,0,5,manual
4,7361,4screws,0.8438,known,4screws,0.0553,0.0,0,5,manual
4,7362,4screws,0.8706,known,4screws,0.0509,0.0,0,5,manual
4,7363,4screws,0.9151,known,4screws,0.0468,0.0,0,5,manual
4,7364,4screws,0.9,known,4screws,0.0431,0.0,0,5,manual
4,7365,4screws,0.8525,known,4screws,0.0396,0.0,0,5,manual
4,7366,4screws,0.7376,known,4screws,0.0365,0.0,0,5,manual
4,7367,4screws,0.7778,known,4screws,0.0336,0.0,0,5,manual
4,7368,4screws,0.6619,known,4screws,0.0309,0.0,0,5,manual
4,7369,4screws,0.74,known,4screws,0.0284,0.0,0,5,manual
4,7370,4screws,0.7025,known,4screws,0.0261,0.0,0,5,manual
4,7371,4screws,0.7633,known,4screws,0.024,0.0,0,5,manual
4,7372,4screws,0.6998,known,4screws,0.0221,0.0,0,5,manual
4,7373,4screws,0.8553,known,4screws,0.0203,0.0,0,5,manual
4,7374,4screws,1.012,unknown,,0.0987,0.01,0,5,manual
4,7375,4screws,0.8472,known,4screws,0.0908,0.0,0,5,manual
4,7376,4screws,0.6727,known,4screws,0.0836,0.0,0,5,manual
4,7377,4screws,0.7495,known,4screws,0.0769,0.0,0,5,manual
4,7378,4screws,0.925,known,4screws,0.0707,0.0,0,5,manual
4,7379,4screws,0.9151,known,4screws,0.0651,0.0,0,5,manual
4,7380,4screws,0.6959,known,4screws,0.0599,0.0,0,5,manual
4,7381,4screws,0.8438,known,4screws,0.0551,0.0,0,5,manual
4,7382,4screws,0.7499,known,4screws,0.0507,0.0,0,5,manual
4,7383,4screws,0.7504,known,4screws,0.0466,0.0,0,5,manual
4,7384,4screws,0.8536,known,4screws,0.0429,0.0,0,5,manual
4,7385,4screws,0.8978,known,4screws,0.0395,0.0,0,5,manual
4,7386,4screws,0.7778,known,4screws,0.0363,0.0,0,5,manual
4,7387,4screws,0.9187,known,4screws,0.0334,0.0,0,5,manual
4,7388,4screws,0.957,known,4screws,0.0307,0.0,0,5,manual
4,7389,4screws,0.7388,known,4screws,0.0283,0.0,0,5,manual
4,7390,4screws,0.566,known,4screws,0.026,0.0,0,5,manual
4,7391,4screws,0.7065,known,4screws,0.0239,0.0,0,5,manual
4,7392,4screws,0.8525,known,4screws,0.022,0.0,0,5,manual
4,7393,4screws,0.7376,known,4screws,0.0202,0.0,0,5,manual
4,7394,4screws,0.8706,known,4screws,0.0186,0.0,0,5,manual
4,7395,4screws,0.7239,known,4screws,0.0171,0.0,0,5,manual
4,7396,4screws,0.8432,known,4screws,0.0158,0.0,0,5,manual
4,7397,4screws,0.9276,known,4screws,0.0145,0.0,0,5,manual
4,7398,4screws,0.818,known,4screws,0.0133,0.0,0,5,manual
4,7399,4screws,0.6773,known,4screws,0.0123,0.0,0,5,manual
4,7400,4screws,0.8556,known,4screws,0.0113,0.0,0,5,manual
4,7401,4screws,0.9962,known,4screws,0.0104,0.0,0,5,manual
4,7402,4screws,1.0013,unknown,,0.0896,0.0,0,5,manual
4,7403,4screws,0.8109,known,4screws,0.0824,0.0,0,5,manual
4,7404,4screws,0.7807,known,4screws,0.0758,0.0,0,5,manual
4,7405,4screws,0.8472,known,4screws,0.0697,0.0,0,5,manual
4,7406,4screws,0.867,known,4screws,0.0642,0.0,0,5,manual
4,7407,4screws,0.8553,known,4screws,0.059,0.0,0,5,manual
4,7408,4screws,0.7623,known,4screws,0.0543,0.0,0,5,manual
4,7409,4screws,0.963,known,4screws,0.05,0.0,0,5,manual
4,7410,4screws,0.7779,known,4screws,0.046,0.0,0,5,manual
4,7411,4screws,0.6998,known,4screws,0.0423,0.0,0,5,manual
4,7412,4screws,0.6727,known,4screws,0.0389,0.0,0,5,manual
4,7413,4screws,0.6477,known,4screws,0.0358,0.0,0,5,manual
4,7414,4screws,0.6561,known,4screws,0.0329,0.0,0,5,manual
4,7415,4screws,0.9825,known,4screws,0.0303,0.0,0,5,manual
4,7416,4screws,0.7111,known,4screws,0.0279,0.0,0,5,manual
4,7417,4screws,0.74,known,4screws,0.0256,0.0,0,5,manual
4,7418,4screws,0.6619,known,4screws,0.0236,0.0,0,5,manual
4,7419,4screws,0.8148,known,4screws,0.0217,0.0,0,5,manual
4,7420,4screws,0.9425,known,4screws,0.02,0.0,0,5,manual
4,7421,4screws,0.7025,known,4screws,0.0184,0.0,0,5,manual
4,7422,4screws,0.7503,known,4screws,0.0169,0.0,0,5,manual
4,7423,4screws,1.012,unknown,,0.0955,0.01,0,5,manual
4,7424,4screws,0.8158,known,4screws,0.0879,0.0,0,5,manual
4,7425,4screws,0.9497,known,4screws,0.0809,0.0,0,5,manual
4,7426,4screws,0.8127,known,4screws,0.0744,0.0,0,5,manual
4,7427,4screws,0.9,known,4screws,0.0684,0.0,0,5,manual
4,7428,4screws,0.7039,known,4screws,0.063,0.0,0,5,manual
4,7429,4screws,0.7633,known,4screws,0.0579,0.0,0,5,manual
4,7430,4screws,0.8071,known,4screws,0.0533,0.0,0,5,manual
4,7431,4screws,0.8558,known,4screws,0.049,0.0,0,5,manual
4,7432,4screws,0.8084,known,4screws,0.0451,0.0,0,5,manual
4,7433,4screws,0.5882,known,4screws,0.0415,0.0,0,5,manual
4,7434,4screws,0.8298,known,4screws,0.0382,0.0,0,5,manual
4,7435,4screws,0.7778,known,4screws,0.0351,0.0,0,5,manual
4,7436,4screws,0.9276,known,4screws,0.0323,0.0,0,5,manual
4,7437,4screws,0.9151,known,4screws,0.0297,0.0,0,5,manual
4,7438,4screws,0.8706,known,4screws,0.0274,0.0,0,5,manual
4,7439,4screws,0.6477,known,4screws,0.0252,0.0,0,5,manual
4,7440,4screws,0.7503,known,4screws,0.0232,0.0,0,5,manual
4,7441,4screws,0.8084,known,4screws,0.0213,0.0,0,5,manual
4,7442,4screws,0.925,known,4screws,0.0196,0.0,0,5,manual
4,7443,4screws,0.9497,known,4screws,0.018,0.0,0,5,manual
4,7444,4screws,0.7499,known,4screws,0.0166,0.0,0,5,manual
4,7445,4screws,0.8148,known,4screws,0.0153,0.0,0,5,manual
4,7446,4screws,0.7807,known,4screws,0.014,0.0,0,5,manual
4,7447,4screws,0.7111,known,4screws,0.0129,0.0,0,5,manual
4,7448,4screws,0.6773,known,4screws,0.0119,0.0,0,5,manual
4,7449,4screws,0.6959,known,4screws,0.0109,0.0,0,5,manual
4,7450,4screws,0.8127,known,4screws,0.0101,0.0,0,5,manual
4,7451,4screws,0.8556,known,4screws,0.0093,0.0,0,5,manual
4,7452,4screws,0.7376,known,4screws,0.0085,0.0,0,5,manual
4,7453,4screws,0.963,known,4screws,0.0078,0.0,0,5,manual
4,7454,4screws,0.6727,known,4screws,0.0072,0.0,0,5,manual
4,7455,4screws,0.7239,known,4screws,0.0066,0.0,0,5,manual
4,7456,4screws,0.8071,known,4screws,0.0061,0.0,0,5,manual
4,7457,4screws,1.0013,unknown,,0.0856,0.0,0,5,manual
4,7458,4screws,0.8432,known,4screws,0.0788,0.0,0,5,manual
4,7459,4screws,0.7495,known,4screws,0.0725,0.0,0,5,manual
4,7460,4screws,0.7623,known,4screws,0.0667,0.0,0,5,manual
4,7461,4screws,0.9825,known,4screws,0.0613,0.0,0,5,manual
4,7462,4screws,0.8553,known,4screws,0.0564,0.0,0,5,manual
4,7463,4screws,0.867,known,4screws,0.0519,0.0,0,5,manual
4,7464,4screws,0.8978,known,4screws,0.0478,0.0,0,5,manual
4,7465,4screws,0.8158,known,4screws,0.0439,0.0,0,5,manual
4,7466,4screws,0.9187,known,4screws,0.0404,0.0,0,5,manual
4,7467,4screws,0.5882,known,4screws,0.0372,0.0,0,5,manual
4,7468,4screws,0.7025,known,4screws,0.0342,0.0,0,5,manual
4,7469,4screws,0.7388,known,4screws,0.0315,0.0,0,5,manual
4,7470,4screws,0.957,known,4screws,0.029,0.0,0,5,manual
4,7471,4screws,0.6998,known,4screws,0.0266,0.0,0,5,manual
4,7472,4screws,0.7039,known,4screws,0.0245,0.0,0,5,manual
4,7473,4screws,0.7633,known,4screws,0.0225,0.0,0,5,manual
4,7474,4screws,0.8558,known,4screws,0.0207,0.0,0,5,manual
4,7475,4screws,0.6619,known,4screws,0.0191,0.0,0,5,manual
4,7476,4screws,0.9425,known,4screws,0.0176,0.0,0,5,manual
4,7477,4screws,0.9,known,4screws,0.0162,0.0,0,5,manual
4,7478,4screws,0.74,known,4screws,0.0149,0.0,0,5,manual
4,7479,4screws,0.6561,known,4screws,0.0137,0.0,0,5,manual
4,7480,4screws,0.8298,known,4screws,0.0126,0.0,0,5,manual
4,7481,4screws,0.7504,known,4screws,0.0116,0.0,0,5,manual
4,7482,4screws,0.566,known,4screws,0.0106,0.0,0,5,manual
4,7483,4screws,0.8472,known,4screws,0.0098,0.0,0,5,manual
4,7484,4screws,0.8536,known,4screws,0.009,0.0,0,5,manual
4,7485,4screws,0.7065,known,4screws,0.0083,0.0,0,5,manual
4,7486,4screws,0.9962,known,4screws,0.0076,0.0,0,5,manual
4,7487,4screws,0.818,known,4screws,0.007,0.0,0,5,manual
4,7488,4screws,1.012,unknown,,0.0865,0.01,0,5,manual
4,7489,4screws,0.8525,known,4screws,0.0795,0.0,0,5,manual
4,7490,4screws,0.7779,known,4screws,0.0732,0.0,0,5,manual
4,7491,4screws,0.8438,known,4screws,0.0673,0.0,0,5,manual
4,7492,4screws,0.8109,known,4screws,0.0619,0.0,0,5,manual
4,7493,4screws,0.7504,known,4screws,0.057,0.0,0,5,manual
4,7494,4screws,0.566,known,4screws,0.0524,0.0,0,5,manual
4,7495,4screws,0.8084,known,4screws,0.0482,0.0,0,5,manual
4,7496,4screws,0.7376,known,4screws,0.0444,0.0,0,5,manual
4,7497,4screws,0.9497,known,4screws,0.0408,0.0,0,5,manual
4,7498,4screws,1.0013,unknown,,0.1176,0.0,0,5,manual
4,7499,4screws,0.9151,known,4screws,0.1082,0.0,0,5,manual
4,7500,4screws,0.957,known,4screws,0.0995,0.0,0,5,manual
4,7501,4screws,0.9425,known,4screws,0.0915,0.0,0,5,manual
4,7502,4screws,1.012,unknown,,0.1642,0.01,0,5,manual
4,7503,4screws,0.867,known,4screws,0.1511,0.0,0,5,manual
4,7504,4screws,0.7495,known,4screws,0.139,0.0,0,5,manual
4,7505,4screws,0.8558,known,4screws,0.1279,0.0,0,5,manual
4,7506,4screws,0.8109,known,4screws,0.1176,0.0,0,5,manual
4,7507,4screws,0.7388,known,4screws,0.1082,0.0,0,5,manual
4,7508,4screws,0.7025,known,4screws,0.0996,0.0,0,5,manual
4,7509,4screws,0.7499,known,4screws,0.0916,0.0,0,5,manual
4,7510,4screws,0.6477,known,4screws,0.0843,0.0,0,5,manual
4,7511,4screws,0.6773,known,4screws,0.0775,0.0,0,5,manual
4,7512,4screws,0.6619,known,4screws,0.0713,0.0,0,5,manual
4,7513,4screws,0.8432,known,4screws,0.0656,0.0,0,5,manual
4,7514,4screws,0.6561,known,4screws,0.0604,0.0,0,5,manual
4,7515,4screws,0.8706,known,4screws,0.0555,0.0,0,5,manual
4,7516,4screws,0.8525,known,4screws,0.0511,0.0,0,5,manual
4,7517,4screws,0.8127,known,4screws,0.047,0.0,0,5,manual
4,7518,4screws,0.7779,known,4screws,0.0433,0.0,0,5,manual
4,7519,4screws,0.8158,known,4screws,0.0398,0.0,0,5,manual
4,7520,4screws,0.8553,known,4screws,0.0366,0.0,0,5,manual
4,7521,4screws,0.9,known,4screws,0.0337,0.0,0,5,manual
4,7522,4screws,0.9187,known,4screws,0.031,0.0,0,5,manual
4,7523,4screws,0.8298,known,4screws,0.0285,0.0,0,5,manual
4,7524,4screws,0.7503,known,4screws,0.0262,0.0,0,5,manual
4,7525,4screws,0.7807,known,4screws,0.0241,0.0,0,5,manual
4,7526,4screws,0.925,known,4screws,0.0222,0.0,0,5,manual
4,7527,4screws,0.8536,known,4screws,0.0204,0.0,0,5,manual
4,7528,4screws,0.818,known,4screws,0.0188,0.0,0,5,manual
4,7529,4screws,0.7065,known,4screws,0.0173,0.0,0,5,manual
4,7530,4screws,0.74,known,4screws,0.0159,0.0,0,5,manual
4,7531,4screws,0.6998,known,4screws,0.0146,0.0,0,5,manual
4,7532,4screws,0.6727,known,4screws,0.0135,0.0,0,5,manual
4,7533,4screws,0.7239,known,4screws,0.0124,0.0,0,5,manual
4,7534,4screws,0.8472,known,4screws,0.0114,0.0,0,5,manual
4,7535,4screws,0.9276,known,4screws,0.0105,0.0,0,5,manual
4,7536,4screws,0.8556,known,4screws,0.0096,0.0,0,5,manual
4,7537,4screws,0.6959,known,4screws,0.0089,0.0,0,5,manual
4,7538,4screws,0.7778,known,4screws,0.0082,0.0,0,5,manual
4,7539,4screws,0.8071,known,4screws,0.0075,0.0,0,5,manual
4,7540,4screws,0.7039,known,4screws,0.0069,0.0,0,5,manual
4,7541,4screws,0.8148,known,4screws,0.0064,0.0,0,5,manual
4,7542,4screws,0.9962,known,4screws,0.0058,0.0,0,5,manual
4,7543,4screws,0.7633,known,4screws,0.0054,0.0,0,5,manual
4,7544,4screws,0.963,known,4screws,0.0049,0.0,0,5,manual
4,7545,4screws,0.5882,known,4screws,0.0046,0.0,0,5,manual
4,7546,4screws,0.7111,known,4screws,0.0042,0.0,0,5,manual
4,7547,4screws,0.7623,known,4screws,0.0039,0.0,0,5,manual
4,7548,4screws,0.8438,known,4screws,0.0035,0.0,0,5,manual
4,7549,4screws,0.9825,known,4screws,0.0033,0.0,0,5,manual
4,7550,4screws,0.8978,known,4screws,0.003,0.0,0,5,manual
4,7551,4screws,0.9187,known,4screws,0.0028,0.0,0,5,manual
4,7552,4screws,0.7499,known,4screws,0.0025,0.0,0,5,manual
4,7553,4screws,0.8109,known,4screws,0.0023,0.0,0,5,manual
4,7554,4screws,0.963,known,4screws,0.0021,0.0,0,5,manual
4,7555,4screws,0.7376,known,4screws,0.002,0.0,0,5,manual
4,7556,4screws,0.925,known,4screws,0.0018,0.0,0,5,manual
4,7557,4screws,1.0013,unknown,,0.0817,0.0,0,5,manual
4,7558,4screws,0.7504,known,4screws,0.0751,0.0,0,5,manual
4,7559,4screws,0.8127,known,4screws,0.0691,0.0,0,5,manual
4,7560,4screws,0.7495,known,4screws,0.0636,0.0,0,5,manual
4,7561,4screws,0.8148,known,4screws,0.0585,0.0,0,5,manual
4,7562,4screws,0.8071,known,4screws,0.0538,0.0,0,5,manual
4,7563,4screws,0.7633,known,4screws,0.0495,0.0,0,5,manual
4,7564,4screws,0.6959,known,4screws,0.0456,0.0,0,5,manual
4,7565,4screws,0.8525,known,4screws,0.0419,0.0,0,5,manual
4,7566,4screws,0.8432,known,4screws,0.0386,0.0,0,5,manual
4,7567,4screws,0.9,known,4screws,0.0355,0.0,0,5,manual
4,7568,4screws,0.9276,known,4screws,0.0326,0.0,0,5,manual
4,7569,4screws,0.8536,known,4screws,0.03,0.0,0,5,manual
4,7570,4screws,0.7779,known,4screws,0.0276,0.0,0,5,manual
4,7571,4screws,0.6998,known,4screws,0.0254,0.0,0,5,manual
4,7572,4screws,0.8978,known,4screws,0.0234,0.0,0,5,manual
4,7573,4screws,0.6561,known,4screws,0.0215,0.0,0,5,manual
4,7574,4screws,0.8298,known,4screws,0.0198,0.0,0,5,manual
4,7575,4screws,0.6477,known,4screws,0.0182,0.0,0,5,manual
4,7576,4screws,0.7065,known,4screws,0.0168,0.0,0,5,manual
4,7577,4screws,0.8558,known,4screws,0.0154,0.0,0,5,manual
4,7578,4screws,0.8472,known,4screws,0.0142,0.0,0,5,manual
4,7579,4screws,0.566,known,4screws,0.013,0.0,0,5,manual
4,7580,4screws,0.8438,known,4screws,0.012,0.0,0,5,manual
4,7581,4screws,0.7807,known,4screws,0.011,0.0,0,5,manual
4,7582,4screws,0.8706,known,4screws,0.0102,0.0,0,5,manual
4,7583,4screws,0.7623,known,4screws,0.0093,0.0,0,5,manual
4,7584,4screws,0.5882,known,4screws,0.0086,0.0,0,5,manual
4,7585,4screws,0.8553,known,4screws,0.0079,0.0,0,5,manual
4,7586,4screws,0.9497,known,4screws,0.0073,0.0,0,5,manual
4,7587,4screws,0.7388,known,4screws,0.0067,0.0,0,5,manual
4,7588,4screws,0.74,known,4screws,0.0062,0.0,0,5,manual
4,7589,4screws,0.818,known,4screws,0.0057,0.0,0,5,manual
4,7590,4screws,0.9151,known,4screws,0.0052,0.0,0,5,manual
4,7591,4screws,0.6619,known,4screws,0.0048,0.0,0,5,manual
4,7592,4screws,0.9962,known,4screws,0.0044,0.0,0,5,manual
4,7593,4screws,0.7039,known,4screws,0.0041,0.0,0,5,manual
4,7594,4screws,0.8556,known,4screws,0.0037,0.0,0,5,manual
4,7595,4screws,0.7503,known,4screws,0.0034,0.0,0,5,manual
4,7596,4screws,0.9425,known,4screws,0.0032,0.0,0,5,manual
4,7597,4screws,0.7111,known,4screws,0.0029,0.0,0,5,manual
4,7598,4screws,0.867,known,4screws,0.0027,0.0,0,5,manual
4,7599,4screws,0.7778,known,4screws,0.0025,0.0,0,5,manual
4,7600,4screws,0.8158,known,4screws,0.0023,0.0,0,5,manual
4,7601,4screws,0.6773,known,4screws,0.0021,0.0,0,5,manual
4,7602,4screws,0.7025,known,4screws,0.0019,0.0,0,5,manual
4,7603,4screws,0.6727,known,4screws,0.0018,0.0,0,5,manual
4,7604,4screws,0.957,known,4screws,0.0016,0.0,0,5,manual
4,7605,4screws,1.012,unknown,,0.0815,0.01,0,5,manual
4,7606,4screws,0.7239,known,4screws,0.075,0.0,0,5,manual
4,7607,4screws,0.8084,known,4screws,0.069,0.0,0,5,manual
4,7608,4screws,0.9825,known,4screws,0.0635,0.0,0,5,manual
4,7609,4screws,0.8556,known,4screws,0.0584,0.0,0,5,manual
4,7610,4screws,0.7495,known,4screws,0.0537,0.0,0,5,manual
4,7611,4screws,0.9497,known,4screws,0.0494,0.0,0,5,manual
4,7612,4screws,0.7778,known,4screws,0.0455,0.0,0,5,manual
4,7613,4screws,1.0013,unknown,,0.1218,0.0,0,5,manual
4,7614,4screws,0.6727,known,4screws,0.1121,0.0,0,5,manual
4,7615,4screws,0.7633,known,4screws,0.1031,0.0,0,5,manual
4,7616,4screws,0.8109,known,4screws,0.0949,0.0,0,5,manual
4,7617,4screws,0.7807,known,4screws,0.0873,0.0,0,5,manual
4,7618,4screws,1.012,unknown,,0.1603,0.01,0,5,manual
4,7619,4screws,0.8558,known,4screws,0.1475,0.0,0,5,manual
4,7620,4screws,0.9,known,4screws,0.1357,0.0,0,5,manual
4,7621,4screws,0.7503,known,4screws,0.1248,0.0,0,5,manual
4,7622,4screws,0.9962,known,4screws,0.1148,0.0,0,5,manual
4,7623,4screws,0.957,known,4screws,0.1056,0.0,0,5,manual
4,7624,4screws,0.9276,known,4screws,0.0972,0.0,0,5,manual
4,7625,4screws,0.566,known,4screws,0.0894,0.0,0,5,manual
4,7626,4screws,0.925,known,4screws,0.0823,0.0,0,5,manual
4,7627,4screws,0.6773,known,4screws,0.0757,0.0,0,5,manual
4,7628,4screws,0.7039,known,4screws,0.0696,0.0,0,5,manual
4,7629,4screws,0.9187,known,4screws,0.0641,0.0,0,5,manual
4,7630,4screws,0.7623,known,4screws,0.0589,0.0,0,5,manual
4,7631,4screws,0.6959,known,4screws,0.0542,0.0,0,5,manual
4,7632,4screws,0.8127,known,4screws,0.0499,0.0,0,5,manual
4,7633,4screws,0.6561,known,4screws,0.0459,0.0,0,5,manual
4,7634,4screws,0.8536,known,4screws,0.0422,0.0,0,5,manual
4,7635,4screws,0.7779,known,4screws,0.0388,0.0,0,5,manual
4,7636,4screws,0.9825,known,4screws,0.0357,0.0,0,5,manual
4,7637,4screws,0.8553,known,4screws,0.0329,0.0,0,5,manual
4,7638,4screws,0.5882,known,4screws,0.0302,0.0,0,5,manual
4,7639,4screws,0.7025,known,4screws,0.0278,0.0,0,5,manual
4,7640,4screws,0.8298,known,4screws,0.0256,0.0,0,5,manual
4,7641,4screws,0.867,known,4screws,0.0236,0.0,0,5,manual
4,7642,4screws,0.8071,known,4screws,0.0217,0.0,0,5,manual
4,7643,4screws,0.8158,known,4screws,0.0199,0.0,0,5,manual
4,7644,4screws,0.6619,known,4screws,0.0183,0.0,0,5,manual
4,7645,4screws,0.7504,known,4screws,0.0169,0.0,0,5,manual
4,7646,4screws,0.8438,known,4screws,0.0155,0.0,0,5,manual
4,7647,4screws,0.9425,known,4screws,0.0143,0.0,0,5,manual
4,7648,4screws,0.8525,known,4screws,0.0131,0.0,0,5,manual
4,7649,4screws,0.8084,known,4screws,0.0121,0.0,0,5,manual
4,7650,4screws,0.7499,known,4screws,0.0111,0.0,0,5,manual
4,7651,4screws,0.8978,known,4screws,0.0102,0.0,0,5,manual
4,7652,4screws,0.8148,known,4screws,0.0094,0.0,0,5,manual
4,7653,4screws,0.8706,known,4screws,0.0087,0.0,0,5,manual
4,7654,4screws,0.8472,known,4screws,0.008,0.0,0,5,manual
4,7655,4screws,0.74,known,4screws,0.0073,0.0,0,5,manual
4,7656,4screws,0.7111,known,4screws,0.0067,0.0,0,5,manual
4,7657,4screws,0.7376,known,4screws,0.0062,0.0,0,5,manual
4,7658,4screws,0.963,known,4screws,0.0057,0.0,0,5,manual
4,7659,4screws,0.7388,known,4screws,0.0053,0.0,0,5,manual
4,7660,4screws,0.818,known,4screws,0.0048,0.0,0,5,manual
4,7661,4screws,0.6998,known,4screws,0.0044,0.0,0,5,manual
4,7662,4screws,0.6477,known,4screws,0.0041,0.0,0,5,manual
4,7663,4screws,0.7065,known,4screws,0.0038,0.0,0,5,manual
4,7664,4screws,0.7239,known,4screws,0.0035,0.0,0,5,manual
4,7665,4screws,0.8432,known,4screws,0.0032,0.0,0,5,manual
4,7666,4screws,0.9151,known,4screws,0.0029,0.0,0,5,manual
4,7667,4screws,0.8071,known,4screws,0.0027,0.0,0,5,manual
4,7668,4screws,0.6773,known,4screws,0.0025,0.0,0,5,manual
4,7669,4screws,0.6619,known,4screws,0.0023,0.0,0,5,manual
4,7670,4screws,0.8438,known,4screws,0.0021,0.0,0,5,manual
4,7671,4screws,0.9276,known,4screws,0.0019,0.0,0,5,manual
4,7672,4screws,0.7039,known,4screws,0.0018,0.0,0,5,manual
4,7673,4screws,0.8706,known,4screws,0.0016,0.0,0,5,manual
4,7674,4screws,0.7499,known,4screws,0.0015,0.0,0,5,manual
4,7675,4screws,0.7376,known,4screws,0.0014,0.0,0,5,manual
4,7676,4screws,0.7807,known,4screws,0.0013,0.0,0,5,manual
4,7677,4screws,0.7025,known,4screws,0.0012,0.0,0,5,manual
4,7678,4screws,0.6561,known,4screws,0.0011,0.0,0,5,manual
4,7679,4screws,0.867,known,4screws,0.001,0.0,0,5,manual
4,7680,4screws,0.9187,known,4screws,0.0009,0.0,0,5,manual
4,7681,4screws,0.7778,known,4screws,0.0008,0.0,0,5,manual
4,7682,4screws,0.7633,known,4screws,0.0008,0.0,0,5,manual
4,7683,4screws,0.8553,known,4screws,0.0007,0.0,0,5,manual
4,7684,4screws,1.012,unknown,,0.0807,0.01,0,5,manual
4,7685,4screws,0.7623,known,4screws,0.0742,0.0,0,5,manual
4,7686,4screws,0.9825,known,4screws,0.0683,0.0,0,5,manual
4,7687,4screws,0.9962,known,4screws,0.0628,0.0,0,5,manual
4,7688,4screws,0.8525,known,4screws,0.0578,0.0,0,5,manual
4,7689,4screws,0.8084,known,4screws,0.0532,0.0,0,5,manual
4,7690,4screws,0.8558,known,4screws,0.0489,0.0,0,5,manual
4,7691,4screws,0.6727,known,4screws,0.045,0.0,0,5,manual
4,7692,4screws,0.8148,known,4screws,0.0414,0.0,0,5,manual
4,7693,4screws,0.6998,known,4screws,0.0381,0.0,0,5,manual
4,7694,4screws,0.8472,known,4screws,0.035,0.0,0,5,manual
4,7695,4screws,0.7503,known,4screws,0.0322,0.0,0,5,manual
4,7696,4screws,0.6477,known,4screws,0.0297,0.0,0,5,manual
4,7697,4screws,0.818,known,4screws,0.0273,0.0,0,5,manual
4,7698,4screws,0.963,known,4screws,0.0251,0.0,0,5,manual
4,7699,4screws,0.9497,known,4screws,0.0231,0.0,0,5,manual
4,7700,4screws,0.8556,known,4screws,0.0212,0.0,0,5,manual
4,7701,4screws,1.0013,unknown,,0.0995,0.0,0,5,manual
4,7702,4screws,0.7239,known,4screws,0.0916,0.0,0,5,manual
4,7703,4screws,0.7065,known,4screws,0.0843,0.0,0,5,manual
4,7704,4screws,0.9425,known,4screws,0.0775,0.0,0,5,manual
4,7705,4screws,0.5882,known,4screws,0.0713,0.0,0,5,manual
4,7706,4screws,0.7388,known,4screws,0.0656,0.0,0,5,manual
4,7707,4screws,0.8298,known,4screws,0.0604,0.0,0,5,manual
4,7708,4screws,0.8158,known,4screws,0.0555,0.0,0,5,manual
4,7709,4screws,0.7111,known,4screws,0.0511,0.0,0,5,manual
4,7710,4screws,0.8978,known,4screws,0.047,0.0,0,5,manual
4,7711,4screws,0.8432,known,4screws,0.0432,0.0,0,5,manual
4,7712,4screws,0.957,known,4screws,0.0398,0.0,0,5,manual
4,7713,4screws,0.566,known,4screws,0.0366,0.0,0,5,manual
4,7714,4screws,0.925,known,4screws,0.0337,0.0,0,5,manual
4,7715,4screws,0.8109,known,4screws,0.031,0.0,0,5,manual
4,7716,4screws,0.9,known,4screws,0.0285,0.0,0,5,manual
4,7717,4screws,0.7779,known,4screws,0.0262,0.0,0,5,manual
4,7718,4screws,0.7504,known,4screws,0.0241,0.0,0,5,manual
4,7719,4screws,0.6959,known,4screws,0.0222,0.0,0,5,manual
4,7720,4screws,0.9151,known,4screws,0.0204,0.0,0,5,manual
4,7721,4screws,0.8127,known,4screws,0.0188,0.0,0,5,manual
4,7722,4screws,0.74,known,4screws,0.0173,0.0,0,5,manual
4,7723,4screws,0.7495,known,4screws,0.0159,0.0,0,5,manual
4,7724,4screws,0.8536,known,4screws,0.0146,0.0,0,5,manual
4,7725,4screws,1.0013,unknown,,0.0935,0.0,0,5,manual
4,7726,4screws,0.9187,known,4screws,0.086,0.0,0,5,manual
4,7727,4screws,0.925,known,4screws,0.0791,0.0,0,5,manual
4,7728,4screws,0.6561,known,4screws,0.0728,0.0,0,5,manual
4,7729,4screws,0.8148,known,4screws,0.067,0.0,0,5,manual
4,7730,4screws,0.7503,known,4screws,0.0616,0.0,0,5,manual
4,7731,4screws,0.6619,known,4screws,0.0567,0.0,0,5,manual
4,7732,4screws,0.5882,known,4screws,0.0521,0.0,0,5,manual
4,7733,4screws,0.8556,known,4screws,0.048,0.0,0,5,manual
4,7734,4screws,0.867,known,4screws,0.0441,0.0,0,5,manual
4,7735,4screws,0.8553,known,4screws,0.0406,0.0,0,5,manual
4,7736,4screws,0.7065,known,4screws,0.0373,0.0,0,5,manual
4,7737,4screws,0.8071,known,4screws,0.0344,0.0,0,5,manual
4,7738,4screws,0.7779,known,4screws,0.0316,0.0,0,5,manual
4,7739,4screws,0.7388,known,4screws,0.0291,0.0,0,5,manual
4,7740,4screws,0.7039,known,4screws,0.0268,0.0,0,5,manual
4,7741,4screws,0.8432,known,4screws,0.0246,0.0,0,5,manual
4,7742,4screws,0.7623,known,4screws,0.0226,0.0,0,5,manual
4,7743,4screws,0.9825,known,4screws,0.0208,0.0,0,5,manual
4,7744,4screws,0.7499,known,4screws,0.0192,0.0,0,5,manual
4,7745,4screws,0.9962,known,4screws,0.0176,0.0,0,5,manual
4,7746,4screws,0.8706,known,4screws,0.0162,0.0,0,5,manual
4,7747,4screws,0.7239,known,4screws,0.0149,0.0,0,5,manual
4,7748,4screws,0.6959,known,4screws,0.0137,0.0,0,5,manual
4,7749,4screws,1.012,unknown,,0.0926,0.01,0,5,manual
4,7750,4screws,0.8558,known,4screws,0.0852,0.0,0,5,manual
4,7751,4screws,0.8084,known,4screws,0.0784,0.0,0,5,manual
4,7752,4screws,0.9425,known,4screws,0.0721,0.0,0,5,manual
4,7753,4screws,0.818,known,4screws,0.0664,0.0,0,5,manual
4,7754,4screws,0.8109,known,4screws,0.0611,0.0,0,5,manual
4,7755,4screws,0.8127,known,4screws,0.0562,0.0,0,5,manual
4,7756,4screws,0.9,known,4screws,0.0517,0.0,0,5,manual
4,7757,4screws,0.8536,known,4screws,0.0475,0.0,0,5,manual
4,7758,4screws,0.7376,known,4screws,0.0437,0.0,0,5,manual
4,7759,4screws,0.566,known,4screws,0.0402,0.0,0,5,manual
4,7760,4screws,0.8158,known,4screws,0.037,0.0,0,5,manual
4,7761,4screws,0.6998,known,4screws,0.0341,0.0,0,5,manual
4,7762,4screws,0.7504,known,4screws,0.0313,0.0,0,5,manual
4,7763,4screws,0.7495,known,4screws,0.0288,0.0,0,5,manual
4,7764,4screws,0.8525,known,4screws,0.0265,0.0,0,5,manual
4,7765,4screws,0.7025,known,4screws,0.0244,0.0,0,5,manual
4,7766,4screws,0.9151,known,4screws,0.0224,0.0,0,5,manual
4,7767,4screws,0.9497,known,4screws,0.0207,0.0,0,5,manual
4,7768,4screws,0.6477,known,4screws,0.019,0.0,0,5,manual
4,7769,4screws,0.7807,known,4screws,0.0175,0.0,0,5,manual
4,7770,4screws,0.8472,known,4screws,0.0161,0.0,0,5,manual
4,7771,4screws,0.963,known,4screws,0.0148,0.0,0,5,manual
4,7772,4screws,0.6773,known,4screws,0.0136,0.0,0,5,manual
4,7773,4screws,0.6727,known,4screws,0.0125,0.0,0,5,manual
4,7774,4screws,0.8438,known,4screws,0.0115,0.0,0,5,manual
4,7775,4screws,0.957,known,4screws,0.0106,0.0,0,5,manual
4,7776,4screws,0.7633,known,4screws,0.0098,0.0,0,5,manual
4,7777,4screws,0.8298,known,4screws,0.009,0.0,0,5,manual
4,7778,4screws,0.7778,known,4screws,0.0083,0.0,0,5,manual
4,7779,4screws,0.9276,known,4screws,0.0076,0.0,0,5,manual
4,7780,4screws,0.74,known,4screws,0.007,0.0,0,5,manual
4,7781,4screws,0.8978,known,4screws,0.0064,0.0,0,5,manual
4,7782,4screws,0.7111,known,4screws,0.0059,0.0,0,5,manual
4,7783,4screws,0.8472,known,4screws,0.0054,0.0,0,5,manual
4,7784,4screws,0.9425,known,4screws,0.005,0.0,0,5,manual
4,7785,4screws,0.9,known,4screws,0.0046,0.0,0,5,manual
4,7786,4screws,0.9825,known,4screws,0.0042,0.0,0,5,manual
4,7787,4screws,0.963,known,4screws,0.0039,0.0,0,5,manual
4,7788,4screws,0.8148,known,4screws,0.0036,0.0,0,5,manual
4,7789,4screws,0.566,known,4screws,0.0033,0.0,0,5,manual
4,7790,4screws,0.8536,known,4screws,0.003,0.0,0,5,manual
4,7791,4screws,0.7504,known,4screws,0.0028,0.0,0,5,manual
4,7792,4screws,0.8298,known,4screws,0.0026,0.0,0,5,manual
4,7793,4screws,0.6773,known,4screws,0.0024,0.0,0,5,manual
4,7794,4screws,0.8706,known,4screws,0.0022,0.0,0,5,manual
4,7795,4screws,1.012,unknown,,0.082,0.01,0,5,manual
4,7796,4screws,0.6477,known,4screws,0.0754,0.0,0,5,manual
4,7797,4screws,0.8084,known,4screws,0.0694,0.0,0,5,manual
4,7798,4screws,0.6727,known,4screws,0.0639,0.0,0,5,manual
4,7799,4screws,0.8978,known,4screws,0.0587,0.0,0,5,manual
4,7800,4screws,0.9151,known,4screws,0.054,0.0,0,5,manual
4,7801,4screws,0.7025,known,4screws,0.0497,0.0,0,5,manual
4,7802,4screws,0.957,known,4screws,0.0457,0.0,0,5,manual
4,7803,4screws,0.7111,known,4screws,0.0421,0.0,0,5,manual
4,7804,4screws,0.8071,known,4screws,0.0387,0.0,0,5,manual
4,7805,4screws,0.8558,known,4screws,0.0356,0.0,0,5,manual
4,7806,4screws,1.0013,unknown,,0.1128,0.0,0,5,manual
4,7807,4screws,0.7633,known,4screws,0.1037,0.0,0,5,manual
4,7808,4screws,0.7499,known,4screws,0.0954,0.0,0,5,manual
4,7809,4screws,0.9497,known,4screws,0.0878,0.0,0,5,manual
4,7810,4screws,0.7778,known,4screws,0.0808,0.0,0,5,manual
4,7811,4screws,0.6561,known,4screws,0.0743,0.0,0,5,manual
4,7812,4screws,0.6998,known,4screws,0.0684,0.0,0,5,manual
4,7813,4screws,0.7039,known,4screws,0.0629,0.0,0,5,manual
4,7814,4screws,0.8525,known,4screws,0.0579,0.0,0,5,manual
4,7815,4screws,0.925,known,4screws,0.0532,0.0,0,5,manual
4,7816,4screws,0.818,known,4screws,0.049,0.0,0,5,manual
4,7817,4screws,0.8109,known,4screws,0.0451,0.0,0,5,manual
4,7818,4screws,0.6619,known,4screws,0.0415,0.0,0,5,manual
4,7819,4screws,0.8127,known,4screws,0.0381,0.0,0,5,manual
4,7820,4screws,0.7376,known,4screws,0.0351,0.0,0,5,manual
4,7821,4screws,0.7623,known,4screws,0.0323,0.0,0,5,manual
4,7822,4screws,0.8158,known,4screws,0.0297,0.0,0,5,manual
4,7823,4screws,0.8438,known,4screws,0.0273,0.0,0,5,manual
4,7824,4screws,0.8556,known,4screws,0.0251,0.0,0,5,manual
4,7825,4screws,0.7807,known,4screws,0.0231,0.0,0,5,manual
4,7826,4screws,0.7388,known,4screws,0.0213,0.0,0,5,manual
4,7827,4screws,0.7065,known,4screws,0.0196,0.0,0,5,manual
4,7828,4screws,0.7503,known,4screws,0.018,0.0,0,5,manual
4,7829,4screws,0.7239,known,4screws,0.0166,0.0,0,5,manual
4,7830,4screws,0.867,known,4screws,0.0152,0.0,0,5,manual
4,7831,4screws,0.9276,known,4screws,0.014,0.0,0,5,manual
4,7832,4screws,0.8432,known,4screws,0.0129,0.0,0,5,manual
4,7833,4screws,0.9187,known,4screws,0.0119,0.0,0,5,manual
4,7834,4screws,0.9962,known,4screws,0.0109,0.0,0,5,manual
4,7835,4screws,0.8553,known,4screws,0.01,0.0,0,5,manual
4,7836,4screws,0.5882,known,4screws,0.0092,0.0,0,5,manual
4,7837,4screws,0.74,known,4screws,0.0085,0.0,0,5,manual
4,7838,4screws,0.7779,known,4screws,0.0078,0.0,0,5,manual
4,7839,4screws,0.6959,known,4screws,0.0072,0.0,0,5,manual
4,7840,4screws,0.7495,known,4screws,0.0066,0.0,0,5,manual
4,7841,4screws,0.6477,known,4screws,0.0061,0.0,0,5,manual
4,7842,4screws,0.963,known,4screws,0.0056,0.0,0,5,manual
4,7843,4screws,0.957,known,4screws,0.0052,0.0,0,5,manual
4,7844,4screws,0.7779,known,4screws,0.0047,0.0,0,5,manual
4,7845,4screws,0.9151,known,4screws,0.0044,0.0,0,5,manual
4,7846,4screws,0.7778,known,4screws,0.004,0.0,0,5,manual
4,7847,4screws,0.9425,known,4screws,0.0037,0.0,0,5,manual
4,7848,4screws,0.8298,known,4screws,0.0034,0.0,0,5,manual
4,7849,4screws,0.8556,known,4screws,0.0031,0.0,0,5,manual
4,7850,4screws,0.9497,known,4screws,0.0029,0.0,0,5,manual
4,7851,4screws,0.7111,known,4screws,0.0026,0.0,0,5,manual
4,7852,4screws,0.7376,known,4screws,0.0024,0.0,0,5,manual
4,7853,4screws,0.7633,known,4screws,0.0022,0.0,0,5,manual
4,7854,4screws,0.7388,known,4screws,0.0021,0.0,0,5,manual
4,7855,4screws,0.9962,known,4screws,0.0019,0.0,0,5,manual
4,7856,4screws,0.6561,known,4screws,0.0017,0.0,0,5,manual
4,7857,4screws,0.8158,known,4screws,0.0016,0.0,0,5,manual
4,7858,4screws,1.0013,unknown,,0.0815,0.0,0,5,manual
4,7859,4screws,0.7039,known,4screws,0.075,0.0,0,5,manual
4,7860,4screws,0.8127,known,4screws,0.069,0.0,0,5,manual
4,7861,4screws,0.6998,known,4screws,0.0634,0.0,0,5,manual
4,7862,4screws,0.7504,known,4screws,0.0584,0.0,0,5,manual
4,7863,4screws,0.8525,known,4screws,0.0537,0.0,0,5,manual
4,7864,4screws,0.7065,known,4screws,0.0494,0.0,0,5,manual
4,7865,4screws,0.8472,known,4screws,0.0455,0.0,0,5,manual
4,7866,4screws,0.74,known,4screws,0.0418,0.0,0,5,manual
4,7867,4screws,0.925,known,4screws,0.0385,0.0,0,5,manual
4,7868,4screws,0.6959,known,4screws,0.0354,0.0,0,5,manual
4,7869,4screws,0.8148,known,4screws,0.0326,0.0,0,5,manual
4,7870,4screws,0.9276,known,4screws,0.03,0.0,0,5,manual
4,7871,4screws,0.867,known,4screws,0.0276,0.0,0,5,manual
4,7872,4screws,0.818,known,4screws,0.0254,0.0,0,5,manual
4,7873,4screws,0.7503,known,4screws,0.0233,0.0,0,5,manual
4,7874,4screws,0.8558,known,4screws,0.0215,0.0,0,5,manual
4,7875,4screws,0.8438,known,4screws,0.0197,0.0,0,5,manual
4,7876,4screws,0.8432,known,4screws,0.0182,0.0,0,5,manual
4,7877,4screws,0.9825,known,4screws,0.0167,0.0,0,5,manual
4,7878,4screws,0.8109,known,4screws,0.0154,0.0,0,5,manual
4,7879,4screws,0.8536,known,4screws,0.0141,0.0,0,5,manual
4,7880,4screws,0.8071,known,4screws,0.013,0.0,0,5,manual
4,7881,4screws,0.6727,known,4screws,0.012,0.0,0,5,manual
4,7882,4screws,0.7025,known,4screws,0.011,0.0,0,5,manual
4,7883,4screws,0.8706,known,4screws,0.0101,0.0,0,5,manual
4,7884,4screws,0.7499,known,4screws,0.0093,0.0,0,5,manual
4,7885,4screws,0.7239,known,4screws,0.0086,0.0,0,5,manual
4,7886,4screws,0.9,known,4screws,0.0079,0.0,0,5,manual
4,7887,4screws,0.8084,known,4screws,0.0073,0.0,0,5,manual
4,7888,4screws,0.6619,known,4screws,0.0067,0.0,0,5,manual
4,7889,4screws,0.7807,known,4screws,0.0061,0.0,0,5,manual
4,7890,4screws,1.012,unknown,,0.0857,0.01,0,5,manual
4,7891,4screws,0.5882,known,4screws,0.0788,0.0,0,5,manual
4,7892,4screws,0.9187,known,4screws,0.0725,0.0,0,5,manual
4,7893,4screws,0.8553,known,4screws,0.0667,0.0,0,5,manual
4,7894,4screws,0.6773,known,4screws,0.0614,0.0,0,5,manual
4,7895,4screws,0.7495,known,4screws,0.0565,0.0,0,5,manual
4,7896,4screws,0.8978,known,4screws,0.0519,0.0,0,5,manual
4,7897,4screws,0.566,known,4screws,0.0478,0.0,0,5,manual
4,7898,4screws,0.7623,known,4screws,0.044,0.0,0,5,manual
4,7899,4screws,0.7504,known,4screws,0.0404,0.0,0,5,manual
4,7900,4screws,0.7495,known,4screws,0.0372,0.0,0,5,manual
4,7901,4screws,0.9187,known,4screws,0.0342,0.0,0,5,manual
4,7902,4screws,0.6959,known,4screws,0.0315,0.0,0,5,manual
4,7903,4screws,0.8109,known,4screws,0.029,0.0,0,5,manual
4,7904,4screws,0.7239,known,4screws,0.0267,0.0,0,5,manual
4,7905,4screws,0.9,known,4screws,0.0245,0.0,0,5,manual
4,7906,4screws,0.7388,known,4screws,0.0226,0.0,0,5,manual
4,7907,4screws,0.7778,known,4screws,0.0208,0.0,0,5,manual
4,7908,4screws,0.8438,known,4screws,0.0191,0.0,0,5,manual
4,7909,4screws,0.8472,known,4screws,0.0176,0.0,0,5,manual
4,7910,4screws,0.8706,known,4screws,0.0162,0.0,0,5,manual
4,7911,4screws,0.963,known,4screws,0.0149,0.0,0,5,manual
4,7912,4screws,0.8525,known,4screws,0.0137,0.0,0,5,manual
4,7913,4screws,0.8558,known,4screws,0.0126,0.0,0,5,manual
4,7914,4screws,1.0013,unknown,,0.0916,0.0,0,5,manual
4,7915,4screws,0.8084,known,4screws,0.0843,0.0,0,5,manual
4,7916,4screws,0.8432,known,4screws,0.0775,0.0,0,5,manual
4,7917,4screws,0.9825,known,4screws,0.0713,0.0,0,5,manual
4,7918,4screws,0.74,known,4screws,0.0656,0.0,0,5,manual
4,7919,4screws,0.5882,known,4screws,0.0604,0.0,0,5,manual
4,7920,4screws,0.9425,known,4screws,0.0555,0.0,0,5,manual
4,7921,4screws,0.6561,known,4screws,0.0511,0.0,0,5,manual
4,7922,4screws,0.7039,known,4screws,0.047,0.0,0,5,manual
4,7923,4screws,0.7025,known,4screws,0.0432,0.0,0,5,manual
4,7924,4screws,0.6727,known,4screws,0.0398,0.0,0,5,manual
4,7925,4screws,0.7499,known,4screws,0.0366,0.0,0,5,manual
4,7926,4screws,0.818,known,4screws,0.0337,0.0,0,5,manual
4,7927,4screws,0.8298,known,4screws,0.031,0.0,0,5,manual
4,7928,4screws,0.6773,known,4screws,0.0285,0.0,0,5,manual
4,7929,4screws,0.6477,known,4screws,0.0262,0.0,0,5,manual
4,7930,4screws,0.8556,known,4screws,0.0241,0.0,0,5,manual
4,7931,4screws,0.7065,known,4screws,0.0222,0.0,0,5,manual
4,7932,4screws,0.8536,known,4screws,0.0204,0.0,0,5,manual
4,7933,4screws,0.9962,known,4screws,0.0188,0.0,0,5,manual
4,7934,4screws,0.8148,known,4screws,0.0173,0.0,0,5,manual
4,7935,4screws,0.867,known,4screws,0.0159,0.0,0,5,manual
4,7936,4screws,0.9276,known,4screws,0.0146,0.0,0,5,manual
4,7937,4screws,0.6998,known,4screws,0.0135,0.0,0,5,manual
4,7938,4screws,0.8071,known,4screws,0.0124,0.0,0,5,manual
4,7939,4screws,0.8978,known,4screws,0.0114,0.0,0,5,manual
4,7940,4screws,0.925,known,4screws,0.0105,0.0,0,5,manual
4,7941,4screws,0.7503,known,4screws,0.0096,0.0,0,5,manual
4,7942,4screws,0.7779,known,4screws,0.0089,0.0,0,5,manual
4,7943,4screws,0.8158,known,4screws,0.0082,0.0,0,5,manual
4,7944,4screws,0.7633,known,4screws,0.0075,0.0,0,5,manual
4,7945,4screws,0.7111,known,4screws,0.0069,0.0,0,5,manual
4,7946,4screws,0.957,known,4screws,0.0064,0.0,0,5,manual
4,7947,4screws,0.7376,known,4screws,0.0058,0.0,0,5,manual
4,7948,4screws,0.7623,known,4screws,0.0054,0.0,0,5,manual
4,7949,4screws,0.7807,known,4screws,0.0049,0.0,0,5,manual
4,7950,4screws,0.9151,known,4screws,0.0046,0.0,0,5,manual
4,7951,4screws,0.8553,known,4screws,0.0042,0.0,0,5,manual
4,7952,4screws,0.9497,known,4screws,0.0039,0.0,0,5,manual
4,7953,4screws,0.6619,known,4screws,0.0035,0.0,0,5,manual
4,7954,4screws,0.8127,known,4screws,0.0033,0.0,0,5,manual
4,7955,4screws,1.012,unknown,,0.083,0.01,0,5,manual
4,7956,4screws,0.566,known,4screws,0.0764,0.0,0,5,manual
4,7957,4screws,0.566,known,4screws,0.0703,0.0,0,5,manual
4,7958,4screws,0.9276,known,4screws,0.0646,0.0,0,5,manual
4,7959,4screws,0.8706,known,4screws,0.0595,0.0,0,5,manual
4,7960,4screws,0.7779,known,4screws,0.0547,0.0,0,5,manual
4,7961,4screws,0.7388,known,4screws,0.0503,0.0,0,5,manual
4,7962,4screws,0.9825,known,4screws,0.0463,0.0,0,5,manual
4,7963,4screws,0.9497,known,4screws,0.0426,0.0,0,5,manual
4,7964,4screws,0.6619,known,4screws,0.0392,0.0,0,5,manual
4,7965,4screws,0.7778,known,4screws,0.0361,0.0,0,5,manual
4,7966,4screws,0.7495,known,4screws,0.0332,0.0,0,5,manual
4,7967,4screws,0.8109,known,4screws,0.0305,0.0,0,5,manual
4,7968,4screws,0.6561,known,4screws,0.0281,0.0,0,5,manual
4,7969,4screws,0.8084,known,4screws,0.0258,0.0,0,5,manual
4,7970,4screws,0.6959,known,4screws,0.0238,0.0,0,5,manual
4,7971,4screws,1.012,unknown,,0.1019,0.01,0,5,manual
4,7972,4screws,0.6998,known,4screws,0.0937,0.0,0,5,manual
4,7973,4screws,0.963,known,4screws,0.0862,0.0,0,5,manual
4,7974,4screws,0.818,known,4screws,0.0793,0.0,0,5,manual
4,7975,4screws,0.7633,known,4screws,0.073,0.0,0,5,manual
4,7976,4screws,0.925,known,4screws,0.0671,0.0,0,5,manual
4,7977,4screws,0.7025,known,4screws,0.0618,0.0,0,5,manual
4,7978,4screws,0.7503,known,4screws,0.0568,0.0,0,5,manual
4,7979,4screws,0.7504,known,4screws,0.0523,0.0,0,5,manual
4,7980,4screws,1.0013,unknown,,0.1281,0.0,0,5,manual
4,7981,4screws,0.8432,known,4screws,0.1178,0.0,0,5,manual
4,7982,4screws,0.8556,known,4screws,0.1084,0.0,0,5,manual
4,7983,4screws,0.7623,known,4screws,0.0997,0.0,0,5,manual
4,7984,4screws,0.8127,known,4screws,0.0918,0.0,0,5,manual
4,7985,4screws,0.6773,known,4screws,0.0844,0.0,0,5,manual
4,7986,4screws,0.9,known,4screws,0.0777,0.0,0,5,manual
4,7987,4screws,0.8558,known,4screws,0.0715,0.0,0,5,manual
4,7988,4screws,0.867,known,4screws,0.0657,0.0,0,5,manual
4,7989,4screws,0.8536,known,4screws,0.0605,0.0,0,5,manual
4,7990,4screws,0.8438,known,4screws,0.0556,0.0,0,5,manual
4,7991,4screws,0.7039,known,4screws,0.0512,0.0,0,5,manual
4,7992,4screws,0.8148,known,4screws,0.0471,0.0,0,5,manual
4,7993,4screws,0.6727,known,4screws,0.0433,0.0,0,5,manual
4,7994,4screws,0.74,known,4screws,0.0399,0.0,0,5,manual
4,7995,4screws,0.9962,known,4screws,0.0367,0.0,0,5,manual
4,7996,4screws,0.9425,known,4screws,0.0337,0.0,0,5,manual
4,7997,4screws,0.8298,known,4screws,0.031,0.0,0,5,manual
4,7998,4screws,0.7499,known,4screws,0.0286,0.0,0,5,manual
4,7999,4screws,0.8553,known,4screws,0.0263,0.0,0,5,manual
4,8000,4screws,0.9151,known,4screws,0.0242,0.0,0,5,manual
4,8001,4screws,0.7065,known,4screws,0.0222,0.0,0,5,manual
4,8002,4screws,0.957,known,4screws,0.0205,0.0,0,5,manual
4,8003,4screws,0.8071,known,4screws,0.0188,0.0,0,5,manual
4,8004,4screws,0.7239,known,4screws,0.0173,0.0,0,5,manual
4,8005,4screws,0.7807,known,4screws,0.0159,0.0,0,5,manual
4,8006,4screws,0.5882,known,4screws,0.0147,0.0,0,5,manual
4,8007,4screws,0.9187,known,4screws,0.0135,0.0,0,5,manual
4,8008,4screws,0.8978,known,4screws,0.0124,0.0,0,5,manual
4,8009,4screws,0.7111,known,4screws,0.0114,0.0,0,5,manual
4,8010,4screws,0.6477,known,4screws,0.0105,0.0,0,5,manual
4,8011,4screws,0.7376,known,4screws,0.0097,0.0,0,5,manual
4,8012,4screws,0.8525,known,4screws,0.0089,0.0,0,5,manual
4,8013,4screws,0.8472,known,4screws,0.0082,0.0,0,5,manual
4,8014,4screws,0.8158,known,4screws,0.0075,0.0,0,5,manual
4,8015,4screws,0.8127,known,4screws,0.0069,0.0,0,5,manual
4,8016,4screws,0.7633,known,4screws,0.0064,0.0,0,5,manual
4,8017,4screws,0.8536,known,4screws,0.0059,0.0,0,5,manual
4,8018,4screws,0.957,known,4screws,0.0054,0.0,0,5,manual
4,8019,4screws,0.7376,known,4screws,0.005,0.0,0,5,manual
4,8020,4screws,0.8553,known,4screws,0.0046,0.0,0,5,manual
4,8021,4screws,0.8438,known,4screws,0.0042,0.0,0,5,manual
4,8022,4screws,0.8432,known,4screws,0.0039,0.0,0,5,manual
4,8023,4screws,0.925,known,4screws,0.0036,0.0,0,5,manual
4,8024,4screws,0.6619,known,4screws,0.0033,0.0,0,5,manual
4,8025,4screws,0.5882,known,4screws,0.003,0.0,0,5,manual
4,8026,4screws,0.6477,known,4screws,0.0028,0.0,0,5,manual
4,8027,4screws,0.8084,known,4screws,0.0025,0.0,0,5,manual
4,8028,4screws,1.012,unknown,,0.0823,0.01,0,5,manual
4,8029,4screws,1.0013,unknown,,0.1558,0.01,0,5,manual
4,8030,4screws,0.9425,known,4screws,0.1433,0.0,0,5,manual
4,8031,4screws,0.7623,known,4screws,0.1318,0.0,0,5,manual
4,8032,4screws,0.7111,known,4screws,0.1213,0.0,0,5,manual
4,8033,4screws,0.9187,known,4screws,0.1116,0.0,0,5,manual
4,8034,4screws,0.6773,known,4screws,0.1027,0.0,0,5,manual
4,8035,4screws,0.7807,known,4screws,0.0944,0.0,0,5,manual
4,8036,4screws,0.7504,known,4screws,0.0869,0.0,0,5,manual
4,8037,4screws,0.8556,known,4screws,0.0799,0.0,0,5,manual
4,8038,4screws,0.6998,known,4screws,0.0735,0.0,0,5,manual
4,8039,4screws,0.867,known,4screws,0.0677,0.0,0,5,manual
4,8040,4screws,0.7065,known,4screws,0.0622,0.0,0,5,manual
4,8041,4screws,0.7039,known,4screws,0.0573,0.0,0,5,manual
4,8042,4screws,0.7779,known,4screws,0.0527,0.0,0,5,manual
4,8043,4screws,0.8472,known,4screws,0.0485,0.0,0,5,manual
4,8044,4screws,0.8558,known,4screws,0.0446,0.0,0,5,manual
4,8045,4screws,0.9962,known,4screws,0.041,0.0,0,5,manual
4,8046,4screws,0.7239,known,4screws,0.0377,0.0,0,5,manual
4,8047,4screws,0.7495,known,4screws,0.0347,0.0,0,5,manual
4,8048,4screws,0.7388,known,4screws,0.0319,0.0,0,5,manual
4,8049,4screws,0.7499,known,4screws,0.0294,0.0,0,5,manual
4,8050,4screws,0.8978,known,4screws,0.027,0.0,0,5,manual
4,8051,4screws,0.9825,known,4screws,0.0249,0.0,0,5,manual
4,8052,4screws,0.6727,known,4screws,0.0229,0.0,0,5,manual
4,8053,4screws,0.566,known,4screws,0.0211,0.0,0,5,manual
4,8054,4screws,0.818,known,4screws,0.0194,0.0,0,5,manual
4,8055,4screws,0.6561,known,4screws,0.0178,0.0,0,5,manual
4,8056,4screws,0.7503,known,4screws,0.0164,0.0,0,5,manual
4,8057,4screws,0.8071,known,4screws,0.0151,0.0,0,5,manual
4,8058,4screws,0.8706,known,4screws,0.0139,0.0,0,5,manual
4,8059,4screws,0.8148,known,4screws,0.0128,0.0,0,5,manual
4,8060,4screws,0.963,known,4screws,0.0117,0.0,0,5,manual
4,8061,4screws,0.8109,known,4screws,0.0108,0.0,0,5,manual
4,8062,4screws,0.8298,known,4screws,0.0099,0.0,0,5,manual
4,8063,4screws,0.6959,known,4screws,0.0091,0.0,0,5,manual
4,8064,4screws,0.9497,known,4screws,0.0084,0.0,0,5,manual
4,8065,4screws,0.7778,known,4screws,0.0077,0.0,0,5,manual
4,8066,4screws,0.8158,known,4screws,0.0071,0.0,0,5,manual
4,8067,4screws,0.7025,known,4screws,0.0066,0.0,0,5,manual
4,8068,4screws,0.8525,known,4screws,0.006,0.0,0,5,manual
4,8069,4screws,0.9276,known,4screws,0.0055,0.0,0,5,manual
4,8070,4screws,0.9151,known,4screws,0.0051,0.0,0,5,manual
4,8071,4screws,0.74,known,4screws,0.0047,0.0,0,5,manual
4,8072,4screws,0.9,known,4screws,0.0043,0.0,0,5,manual
4,8073,4screws,0.6561,known,4screws,0.004,0.0,0,5,manual
4,8074,4screws,0.8084,known,4screws,0.0037,0.0,0,5,manual
4,8075,4screws,0.6773,known,4screws,0.0034,0.0,0,5,manual
4,8076,4screws,1.0013,unknown,,0.0831,0.0,0,5,manual
4,8077,4screws,0.7039,known,4screws,0.0764,0.0,0,5,manual
4,8078,4screws,0.7623,known,4screws,0.0703,0.0,0,5,manual
4,8079,4screws,0.7807,known,4screws,0.0647,0.0,0,5,manual
4,8080,4screws,0.7495,known,4screws,0.0595,0.0,0,5,manual
4,8081,4screws,0.7065,known,4screws,0.0548,0.0,0,5,manual
4,8082,4screws,0.8432,known,4screws,0.0504,0.0,0,5,manual
4,8083,4screws,0.9962,known,4screws,0.0464,0.0,0,5,manual
4,8084,4screws,0.818,known,4screws,0.0426,0.0,0,5,manual
4,8085,4screws,0.8472,known,4screws,0.0392,0.0,0,5,manual
4,8086,4screws,0.8706,known,4screws,0.0361,0.0,0,5,manual
4,8087,4screws,0.8978,known,4screws,0.0332,0.0,0,5,manual
4,8088,4screws,0.8109,known,4screws,0.0306,0.0,0,5,manual
4,8089,4screws,0.6959,known,4screws,0.0281,0.0,0,5,manual
4,8090,4screws,0.7239,known,4screws,0.0259,0.0,0,5,manual
4,8091,4screws,0.9425,known,4screws,0.0238,0.0,0,5,manual
4,8092,4screws,0.8158,known,4screws,0.0219,0.0,0,5,manual
4,8093,4screws,0.9151,known,4screws,0.0201,0.0,0,5,manual
4,8094,4screws,0.8556,known,4screws,0.0185,0.0,0,5,manual
4,8095,4screws,0.9187,known,4screws,0.017,0.0,0,5,manual
4,8096,4screws,0.6619,known,4screws,0.0157,0.0,0,5,manual
4,8097,4screws,0.9276,known,4screws,0.0144,0.0,0,5,manual
4,8098,4screws,0.7388,known,4screws,0.0133,0.0,0,5,manual
4,8099,4screws,0.8525,known,4screws,0.0122,0.0,0,5,manual
4,8100,4screws,0.7025,known,4screws,0.0112,0.0,0,5,manual
4,8101,4screws,0.8558,known,4screws,0.0103,0.0,0,5,manual
4,8102,4screws,0.8438,known,4screws,0.0095,0.0,0,5,manual
4,8103,4screws,0.8127,known,4screws,0.0087,0.0,0,5,manual
4,8104,4screws,0.8553,known,4screws,0.008,0.0,0,5,manual
4,8105,4screws,0.963,known,4screws,0.0074,0.0,0,5,manual
4,8106,4screws,0.5882,known,4screws,0.0068,0.0,0,5,manual
4,8107,4screws,0.6477,known,4screws,0.0063,0.0,0,5,manual
4,8108,4screws,1.012,unknown,,0.0858,0.01,0,5,manual
4,8109,4screws,0.7504,known,4screws,0.0789,0.0,0,5,manual
4,8110,4screws,0.6727,known,4screws,0.0726,0.0,0,5,manual
4,8111,4screws,0.9,known,4screws,0.0668,0.0,0,5,manual
4,8112,4screws,0.8071,known,4screws,0.0614,0.0,0,5,manual
4,8113,4screws,0.8148,known,4screws,0.0565,0.0,0,5,manual
4,8114,4screws,0.7503,known,4screws,0.052,0.0,0,5,manual
4,8115,4screws,0.8536,known,4screws,0.0478,0.0,0,5,manual
4,8116,4screws,0.9497,known,4screws,0.044,0.0,0,5,manual
4,8117,4screws,0.7111,known,4screws,0.0405,0.0,0,5,manual
4,8118,4screws,0.566,known,4screws,0.0373,0.0,0,5,manual
4,8119,4screws,0.7633,known,4screws,0.0343,0.0,0,5,manual
4,8120,4screws,0.74,known,4screws,0.0315,0.0,0,5,manual
4,8121,4screws,0.7499,known,4screws,0.029,0.0,0,5,manual
4,8122,4screws,0.7376,known,4screws,0.0267,0.0,0,5,manual
4,8123,4screws,0.9825,known,4screws,0.0246,0.0,0,5,manual
4,8124,4screws,0.7778,known,4screws,0.0226,0.0,0,5,manual
4,8125,4screws,0.8298,known,4screws,0.0208,0.0,0,5,manual
4,8126,4screws,0.6998,known,4screws,0.0191,0.0,0,5,manual
4,8127,4screws,0.7779,known,4screws,0.0176,0.0,0,5,manual
4,8128,4screws,0.925,known,4screws,0.0162,0.0,0,5,manual
4,8129,4screws,0.867,known,4screws,0.0149,0.0,0,5,manual
4,8130,4screws,0.957,known,4screws,0.0137,0.0,0,5,manual
4,8131,4screws,0.957,known,4screws,0.0126,0.0,0,5,manual
4,8132,4screws,0.6998,known,4screws,0.0116,0.0,0,5,manual
4,8133,4screws,0.8432,known,4screws,0.0107,0.0,0,5,manual
4,8134,4screws,0.8553,known,4screws,0.0098,0.0,0,5,manual
4,8135,4screws,0.8706,known,4screws,0.009,0.0,0,5,manual
4,8136,4screws,0.8158,known,4screws,0.0083,0.0,0,5,manual
4,8137,4screws,0.6727,known,4screws,0.0076,0.0,0,5,manual
4,8138,4screws,0.74,known,4screws,0.007,0.0,0,5,manual
4,8139,4screws,0.6561,known,4screws,0.0065,0.0,0,5,manual
4,8140,4screws,0.7633,known,4screws,0.006,0.0,0,5,manual
4,8141,4screws,0.6959,known,4screws,0.0055,0.0,0,5,manual
4,8142,4screws,0.8084,known,4screws,0.005,0.0,0,5,manual
4,8143,4screws,0.7111,known,4screws,0.0046,0.0,0,5,manual
4,8144,4screws,0.963,known,4screws,0.0043,0.0,0,5,manual
4,8145,4screws,0.8109,known,4screws,0.0039,0.0,0,5,manual
4,8146,4screws,0.818,known,4screws,0.0036,0.0,0,5,manual
4,8147,4screws,0.7065,known,4screws,0.0033,0.0,0,5,manual
4,8148,4screws,0.7376,known,4screws,0.0031,0.0,0,5,manual
4,8149,4screws,0.6773,known,4screws,0.0028,0.0,0,5,manual
4,8150,4screws,0.7623,known,4screws,0.0026,0.0,0,5,manual
4,8151,4screws,0.6619,known,4screws,0.0024,0.0,0,5,manual
4,8152,4screws,0.8525,known,4screws,0.0022,0.0,0,5,manual
4,8153,4screws,0.9276,known,4screws,0.002,0.0,0,5,manual
4,8154,4screws,0.5882,known,4screws,0.0019,0.0,0,5,manual
4,8155,4screws,0.566,known,4screws,0.0017,0.0,0,5,manual
4,8156,4screws,0.7039,known,4screws,0.0016,0.0,0,5,manual
4,8157,4screws,0.7779,known,4screws,0.0014,0.0,0,5,manual
4,8158,4screws,0.9825,known,4screws,0.0013,0.0,0,5,manual
4,8159,4screws,0.9151,known,4screws,0.0012,0.0,0,5,manual
4,8160,4screws,1.012,unknown,,0.0811,0.01,0,5,manual
4,8161,4screws,0.8978,known,4screws,0.0746,0.0,0,5,manual
4,8162,4screws,0.8558,known,4screws,0.0687,0.0,0,5,manual
4,8163,4screws,0.8298,known,4screws,0.0632,0.0,0,5,manual
4,8164,4screws,0.9,known,4screws,0.0581,0.0,0,5,manual
4,8165,4screws,0.8148,known,4screws,0.0535,0.0,0,5,manual
4,8166,4screws,0.8556,known,4screws,0.0492,0.0,0,5,manual
4,8167,4screws,0.7778,known,4screws,0.0453,0.0,0,5,manual
4,8168,4screws,0.7503,known,4screws,0.0416,0.0,0,5,manual
4,8169,4screws,0.9497,known,4screws,0.0383,0.0,0,5,manual
4,8170,4screws,0.7807,known,4screws,0.0352,0.0,0,5,manual
4,8171,4screws,0.9187,known,4screws,0.0324,0.0,0,5,manual
4,8172,4screws,1.0013,unknown,,0.1098,0.0,0,5,manual
4,8173,4screws,0.7499,known,4screws,0.101,0.0,0,5,manual
4,8174,4screws,0.925,known,4screws,0.093,0.0,0,5,manual
4,8175,4screws,0.7025,known,4screws,0.0855,0.0,0,5,manual
4,8176,4screws,0.867,known,4screws,0.0787,0.0,0,5,manual
4,8177,4screws,0.6477,known,4screws,0.0724,0.0,0,5,manual
4,8178,4screws,0.8127,known,4screws,0.0666,0.0,0,5,manual
4,8179,4screws,0.7239,known,4screws,0.0613,0.0,0,5,manual
4,8180,4screws,0.9962,known,4screws,0.0564,0.0,0,5,manual
4,8181,4screws,0.8071,known,4screws,0.0519,0.0,0,5,manual
4,8182,4screws,0.7495,known,4screws,0.0477,0.0,0,5,manual
4,8183,4screws,0.7388,known,4screws,0.0439,0.0,0,5,manual
4,8184,4screws,0.8536,known,4screws,0.0404,0.0,0,5,manual
4,8185,4screws,0.7504,known,4screws,0.0371,0.0,0,5,manual
4,8186,4screws,0.8438,known,4screws,0.0342,0.0,0,5,manual
4,8187,4screws,0.8472,known,4screws,0.0314,0.0,0,5,manual
4,8188,4screws,0.9425,known,4screws,0.0289,0.0,0,5,manual
4,8189,4screws,0.9151,known,4screws,0.0266,0.0,0,5,manual
4,8190,4screws,0.8536,known,4screws,0.0245,0.0,0,5,manual
4,8191,4screws,0.6727,known,4screws,0.0225,0.0,0,5,manual
4,8192,4screws,0.925,known,4screws,0.0207,0.0,0,5,manual
4,8193,4screws,0.8438,known,4screws,0.0191,0.0,0,5,manual
4,8194,4screws,1.0013,unknown,,0.0975,0.0,0,5,manual
4,8195,4screws,0.7778,known,4screws,0.0897,0.0,0,5,manual
4,8196,4screws,0.7239,known,4screws,0.0826,0.0,0,5,manual
4,8197,4screws,0.74,known,4screws,0.076,0.0,0,5,manual
4,8198,4screws,0.8298,known,4screws,0.0699,0.0,0,5,manual
4,8199,4screws,0.6561,known,4screws,0.0643,0.0,0,5,manual
4,8200,4screws,0.7025,known,4screws,0.0591,0.0,0,5,manual
4,8201,4screws,0.5882,known,4screws,0.0544,0.0,0,5,manual
4,8202,4screws,0.957,known,4screws,0.0501,0.0,0,5,manual
4,8203,4screws,0.7623,known,4screws,0.0461,0.0,0,5,manual
4,8204,4screws,1.012,unknown,,0.1224,0.01,0,5,manual
4,8205,4screws,0.7388,known,4screws,0.1126,0.0,0,5,manual
4,8206,4screws,0.9497,known,4screws,0.1036,0.0,0,5,manual
4,8207,4screws,0.7504,known,4screws,0.0953,0.0,0,5,manual
4,8208,4screws,0.8432,known,4screws,0.0877,0.0,0,5,manual
4,8209,4screws,0.818,known,4screws,0.0807,0.0,0,5,manual
4,8210,4screws,0.8553,known,4screws,0.0742,0.0,0,5,manual
4,8211,4screws,0.9,known,4screws,0.0683,0.0,0,5,manual
4,8212,4screws,0.7503,known,4screws,0.0628,0.0,0,5,manual
4,8213,4screws,0.7039,known,4screws,0.0578,0.0,0,5,manual
4,8214,4screws,0.8158,known,4screws,0.0532,0.0,0,5,manual
4,8215,4screws,0.7495,known,4screws,0.0489,0.0,0,5,manual
4,8216,4screws,0.8556,known,4screws,0.045,0.0,0,5,manual
4,8217,4screws,0.6959,known,4screws,0.0414,0.0,0,5,manual
4,8218,4screws,0.7376,known,4screws,0.0381,0.0,0,5,manual
4,8219,4screws,0.8706,known,4screws,0.035,0.0,0,5,manual
4,8220,4screws,0.9825,known,4screws,0.0322,0.0,0,5,manual
4,8221,4screws,0.9187,known,4screws,0.0297,0.0,0,5,manual
4,8222,4screws,0.7779,known,4screws,0.0273,0.0,0,5,manual
4,8223,4screws,0.6619,known,4screws,0.0251,0.0,0,5,manual
4,8224,4screws,0.867,known,4screws,0.0231,0.0,0,5,manual
4,8225,4screws,0.8558,known,4screws,0.0212,0.0,0,5,manual
4,8226,4screws,0.9276,known,4screws,0.0195,0.0,0,5,manual
4,8227,4screws,0.7065,known,4screws,0.018,0.0,0,5,manual
4,8228,4screws,0.963,known,4screws,0.0165,0.0,0,5,manual
4,8229,4screws,0.8084,known,4screws,0.0152,0.0,0,5,manual
4,8230,4screws,0.566,known,4screws,0.014,0.0,0,5,manual
4,8231,4screws,0.9425,known,4screws,0.0129,0.0,0,5,manual
4,8232,4screws,0.8148,known,4screws,0.0119,0.0,0,5,manual
4,8233,4screws,0.7111,known,4screws,0.0109,0.0,0,5,manual
4,8234,4screws,0.7633,known,4screws,0.01,0.0,0,5,manual
4,8235,4screws,0.7807,known,4screws,0.0092,0.0,0,5,manual
4,8236,4screws,0.6998,known,4screws,0.0085,0.0,0,5,manual
4,8237,4screws,0.6773,known,4screws,0.0078,0.0,0,5,manual
4,8238,4screws,0.7499,known,4screws,0.0072,0.0,0,5,manual
4,8239,4screws,0.8127,known,4screws,0.0066,0.0,0,5,manual
4,8240,4screws,0.9962,known,4screws,0.0061,0.0,0,5,manual
4,8241,4screws,0.8071,known,4screws,0.0056,0.0,0,5,manual
4,8242,4screws,0.6477,known,4screws,0.0051,0.0,0,5,manual
4,8243,4screws,0.8109,known,4screws,0.0047,0.0,0,5,manual
4,8244,4screws,0.8978,known,4screws,0.0044,0.0,0,5,manual
4,8245,4screws,0.8472,known,4screws,0.004,0.0,0,5,manual
4,8246,4screws,0.8525,known,4screws,0.0037,0.0,0,5,manual
4,8247,4screws,0.7499,known,4screws,0.0034,0.0,0,5,manual
4,8248,4screws,0.6998,known,4screws,0.0031,0.0,0,5,manual
4,8249,4screws,0.9825,known,4screws,0.0029,0.0,0,5,manual
4,8250,4screws,0.7779,known,4screws,0.0026,0.0,0,5,manual
4,8251,4screws,0.8298,known,4screws,0.0024,0.0,0,5,manual
4,8252,4screws,0.7388,known,4screws,0.0022,0.0,0,5,manual
4,8253,4screws,0.8148,known,4screws,0.0021,0.0,0,5,manual
4,8254,4screws,0.8127,known,4screws,0.0019,0.0,0,5,manual
4,8255,4screws,0.818,known,4screws,0.0017,0.0,0,5,manual
4,8256,4screws,0.7504,known,4screws,0.0016,0.0,0,5,manual
4,8257,4screws,0.8109,known,4screws,0.0015,0.0,0,5,manual
4,8258,4screws,0.7623,known,4screws,0.0014,0.0,0,5,manual
4,8259,4screws,0.9187,known,4screws,0.0012,0.0,0,5,manual
4,8260,4screws,0.8438,known,4screws,0.0011,0.0,0,5,manual
4,8261,4screws,0.8536,known,4screws,0.0011,0.0,0,5,manual
4,8262,4screws,0.7495,known,4screws,0.001,0.0,0,5,manual
4,8263,4screws,0.6477,known,4screws,0.0009,0.0,0,5,manual
4,8264,4screws,0.7503,known,4screws,0.0008,0.0,0,5,manual
4,8265,4screws,0.6773,known,4screws,0.0008,0.0,0,5,manual
4,8266,4screws,0.6727,known,4screws,0.0007,0.0,0,5,manual
4,8267,4screws,0.7807,known,4screws,0.0006,0.0,0,5,manual
4,8268,4screws,1.012,unknown,,0.0806,0.01,0,5,manual
4,8269,4screws,0.9,known,4screws,0.0741,0.0,0,5,manual
4,8270,4screws,0.7633,known,4screws,0.0682,0.0,0,5,manual
4,8271,4screws,0.8525,known,4screws,0.0628,0.0,0,5,manual
4,8272,4screws,0.7778,known,4screws,0.0577,0.0,0,5,manual
4,8273,4screws,0.8556,known,4screws,0.0531,0.0,0,5,manual
4,8274,4screws,0.8472,known,4screws,0.0489,0.0,0,5,manual
4,8275,4screws,0.8432,known,4screws,0.045,0.0,0,5,manual
4,8276,4screws,0.7239,known,4screws,0.0414,0.0,0,5,manual
4,8277,4screws,0.925,known,4screws,0.0381,0.0,0,5,manual
4,8278,4screws,0.7065,known,4screws,0.035,0.0,0,5,manual
4,8279,4screws,0.9425,known,4screws,0.0322,0.0,0,5,manual
4,8280,4screws,0.8158,known,4screws,0.0296,0.0,0,5,manual
4,8281,4screws,0.7376,known,4screws,0.0273,0.0,0,5,manual
4,8282,4screws,0.74,known,4screws,0.0251,0.0,0,5,manual
4,8283,4screws,0.9151,known,4screws,0.0231,0.0,0,5,manual
4,8284,4screws,0.6561,known,4screws,0.0212,0.0,0,5,manual
4,8285,4screws,0.6619,known,4screws,0.0195,0.0,0,5,manual
4,8286,4screws,0.867,known,4screws,0.018,0.0,0,5,manual
4,8287,4screws,0.5882,known,4screws,0.0165,0.0,0,5,manual
4,8288,4screws,1.0013,unknown,,0.0952,0.0,0,5,manual
4,8289,4screws,0.7111,known,4screws,0.0876,0.0,0,5,manual
4,8290,4screws,0.9276,known,4screws,0.0806,0.0,0,5,manual
4,8291,4screws,0.9962,known,4screws,0.0741,0.0,0,5,manual
4,8292,4screws,0.8553,known,4screws,0.0682,0.0,0,5,manual
4,8293,4screws,0.957,known,4screws,0.0627,0.0,0,5,manual
4,8294,4screws,0.8084,known,4screws,0.0577,0.0,0,5,manual
4,8295,4screws,0.7025,known,4screws,0.0531,0.0,0,5,manual
4,8296,4screws,0.6959,known,4screws,0.0489,0.0,0,5,manual
4,8297,4screws,0.8706,known,4screws,0.045,0.0,0,5,manual
4,8298,4screws,0.9497,known,4screws,0.0414,0.0,0,5,manual
4,8299,4screws,0.7039,known,4screws,0.038,0.0,0,5,manual
4,8300,4screws,0.8978,known,4screws,0.035,0.0,0,5,manual
4,8301,4screws,0.8558,known,4screws,0.0322,0.0,0,5,manual
4,8302,4screws,0.963,known,4screws,0.0296,0.0,0,5,manual
4,8303,4screws,0.566,known,4screws,0.0273,0.0,0,5,manual
4,8304,4screws,0.8071,known,4screws,0.0251,0.0,0,5,manual
4,8305,4screws,0.8536,known,4screws,0.0231,0.0,0,5,manual
4,8306,4screws,0.7065,known,4screws,0.0212,0.0,0,5,manual
4,8307,4screws,0.6477,known,4screws,0.0195,0.0,0,5,manual
4,8308,4screws,0.867,known,4screws,0.018,0.0,0,5,manual
4,8309,4screws,0.6619,known,4screws,0.0165,0.0,0,5,manual
4,8310,4screws,0.7239,known,4screws,0.0152,0.0,0,5,manual
4,8311,4screws,0.6561,known,4screws,0.014,0.0,0,5,manual
4,8312,4screws,0.8298,known,4screws,0.0129,0.0,0,5,manual
4,8313,4screws,0.8706,known,4screws,0.0118,0.0,0,5,manual
4,8314,4screws,0.7025,known,4screws,0.0109,0.0,0,5,manual
4,8315,4screws,0.7778,known,4screws,0.01,0.0,0,5,manual
4,8316,4screws,0.9,known,4screws,0.0092,0.0,0,5,manual
4,8317,4screws,0.6773,known,4screws,0.0085,0.0,0,5,manual
4,8318,4screws,0.7807,known,4screws,0.0078,0.0,0,5,manual
4,8319,4screws,0.7111,known,4screws,0.0072,0.0,0,5,manual
4,8320,4screws,0.8148,known,4screws,0.0066,0.0,0,5,manual
4,8321,4screws,0.8438,known,4screws,0.0061,0.0,0,5,manual
4,8322,4screws,0.7504,known,4screws,0.0056,0.0,0,5,manual
4,8323,4screws,1.0013,unknown,,0.0851,0.0,0,5,manual
4,8324,4screws,0.8525,known,4screws,0.0783,0.0,0,5,manual
4,8325,4screws,0.7633,known,4screws,0.0721,0.0,0,5,manual
4,8326,4screws,0.925,known,4screws,0.0663,0.0,0,5,manual
4,8327,4screws,0.8472,known,4screws,0.061,0.0,0,5,manual
4,8328,4screws,0.6727,known,4screws,0.0561,0.0,0,5,manual
4,8329,4screws,0.6959,known,4screws,0.0516,0.0,0,5,manual
4,8330,4screws,0.8158,known,4screws,0.0475,0.0,0,5,manual
4,8331,4screws,0.9425,known,4screws,0.0437,0.0,0,5,manual
4,8332,4screws,0.8109,known,4screws,0.0402,0.0,0,5,manual
4,8333,4screws,0.9276,known,4screws,0.037,0.0,0,5,manual
4,8334,4screws,0.7503,known,4screws,0.034,0.0,0,5,manual
4,8335,4screws,0.7623,known,4screws,0.0313,0.0,0,5,manual
4,8336,4screws,1.012,unknown,,0.1088,0.01,0,5,manual
4,8337,4screws,0.963,known,4screws,0.1001,0.0,0,5,manual
4,8338,4screws,0.7388,known,4screws,0.0921,0.0,0,5,manual
4,8339,4screws,0.818,known,4screws,0.0847,0.0,0,5,manual
4,8340,4screws,0.8556,known,4screws,0.0779,0.0,0,5,manual
4,8341,4screws,0.74,known,4screws,0.0717,0.0,0,5,manual
4,8342,4screws,0.9151,known,4screws,0.066,0.0,0,5,manual
4,8343,4screws,0.9825,known,4screws,0.0607,0.0,0,5,manual
4,8344,4screws,0.5882,known,4screws,0.0558,0.0,0,5,manual
4,8345,4screws,0.7499,known,4screws,0.0514,0.0,0,5,manual
4,8346,4screws,0.7376,known,4screws,0.0473,0.0,0,5,manual
4,8347,4screws,0.8432,known,4screws,0.0435,0.0,0,5,manual
4,8348,4screws,0.6998,known,4screws,0.04,0.0,0,5,manual
4,8349,4screws,0.7779,known,4screws,0.0368,0.0,0,5,manual
4,8350,4screws,0.9962,known,4screws,0.0339,0.0,0,5,manual
4,8351,4screws,0.8553,known,4screws,0.0311,0.0,0,5,manual
4,8352,4screws,0.8084,known,4screws,0.0287,0.0,0,5,manual
4,8353,4screws,0.957,known,4screws,0.0264,0.0,0,5,manual
4,8354,4screws,0.7495,known,4screws,0.0243,0.0,0,5,manual
4,8355,4screws,0.8127,known,4screws,0.0223,0.0,0,5,manual
4,8356,4screws,0.8978,known,4screws,0.0205,0.0,0,5,manual
4,8357,4screws,0.8558,known,4screws,0.0189,0.0,0,5,manual
4,8358,4screws,0.566,known,4screws,0.0174,0.0,0,5,manual
4,8359,4screws,0.8071,known,4screws,0.016,0.0,0,5,manual
4,8360,4screws,0.9187,known,4screws,0.0147,0.0,0,5,manual
4,8361,4screws,0.9497,known,4screws,0.0135,0.0,0,5,manual
4,8362,4screws,0.7039,known,4screws,0.0124,0.0,0,5,manual
4,8363,4screws,0.8071,known,4screws,0.0115,0.0,0,5,manual
4,8364,4screws,0.9962,known,4screws,0.0105,0.0,0,5,manual
4,8365,4screws,0.7039,known,4screws,0.0097,0.0,0,5,manual
4,8366,4screws,1.012,unknown,,0.0889,0.01,0,5,manual
4,8367,4screws,0.7376,known,4screws,0.0818,0.0,0,5,manual
4,8368,4screws,0.8158,known,4screws,0.0753,0.0,0,5,manual
4,8369,4screws,0.7495,known,4screws,0.0692,0.0,0,5,manual
4,8370,4screws,0.957,known,4screws,0.0637,0.0,0,5,manual
4,8371,4screws,0.9276,known,4screws,0.0586,0.0,0,5,manual
4,8372,4screws,0.6561,known,4screws,0.0539,0.0,0,5,manual
4,8373,4screws,0.7623,known,4screws,0.0496,0.0,0,5,manual
4,8374,4screws,0.8553,known,4screws,0.0456,0.0,0,5,manual
4,8375,4screws,0.9151,known,4screws,0.042,0.0,0,5,manual
4,8376,4screws,0.7633,known,4screws,0.0386,0.0,0,5,manual
4,8377,4screws,0.9187,known,4screws,0.0355,0.0,0,5,manual
4,8378,4screws,0.6773,known,4screws,0.0327,0.0,0,5,manual
4,8379,4screws,0.5882,known,4screws,0.0301,0.0,0,5,manual
4,8380,4screws,0.8109,known,4screws,0.0277,0.0,0,5,manual
4,8381,4screws,0.963,known,4screws,0.0255,0.0,0,5,manual
4,8382,4screws,0.8706,known,4screws,0.0234,0.0,0,5,manual
4,8383,4screws,0.566,known,4screws,0.0215,0.0,0,5,manual
4,8384,4screws,0.7807,known,4screws,0.0198,0.0,0,5,manual
4,8385,4screws,0.8558,known,4screws,0.0182,0.0,0,5,manual
4,8386,4screws,0.8148,known,4screws,0.0168,0.0,0,5,manual
4,8387,4screws,0.8525,known,4screws,0.0154,0.0,0,5,manual
4,8388,4screws,0.8438,known,4screws,0.0142,0.0,0,5,manual
4,8389,4screws,0.6959,known,4screws,0.0131,0.0,0,5,manual
4,8390,4screws,0.8472,known,4screws,0.012,0.0,0,5,manual
4,8391,4screws,0.7025,known,4screws,0.0111,0.0,0,5,manual
4,8392,4screws,0.9825,known,4screws,0.0102,0.0,0,5,manual
4,8393,4screws,0.7239,known,4screws,0.0094,0.0,0,5,manual
4,8394,4screws,0.925,known,4screws,0.0086,0.0,0,5,manual
4,8395,4screws,0.7065,known,4screws,0.0079,0.0,0,5,manual
4,8396,4screws,0.7778,known,4screws,0.0073,0.0,0,5,manual
4,8397,4screws,0.6477,known,4screws,0.0067,0.0,0,5,manual
4,8398,4screws,0.7779,known,4screws,0.0062,0.0,0,5,manual
4,8399,4screws,0.9497,known,4screws,0.0057,0.0,0,5,manual
4,8400,4screws,1.0013,unknown,,0.0852,0.0,0,5,manual
4,8401,4screws,0.6727,known,4screws,0.0784,0.0,0,5,manual
4,8402,4screws,0.74,known,4screws,0.0721,0.0,0,5,manual
4,8403,4screws,0.6998,known,4screws,0.0664,0.0,0,5,manual
4,8404,4screws,0.8432,known,4screws,0.0611,0.0,0,5,manual
4,8405,4screws,0.867,known,4screws,0.0562,0.0,0,5,manual
4,8406,4screws,0.818,known,4screws,0.0517,0.0,0,5,manual
4,8407,4screws,0.8556,known,4screws,0.0475,0.0,0,5,manual
4,8408,4screws,0.9,known,4screws,0.0437,0.0,0,5,manual
4,8409,4screws,0.7388,known,4screws,0.0402,0.0,0,5,manual
4,8410,4screws,0.7111,known,4screws,0.037,0.0,0,5,manual
4,8411,4screws,0.8298,known,4screws,0.0341,0.0,0,5,manual
4,8412,4screws,0.8084,known,4screws,0.0313,0.0,0,5,manual
4,8413,4screws,0.6619,known,4screws,0.0288,0.0,0,5,manual
4,8414,4screws,0.8127,known,4screws,0.0265,0.0,0,5,manual
4,8415,4screws,0.9425,known,4screws,0.0244,0.0,0,5,manual
4,8416,4screws,0.7503,known,4screws,0.0224,0.0,0,5,manual
4,8417,4screws,0.7499,known,4screws,0.0207,0.0,0,5,manual
4,8418,4screws,0.7504,known,4screws,0.019,0.0,0,5,manual
4,8419,4screws,0.8978,known,4screws,0.0175,0.0,0,5,manual
4,8420,4screws,0.8536,known,4screws,0.0161,0.0,0,5,manual
4,8421,4screws,0.8109,known,4screws,0.0148,0.0,0,5,manual
4,8422,4screws,0.6959,known,4screws,0.0136,0.0,0,5,manual
4,8423,4screws,0.7025,known,4screws,0.0125,0.0,0,5,manual
4,8424,4screws,0.9425,known,4screws,0.0115,0.0,0,5,manual
4,8425,4screws,0.8127,known,4screws,0.0106,0.0,0,5,manual
4,8426,4screws,0.8706,known,4screws,0.0098,0.0,0,5,manual
4,8427,4screws,0.867,known,4screws,0.009,0.0,0,5,manual
4,8428,4screws,0.9276,known,4screws,0.0083,0.0,0,5,manual
4,8429,4screws,0.8525,known,4screws,0.0076,0.0,0,5,manual
4,8430,4screws,0.925,known,4screws,0.007,0.0,0,5,manual
4,8431,4screws,0.7499,known,4screws,0.0064,0.0,0,5,manual
4,8432,4screws,0.9,known,4screws,0.0059,0.0,0,5,manual
4,8433,4screws,0.7503,known,4screws,0.0054,0.0,0,5,manual
4,8434,4screws,0.9962,known,4screws,0.005,0.0,0,5,manual
4,8435,4screws,0.8158,known,4screws,0.0046,0.0,0,5,manual
4,8436,4screws,0.8556,known,4screws,0.0042,0.0,0,5,manual
4,8437,4screws,0.8553,known,4screws,0.0039,0.0,0,5,manual
4,8438,4screws,0.9187,known,4screws,0.0036,0.0,0,5,manual
4,8439,4screws,1.0013,unknown,,0.0833,0.0,0,5,manual
4,8440,4screws,0.6561,known,4screws,0.0766,0.0,0,5,manual
4,8441,4screws,0.7504,known,4screws,0.0705,0.0,0,5,manual
4,8442,4screws,0.8071,known,4screws,0.0649,0.0,0,5,manual
4,8443,4screws,0.8084,known,4screws,0.0597,0.0,0,5,manual
4,8444,4screws,0.6477,known,4screws,0.0549,0.0,0,5,manual
4,8445,4screws,0.8148,known,4screws,0.0505,0.0,0,5,manual
4,8446,4screws,0.7111,known,4screws,0.0465,0.0,0,5,manual
4,8447,4screws,0.7633,known,4screws,0.0428,0.0,0,5,manual
4,8448,4screws,0.7039,known,4screws,0.0393,0.0,0,5,manual
4,8449,4screws,0.8432,known,4screws,0.0362,0.0,0,5,manual
4,8450,4screws,0.8472,known,4screws,0.0333,0.0,0,5,manual
4,8451,4screws,0.7388,known,4screws,0.0306,0.0,0,5,manual
4,8452,4screws,0.7065,known,4screws,0.0282,0.0,0,5,manual
4,8453,4screws,0.7807,known,4screws,0.0259,0.0,0,5,manual
4,8454,4screws,0.8438,known,4screws,0.0238,0.0,0,5,manual
4,8455,4screws,0.6773,known,4screws,0.0219,0.0,0,5,manual
4,8456,4screws,0.6727,known,4screws,0.0202,0.0,0,5,manual
4,8457,4screws,0.7376,known,4screws,0.0186,0.0,0,5,manual
4,8458,4screws,0.6619,known,4screws,0.0171,0.0,0,5,manual
4,8459,4screws,0.9151,known,4screws,0.0157,0.0,0,5,manual
4,8460,4screws,0.566,known,4screws,0.0145,0.0,0,5,manual
4,8461,4screws,0.957,known,4screws,0.0133,0.0,0,5,manual
4,8462,4screws,0.7239,known,4screws,0.0122,0.0,0,5,manual
4,8463,4screws,0.8978,known,4screws,0.0113,0.0,0,5,manual
4,8464,4screws,0.7778,known,4screws,0.0104,0.0,0,5,manual
4,8465,4screws,0.8536,known,4screws,0.0095,0.0,0,5,manual
4,8466,4screws,0.9825,known,4screws,0.0088,0.0,0,5,manual
4,8467,4screws,0.7623,known,4screws,0.0081,0.0,0,5,manual
4,8468,4screws,0.8558,known,4screws,0.0074,0.0,0,5,manual
4,8469,4screws,0.7495,known,4screws,0.0068,0.0,0,5,manual
4,8470,4screws,0.9497,known,4screws,0.0063,0.0,0,5,manual
4,8471,4screws,0.818,known,4screws,0.0058,0.0,0,5,manual
4,8472,4screws,0.7779,known,4screws,0.0053,0.0,0,5,manual
4,8473,4screws,0.963,known,4screws,0.0049,0.0,0,5,manual
4,8474,4screws,1.012,unknown,,0.0845,0.01,0,5,manual
4,8475,4screws,0.6998,known,4screws,0.0777,0.0,0,5,manual
4,8476,4screws,0.5882,known,4screws,0.0715,0.0,0,5,manual
4,8477,4screws,0.74,known,4screws,0.0658,0.0,0,5,manual
4,8478,4screws,0.8298,known,4screws,0.0605,0.0,0,5,manual
4,8479,4screws,0.7503,known,4screws,0.0557,0.0,0,5,manual
4,8480,4screws,0.566,known,4screws,0.0512,0.0,0,5,manual
4,8481,4screws,0.7495,known,4screws,0.0471,0.0,0,5,manual
4,8482,4screws,0.8158,known,4screws,0.0434,0.0,0,5,manual
4,8483,4screws,0.8298,known,4screws,0.0399,0.0,0,5,manual
4,8484,4screws,0.7807,known,4screws,0.0367,0.0,0,5,manual
4,8485,4screws,0.7239,known,4screws,0.0338,0.0,0,5,manual
4,8486,4screws,0.6477,known,4screws,0.0311,0.0,0,5,manual
4,8487,4screws,0.9,known,4screws,0.0286,0.0,0,5,manual
4,8488,4screws,0.7388,known,4screws,0.0263,0.0,0,5,manual
4,8489,4screws,0.9825,known,4screws,0.0242,0.0,0,5,manual
4,8490,4screws,0.7111,known,4screws,0.0223,0.0,0,5,manual
4,8491,4screws,0.7499,known,4screws,0.0205,0.0,0,5,manual
4,8492,4screws,0.8071,known,4screws,0.0188,0.0,0,5,manual
4,8493,4screws,0.7623,known,4screws,0.0173,0.0,0,5,manual
4,8494,4screws,0.7039,known,4screws,0.0159,0.0,0,5,manual
4,8495,4screws,0.9497,known,4screws,0.0147,0.0,0,5,manual
4,8496,4screws,0.8553,known,4screws,0.0135,0.0,0,5,manual
4,8497,4screws,0.7025,known,4screws,0.0124,0.0,0,5,manual
4,8498,4screws,0.6727,known,4screws,0.0114,0.0,0,5,manual
4,8499,4screws,0.8978,known,4screws,0.0105,0.0,0,5,manual
4,8500,4screws,0.957,known,4screws,0.0097,0.0,0,5,manual
4,8501,4screws,0.7376,known,4screws,0.0089,0.0,0,5,manual
4,8502,4screws,0.6561,known,4screws,0.0082,0.0,0,5,manual
4,8503,4screws,0.6619,known,4screws,0.0075,0.0,0,5,manual
4,8504,4screws,0.867,known,4screws,0.0069,0.0,0,5,manual
4,8505,4screws,0.8558,known,4screws,0.0064,0.0,0,5,manual
4,8506,4screws,0.925,known,4screws,0.0059,0.0,0,5,manual
4,8507,4screws,0.963,known,4screws,0.0054,0.0,0,5,manual
4,8508,4screws,0.8127,known,4screws,0.005,0.0,0,5,manual
4,8509,4screws,0.8525,known,4screws,0.0046,0.0,0,5,manual
4,8510,4screws,0.8432,known,4screws,0.0042,0.0,0,5,manual
4,8511,4screws,0.7065,known,4screws,0.0039,0.0,0,5,manual
4,8512,4screws,0.8556,known,4screws,0.0036,0.0,0,5,manual
4,8513,4screws,0.9187,known,4screws,0.0033,0.0,0,5,manual
4,8514,4screws,0.8536,known,4screws,0.003,0.0,0,5,manual
4,8515,4screws,0.8109,known,4screws,0.0028,0.0,0,5,manual
4,8516,4screws,0.8438,known,4screws,0.0025,0.0,0,5,manual
4,8517,4screws,0.8472,known,4screws,0.0023,0.0,0,5,manual
4,8518,4screws,0.8084,known,4screws,0.0022,0.0,0,5,manual
4,8519,4screws,0.6959,known,4screws,0.002,0.0,0,5,manual
4,8520,4screws,1.012,unknown,,0.0818,0.01,0,5,manual
4,8521,4screws,0.9151,known,4screws,0.0753,0.0,0,5,manual
4,8522,4screws,0.8706,known,4screws,0.0693,0.0,0,5,manual
4,8523,4screws,1.0013,unknown,,0.1437,0.0,0,5,manual
4,8524,4screws,0.74,known,4screws,0.1322,0.0,0,5,manual
4,8525,4screws,0.7504,known,4screws,0.1216,0.0,0,5,manual
4,8526,4screws,0.7633,known,4screws,0.1119,0.0,0,5,manual
4,8527,4screws,0.8148,known,4screws,0.103,0.0,0,5,manual
4,8528,4screws,0.5882,known,4screws,0.0947,0.0,0,5,manual
4,8529,4screws,0.6998,known,4screws,0.0871,0.0,0,5,manual
4,8530,4screws,0.818,known,4screws,0.0802,0.0,0,5,manual
4,8531,4screws,0.7778,known,4screws,0.0738,0.0,0,5,manual
4,8532,4screws,0.9962,known,4screws,0.0679,0.0,0,5,manual
4,8533,4screws,0.9425,known,4screws,0.0624,0.0,0,5,manual
4,8534,4screws,0.9276,known,4screws,0.0574,0.0,0,5,manual
4,8535,4screws,0.7779,known,4screws,0.0528,0.0,0,5,manual
4,8536,4screws,0.6773,known,4screws,0.0486,0.0,0,5,manual
4,8537,4screws,0.8148,known,4screws,0.0447,0.0,0,5,manual
4,8538,4screws,0.9825,known,4screws,0.0411,0.0,0,5,manual
4,8539,4screws,0.5882,known,4screws,0.0379,0.0,0,5,manual
4,8540,4screws,0.8556,known,4screws,0.0348,0.0,0,5,manual
4,8541,4screws,0.7623,known,4screws,0.032,0.0,0,5,manual
4,8542,4screws,0.9962,known,4screws,0.0295,0.0,0,5,manual
4,8543,4screws,0.7807,known,4screws,0.0271,0.0,0,5,manual
4,8544,4screws,0.7499,known,4screws,0.0249,0.0,0,5,manual
4,8545,4screws,0.7111,known,4screws,0.023,0.0,0,5,manual
4,8546,4screws,0.7495,known,4screws,0.0211,0.0,0,5,manual
4,8547,4screws,0.8438,known,4screws,0.0194,0.0,0,5,manual
4,8548,4screws,0.7503,known,4screws,0.0179,0.0,0,5,manual
4,8549,4screws,0.8525,known,4screws,0.0164,0.0,0,5,manual
4,8550,4screws,0.6727,known,4screws,0.0151,0.0,0,5,manual
4,8551,4screws,0.7633,known,4screws,0.0139,0.0,0,5,manual
4,8552,4screws,1.0013,unknown,,0.0928,0.0,0,5,manual
4,8553,4screws,0.818,known,4screws,0.0854,0.0,0,5,manual
4,8554,4screws,0.8536,known,4screws,0.0785,0.0,0,5,manual
4,8555,4screws,0.6959,known,4screws,0.0723,0.0,0,5,manual
4,8556,4screws,0.8298,known,4screws,0.0665,0.0,0,5,manual
4,8557,4screws,0.7778,known,4screws,0.0612,0.0,0,5,manual
4,8558,4screws,0.9187,known,4screws,0.0563,0.0,0,5,manual
4,8559,4screws,0.8432,known,4screws,0.0518,0.0,0,5,manual
4,8560,4screws,0.6477,known,4screws,0.0476,0.0,0,5,manual
4,8561,4screws,0.6619,known,4screws,0.0438,0.0,0,5,manual
4,8562,4screws,0.6561,known,4screws,0.0403,0.0,0,5,manual
4,8563,4screws,0.8071,known,4screws,0.0371,0.0,0,5,manual
4,8564,4screws,0.566,known,4screws,0.0341,0.0,0,5,manual
4,8565,4screws,0.7504,known,4screws,0.0314,0.0,0,5,manual
4,8566,4screws,0.7239,known,4screws,0.0289,0.0,0,5,manual
4,8567,4screws,0.6998,known,4screws,0.0266,0.0,0,5,manual
4,8568,4screws,0.9,known,4screws,0.0244,0.0,0,5,manual
4,8569,4screws,0.7779,known,4screws,0.0225,0.0,0,5,manual
4,8570,4screws,0.8158,known,4screws,0.0207,0.0,0,5,manual
4,8571,4screws,0.8553,known,4screws,0.019,0.0,0,5,manual
4,8572,4screws,1.012,unknown,,0.0975,0.01,0,5,manual
4,8573,4screws,0.7388,known,4screws,0.0897,0.0,0,5,manual
4,8574,4screws,0.8978,known,4screws,0.0825,0.0,0,5,manual
4,8575,4screws,0.9497,known,4screws,0.0759,0.0,0,5,manual
4,8576,4screws,0.8558,known,4screws,0.0699,0.0,0,5,manual
4,8577,4screws,0.8472,known,4screws,0.0643,0.0,0,5,manual
4,8578,4screws,0.9425,known,4screws,0.0591,0.0,0,5,manual
4,8579,4screws,0.957,known,4screws,0.0544,0.0,0,5,manual
4,8580,4screws,0.867,known,4screws,0.05,0.0,0,5,manual
4,8581,4screws,0.8706,known,4screws,0.046,0.0,0,5,manual
4,8582,4screws,0.7376,known,4screws,0.0424,0.0,0,5,manual
4,8583,4screws,0.925,known,4screws,0.039,0.0,0,5,manual
4,8584,4screws,0.6773,known,4screws,0.0359,0.0,0,5,manual
4,8585,4screws,0.963,known,4screws,0.033,0.0,0,5,manual
4,8586,4screws,0.7025,known,4screws,0.0303,0.0,0,5,manual
4,8587,4screws,0.8109,known,4screws,0.0279,0.0,0,5,manual
4,8588,4screws,0.74,known,4screws,0.0257,0.0,0,5,manual
4,8589,4screws,0.8084,known,4screws,0.0236,0.0,0,5,manual
4,8590,4screws,0.8127,known,4screws,0.0217,0.0,0,5,manual
4,8591,4screws,0.9151,known,4screws,0.02,0.0,0,5,manual
4,8592,4screws,0.9276,known,4screws,0.0184,0.0,0,5,manual
4,8593,4screws,0.7039,known,4screws,0.0169,0.0,0,5,manual
4,8594,4screws,0.7065,known,4screws,0.0156,0.0,0,5,manual
4,8595,4screws,0.8978,known,4screws,0.0143,0.0,0,5,manual
4,8596,4screws,0.9187,known,4screws,0.0132,0.0,0,5,manual
4,8597,4screws,0.7623,known,4screws,0.0121,0.0,0,5,manual
4,8598,4screws,0.8438,known,4screws,0.0112,0.0,0,5,manual
4,8599,4screws,0.8525,known,4screws,0.0103,0.0,0,5,manual
4,8600,4screws,0.818,known,4screws,0.0094,0.0,0,5,manual
4,8601,4screws,0.7807,known,4screws,0.0087,0.0,0,5,manual
4,8602,4screws,0.8127,known,4screws,0.008,0.0,0,5,manual
4,8603,4screws,0.7503,known,4screws,0.0074,0.0,0,5,manual
4,8604,4screws,0.7495,known,4screws,0.0068,0.0,0,5,manual
4,8605,4screws,0.7499,known,4screws,0.0062,0.0,0,5,manual
4,8606,4screws,0.74,known,4screws,0.0057,0.0,0,5,manual
4,8607,4screws,0.9425,known,4screws,0.0053,0.0,0,5,manual
4,8608,4screws,0.8558,known,4screws,0.0048,0.0,0,5,manual
4,8609,4screws,0.7376,known,4screws,0.0045,0.0,0,5,manual
4,8610,4screws,0.7633,known,4screws,0.0041,0.0,0,5,manual
4,8611,4screws,0.8158,known,4screws,0.0038,0.0,0,5,manual
4,8612,4screws,0.867,known,4screws,0.0035,0.0,0,5,manual
4,8613,4screws,0.8706,known,4screws,0.0032,0.0,0,5,manual
4,8614,4screws,0.8071,known,4screws,0.0029,0.0,0,5,manual
4,8615,4screws,0.8556,known,4screws,0.0027,0.0,0,5,manual
4,8616,4screws,0.566,known,4screws,0.0025,0.0,0,5,manual
4,8617,4screws,0.9825,known,4screws,0.0023,0.0,0,5,manual
4,8618,4screws,0.9962,known,4screws,0.0021,0.0,0,5,manual
4,8619,4screws,0.9497,known,4screws,0.0019,0.0,0,5,manual
4,8620,4screws,0.7388,known,4screws,0.0018,0.0,0,5,manual
4,8621,4screws,0.7504,known,4screws,0.0016,0.0,0,5,manual
4,8622,4screws,0.9151,known,4screws,0.0015,0.0,0,5,manual
4,8623,4screws,0.6727,known,4screws,0.0014,0.0,0,5,manual
4,8624,4screws,0.8298,known,4screws,0.0013,0.0,0,5,manual
4,8625,4screws,0.8148,known,4screws,0.0012,0.0,0,5,manual
4,8626,4screws,0.6773,known,4screws,0.0011,0.0,0,5,manual
4,8627,4screws,0.6561,known,4screws,0.001,0.0,0,5,manual
4,8628,4screws,0.6998,known,4screws,0.0009,0.0,0,5,manual
4,8629,4screws,0.957,known,4screws,0.0008,0.0,0,5,manual
4,8630,4screws,0.8553,known,4screws,0.0008,0.0,0,5,manual
4,8631,4screws,0.7025,known,4screws,0.0007,0.0,0,5,manual
4,8632,4screws,0.8432,known,4screws,0.0007,0.0,0,5,manual
4,8633,4screws,0.7778,known,4screws,0.0006,0.0,0,5,manual
4,8634,4screws,0.6477,known,4screws,0.0006,0.0,0,5,manual
4,8635,4screws,0.8084,known,4screws,0.0005,0.0,0,5,manual
4,8636,4screws,0.7779,known,4screws,0.0005,0.0,0,5,manual
4,8637,4screws,0.9,known,4screws,0.0004,0.0,0,5,manual
4,8638,4screws,1.0013,unknown,,0.0804,0.0,0,5,manual
4,8639,4screws,0.925,known,4screws,0.074,0.0,0,5,manual
4,8640,4screws,0.7111,known,4screws,0.068,0.0,0,5,manual
4,8641,4screws,0.9276,known,4screws,0.0626,0.0,0,5,manual
4,8642,4screws,0.7239,known,4screws,0.0576,0.0,0,5,manual
4,8643,4screws,0.963,known,4screws,0.053,0.0,0,5,manual
4,8644,4screws,0.7065,known,4screws,0.0487,0.0,0,5,manual
4,8645,4screws,0.6619,known,4screws,0.0448,0.0,0,5,manual
4,8646,4screws,0.7039,known,4screws,0.0413,0.0,0,5,manual
4,8647,4screws,0.5882,known,4screws,0.038,0.0,0,5,manual
4,8648,4screws,1.012,unknown,,0.1149,0.01,0,5,manual
4,8649,4screws,0.8109,known,4screws,0.1057,0.0,0,5,manual
4,8650,4screws,0.8472,known,4screws,0.0973,0.0,0,5,manual
4,8651,4screws,0.6959,known,4screws,0.0895,0.0,0,5,manual
4,8652,4screws,0.8536,known,4screws,0.0823,0.0,0,5,manual
4,8653,4screws,0.9962,known,4screws,0.0757,0.0,0,5,manual
4,8654,4screws,0.7778,known,4screws,0.0697,0.0,0,5,manual
4,8655,4screws,0.7779,known,4screws,0.0641,0.0,0,5,manual
4,8656,4screws,0.9825,known,4screws,0.059,0.0,0,5,manual
4,8657,4screws,0.566,known,4screws,0.0543,0.0,0,5,manual
4,8658,4screws,0.5882,known,4screws,0.0499,0.0,0,5,manual
4,8659,4screws,0.8432,known,4screws,0.0459,0.0,0,5,manual
4,8660,4screws,0.957,known,4screws,0.0423,0.0,0,5,manual
4,8661,4screws,0.8438,known,4screws,0.0389,0.0,0,5,manual
4,8662,4screws,0.6959,known,4screws,0.0358,0.0,0,5,manual
4,8663,4screws,0.9,known,4screws,0.0329,0.0,0,5,manual
4,8664,4screws,0.8553,known,4screws,0.0303,0.0,0,5,manual
4,8665,4screws,0.7495,known,4screws,0.0278,0.0,0,5,manual
4,8666,4screws,0.7499,known,4screws,0.0256,0.0,0,5,manual
4,8667,4screws,0.8556,known,4screws,0.0236,0.0,0,5,manual
4,8668,4screws,0.963,known,4screws,0.0217,0.0,0,5,manual
4,8669,4screws,0.6561,known,4screws,0.02,0.0,0,5,manual
4,8670,4screws,0.7807,known,4screws,0.0184,0.0,0,5,manual
4,8671,4screws,0.8148,known,4screws,0.0169,0.0,0,5,manual
4,8672,4screws,0.8298,known,4screws,0.0155,0.0,0,5,manual
4,8673,4screws,0.9187,known,4screws,0.0143,0.0,0,5,manual
4,8674,4screws,0.8706,known,4screws,0.0131,0.0,0,5,manual
4,8675,4screws,1.0013,unknown,,0.0921,0.0,0,5,manual
4,8676,4screws,0.8127,known,4screws,0.0847,0.0,0,5,manual
4,8677,4screws,0.8978,known,4screws,0.078,0.0,0,5,manual
4,8678,4screws,0.8472,known,4screws,0.0717,0.0,0,5,manual
4,8679,4screws,0.6773,known,4screws,0.066,0.0,0,5,manual
4,8680,4screws,0.7503,known,4screws,0.0607,0.0,0,5,manual
4,8681,4screws,0.925,known,4screws,0.0558,0.0,0,5,manual
4,8682,4screws,0.7025,known,4screws,0.0514,0.0,0,5,manual
4,8683,4screws,0.6477,known,4screws,0.0473,0.0,0,5,manual
4,8684,4screws,0.8071,known,4screws,0.0435,0.0,0,5,manual
4,8685,4screws,0.74,known,4screws,0.04,0.0,0,5,manual
4,8686,4screws,0.818,known,4screws,0.0368,0.0,0,5,manual
4,8687,4screws,0.7039,known,4screws,0.0339,0.0,0,5,manual
4,8688,4screws,0.7623,known,4screws,0.0312,0.0,0,5,manual
4,8689,4screws,0.9497,known,4screws,0.0287,0.0,0,5,manual
4,8690,4screws,0.7239,known,4screws,0.0264,0.0,0,5,manual
4,8691,4screws,0.7504,known,4screws,0.0243,0.0,0,5,manual
4,8692,4screws,0.9151,known,4screws,0.0223,0.0,0,5,manual
4,8693,4screws,0.7633,known,4screws,0.0205,0.0,0,5,manual
4,8694,4screws,0.8536,known,4screws,0.0189,0.0,0,5,manual
4,8695,4screws,0.8525,known,4screws,0.0174,0.0,0,5,manual
4,8696,4screws,0.7111,known,4screws,0.016,0.0,0,5,manual
4,8697,4screws,0.7388,known,4screws,0.0147,0.0,0,5,manual
4,8698,4screws,0.8084,known,4screws,0.0135,0.0,0,5,manual
4,8699,4screws,0.6998,known,4screws,0.0124,0.0,0,5,manual
4,8700,4screws,0.6727,known,4screws,0.0115,0.0,0,5,manual
4,8701,4screws,0.6619,known,4screws,0.0105,0.0,0,5,manual
4,8702,4screws,0.8109,known,4screws,0.0097,0.0,0,5,manual
4,8703,4screws,0.7065,known,4screws,0.0089,0.0,0,5,manual
4,8704,4screws,0.867,known,4screws,0.0082,0.0,0,5,manual
4,8705,4screws,1.012,unknown,,0.0875,0.01,0,5,manual
4,8706,4screws,0.9276,known,4screws,0.0805,0.0,0,5,manual
4,8707,4screws,0.7376,known,4screws,0.0741,0.0,0,5,manual
4,8708,4screws,0.8558,known,4screws,0.0682,0.0,0,5,manual
4,8709,4screws,0.8158,known,4screws,0.0627,0.0,0,5,manual
4,8710,4screws,0.9425,known,4screws,0.0577,0.0,0,5,manual
4,8711,4screws,0.963,known,4screws,0.0531,0.0,0,5,manual
4,8712,4screws,0.6477,known,4screws,0.0488,0.0,0,5,manual
4,8713,4screws,0.7039,known,4screws,0.0449,0.0,0,5,manual
4,8714,4screws,0.9276,known,4screws,0.0413,0.0,0,5,manual
4,8715,4screws,0.8438,known,4screws,0.038,0.0,0,5,manual
4,8716,4screws,1.0013,unknown,,0.115,0.0,0,5,manual
4,8717,4screws,0.6959,known,4screws,0.1058,0.0,0,5,manual
4,8718,4screws,0.6561,known,4screws,0.0973,0.0,0,5,manual
4,8719,4screws,0.7376,known,4screws,0.0895,0.0,0,5,manual
4,8720,4screws,0.7503,known,4screws,0.0824,0.0,0,5,manual
4,8721,4screws,0.8525,known,4screws,0.0758,0.0,0,5,manual
4,8722,4screws,0.7025,known,4screws,0.0697,0.0,0,5,manual
4,8723,4screws,0.925,known,4screws,0.0641,0.0,0,5,manual
4,8724,4screws,0.8472,known,4screws,0.059,0.0,0,5,manual
4,8725,4screws,0.9962,known,4screws,0.0543,0.0,0,5,manual
4,8726,4screws,0.8158,known,4screws,0.0499,0.0,0,5,manual
4,8727,4screws,0.9151,known,4screws,0.046,0.0,0,5,manual
4,8728,4screws,0.818,known,4screws,0.0423,0.0,0,5,manual
4,8729,4screws,0.566,known,4screws,0.0389,0.0,0,5,manual
4,8730,4screws,0.7388,known,4screws,0.0358,0.0,0,5,manual
4,8731,4screws,0.867,known,4screws,0.0329,0.0,0,5,manual
4,8732,4screws,0.9187,known,4screws,0.0303,0.0,0,5,manual
4,8733,4screws,0.6998,known,4screws,0.0279,0.0,0,5,manual
4,8734,4screws,0.8109,known,4screws,0.0256,0.0,0,5,manual
4,8735,4screws,1.012,unknown,,0.1036,0.01,0,5,manual
4,8736,4screws,0.8084,known,4screws,0.0953,0.0,0,5,manual
4,8737,4screws,0.9825,known,4screws,0.0877,0.0,0,5,manual
4,8738,4screws,0.8432,known,4screws,0.0807,0.0,0,5,manual
4,8739,4screws,0.6727,known,4screws,0.0742,0.0,0,5,manual
4,8740,4screws,0.6773,known,4screws,0.0683,0.0,0,5,manual
4,8741,4screws,0.7779,known,4screws,0.0628,0.0,0,5,manual
4,8742,4screws,0.8556,known,4screws,0.0578,0.0,0,5,manual
4,8743,4screws,0.8978,known,4screws,0.0532,0.0,0,5,manual
4,8744,4screws,0.8298,known,4screws,0.0489,0.0,0,5,manual
4,8745,4screws,0.7495,known,4screws,0.045,0.0,0,5,manual
4,8746,4screws,0.7623,known,4screws,0.0414,0.0,0,5,manual
4,8747,4screws,0.6619,known,4screws,0.0381,0.0,0,5,manual
4,8748,4screws,0.7778,known,4screws,0.035,0.0,0,5,manual
4,8749,4screws,0.7111,known,4screws,0.0322,0.0,0,5,manual
4,8750,4screws,0.7633,known,4screws,0.0297,0.0,0,5,manual
4,8751,4screws,0.8127,known,4screws,0.0273,0.0,0,5,manual
4,8752,4screws,0.7807,known,4screws,0.0251,0.0,0,5,manual
4,8753,4screws,0.8071,known,4screws,0.0231,0.0,0,5,manual
4,8754,4screws,0.8148,known,4screws,0.0212,0.0,0,5,manual
4,8755,4screws,0.7065,known,4screws,0.0195,0.0,0,5,manual
4,8756,4screws,0.8558,known,4screws,0.018,0.0,0,5,manual
4,8757,4screws,0.9497,known,4screws,0.0165,0.0,0,5,manual
4,8758,4screws,0.957,known,4screws,0.0152,0.0,0,5,manual
4,8759,4screws,0.7239,known,4screws,0.014,0.0,0,5,manual
4,8760,4screws,0.74,known,4screws,0.0129,0.0,0,5,manual
4,8761,4screws,0.9425,known,4screws,0.0119,0.0,0,5,manual
4,8762,4screws,0.8553,known,4screws,0.0109,0.0,0,5,manual
4,8763,4screws,0.5882,known,4screws,0.01,0.0,0,5,manual
4,8764,4screws,0.7504,known,4screws,0.0092,0.0,0,5,manual
4,8765,4screws,0.8706,known,4screws,0.0085,0.0,0,5,manual
4,8766,4screws,0.8536,known,4screws,0.0078,0.0,0,5,manual
4,8767,4screws,0.7499,known,4screws,0.0072,0.0,0,5,manual
4,8768,4screws,0.9,known,4screws,0.0066,0.0,0,5,manual
4,8769,4screws,0.6561,known,4screws,0.0061,0.0,0,5,manual
4,8770,4screws,0.8298,known,4screws,0.0056,0.0,0,5,manual
4,8771,4screws,0.8472,known,4screws,0.0051,0.0,0,5,manual
4,8772,4screws,0.8071,known,4screws,0.0047,0.0,0,5,manual
4,8773,4screws,0.9962,known,4screws,0.0044,0.0,0,5,manual
4,8774,4screws,0.9276,known,4screws,0.004,0.0,0,5,manual
4,8775,4screws,0.7623,known,4screws,0.0037,0.0,0,5,manual
4,8776,4screws,0.7499,known,4screws,0.0034,0.0,0,5,manual
4,8777,4screws,0.7239,known,4screws,0.0031,0.0,0,5,manual
4,8778,4screws,0.7503,known,4screws,0.0029,0.0,0,5,manual
4,8779,4screws,0.6477,known,4screws,0.0026,0.0,0,5,manual
4,8780,4screws,0.8109,known,4screws,0.0024,0.0,0,5,manual
4,8781,4screws,0.6959,known,4screws,0.0022,0.0,0,5,manual
4,8782,4screws,0.74,known,4screws,0.0021,0.0,0,5,manual
4,8783,4screws,0.8438,known,4screws,0.0019,0.0,0,5,manual
4,8784,4screws,0.7025,known,4screws,0.0017,0.0,0,5,manual
4,8785,4screws,0.9497,known,4screws,0.0016,0.0,0,5,manual
4,8786,4screws,0.9187,known,4screws,0.0015,0.0,0,5,manual
4,8787,4screws,0.8525,known,4screws,0.0014,0.0,0,5,manual
4,8788,4screws,0.8558,known,4screws,0.0012,0.0,0,5,manual
4,8789,4screws,0.7065,known,4screws,0.0011,0.0,0,5,manual
4,8790,4screws,0.7807,known,4screws,0.0011,0.0,0,5,manual
4,8791,4screws,0.9,known,4screws,0.001,0.0,0,5,manual
4,8792,4screws,0.818,known,4screws,0.0009,0.0,0,5,manual
4,8793,4screws,0.7039,known,4screws,0.0008,0.0,0,5,manual
4,8794,4screws,0.7633,known,4screws,0.0008,0.0,0,5,manual
4,8795,4screws,1.012,unknown,,0.0807,0.01,0,5,manual
4,8796,4screws,0.6619,known,4screws,0.0742,0.0,0,5,manual
4,8797,4screws,0.7111,known,4screws,0.0683,0.0,0,5,manual
4,8798,4screws,0.566,known,4screws,0.0628,0.0,0,5,manual
4,8799,4screws,0.7778,known,4screws,0.0578,0.0,0,5,manual
4,8800,4screws,0.5882,known,4screws,0.0532,0.0,0,5,manual
4,8801,4screws,0.9151,known,4screws,0.0489,0.0,0,5,manual
4,8802,4screws,0.9825,known,4screws,0.045,0.0,0,5,manual
4,8803,4screws,0.8556,known,4screws,0.0414,0.0,0,5,manual
4,8804,4screws,0.925,known,4screws,0.0381,0.0,0,5,manual
4,8805,4screws,0.8084,known,4screws,0.0351,0.0,0,5,manual
4,8806,4screws,0.8706,known,4screws,0.0322,0.0,0,5,manual
4,8807,4screws,0.7504,known,4screws,0.0297,0.0,0,5,manual
4,8808,4screws,0.957,known,4screws,0.0273,0.0,0,5,manual
4,8809,4screws,0.7495,known,4screws,0.0251,0.0,0,5,manual
4,8810,4screws,0.8536,known,4screws,0.0231,0.0,0,5,manual
4,8811,4screws,0.6998,known,4screws,0.0213,0.0,0,5,manual
4,8812,4screws,0.7779,known,4screws,0.0196,0.0,0,5,manual
4,8813,4screws,0.9425,known,4screws,0.018,0.0,0,5,manual
4,8814,4screws,0.8148,known,4screws,0.0166,0.0,0,5,manual
4,8815,4screws,0.6773,known,4screws,0.0152,0.0,0,5,manual
4,8816,4screws,0.7388,known,4screws,0.014,0.0,0,5,manual
4,8817,4screws,0.7376,known,4screws,0.0129,0.0,0,5,manual
4,8818,4screws,0.8978,known,4screws,0.0119,0.0,0,5,manual
4,8819,4screws,0.8158,known,4screws,0.0109,0.0,0,5,manual
4,8820,4screws,0.8432,known,4screws,0.01,0.0,0,5,manual
4,8821,4screws,1.0013,unknown,,0.0892,0.0,0,5,manual
4,8822,4screws,0.8127,known,4screws,0.0821,0.0,0,5,manual
4,8823,4screws,0.8553,known,4screws,0.0755,0.0,0,5,manual
4,8824,4screws,0.963,known,4screws,0.0695,0.0,0,5,manual
4,8825,4screws,0.867,known,4screws,0.0639,0.0,0,5,manual
4,8826,4screws,0.6727,known,4screws,0.0588,0.0,0,5,manual
4,8827,4screws,0.6773,known,4screws,0.0541,0.0,0,5,manual
4,8828,4screws,0.8127,known,4screws,0.0498,0.0,0,5,manual
4,8829,4screws,0.7025,known,4screws,0.0458,0.0,0,5,manual
4,8830,4screws,0.8556,known,4screws,0.0421,0.0,0,5,manual
4,8831,4screws,0.8706,known,4screws,0.0388,0.0,0,5,manual
4,8832,4screws,0.9962,known,4screws,0.0357,0.0,0,5,manual
4,8833,4screws,0.7778,known,4screws,0.0328,0.0,0,5,manual
4,8834,4screws,0.7065,known,4screws,0.0302,0.0,0,5,manual
4,8835,4screws,0.6477,known,4screws,0.0278,0.0,0,5,manual
4,8836,4screws,0.8298,known,4screws,0.0255,0.0,0,5,manual
4,8837,4screws,0.6998,known,4screws,0.0235,0.0,0,5,manual
4,8838,4screws,0.7623,known,4screws,0.0216,0.0,0,5,manual
4,8839,4screws,0.6619,known,4screws,0.0199,0.0,0,5,manual
4,8840,4screws,0.8148,known,4screws,0.0183,0.0,0,5,manual
4,8841,4screws,0.566,known,4screws,0.0168,0.0,0,5,manual
4,8842,4screws,0.957,known,4screws,0.0155,0.0,0,5,manual
4,8843,4screws,0.9425,known,4screws,0.0143,0.0,0,5,manual
4,8844,4screws,1.0013,unknown,,0.0931,0.0,0,5,manual
4,8845,4screws,0.8438,known,4screws,0.0857,0.0,0,5,manual
4,8846,4screws,0.7504,known,4screws,0.0788,0.0,0,5,manual
4,8847,4screws,0.8432,known,4screws,0.0725,0.0,0,5,manual
4,8848,4screws,0.7503,known,4screws,0.0667,0.0,0,5,manual
4,8849,4screws,0.9276,known,4screws,0.0614,0.0,0,5,manual
4,8850,4screws,0.8525,known,4screws,0.0565,0.0,0,5,manual
4,8851,4screws,0.8071,known,4screws,0.0519,0.0,0,5,manual
4,8852,4screws,0.9,known,4screws,0.0478,0.0,0,5,manual
4,8853,4screws,0.867,known,4screws,0.044,0.0,0,5,manual
4,8854,4screws,0.6959,known,4screws,0.0404,0.0,0,5,manual
4,8855,4screws,1.012,unknown,,0.1172,0.01,0,5,manual
4,8856,4screws,0.9151,known,4screws,0.1078,0.0,0,5,manual
4,8857,4screws,0.9497,known,4screws,0.0992,0.0,0,5,manual
4,8858,4screws,0.7495,known,4screws,0.0913,0.0,0,5,manual
4,8859,4screws,0.9187,known,4screws,0.084,0.0,0,5,manual
4,8860,4screws,0.8536,known,4screws,0.0773,0.0,0,5,manual
4,8861,4screws,0.7633,known,4screws,0.0711,0.0,0,5,manual
4,8862,4screws,0.74,known,4screws,0.0654,0.0,0,5,manual
4,8863,4screws,0.9825,known,4screws,0.0602,0.0,0,5,manual
4,8864,4screws,0.8472,known,4screws,0.0553,0.0,0,5,manual
4,8865,4screws,0.8109,known,4screws,0.0509,0.0,0,5,manual
4,8866,4screws,0.7807,known,4screws,0.0468,0.0,0,5,manual
4,8867,4screws,0.7111,known,4screws,0.0431,0.0,0,5,manual
4,8868,4screws,0.963,known,4screws,0.0396,0.0,0,5,manual
4,8869,4screws,0.7376,known,4screws,0.0365,0.0,0,5,manual
4,8870,4screws,0.5882,known,4screws,0.0336,0.0,0,5,manual
4,8871,4screws,0.7239,known,4screws,0.0309,0.0,0,5,manual
4,8872,4screws,0.6561,known,4screws,0.0284,0.0,0,5,manual
4,8873,4screws,0.6727,known,4screws,0.0261,0.0,0,5,manual
4,8874,4screws,0.8553,known,4screws,0.024,0.0,0,5,manual
4,8875,4screws,0.8558,known,4screws,0.0221,0.0,0,5,manual
4,8876,4screws,0.7499,known,4screws,0.0203,0.0,0,5,manual
4,8877,4screws,0.7388,known,4screws,0.0187,0.0,0,5,manual
4,8878,4screws,0.925,known,4screws,0.0172,0.0,0,5,manual
4,8879,4screws,0.818,known,4screws,0.0158,0.0,0,5,manual
4,8880,4screws,0.8158,known,4screws,0.0146,0.0,0,5,manual
4,8881,4screws,0.8084,known,4screws,0.0134,0.0,0,5,manual
4,8882,4screws,0.8978,known,4screws,0.0123,0.0,0,5,manual
4,8883,4screws,0.7779,known,4screws,0.0114,0.0,0,5,manual
4,8884,4screws,0.7039,known,4screws,0.0104,0.0,0,5,manual
4,8885,4screws,1.0013,unknown,,0.0896,0.0,0,5,manual
4,8886,4screws,0.8071,known,4screws,0.0824,0.0,0,5,manual
4,8887,4screws,0.7633,known,4screws,0.0758,0.0,0,5,manual
4,8888,4screws,0.6477,known,4screws,0.0698,0.0,0,5,manual
4,8889,4screws,0.8536,known,4screws,0.0642,0.0,0,5,manual
4,8890,4screws,0.8438,known,4screws,0.0591,0.0,0,5,manual
4,8891,4screws,0.8298,known,4screws,0.0543,0.0,0,5,manual
4,8892,4screws,0.8158,known,4screws,0.05,0.0,0,5,manual
4,8893,4screws,0.7376,known,4screws,0.046,0.0,0,5,manual
4,8894,4screws,0.8706,known,4screws,0.0423,0.0,0,5,manual
4,8895,4screws,0.9276,known,4screws,0.0389,0.0,0,5,manual
4,8896,4screws,0.7499,known,4screws,0.0358,0.0,0,5,manual
4,8897,4screws,0.8978,known,4screws,0.0329,0.0,0,5,manual
4,8898,4screws,0.818,known,4screws,0.0303,0.0,0,5,manual
4,8899,4screws,0.867,known,4screws,0.0279,0.0,0,5,manual
4,8900,4screws,0.7503,known,4screws,0.0257,0.0,0,5,manual
4,8901,4screws,0.957,known,4screws,0.0236,0.0,0,5,manual
4,8902,4screws,0.5882,known,4screws,0.0217,0.0,0,5,manual
4,8903,4screws,0.9187,known,4screws,0.02,0.0,0,5,manual
4,8904,4screws,0.7239,known,4screws,0.0184,0.0,0,5,manual
4,8905,4screws,0.566,known,4screws,0.0169,0.0,0,5,manual
4,8906,4screws,0.7623,known,4screws,0.0156,0.0,0,5,manual
4,8907,4screws,0.9962,known,4screws,0.0143,0.0,0,5,manual
4,8908,4screws,0.8148,known,4screws,0.0132,0.0,0,5,manual
4,8909,4screws,0.7111,known,4screws,0.0121,0.0,0,5,manual
4,8910,4screws,0.6998,known,4screws,0.0111,0.0,0,5,manual
4,8911,4screws,0.8558,known,4screws,0.0103,0.0,0,5,manual
4,8912,4screws,0.8432,known,4screws,0.0094,0.0,0,5,manual
4,8913,4screws,0.8472,known,4screws,0.0087,0.0,0,5,manual
4,8914,4screws,0.74,known,4screws,0.008,0.0,0,5,manual
4,8915,4screws,0.7388,known,4screws,0.0073,0.0,0,5,manual
4,8916,4screws,0.6561,known,4screws,0.0068,0.0,0,5,manual
4,8917,4screws,0.7039,known,4screws,0.0062,0.0,0,5,manual
4,8918,4screws,0.6619,known,4screws,0.0057,0.0,0,5,manual
4,8919,4screws,0.9825,known,4screws,0.0053,0.0,0,5,manual
4,8920,4screws,0.9425,known,4screws,0.0048,0.0,0,5,manual
4,8921,4screws,0.8127,known,4screws,0.0045,0.0,0,5,manual
4,8922,4screws,0.7495,known,4screws,0.0041,0.0,0,5,manual
4,8923,4screws,0.9497,known,4screws,0.0038,0.0,0,5,manual
4,8924,4screws,0.963,known,4screws,0.0035,0.0,0,5,manual
4,8925,4screws,0.7504,known,4screws,0.0032,0.0,0,5,manual
4,8926,4screws,0.6727,known,4screws,0.0029,0.0,0,5,manual
4,8927,4screws,0.7065,known,4screws,0.0027,0.0,0,5,manual
4,8928,4screws,0.8556,known,4screws,0.0025,0.0,0,5,manual
4,8929,4screws,0.8084,known,4screws,0.0023,0.0,0,5,manual
4,8930,4screws,0.7779,known,4screws,0.0021,0.0,0,5,manual
4,8931,4screws,0.8525,known,4screws,0.0019,0.0,0,5,manual
4,8932,4screws,0.6773,known,4screws,0.0018,0.0,0,5,manual
4,8933,4screws,0.8109,known,4screws,0.0016,0.0,0,5,manual
4,8934,4screws,0.9,known,4screws,0.0015,0.0,0,5,manual
4,8935,4screws,1.012,unknown,,0.0814,0.01,0,5,manual
4,8936,4screws,0.9151,known,4screws,0.0749,0.0,0,5,manual
4,8937,4screws,0.7807,known,4screws,0.0689,0.0,0,5,manual
4,8938,4screws,0.7778,known,4screws,0.0634,0.0,0,5,manual
4,8939,4screws,0.925,known,4screws,0.0583,0.0,0,5,manual
4,8940,4screws,0.6959,known,4screws,0.0536,0.0,0,5,manual
4,8941,4screws,0.7025,known,4screws,0.0493,0.0,0,5,manual
4,8942,4screws,0.8553,known,4screws,0.0454,0.0,0,5,manual
4,8943,4screws,0.7807,known,4screws,0.0418,0.0,0,5,manual
4,8944,4screws,0.7111,known,4screws,0.0384,0.0,0,5,manual
4,8945,4screws,0.8158,known,4screws,0.0354,0.0,0,5,manual
4,8946,4screws,1.0013,unknown,,0.1125,0.0,0,5,manual
4,8947,4screws,0.6959,known,4screws,0.1035,0.0,0,5,manual
4,8948,4screws,0.8525,known,4screws,0.0952,0.0,0,5,manual
4,8949,4screws,0.9497,known,4screws,0.0876,0.0,0,5,manual
4,8950,4screws,0.8432,known,4screws,0.0806,0.0,0,5,manual
4,8951,4screws,0.566,known,4screws,0.0742,0.0,0,5,manual
4,8952,4screws,0.8556,known,4screws,0.0682,0.0,0,5,manual
4,8953,4screws,0.963,known,4screws,0.0628,0.0,0,5,manual
4,8954,4screws,0.8084,known,4screws,0.0577,0.0,0,5,manual
4,8955,4screws,0.8536,known,4screws,0.0531,0.0,0,5,manual
4,8956,4screws,0.6477,known,4screws,0.0489,0.0,0,5,manual
4,8957,4screws,0.8438,known,4screws,0.045,0.0,0,5,manual
4,8958,4screws,0.7376,known,4screws,0.0414,0.0,0,5,manual
4,8959,4screws,0.9962,known,4screws,0.0381,0.0,0,5,manual
4,8960,4screws,0.8071,known,4screws,0.035,0.0,0,5,manual
4,8961,4screws,0.7499,known,4screws,0.0322,0.0,0,5,manual
4,8962,4screws,0.7778,known,4screws,0.0296,0.0,0,5,manual
4,8963,4screws,0.8109,known,4screws,0.0273,0.0,0,5,manual
4,8964,4screws,0.8148,known,4screws,0.0251,0.0,0,5,manual
4,8965,4screws,1.012,unknown,,0.1031,0.01,0,5,manual
4,8966,4screws,0.7633,known,4screws,0.0948,0.0,0,5,manual
4,8967,4screws,0.6619,known,4screws,0.0872,0.0,0,5,manual
4,8968,4screws,0.6561,known,4screws,0.0803,0.0,0,5,manual
4,8969,4screws,0.7025,known,4screws,0.0738,0.0,0,5,manual
4,8970,4screws,0.8298,known,4screws,0.0679,0.0,0,5,manual
4,8971,4screws,0.7779,known,4screws,0.0625,0.0,0,5,manual
4,8972,4screws,0.957,known,4screws,0.0575,0.0,0,5,manual
4,8973,4screws,0.8558,known,4screws,0.0529,0.0,0,5,manual
4,8974,4screws,0.9187,known,4screws,0.0487,0.0,0,5,manual
4,8975,4screws,0.9151,known,4screws,0.0448,0.0,0,5,manual
4,8976,4screws,0.9,known,4screws,0.0412,0.0,0,5,manual
4,8977,4screws,0.818,known,4screws,0.0379,0.0,0,5,manual
4,8978,4screws,0.9825,known,4screws,0.0349,0.0,0,5,manual
4,8979,4screws,0.9276,known,4screws,0.0321,0.0,0,5,manual
4,8980,4screws,0.7623,known,4screws,0.0295,0.0,0,5,manual
4,8981,4screws,0.7495,known,4screws,0.0272,0.0,0,5,manual
4,8982,4screws,0.8553,known,4screws,0.025,0.0,0,5,manual
4,8983,4screws,0.7239,known,4screws,0.023,0.0,0,5,manual
4,8984,4screws,0.7039,known,4screws,0.0211,0.0,0,5,manual
4,8985,4screws,0.8978,known,4screws,0.0195,0.0,0,5,manual
4,8986,4screws,0.8127,known,4screws,0.0179,0.0,0,5,manual
4,8987,4screws,0.7388,known,4screws,0.0165,0.0,0,5,manual
4,8988,4screws,0.7504,known,4screws,0.0151,0.0,0,5,manual
4,8989,4screws,0.925,known,4screws,0.0139,0.0,0,5,manual
4,8990,4screws,0.8706,known,4screws,0.0128,0.0,0,5,manual
4,8991,4screws,0.9425,known,4screws,0.0118,0.0,0,5,manual
4,8992,4screws,0.74,known,4screws,0.0109,0.0,0,5,manual
4,8993,4screws,0.6773,known,4screws,0.01,0.0,0,5,manual
4,8994,4screws,0.6998,known,4screws,0.0092,0.0,0,5,manual
4,8995,4screws,0.7503,known,4screws,0.0084,0.0,0,5,manual
4,8996,4screws,0.6727,known,4screws,0.0078,0.0,0,5,manual
4,8997,4screws,0.5882,known,4screws,0.0072,0.0,0,5,manual
4,8998,4screws,0.7065,known,4screws,0.0066,0.0,0,5,manual
4,8999,4screws,0.8472,known,4screws,0.0061,0.0,0,5,manual
4,9000,4screws,0.867,known,4screws,0.0056,0.0,0,5,manual
4,9001,4screws,0.7376,known,4screws,0.0051,0.0,0,5,manual
4,9002,4screws,0.8556,known,4screws,0.0047,0.0,0,5,manual
4,9003,4screws,0.8558,known,4screws,0.0043,0.0,0,5,manual
4,9004,4screws,0.8127,known,4screws,0.004,0.0,0,5,manual
4,9005,4screws,0.7239,known,4screws,0.0037,0.0,0,5,manual
4,9006,4screws,0.7111,known,4screws,0.0034,0.0,0,5,manual
4,9007,4screws,0.8472,known,4screws,0.0031,0.0,0,5,manual
4,9008,4screws,0.7503,known,4screws,0.0029,0.0,0,5,manual
4,9009,4screws,0.957,known,4screws,0.0026,0.0,0,5,manual
4,9010,4screws,0.9425,known,4screws,0.0024,0.0,0,5,manual
4,9011,4screws,0.6727,known,4screws,0.0022,0.0,0,5,manual
4,9012,4screws,0.7633,known,4screws,0.002,0.0,0,5,manual
4,9013,4screws,0.9,known,4screws,0.0019,0.0,0,5,manual
4,9014,4screws,1.012,unknown,,0.0817,0.01,0,5,manual
4,9015,4screws,0.818,known,4screws,0.0752,0.0,0,5,manual
4,9016,4screws,0.8553,known,4screws,0.0692,0.0,0,5,manual
4,9017,4screws,0.8071,known,4screws,0.0636,0.0,0,5,manual
4,9018,4screws,0.7495,known,4screws,0.0586,0.0,0,5,manual
4,9019,4screws,0.9151,known,4screws,0.0539,0.0,0,5,manual
4,9020,4screws,0.8298,known,4screws,0.0496,0.0,0,5,manual
4,9021,4screws,0.6619,known,4screws,0.0456,0.0,0,5,manual
4,9022,4screws,0.5882,known,4screws,0.0419,0.0,0,5,manual
4,9023,4screws,0.9497,known,4screws,0.0386,0.0,0,5,manual
4,9024,4screws,0.8438,known,4screws,0.0355,0.0,0,5,manual
4,9025,4screws,0.963,known,4screws,0.0327,0.0,0,5,manual
4,9026,4screws,0.8084,known,4screws,0.0301,0.0,0,5,manual
4,9027,4screws,0.8536,known,4screws,0.0276,0.0,0,5,manual
4,9028,4screws,0.7039,known,4screws,0.0254,0.0,0,5,manual
4,9029,4screws,0.8706,known,4screws,0.0234,0.0,0,5,manual
4,9030,4screws,0.8148,known,4screws,0.0215,0.0,0,5,manual
4,9031,4screws,0.9187,known,4screws,0.0198,0.0,0,5,manual
4,9032,4screws,0.7623,known,4screws,0.0182,0.0,0,5,manual
4,9033,4screws,0.8109,known,4screws,0.0168,0.0,0,5,manual
4,9034,4screws,0.925,known,4screws,0.0154,0.0,0,5,manual
4,9035,4screws,0.867,known,4screws,0.0142,0.0,0,5,manual
4,9036,4screws,0.7025,known,4screws,0.0131,0.0,0,5,manual
4,9037,4screws,0.6477,known,4screws,0.012,0.0,0,5,manual
4,9038,4screws,0.6773,known,4screws,0.011,0.0,0,5,manual
4,9039,4screws,0.7504,known,4screws,0.0102,0.0,0,5,manual
4,9040,4screws,0.7807,known,4screws,0.0094,0.0,0,5,manual
4,9041,4screws,0.7065,known,4screws,0.0086,0.0,0,5,manual
4,9042,4screws,0.7779,known,4screws,0.0079,0.0,0,5,manual
4,9043,4screws,0.9276,known,4screws,0.0073,0.0,0,5,manual
4,9044,4screws,0.9962,known,4screws,0.0067,0.0,0,5,manual
4,9045,4screws,0.6561,known,4screws,0.0062,0.0,0,5,manual
4,9046,4screws,0.6959,known,4screws,0.0057,0.0,0,5,manual
4,9047,4screws,0.9825,known,4screws,0.0052,0.0,0,5,manual
4,9048,4screws,0.8525,known,4screws,0.0048,0.0,0,5,manual
4,9049,4screws,0.7388,known,4screws,0.0044,0.0,0,5,manual
4,9050,4screws,0.7499,known,4screws,0.0041,0.0,0,5,manual
4,9051,4screws,0.7778,known,4screws,0.0037,0.0,0,5,manual
4,9052,4screws,0.8432,known,4screws,0.0034,0.0,0,5,manual
4,9053,4screws,0.566,known,4screws,0.0032,0.0,0,5,manual
4,9054,4screws,1.0013,unknown,,0.0829,0.0,0,5,manual
4,9055,4screws,0.74,known,4screws,0.0763,0.0,0,5,manual
4,9056,4screws,0.6998,known,4screws,0.0702,0.0,0,5,manual
4,9057,4screws,0.8158,known,4screws,0.0646,0.0,0,5,manual
4,9058,4screws,0.8978,known,4screws,0.0594,0.0,0,5,manual
4,9059,4screws,0.7239,known,4screws,0.0546,0.0,0,5,manual
4,9060,4screws,0.9497,known,4screws,0.0503,0.0,0,5,manual
4,9061,4screws,0.7495,known,4screws,0.0463,0.0,0,5,manual
4,9062,4screws,0.9825,known,4screws,0.0426,0.0,0,5,manual
4,9063,4screws,0.7633,known,4screws,0.0391,0.0,0,5,manual
4,9064,4screws,0.6619,known,4screws,0.036,0.0,0,5,manual
4,9065,4screws,0.6959,known,4screws,0.0331,0.0,0,5,manual
4,9066,4screws,0.9151,known,4screws,0.0305,0.0,0,5,manual
4,9067,4screws,0.7807,known,4screws,0.028,0.0,0,5,manual
4,9068,4screws,1.0013,unknown,,0.1058,0.0,0,5,manual
4,9069,4screws,0.6727,known,4screws,0.0973,0.0,0,5,manual
4,9070,4screws,0.8556,known,4screws,0.0895,0.0,0,5,manual
4,9071,4screws,0.9962,known,4screws,0.0824,0.0,0,5,manual
4,9072,4screws,0.7504,known,4screws,0.0758,0.0,0,5,manual
4,9073,4screws,0.5882,known,4screws,0.0697,0.0,0,5,manual
4,9074,4screws,0.7499,known,4screws,0.0642,0.0,0,5,manual
4,9075,4screws,0.7376,known,4screws,0.059,0.0,0,5,manual
4,9076,4screws,0.6561,known,4screws,0.0543,0.0,0,5,manual
4,9077,4screws,0.8127,known,4screws,0.05,0.0,0,5,manual
4,9078,4screws,0.7039,known,4screws,0.046,0.0,0,5,manual
4,9079,4screws,0.9187,known,4screws,0.0423,0.0,0,5,manual
4,9080,4screws,0.8525,known,4screws,0.0389,0.0,0,5,manual
4,9081,4screws,0.818,known,4screws,0.0358,0.0,0,5,manual
4,9082,4screws,0.7025,known,4screws,0.0329,0.0,0,5,manual
4,9083,4screws,0.8084,known,4screws,0.0303,0.0,0,5,manual
4,9084,4screws,0.8978,known,4screws,0.0279,0.0,0,5,manual
4,9085,4screws,0.867,known,4screws,0.0256,0.0,0,5,manual
4,9086,4screws,0.9276,known,4screws,0.0236,0.0,0,5,manual
4,9087,4screws,0.925,known,4screws,0.0217,0.0,0,5,manual
4,9088,4screws,0.7111,known,4screws,0.02,0.0,0,5,manual
4,9089,4screws,0.7065,known,4screws,0.0184,0.0,0,5,manual
4,9090,4screws,0.6773,known,4screws,0.0169,0.0,0,5,manual
4,9091,4screws,0.6998,known,4screws,0.0155,0.0,0,5,manual
4,9092,4screws,0.8298,known,4screws,0.0143,0.0,0,5,manual
4,9093,4screws,0.957,known,4screws,0.0132,0.0,0,5,manual
4,9094,4screws,0.8148,known,4screws,0.0121,0.0,0,5,manual
4,9095,4screws,0.9,known,4screws,0.0111,0.0,0,5,manual
4,9096,4screws,0.8109,known,4screws,0.0102,0.0,0,5,manual
4,9097,4screws,0.7503,known,4screws,0.0094,0.0,0,5,manual
4,9098,4screws,0.8553,known,4screws,0.0087,0.0,0,5,manual
4,9099,4screws,0.566,known,4screws,0.008,0.0,0,5,manual
4,9100,4screws,0.7388,known,4screws,0.0073,0.0,0,5,manual
4,9101,4screws,0.9425,known,4screws,0.0068,0.0,0,5,manual
4,9102,4screws,0.8432,known,4screws,0.0062,0.0,0,5,manual
4,9103,4screws,0.963,known,4screws,0.0057,0.0,0,5,manual
4,9104,4screws,0.7623,known,4screws,0.0053,0.0,0,5,manual
4,9105,4screws,0.8558,known,4screws,0.0048,0.0,0,5,manual
4,9106,4screws,0.7779,known,4screws,0.0045,0.0,0,5,manual
4,9107,4screws,0.6477,known,4screws,0.0041,0.0,0,5,manual
4,9108,4screws,0.74,known,4screws,0.0038,0.0,0,5,manual
4,9109,4screws,1.012,unknown,,0.0835,0.01,0,5,manual
4,9110,4screws,0.8536,known,4screws,0.0768,0.0,0,5,manual
4,9111,4screws,0.8438,known,4screws,0.0706,0.0,0,5,manual
4,9112,4screws,0.8158,known,4screws,0.065,0.0,0,5,manual
4,9113,4screws,0.8706,known,4screws,0.0598,0.0,0,5,manual
4,9114,4screws,0.7778,known,4screws,0.055,0.0,0,5,manual
4,9115,4screws,0.8472,known,4screws,0.0506,0.0,0,5,manual
4,9116,4screws,0.8071,known,4screws,0.0466,0.0,0,5,manual
4,9117,4screws,0.9497,known,4screws,0.0428,0.0,0,5,manual
4,9118,4screws,0.6773,known,4screws,0.0394,0.0,0,5,manual
4,9119,4screws,0.6619,known,4screws,0.0363,0.0,0,5,manual
4,9120,4screws,0.7388,known,4screws,0.0334,0.0,0,5,manual
4,9121,4screws,0.9187,known,4screws,0.0307,0.0,0,5,manual
4,9122,4screws,0.9962,known,4screws,0.0282,0.0,0,5,manual
4,9123,4screws,0.8127,known,4screws,0.026,0.0,0,5,manual
4,9124,4screws,0.9276,known,4screws,0.0239,0.0,0,5,manual
4,9125,4screws,0.6998,known,4screws,0.022,0.0,0,5,manual
4,9126,4screws,0.8706,known,4screws,0.0202,0.0,0,5,manual
4,9127,4screws,0.8438,known,4screws,0.0186,0.0,0,5,manual
4,9128,4screws,0.74,known,4screws,0.0171,0.0,0,5,manual
4,9129,4screws,0.7504,known,4screws,0.0157,0.0,0,5,manual
4,9130,4screws,1.0013,unknown,,0.0945,0.0,0,5,manual
4,9131,4screws,0.7025,known,4screws,0.0869,0.0,0,5,manual
4,9132,4screws,0.8109,known,4screws,0.08,0.0,0,5,manual
4,9133,4screws,0.6727,known,4screws,0.0736,0.0,0,5,manual
4,9134,4screws,0.7376,known,4screws,0.0677,0.0,0,5,manual
4,9135,4screws,0.7503,known,4screws,0.0623,0.0,0,5,manual
4,9136,4screws,0.7778,known,4screws,0.0573,0.0,0,5,manual
4,9137,4screws,0.8071,known,4screws,0.0527,0.0,0,5,manual
4,9138,4screws,0.6561,known,4screws,0.0485,0.0,0,5,manual
4,9139,4screws,0.7623,known,4screws,0.0446,0.0,0,5,manual
4,9140,4screws,0.8556,known,4screws,0.041,0.0,0,5,manual
4,9141,4screws,0.7065,known,4screws,0.0378,0.0,0,5,manual
4,9142,4screws,0.7239,known,4screws,0.0347,0.0,0,5,manual
4,9143,4screws,0.7633,known,4screws,0.032,0.0,0,5,manual
4,9144,4screws,0.8978,known,4screws,0.0294,0.0,0,5,manual
4,9145,4screws,0.7499,known,4screws,0.0271,0.0,0,5,manual
4,9146,4screws,0.7807,known,4screws,0.0249,0.0,0,5,manual
4,9147,4screws,0.8158,known,4screws,0.0229,0.0,0,5,manual
4,9148,4screws,0.8148,known,4screws,0.0211,0.0,0,5,manual
4,9149,4screws,0.566,known,4screws,0.0194,0.0,0,5,manual
4,9150,4screws,0.8558,known,4screws,0.0178,0.0,0,5,manual
4,9151,4screws,0.5882,known,4screws,0.0164,0.0,0,5,manual
4,9152,4screws,1.012,unknown,,0.0951,0.01,0,5,manual
4,9153,4screws,0.9425,known,4screws,0.0875,0.0,0,5,manual
4,9154,4screws,0.9,known,4screws,0.0805,0.0,0,5,manual
4,9155,4screws,0.867,known,4screws,0.074,0.0,0,5,manual
4,9156,4screws,0.7779,known,4screws,0.0681,0.0,0,5,manual
4,9157,4screws,0.8525,known,4screws,0.0627,0.0,0,5,manual
4,9158,4screws,0.8298,known,4screws,0.0577,0.0,0,5,manual
4,9159,4screws,0.9151,known,4screws,0.053,0.0,0,5,manual
4,9160,4screws,0.7111,known,4screws,0.0488,0.0,0,5,manual
4,9161,4screws,0.957,known,4screws,0.0449,0.0,0,5,manual
4,9162,4screws,0.7039,known,4screws,0.0413,0.0,0,5,manual
4,9163,4screws,0.963,known,4screws,0.038,0.0,0,5,manual
4,9164,4screws,0.925,known,4screws,0.035,0.0,0,5,manual
4,9165,4screws,0.8472,known,4screws,0.0322,0.0,0,5,manual
4,9166,4screws,0.9825,known,4screws,0.0296,0.0,0,5,manual
4,9167,4screws,0.8084,known,4screws,0.0272,0.0,0,5,manual
4,9168,4screws,0.818,known,4screws,0.025,0.0,0,5,manual
4,9169,4screws,0.8536,known,4screws,0.023,0.0,0,5,manual
4,9170,4screws,0.6477,known,4screws,0.0212,0.0,0,5,manual
4,9171,4screws,0.6959,known,4screws,0.0195,0.0,0,5,manual
4,9172,4screws,0.7495,known,4screws,0.0179,0.0,0,5,manual
4,9173,4screws,0.8432,known,4screws,0.0165,0.0,0,5,manual
4,9174,4screws,0.8553,known,4screws,0.0152,0.0,0,5,manual
4,9175,4screws,0.7503,known,4screws,0.014,0.0,0,5,manual
4,9176,4screws,0.963,known,4screws,0.0129,0.0,0,5,manual
4,9177,4screws,0.9962,known,4screws,0.0118,0.0,0,5,manual
4,9178,4screws,0.8298,known,4screws,0.0109,0.0,0,5,manual
4,9179,4screws,0.7065,known,4screws,0.01,0.0,0,5,manual
4,9180,4screws,0.7778,known,4screws,0.0092,0.0,0,5,manual
4,9181,4screws,0.7779,known,4screws,0.0085,0.0,0,5,manual
4,9182,4screws,0.6773,known,4screws,0.0078,0.0,0,5,manual
4,9183,4screws,0.8071,known,4screws,0.0072,0.0,0,5,manual
4,9184,4screws,0.9425,known,4screws,0.0066,0.0,0,5,manual
4,9185,4screws,0.8706,known,4screws,0.0061,0.0,0,5,manual
4,9186,4screws,0.8127,known,4screws,0.0056,0.0,0,5,manual
4,9187,4screws,0.7499,known,4screws,0.0051,0.0,0,5,manual
4,9188,4screws,0.8109,known,4screws,0.0047,0.0,0,5,manual
4,9189,4screws,0.6561,known,4screws,0.0043,0.0,0,5,manual
4,9190,4screws,0.8432,known,4screws,0.004,0.0,0,5,manual
4,9191,4screws,0.8553,known,4screws,0.0037,0.0,0,5,manual
4,9192,4screws,0.5882,known,4screws,0.0034,0.0,0,5,manual
4,9193,4screws,0.8438,known,4screws,0.0031,0.0,0,5,manual
4,9194,4screws,0.9497,known,4screws,0.0029,0.0,0,5,manual
4,9195,4screws,0.818,known,4screws,0.0026,0.0,0,5,manual
4,9196,4screws,0.8158,known,4screws,0.0024,0.0,0,5,manual
4,9197,4screws,0.74,known,4screws,0.0022,0.0,0,5,manual
4,9198,4screws,0.7807,known,4screws,0.0021,0.0,0,5,manual
4,9199,4screws,0.6959,known,4screws,0.0019,0.0,0,5,manual
4,9200,4screws,0.8558,known,4screws,0.0017,0.0,0,5,manual
4,9201,4screws,0.6619,known,4screws,0.0016,0.0,0,5,manual
4,9202,4screws,0.566,known,4screws,0.0015,0.0,0,5,manual
4,9203,4screws,0.9,known,4screws,0.0014,0.0,0,5,manual
4,9204,4screws,0.9151,known,4screws,0.0012,0.0,0,5,manual
4,9205,4screws,0.8978,known,4screws,0.0011,0.0,0,5,manual
4,9206,4screws,0.8556,known,4screws,0.0011,0.0,0,5,manual
4,9207,4screws,0.8525,known,4screws,0.001,0.0,0,5,manual
4,9208,4screws,0.867,known,4screws,0.0009,0.0,0,5,manual
4,9209,4screws,0.8148,known,4screws,0.0008,0.0,0,5,manual
4,9210,4screws,0.925,known,4screws,0.0008,0.0,0,5,manual
4,9211,4screws,0.7111,known,4screws,0.0007,0.0,0,5,manual
4,9212,4screws,0.7376,known,4screws,0.0006,0.0,0,5,manual
4,9213,4screws,0.7025,known,4screws,0.0006,0.0,0,5,manual
4,9214,4screws,1.012,unknown,,0.0805,0.01,0,5,manual
4,9215,4screws,0.6727,known,4screws,0.0741,0.0,0,5,manual
4,9216,4screws,0.6998,known,4screws,0.0682,0.0,0,5,manual
4,9217,4screws,0.8472,known,4screws,0.0627,0.0,0,5,manual
4,9218,4screws,0.6477,known,4screws,0.0577,0.0,0,5,manual
4,9219,4screws,0.7039,known,4screws,0.0531,0.0,0,5,manual
4,9220,4screws,0.8536,known,4screws,0.0488,0.0,0,5,manual
4,9221,4screws,0.7504,known,4screws,0.0449,0.0,0,5,manual
4,9222,4screws,0.7388,known,4screws,0.0413,0.0,0,5,manual
4,9223,4screws,0.7239,known,4screws,0.038,0.0,0,5,manual
4,9224,4screws,0.9825,known,4screws,0.035,0.0,0,5,manual
4,9225,4screws,0.8084,known,4screws,0.0322,0.0,0,5,manual
4,9226,4screws,0.7623,known,4screws,0.0296,0.0,0,5,manual
4,9227,4screws,0.957,known,4screws,0.0272,0.0,0,5,manual
4,9228,4screws,1.0013,unknown,,0.1051,0.0,0,5,manual
4,9229,4screws,0.7495,known,4screws,0.0967,0.0,0,5,manual
4,9230,4screws,0.9276,known,4screws,0.0889,0.0,0,5,manual
4,9231,4screws,0.7633,known,4screws,0.0818,0.0,0,5,manual
4,9232,4screws,0.9187,known,4screws,0.0753,0.0,0,5,manual
4,9233,4screws,0.6477,known,4screws,0.0692,0.0,0,5,manual
4,9234,4screws,0.6561,known,4screws,0.0637,0.0,0,5,manual
4,9235,4screws,0.8558,known,4screws,0.0586,0.0,0,5,manual
4,9236,4screws,0.7807,known,4screws,0.0539,0.0,0,5,manual
4,9237,4screws,0.8158,known,4screws,0.0496,0.0,0,5,manual
4,9238,4screws,0.8298,known,4screws,0.0456,0.0,0,5,manual
4,9239,4screws,0.8432,known,4screws,0.042,0.0,0,5,manual
4,9240,4screws,0.8536,known,4screws,0.0386,0.0,0,5,manual
4,9241,4screws,0.566,known,4screws,0.0355,0.0,0,5,manual
4,9242,4screws,0.8127,known,4screws,0.0327,0.0,0,5,manual
4,9243,4screws,0.7623,known,4screws,0.0301,0.0,0,5,manual
4,9244,4screws,0.7025,known,4screws,0.0277,0.0,0,5,manual
4,9245,4screws,0.6773,known,4screws,0.0255,0.0,0,5,manual
4,9246,4screws,0.8556,known,4screws,0.0234,0.0,0,5,manual
4,9247,4screws,1.0013,unknown,,0.1015,0.0,0,5,manual
4,9248,4screws,0.9825,known,4screws,0.0934,0.0,0,5,manual
4,9249,4screws,0.867,known,4screws,0.086,0.0,0,5,manual
4,9250,4screws,0.818,known,4screws,0.0791,0.0,0,5,manual
4,9251,4screws,0.7633,known,4screws,0.0727,0.0,0,5,manual
4,9252,4screws,0.7499,known,4screws,0.0669,0.0,0,5,manual
4,9253,4screws,0.8438,known,4screws,0.0616,0.0,0,5,manual
4,9254,4screws,0.963,known,4screws,0.0566,0.0,0,5,manual
4,9255,4screws,0.7039,known,4screws,0.0521,0.0,0,5,manual
4,9256,4screws,0.7111,known,4screws,0.0479,0.0,0,5,manual
4,9257,4screws,0.5882,known,4screws,0.0441,0.0,0,5,manual
4,9258,4screws,0.9187,known,4screws,0.0406,0.0,0,5,manual
4,9259,4screws,0.6727,known,4screws,0.0373,0.0,0,5,manual
4,9260,4screws,0.7376,known,4screws,0.0343,0.0,0,5,manual
4,9261,4screws,0.8525,known,4screws,0.0316,0.0,0,5,manual
4,9262,4screws,0.9962,known,4screws,0.0291,0.0,0,5,manual
4,9263,4screws,0.8109,known,4screws,0.0267,0.0,0,5,manual
4,9264,4screws,0.8148,known,4screws,0.0246,0.0,0,5,manual
4,9265,4screws,0.8553,known,4screws,0.0226,0.0,0,5,manual
4,9266,4screws,0.7388,known,4screws,0.0208,0.0,0,5,manual
4,9267,4screws,0.9151,known,4screws,0.0192,0.0,0,5,manual
4,9268,4screws,0.8978,known,4screws,0.0176,0.0,0,5,manual
4,9269,4screws,0.7495,known,4screws,0.0162,0.0,0,5,manual
4,9270,4screws,0.957,known,4screws,0.0149,0.0,0,5,manual
4,9271,4screws,0.7065,known,4screws,0.0137,0.0,0,5,manual
4,9272,4screws,0.74,known,4screws,0.0126,0.0,0,5,manual
4,9273,4screws,0.7239,known,4screws,0.0116,0.0,0,5,manual
4,9274,4screws,0.925,known,4screws,0.0107,0.0,0,5,manual
4,9275,4screws,0.8706,known,4screws,0.0098,0.0,0,5,manual
4,9276,4screws,0.8472,known,4screws,0.009,0.0,0,5,manual
4,9277,4screws,0.8084,known,4screws,0.0083,0.0,0,5,manual
4,9278,4screws,0.7779,known,4screws,0.0077,0.0,0,5,manual
4,9279,4screws,0.9497,known,4screws,0.007,0.0,0,5,manual
4,9280,4screws,0.9276,known,4screws,0.0065,0.0,0,5,manual
4,9281,4screws,0.6619,known,4screws,0.006,0.0,0,5,manual
4,9282,4screws,0.6959,known,4screws,0.0055,0.0,0,5,manual
4,9283,4screws,0.7778,known,4screws,0.005,0.0,0,5,manual
4,9284,4screws,0.7503,known,4screws,0.0046,0.0,0,5,manual
4,9285,4screws,0.9425,known,4screws,0.0043,0.0,0,5,manual
4,9286,4screws,0.6998,known,4screws,0.0039,0.0,0,5,manual
4,9287,4screws,1.012,unknown,,0.0836,0.01,0,5,manual
4,9288,4screws,0.7504,known,4screws,0.0769,0.0,0,5,manual
4,9289,4screws,0.8071,known,4screws,0.0708,0.0,0,5,manual
4,9290,4screws,0.9,known,4screws,0.0651,0.0,0,5,manual
4,9291,4screws,0.7111,known,4screws,0.0599,0.0,0,5,manual
4,9292,4screws,0.7499,known,4screws,0.0551,0.0,0,5,manual
4,9293,4screws,0.566,known,4screws,0.0507,0.0,0,5,manual
4,9294,4screws,0.5882,known,4screws,0.0466,0.0,0,5,manual
4,9295,4screws,0.7623,known,4screws,0.0429,0.0,0,5,manual
4,9296,4screws,0.8127,known,4screws,0.0395,0.0,0,5,manual
4,9297,4screws,0.818,known,4screws,0.0363,0.0,0,5,manual
4,9298,4screws,0.7779,known,4screws,0.0334,0.0,0,5,manual
4,9299,4screws,0.8472,known,4screws,0.0307,0.0,0,5,manual
4,9300,4screws,0.7778,known,4screws,0.0283,0.0,0,5,manual
4,9301,4screws,0.8438,known,4screws,0.026,0.0,0,5,manual
4,9302,4screws,1.012,unknown,,0.1039,0.01,0,5,manual
4,9303,4screws,0.9187,known,4screws,0.0956,0.0,0,5,manual
4,9304,4screws,0.6477,known,4screws,0.088,0.0,0,5,manual
4,9305,4screws,0.8158,known,4screws,0.0809,0.0,0,5,manual
4,9306,4screws,0.8553,known,4screws,0.0745,0.0,0,5,manual
4,9307,4screws,0.9962,known,4screws,0.0685,0.0,0,5,manual
4,9308,4screws,0.9425,known,4screws,0.063,0.0,0,5,manual
4,9309,4screws,0.7065,known,4screws,0.058,0.0,0,5,manual
4,9310,4screws,0.6998,known,4screws,0.0533,0.0,0,5,manual
4,9311,4screws,0.8432,known,4screws,0.0491,0.0,0,5,manual
4,9312,4screws,0.8109,known,4screws,0.0451,0.0,0,5,manual
4,9313,4screws,0.8525,known,4screws,0.0415,0.0,0,5,manual
4,9314,4screws,0.957,known,4screws,0.0382,0.0,0,5,manual
4,9315,4screws,0.9497,known,4screws,0.0352,0.0,0,5,manual
4,9316,4screws,0.6619,known,4screws,0.0323,0.0,0,5,manual
4,9317,4screws,0.9,known,4screws,0.0298,0.0,0,5,manual
4,9318,4screws,0.925,known,4screws,0.0274,0.0,0,5,manual
4,9319,4screws,0.8558,known,4screws,0.0252,0.0,0,5,manual
4,9320,4screws,0.7807,known,4screws,0.0232,0.0,0,5,manual
4,9321,4screws,0.8556,known,4screws,0.0213,0.0,0,5,manual
4,9322,4screws,0.8978,known,4screws,0.0196,0.0,0,5,manual
4,9323,4screws,0.8148,known,4screws,0.018,0.0,0,5,manual
4,9324,4screws,0.9276,known,4screws,0.0166,0.0,0,5,manual
4,9325,4screws,0.6727,known,4screws,0.0153,0.0,0,5,manual
4,9326,4screws,0.9825,known,4screws,0.0141,0.0,0,5,manual
4,9327,4screws,0.8084,known,4screws,0.0129,0.0,0,5,manual
4,9328,4screws,0.963,known,4screws,0.0119,0.0,0,5,manual
4,9329,4screws,0.7503,known,4screws,0.0109,0.0,0,5,manual
4,9330,4screws,0.9151,known,4screws,0.0101,0.0,0,5,manual
4,9331,4screws,0.7025,known,4screws,0.0093,0.0,0,5,manual
4,9332,4screws,0.7039,known,4screws,0.0085,0.0,0,5,manual
4,9333,4screws,0.7495,known,4screws,0.0078,0.0,0,5,manual
4,9334,4screws,0.6773,known,4screws,0.0072,0.0,0,5,manual
4,9335,4screws,0.6959,known,4screws,0.0066,0.0,0,5,manual
4,9336,4screws,0.7633,known,4screws,0.0061,0.0,0,5,manual
4,9337,4screws,1.0013,unknown,,0.0856,0.0,0,5,manual
4,9338,4screws,0.6561,known,4screws,0.0788,0.0,0,5,manual
4,9339,4screws,0.7504,known,4screws,0.0725,0.0,0,5,manual
4,9340,4screws,0.8071,known,4screws,0.0667,0.0,0,5,manual
4,9341,4screws,0.8536,known,4screws,0.0613,0.0,0,5,manual
4,9342,4screws,0.7239,known,4screws,0.0564,0.0,0,5,manual
4,9343,4screws,0.7376,known,4screws,0.0519,0.0,0,5,manual
4,9344,4screws,0.8706,known,4screws,0.0478,0.0,0,5,manual
4,9345,4screws,0.867,known,4screws,0.0439,0.0,0,5,manual
4,9346,4screws,0.74,known,4screws,0.0404,0.0,0,5,manual
4,9347,4screws,0.8298,known,4screws,0.0372,0.0,0,5,manual
4,9348,4screws,0.7388,known,4screws,0.0342,0.0,0,5,manual
4,9349,4screws,0.8472,known,4screws,0.0315,0.0,0,5,manual
4,9350,4screws,0.9,known,4screws,0.029,0.0,0,5,manual
4,9351,4screws,1.012,unknown,,0.1066,0.01,0,5,manual
4,9352,4screws,0.7065,known,4screws,0.0981,0.0,0,5,manual
4,9353,4screws,0.9151,known,4screws,0.0903,0.0,0,5,manual
4,9354,4screws,0.7499,known,4screws,0.083,0.0,0,5,manual
4,9355,4screws,0.7495,known,4screws,0.0764,0.0,0,5,manual
4,9356,4screws,0.9497,known,4screws,0.0703,0.0,0,5,manual
4,9357,4screws,0.867,known,4screws,0.0647,0.0,0,5,manual
4,9358,4screws,0.74,known,4screws,0.0595,0.0,0,5,manual
4,9359,4screws,0.7376,known,4screws,0.0547,0.0,0,5,manual
4,9360,4screws,0.8127,known,4screws,0.0504,0.0,0,5,manual
4,9361,4screws,0.818,known,4screws,0.0463,0.0,0,5,manual
4,9362,4screws,0.7111,known,4screws,0.0426,0.0,0,5,manual
4,9363,4screws,0.8148,known,4screws,0.0392,0.0,0,5,manual
4,9364,4screws,0.6619,known,4screws,0.0361,0.0,0,5,manual
4,9365,4screws,0.8558,known,4screws,0.0332,0.0,0,5,manual
4,9366,4screws,0.9962,known,4screws,0.0305,0.0,0,5,manual
4,9367,4screws,0.8071,known,4screws,0.0281,0.0,0,5,manual
4,9368,4screws,0.8536,known,4screws,0.0258,0.0,0,5,manual
4,9369,4screws,0.6477,known,4screws,0.0238,0.0,0,5,manual
4,9370,4screws,0.8109,known,4screws,0.0219,0.0,0,5,manual
4,9371,4screws,0.7504,known,4screws,0.0201,0.0,0,5,manual
4,9372,4screws,0.7239,known,4screws,0.0185,0.0,0,5,manual
4,9373,4screws,0.9425,known,4screws,0.017,0.0,0,5,manual
4,9374,4screws,0.7779,known,4screws,0.0157,0.0,0,5,manual
4,9375,4screws,0.566,known,4screws,0.0144,0.0,0,5,manual
4,9376,4screws,0.7039,known,4screws,0.0133,0.0,0,5,manual
4,9377,4screws,0.6998,known,4screws,0.0122,0.0,0,5,manual
4,9378,4screws,0.6561,known,4screws,0.0112,0.0,0,5,manual
4,9379,4screws,0.9825,known,4screws,0.0103,0.0,0,5,manual
4,9380,4screws,0.8553,known,4screws,0.0095,0.0,0,5,manual
4,9381,4screws,0.6727,known,4screws,0.0087,0.0,0,5,manual
4,9382,4screws,0.925,known,4screws,0.008,0.0,0,5,manual
4,9383,4screws,1.0013,unknown,,0.0874,0.0,0,5,manual
4,9384,4screws,0.8706,known,4screws,0.0804,0.0,0,5,manual
4,9385,4screws,0.7633,known,4screws,0.074,0.0,0,5,manual
4,9386,4screws,0.5882,known,4screws,0.0681,0.0,0,5,manual
4,9387,4screws,0.8556,known,4screws,0.0626,0.0,0,5,manual
4,9388,4screws,0.963,known,4screws,0.0576,0.0,0,5,manual
4,9389,4screws,0.6773,known,4screws,0.053,0.0,0,5,manual
4,9390,4screws,0.7025,known,4screws,0.0488,0.0,0,5,manual
4,9391,4screws,0.8978,known,4screws,0.0449,0.0,0,5,manual
4,9392,4screws,0.6959,known,4screws,0.0413,0.0,0,5,manual
4,9393,4screws,0.8525,known,4screws,0.038,0.0,0,5,manual
4,9394,4screws,0.7388,known,4screws,0.0349,0.0,0,5,manual
4,9395,4screws,0.9276,known,4screws,0.0321,0.0,0,5,manual
4,9396,4screws,0.7503,known,4screws,0.0296,0.0,0,5,manual
4,9397,4screws,0.8158,known,4screws,0.0272,0.0,0,5,manual
4,9398,4screws,0.7778,known,4screws,0.025,0.0,0,5,manual
4,9399,4screws,0.8432,known,4screws,0.023,0.0,0,5,manual
4,9400,4screws,0.9187,known,4screws,0.0212,0.0,0,5,manual
4,9401,4screws,0.8084,known,4screws,0.0195,0.0,0,5,manual
4,9402,4screws,0.7623,known,4screws,0.0179,0.0,0,5,manual
4,9403,4screws,0.8438,known,4screws,0.0165,0.0,0,5,manual
4,9404,4screws,0.7807,known,4screws,0.0152,0.0,0,5,manual
4,9405,4screws,0.957,known,4screws,0.014,0.0,0,5,manual
4,9406,4screws,0.8298,known,4screws,0.0128,0.0,0,5,manual
4,9407,4screws,0.818,known,4screws,0.0118,0.0,0,5,manual
4,9408,4screws,0.9151,known,4screws,0.0109,0.0,0,5,manual
4,9409,4screws,0.9497,known,4screws,0.01,0.0,0,5,manual
4,9410,4screws,0.9825,known,4screws,0.0092,0.0,0,5,manual
4,9411,4screws,0.7376,known,4screws,0.0085,0.0,0,5,manual
4,9412,4screws,0.8558,known,4screws,0.0078,0.0,0,5,manual
4,9413,4screws,0.8556,known,4screws,0.0072,0.0,0,5,manual
4,9414,4screws,0.8472,known,4screws,0.0066,0.0,0,5,manual
4,9415,4screws,0.8084,known,4screws,0.0061,0.0,0,5,manual
4,9416,4screws,1.012,unknown,,0.0856,0.01,0,5,manual
4,9417,4screws,0.8298,known,4screws,0.0787,0.0,0,5,manual
4,9418,4screws,0.7025,known,4screws,0.0724,0.0,0,5,manual
4,9419,4screws,0.867,known,4screws,0.0666,0.0,0,5,manual
4,9420,4screws,0.963,known,4screws,0.0613,0.0,0,5,manual
4,9421,4screws,0.7504,known,4screws,0.0564,0.0,0,5,manual
4,9422,4screws,0.8978,known,4screws,0.0519,0.0,0,5,manual
4,9423,4screws,0.7633,known,4screws,0.0477,0.0,0,5,manual
4,9424,4screws,0.6998,known,4screws,0.0439,0.0,0,5,manual
4,9425,4screws,0.8438,known,4screws,0.0404,0.0,0,5,manual
4,9426,4screws,0.8525,known,4screws,0.0372,0.0,0,5,manual
4,9427,4screws,0.8109,known,4screws,0.0342,0.0,0,5,manual
4,9428,4screws,0.7388,known,4screws,0.0315,0.0,0,5,manual
4,9429,4screws,0.9425,known,4screws,0.0289,0.0,0,5,manual
4,9430,4screws,0.7779,known,4screws,0.0266,0.0,0,5,manual
4,9431,4screws,0.6959,known,4screws,0.0245,0.0,0,5,manual
4,9432,4screws,0.7807,known,4screws,0.0225,0.0,0,5,manual
4,9433,4screws,0.7503,known,4screws,0.0207,0.0,0,5,manual
4,9434,4screws,0.8148,known,4screws,0.0191,0.0,0,5,manual
4,9435,4screws,0.7065,known,4screws,0.0176,0.0,0,5,manual
4,9436,4screws,0.925,known,4screws,0.0161,0.0,0,5,manual
4,9437,4screws,0.8432,known,4screws,0.0149,0.0,0,5,manual
4,9438,4screws,0.74,known,4screws,0.0137,0.0,0,5,manual
4,9439,4screws,0.7778,known,4screws,0.0126,0.0,0,5,manual
4,9440,4screws,0.8071,known,4screws,0.0116,0.0,0,5,manual
4,9441,4screws,0.6773,known,4screws,0.0106,0.0,0,5,manual
4,9442,4screws,0.566,known,4screws,0.0098,0.0,0,5,manual
4,9443,4screws,0.8553,known,4screws,0.009,0.0,0,5,manual
4,9444,4screws,0.6619,known,4screws,0.0083,0.0,0,5,manual
4,9445,4screws,0.9,known,4screws,0.0076,0.0,0,5,manual
4,9446,4screws,0.5882,known,4screws,0.007,0.0,0,5,manual
4,9447,4screws,0.7495,known,4screws,0.0065,0.0,0,5,manual
4,9448,4screws,0.8127,known,4screws,0.0059,0.0,0,5,manual
4,9449,4screws,0.7039,known,4screws,0.0055,0.0,0,5,manual
4,9450,4screws,0.9187,known,4screws,0.005,0.0,0,5,manual
4,9451,4screws,0.8158,known,4screws,0.0046,0.0,0,5,manual
4,9452,4screws,0.7499,known,4screws,0.0043,0.0,0,5,manual
4,9453,4screws,0.8536,known,4screws,0.0039,0.0,0,5,manual
4,9454,4screws,1.0013,unknown,,0.0836,0.0,0,5,manual
4,9455,4screws,0.6727,known,4screws,0.0769,0.0,0,5,manual
4,9456,4screws,0.6561,known,4screws,0.0708,0.0,0,5,manual
4,9457,4screws,0.9276,known,4screws,0.0651,0.0,0,5,manual
4,9458,4screws,0.7111,known,4screws,0.0599,0.0,0,5,manual
4,9459,4screws,0.957,known,4screws,0.0551,0.0,0,5,manual
4,9460,4screws,0.8706,known,4screws,0.0507,0.0,0,5,manual
4,9461,4screws,0.9962,known,4screws,0.0466,0.0,0,5,manual
4,9462,4screws,0.7623,known,4screws,0.0429,0.0,0,5,manual
4,9463,4screws,0.7239,known,4screws,0.0395,0.0,0,5,manual
4,9464,4screws,0.6477,known,4screws,0.0363,0.0,0,5,manual
4,9465,4screws,0.8553,known,4screws,0.0334,0.0,0,5,manual
4,9466,4screws,0.6619,known,4screws,0.0307,0.0,0,5,manual
4,9467,4screws,0.7025,known,4screws,0.0283,0.0,0,5,manual
4,9468,4screws,0.7807,known,4screws,0.026,0.0,0,5,manual
4,9469,4screws,0.7388,known,4screws,0.0239,0.0,0,5,manual
4,9470,4screws,1.012,unknown,,0.102,0.01,0,5,manual
4,9471,4screws,0.8432,known,4screws,0.0939,0.0,0,5,manual
4,9472,4screws,0.8298,known,4screws,0.0863,0.0,0,5,manual
4,9473,4screws,0.9187,known,4screws,0.0794,0.0,0,5,manual
4,9474,4screws,0.7065,known,4screws,0.0731,0.0,0,5,manual
4,9475,4screws,0.7778,known,4screws,0.0672,0.0,0,5,manual
4,9476,4screws,0.7503,known,4screws,0.0619,0.0,0,5,manual
4,9477,4screws,0.6561,known,4screws,0.0569,0.0,0,5,manual
4,9478,4screws,0.9497,known,4screws,0.0524,0.0,0,5,manual
4,9479,4screws,0.7039,known,4screws,0.0482,0.0,0,5,manual
4,9480,4screws,0.7779,known,4screws,0.0443,0.0,0,5,manual
4,9481,4screws,0.8084,known,4screws,0.0408,0.0,0,5,manual
4,9482,4screws,0.7499,known,4screws,0.0375,0.0,0,5,manual
4,9483,4screws,0.8558,known,4screws,0.0345,0.0,0,5,manual
4,9484,4screws,0.7495,known,4screws,0.0317,0.0,0,5,manual
4,9485,4screws,0.8525,known,4screws,0.0292,0.0,0,5,manual
4,9486,4screws,0.8109,known,4screws,0.0269,0.0,0,5,manual
4,9487,4screws,0.9425,known,4screws,0.0247,0.0,0,5,manual
4,9488,4screws,0.8556,known,4screws,0.0227,0.0,0,5,manual
4,9489,4screws,0.9,known,4screws,0.0209,0.0,0,5,manual
4,9490,4screws,0.6959,known,4screws,0.0193,0.0,0,5,manual
4,9491,4screws,0.6998,known,4screws,0.0177,0.0,0,5,manual
4,9492,4screws,0.8438,known,4screws,0.0163,0.0,0,5,manual
4,9493,4screws,0.5882,known,4screws,0.015,0.0,0,5,manual
4,9494,4screws,0.963,known,4screws,0.0138,0.0,0,5,manual
4,9495,4screws,0.7376,known,4screws,0.0127,0.0,0,5,manual
4,9496,4screws,0.6477,known,4screws,0.0117,0.0,0,5,manual
4,9497,4screws,0.9962,known,4screws,0.0107,0.0,0,5,manual
4,9498,4screws,0.9825,known,4screws,0.0099,0.0,0,5,manual
4,9499,4screws,0.8148,known,4screws,0.0091,0.0,0,5,manual
4,9500,4screws,0.8071,known,4screws,0.0084,0.0,0,5,manual
4,9501,4screws,0.6727,known,4screws,0.0077,0.0,0,5,manual
4,9502,4screws,0.7623,known,4screws,0.0071,0.0,0,5,manual
4,9503,4screws,0.8158,known,4screws,0.0065,0.0,0,5,manual
4,9504,4screws,0.925,known,4screws,0.006,0.0,0,5,manual
4,9505,4screws,0.74,known,4screws,0.0055,0.0,0,5,manual
4,9506,4screws,0.7111,known,4screws,0.0051,0.0,0,5,manual
4,9507,4screws,0.818,known,4screws,0.0047,0.0,0,5,manual
4,9508,4screws,0.8536,known,4screws,0.0043,0.0,0,5,manual
4,9509,4screws,1.0013,unknown,,0.0839,0.0,0,5,manual
4,9510,4screws,0.7239,known,4screws,0.0772,0.0,0,5,manual
4,9511,4screws,0.7504,known,4screws,0.0711,0.0,0,5,manual
4,9512,4screws,0.8978,known,4screws,0.0654,0.0,0,5,manual
4,9513,4screws,0.8706,known,4screws,0.0601,0.0,0,5,manual
4,9514,4screws,0.6773,known,4screws,0.0553,0.0,0,5,manual
4,9515,4screws,0.9276,known,4screws,0.0509,0.0,0,5,manual
4,9516,4screws,0.8127,known,4screws,0.0468,0.0,0,5,manual
4,9517,4screws,0.7633,known,4screws,0.0431,0.0,0,5,manual
4,9518,4screws,0.566,known,4screws,0.0396,0.0,0,5,manual
4,9519,4screws,0.8472,known,4screws,0.0365,0.0,0,5,manual
4,9520,4screws,0.867,known,4screws,0.0335,0.0,0,5,manual
4,9521,4screws,0.957,known,4screws,0.0309,0.0,0,5,manual
4,9522,4screws,0.9151,known,4screws,0.0284,0.0,0,5,manual
4,9523,4screws,0.963,known,4screws,0.0261,0.0,0,5,manual
4,9524,4screws,0.925,known,4screws,0.024,0.0,0,5,manual
4,9525,4screws,0.9187,known,4screws,0.0221,0.0,0,5,manual
4,9526,4screws,0.566,known,4screws,0.0203,0.0,0,5,manual
4,9527,4screws,0.7065,known,4screws,0.0187,0.0,0,5,manual
4,9528,4screws,0.7239,known,4screws,0.0172,0.0,0,5,manual
4,9529,4screws,0.9825,known,4screws,0.0158,0.0,0,5,manual
4,9530,4screws,0.9497,known,4screws,0.0146,0.0,0,5,manual
4,9531,4screws,0.7779,known,4screws,0.0134,0.0,0,5,manual
4,9532,4screws,0.7633,known,4screws,0.0123,0.0,0,5,manual
4,9533,4screws,0.867,known,4screws,0.0113,0.0,0,5,manual
4,9534,4screws,0.8127,known,4screws,0.0104,0.0,0,5,manual
4,9535,4screws,0.6773,known,4screws,0.0096,0.0,0,5,manual
4,9536,4screws,0.9962,known,4screws,0.0088,0.0,0,5,manual
4,9537,4screws,0.818,known,4screws,0.0081,0.0,0,5,manual
4,9538,4screws,0.6998,known,4screws,0.0075,0.0,0,5,manual
4,9539,4screws,0.8558,known,4screws,0.0069,0.0,0,5,manual
4,9540,4screws,1.012,unknown,,0.0863,0.01,0,5,manual
4,9541,4screws,0.8298,known,4screws,0.0794,0.0,0,5,manual
4,9542,4screws,0.5882,known,4screws,0.0731,0.0,0,5,manual
4,9543,4screws,0.8438,known,4screws,0.0672,0.0,0,5,manual
4,9544,4screws,0.8084,known,4screws,0.0618,0.0,0,5,manual
4,9545,4screws,0.6477,known,4screws,0.0569,0.0,0,5,manual
4,9546,4screws,0.9151,known,4screws,0.0523,0.0,0,5,manual
4,9547,4screws,0.6561,known,4screws,0.0482,0.0,0,5,manual
4,9548,4screws,0.7499,known,4screws,0.0443,0.0,0,5,manual
4,9549,4screws,0.6959,known,4screws,0.0408,0.0,0,5,manual
4,9550,4screws,0.7778,known,4screws,0.0375,0.0,0,5,manual
4,9551,4screws,0.8109,known,4screws,0.0345,0.0,0,5,manual
4,9552,4screws,0.8978,known,4screws,0.0317,0.0,0,5,manual
4,9553,4screws,0.6619,known,4screws,0.0292,0.0,0,5,manual
4,9554,4screws,1.0013,unknown,,0.1069,0.0,0,5,manual
4,9555,4screws,0.7111,known,4screws,0.0983,0.0,0,5,manual
4,9556,4screws,0.7388,known,4screws,0.0905,0.0,0,5,manual
4,9557,4screws,0.8553,known,4screws,0.0832,0.0,0,5,manual
4,9558,4screws,0.7504,known,4screws,0.0766,0.0,0,5,manual
4,9559,4screws,0.957,known,4screws,0.0704,0.0,0,5,manual
4,9560,4screws,0.8432,known,4screws,0.0648,0.0,0,5,manual
4,9561,4screws,0.6727,known,4screws,0.0596,0.0,0,5,manual
4,9562,4screws,0.8148,known,4screws,0.0548,0.0,0,5,manual
4,9563,4screws,0.8556,known,4screws,0.0505,0.0,0,5,manual
4,9564,4screws,0.7039,known,4screws,0.0464,0.0,0,5,manual
4,9565,4screws,0.7025,known,4screws,0.0427,0.0,0,5,manual
4,9566,4screws,0.9276,known,4screws,0.0393,0.0,0,5,manual
4,9567,4screws,0.8536,known,4screws,0.0361,0.0,0,5,manual
4,9568,4screws,0.7623,known,4screws,0.0333,0.0,0,5,manual
4,9569,4screws,0.7503,known,4screws,0.0306,0.0,0,5,manual
4,9570,4screws,0.8071,known,4screws,0.0281,0.0,0,5,manual
4,9571,4screws,0.7495,known,4screws,0.0259,0.0,0,5,manual
4,9572,4screws,0.8158,known,4screws,0.0238,0.0,0,5,manual
4,9573,4screws,0.74,known,4screws,0.0219,0.0,0,5,manual
4,9574,4screws,0.8706,known,4screws,0.0202,0.0,0,5,manual
4,9575,4screws,0.8472,known,4screws,0.0186,0.0,0,5,manual
4,9576,4screws,0.9425,known,4screws,0.0171,0.0,0,5,manual
4,9577,4screws,0.8525,known,4screws,0.0157,0.0,0,5,manual
4,9578,4screws,0.7807,known,4screws,0.0144,0.0,0,5,manual
4,9579,4screws,0.9,known,4screws,0.0133,0.0,0,5,manual
4,9580,4screws,0.7376,known,4screws,0.0122,0.0,0,5,manual
4,9581,4screws,0.8071,known,4screws,0.0112,0.0,0,5,manual
4,9582,4screws,0.74,known,4screws,0.0103,0.0,0,5,manual
4,9583,4screws,0.9497,known,4screws,0.0095,0.0,0,5,manual
4,9584,4screws,0.8438,known,4screws,0.0088,0.0,0,5,manual
4,9585,4screws,0.7495,known,4screws,0.0081,0.0,0,5,manual
4,9586,4screws,0.8556,known,4screws,0.0074,0.0,0,5,manual
4,9587,4screws,0.7111,known,4screws,0.0068,0.0,0,5,manual
4,9588,4screws,0.7499,known,4screws,0.0063,0.0,0,5,manual
4,9589,4screws,0.9276,known,4screws,0.0058,0.0,0,5,manual
4,9590,4screws,0.9425,known,4screws,0.0053,0.0,0,5,manual
4,9591,4screws,0.8084,known,4screws,0.0049,0.0,0,5,manual
4,9592,4screws,0.6727,known,4screws,0.0045,0.0,0,5,manual
4,9593,4screws,0.7807,known,4screws,0.0041,0.0,0,5,manual
4,9594,4screws,0.957,known,4screws,0.0038,0.0,0,5,manual
4,9595,4screws,0.8472,known,4screws,0.0035,0.0,0,5,manual
4,9596,4screws,0.6477,known,4screws,0.0032,0.0,0,5,manual
4,9597,4screws,0.6619,known,4screws,0.003,0.0,0,5,manual
4,9598,4screws,0.7376,known,4screws,0.0027,0.0,0,5,manual
4,9599,4screws,0.8553,known,4screws,0.0025,0.0,0,5,manual
4,9600,4screws,0.8127,known,4screws,0.0023,0.0,0,5,manual
4,9601,4screws,0.7065,known,4screws,0.0021,0.0,0,5,manual
4,9602,4screws,0.8525,known,4screws,0.002,0.0,0,5,manual
4,9603,4screws,0.6959,known,4screws,0.0018,0.0,0,5,manual
4,9604,4screws,0.8558,known,4screws,0.0017,0.0,0,5,manual
4,9605,4screws,0.7025,known,4screws,0.0015,0.0,0,5,manual
4,9606,4screws,1.0013,unknown,,0.0814,0.0,0,5,manual
4,9607,4screws,0.8148,known,4screws,0.0749,0.0,0,5,manual
4,9608,4screws,0.7623,known,4screws,0.0689,0.0,0,5,manual
4,9609,4screws,0.8109,known,4screws,0.0634,0.0,0,5,manual
4,9610,4screws,0.818,known,4screws,0.0583,0.0,0,5,manual
4,9611,4screws,0.8706,known,4screws,0.0536,0.0,0,5,manual
4,9612,4screws,0.9,known,4screws,0.0494,0.0,0,5,manual
4,9613,4screws,0.7239,known,4screws,0.0454,0.0,0,5,manual
4,9614,4screws,0.925,known,4screws,0.0418,0.0,0,5,manual
4,9615,4screws,0.7039,known,4screws,0.0384,0.0,0,5,manual
4,9616,4screws,0.7633,known,4screws,0.0354,0.0,0,5,manual
4,9617,4screws,0.9187,known,4screws,0.0325,0.0,0,5,manual
4,9618,4screws,0.8978,known,4screws,0.0299,0.0,0,5,manual
4,9619,4screws,0.6773,known,4screws,0.0275,0.0,0,5,manual
4,9620,4screws,0.963,known,4screws,0.0253,0.0,0,5,manual
4,9621,4screws,0.8298,known,4screws,0.0233,0.0,0,5,manual
4,9622,4screws,1.012,unknown,,0.1014,0.01,0,5,manual
4,9623,4screws,0.566,known,4screws,0.0933,0.0,0,5,manual
4,9624,4screws,0.7779,known,4screws,0.0859,0.0,0,5,manual
4,9625,4screws,0.9151,known,4screws,0.079,0.0,0,5,manual
4,9626,4screws,0.7778,known,4screws,0.0727,0.0,0,5,manual
4,9627,4screws,0.6561,known,4screws,0.0669,0.0,0,5,manual
4,9628,4screws,0.8158,known,4screws,0.0615,0.0,0,5,manual
4,9629,4screws,0.7503,known,4screws,0.0566,0.0,0,5,manual
4,9630,4screws,0.5882,known,4screws,0.0521,0.0,0,5,manual
4,9631,4screws,0.6998,known,4screws,0.0479,0.0,0,5,manual
4,9632,4screws,0.9962,known,4screws,0.0441,0.0,0,5,manual
4,9633,4screws,0.867,known,4screws,0.0405,0.0,0,5,manual
4,9634,4screws,0.7504,known,4screws,0.0373,0.0,0,5,manual
4,9635,4screws,0.8432,known,4screws,0.0343,0.0,0,5,manual
4,9636,4screws,0.8536,known,4screws,0.0316,0.0,0,5,manual
4,9637,4screws,0.9825,known,4screws,0.029,0.0,0,5,manual
4,9638,4screws,0.7388,known,4screws,0.0267,0.0,0,5,manual
4,9639,4screws,0.7779,known,4screws,0.0246,0.0,0,5,manual
4,9640,4screws,0.7065,known,4screws,0.0226,0.0,0,5,manual
4,9641,4screws,0.8706,known,4screws,0.0208,0.0,0,5,manual
4,9642,4screws,0.9425,known,4screws,0.0191,0.0,0,5,manual
4,9643,4screws,0.8556,known,4screws,0.0176,0.0,0,5,manual
4,9644,4screws,0.9187,known,4screws,0.0162,0.0,0,5,manual
4,9645,4screws,0.6619,known,4screws,0.0149,0.0,0,5,manual
4,9646,4screws,0.9825,known,4screws,0.0137,0.0,0,5,manual
4,9647,4screws,0.6998,known,4screws,0.0126,0.0,0,5,manual
4,9648,4screws,0.957,known,4screws,0.0116,0.0,0,5,manual
4,9649,4screws,0.818,known,4screws,0.0107,0.0,0,5,manual
4,9650,4screws,0.566,known,4screws,0.0098,0.0,0,5,manual
4,9651,4screws,0.867,known,4screws,0.009,0.0,0,5,manual
4,9652,4screws,0.6477,known,4screws,0.0083,0.0,0,5,manual
4,9653,4screws,0.6773,known,4screws,0.0076,0.0,0,5,manual
4,9654,4screws,0.9151,known,4screws,0.007,0.0,0,5,manual
4,9655,4screws,0.7778,known,4screws,0.0065,0.0,0,5,manual
4,9656,4screws,0.6727,known,4screws,0.006,0.0,0,5,manual
4,9657,4screws,0.9,known,4screws,0.0055,0.0,0,5,manual
4,9658,4screws,0.925,known,4screws,0.005,0.0,0,5,manual
4,9659,4screws,0.8109,known,4screws,0.0046,0.0,0,5,manual
4,9660,4screws,0.9497,known,4screws,0.0043,0.0,0,5,manual
4,9661,4screws,0.7376,known,4screws,0.0039,0.0,0,5,manual
4,9662,4screws,0.7111,known,4screws,0.0036,0.0,0,5,manual
4,9663,4screws,0.7499,known,4screws,0.0033,0.0,0,5,manual
4,9664,4screws,0.7388,known,4screws,0.0031,0.0,0,5,manual
4,9665,4screws,0.8536,known,4screws,0.0028,0.0,0,5,manual
4,9666,4screws,0.8472,known,4screws,0.0026,0.0,0,5,manual
4,9667,4screws,0.7495,known,4screws,0.0024,0.0,0,5,manual
4,9668,4screws,0.8432,known,4screws,0.0022,0.0,0,5,manual
4,9669,4screws,0.8558,known,4screws,0.002,0.0,0,5,manual
4,9670,4screws,0.7504,known,4screws,0.0019,0.0,0,5,manual
4,9671,4screws,0.7025,known,4screws,0.0017,0.0,0,5,manual
4,9672,4screws,0.963,known,4screws,0.0016,0.0,0,5,manual
4,9673,4screws,0.9962,known,4screws,0.0014,0.0,0,5,manual
4,9674,4screws,0.9276,known,4screws,0.0013,0.0,0,5,manual
4,9675,4screws,0.8298,known,4screws,0.0012,0.0,0,5,manual
4,9676,4screws,0.6959,known,4screws,0.0011,0.0,0,5,manual
4,9677,4screws,0.6561,known,4screws,0.001,0.0,0,5,manual
4,9678,4screws,0.7633,known,4screws,0.001,0.0,0,5,manual
4,9679,4screws,0.7623,known,4screws,0.0009,0.0,0,5,manual
4,9680,4screws,0.8071,known,4screws,0.0008,0.0,0,5,manual
4,9681,4screws,0.8438,known,4screws,0.0007,0.0,0,5,manual
4,9682,4screws,1.012,unknown,,0.0807,0.01,0,5,manual
4,9683,4screws,1.0013,unknown,,0.1542,0.01,0,5,manual
4,9684,4screws,0.8158,known,4screws,0.1419,0.0,0,5,manual
4,9685,4screws,0.8978,known,4screws,0.1305,0.0,0,5,manual
4,9686,4screws,0.8127,known,4screws,0.1201,0.0,0,5,manual
4,9687,4screws,0.74,known,4screws,0.1105,0.0,0,5,manual
4,9688,4screws,0.8553,known,4screws,0.1016,0.0,0,5,manual
4,9689,4screws,0.5882,known,4screws,0.0935,0.0,0,5,manual
4,9690,4screws,0.8525,known,4screws,0.086,0.0,0,5,manual
4,9691,4screws,0.7039,known,4screws,0.0792,0.0,0,5,manual
4,9692,4screws,0.7503,known,4screws,0.0728,0.0,0,5,manual
4,9693,4screws,0.8148,known,4screws,0.067,0.0,0,5,manual
4,9694,4screws,0.7239,known,4screws,0.0616,0.0,0,5,manual
4,9695,4screws,0.7807,known,4screws,0.0567,0.0,0,5,manual
4,9696,4screws,0.8084,known,4screws,0.0522,0.0,0,5,manual
4,9697,4screws,0.7623,known,4screws,0.048,0.0,0,5,manual
4,9698,4screws,0.7499,known,4screws,0.0442,0.0,0,5,manual
4,9699,4screws,0.7504,known,4screws,0.0406,0.0,0,5,manual
4,9700,4screws,0.7633,known,4screws,0.0374,0.0,0,5,manual
4,9701,4screws,0.8109,known,4screws,0.0344,0.0,0,5,manual
4,9702,4screws,0.8438,known,4screws,0.0316,0.0,0,5,manual
4,9703,4screws,0.6619,known,4screws,0.0291,0.0,0,5,manual
4,9704,4screws,0.7495,known,4screws,0.0268,0.0,0,5,manual
4,9705,4screws,0.8558,known,4screws,0.0246,0.0,0,5,manual
4,9706,4screws,1.012,unknown,,0.1027,0.01,0,5,manual
4,9707,4screws,0.925,known,4screws,0.0944,0.0,0,5,manual
4,9708,4screws,0.6561,known,4screws,0.0869,0.0,0,5,manual
4,9709,4screws,0.5882,known,4screws,0.0799,0.0,0,5,manual
4,9710,4screws,0.818,known,4screws,0.0735,0.0,0,5,manual
4,9711,4screws,0.7376,known,4screws,0.0677,0.0,0,5,manual
4,9712,4screws,0.8553,known,4screws,0.0622,0.0,0,5,manual
4,9713,4screws,0.8536,known,4screws,0.0573,0.0,0,5,manual
4,9714,4screws,0.7388,known,4screws,0.0527,0.0,0,5,manual
4,9715,4screws,0.7239,known,4screws,0.0485,0.0,0,5,manual
4,9716,4screws,0.8071,known,4screws,0.0446,0.0,0,5,manual
4,9717,4screws,0.8298,known,4screws,0.041,0.0,0,5,manual
4,9718,4screws,1.0013,unknown,,0.1177,0.0,0,5,manual
4,9719,4screws,0.957,known,4screws,0.1083,0.0,0,5,manual
4,9720,4screws,0.9276,known,4screws,0.0997,0.0,0,5,manual
4,9721,4screws,0.8158,known,4screws,0.0917,0.0,0,5,manual
4,9722,4screws,0.8978,known,4screws,0.0844,0.0,0,5,manual
4,9723,4screws,0.7807,known,4screws,0.0776,0.0,0,5,manual
4,9724,4screws,0.9497,known,4screws,0.0714,0.0,0,5,manual
4,9725,4screws,0.9425,known,4screws,0.0657,0.0,0,5,manual
4,9726,4screws,0.7503,known,4screws,0.0604,0.0,0,5,manual
4,9727,4screws,0.6727,known,4screws,0.0556,0.0,0,5,manual
4,9728,4screws,0.7025,known,4screws,0.0511,0.0,0,5,manual
4,9729,4screws,0.7065,known,4screws,0.0471,0.0,0,5,manual
4,9730,4screws,0.963,known,4screws,0.0433,0.0,0,5,manual
4,9731,4screws,0.8148,known,4screws,0.0398,0.0,0,5,manual
4,9732,4screws,0.9825,known,4screws,0.0366,0.0,0,5,manual
4,9733,4screws,0.9,known,4screws,0.0337,0.0,0,5,manual
4,9734,4screws,0.6773,known,4screws,0.031,0.0,0,5,manual
4,9735,4screws,0.7778,known,4screws,0.0285,0.0,0,5,manual
4,9736,4screws,0.9962,known,4screws,0.0262,0.0,0,5,manual
4,9737,4screws,0.7111,known,4screws,0.0241,0.0,0,5,manual
4,9738,4screws,0.8432,known,4screws,0.0222,0.0,0,5,manual
4,9739,4screws,0.8472,known,4screws,0.0204,0.0,0,5,manual
4,9740,4screws,0.8127,known,4screws,0.0188,0.0,0,5,manual
4,9741,4screws,0.7779,known,4screws,0.0173,0.0,0,5,manual
4,9742,4screws,0.8556,known,4screws,0.0159,0.0,0,5,manual
4,9743,4screws,0.566,known,4screws,0.0146,0.0,0,5,manual
4,9744,4screws,0.7039,known,4screws,0.0135,0.0,0,5,manual
4,9745,4screws,0.9151,known,4screws,0.0124,0.0,0,5,manual
4,9746,4screws,0.8525,known,4screws,0.0114,0.0,0,5,manual
4,9747,4screws,0.8084,known,4screws,0.0105,0.0,0,5,manual
4,9748,4screws,0.74,known,4screws,0.0097,0.0,0,5,manual
4,9749,4screws,0.6998,known,4screws,0.0089,0.0,0,5,manual
4,9750,4screws,0.8706,known,4screws,0.0082,0.0,0,5,manual
4,9751,4screws,0.867,known,4screws,0.0075,0.0,0,5,manual
4,9752,4screws,0.9187,known,4screws,0.0069,0.0,0,5,manual
4,9753,4screws,0.6959,known,4screws,0.0064,0.0,0,5,manual
4,9754,4screws,0.6477,known,4screws,0.0059,0.0,0,5,manual
4,9755,4screws,0.6619,known,4screws,0.0054,0.0,0,5,manual
4,9756,4screws,0.8084,known,4screws,0.005,0.0,0,5,manual
4,9757,4screws,0.8071,known,4screws,0.0046,0.0,0,5,manual
4,9758,4screws,0.5882,known,4screws,0.0042,0.0,0,5,manual
4,9759,4screws,0.9825,known,4screws,0.0039,0.0,0,5,manual
4,9760,4screws,0.7807,known,4screws,0.0035,0.0,0,5,manual
4,9761,4screws,0.7376,known,4screws,0.0033,0.0,0,5,manual
4,9762,4screws,0.818,known,4screws,0.003,0.0,0,5,manual
4,9763,4screws,0.8432,known,4screws,0.0028,0.0,0,5,manual
4,9764,4screws,0.7633,known,4screws,0.0025,0.0,0,5,manual
4,9765,4screws,0.8127,known,4screws,0.0023,0.0,0,5,manual
4,9766,4screws,0.9151,known,4screws,0.0022,0.0,0,5,manual
4,9767,4screws,0.74,known,4screws,0.002,0.0,0,5,manual
4,9768,4screws,0.9962,known,4screws,0.0018,0.0,0,5,manual
4,9769,4screws,0.8158,known,4screws,0.0017,0.0,0,5,manual
4,9770,4screws,1.0013,unknown,,0.0815,0.0,0,5,manual
4,9771,4screws,0.8109,known,4screws,0.075,0.0,0,5,manual
4,9772,4screws,0.6773,known,4screws,0.069,0.0,0,5,manual
4,9773,4screws,0.7388,known,4screws,0.0635,0.0,0,5,manual
4,9774,4screws,0.566,known,4screws,0.0584,0.0,0,5,manual
4,9775,4screws,0.8978,known,4screws,0.0537,0.0,0,5,manual
4,9776,4screws,0.7623,known,4screws,0.0494,0.0,0,5,manual
4,9777,4screws,0.7504,known,4screws,0.0455,0.0,0,5,manual
4,9778,4screws,0.8438,known,4screws,0.0418,0.0,0,5,manual
4,9779,4screws,0.7499,known,4screws,0.0385,0.0,0,5,manual
4,9780,4screws,0.7065,known,4screws,0.0354,0.0,0,5,manual
4,9781,4screws,0.8148,known,4screws,0.0326,0.0,0,5,manual
4,9782,4screws,0.8553,known,4screws,0.03,0.0,0,5,manual
4,9783,4screws,0.8556,known,4screws,0.0276,0.0,0,5,manual
4,9784,4screws,0.7779,known,4screws,0.0254,0.0,0,5,manual
4,9785,4screws,0.7025,known,4screws,0.0233,0.0,0,5,manual
4,9786,4screws,0.8525,known,4screws,0.0215,0.0,0,5,manual
4,9787,4screws,0.8298,known,4screws,0.0198,0.0,0,5,manual
4,9788,4screws,1.012,unknown,,0.0982,0.01,0,5,manual
4,9789,4screws,0.6959,known,4screws,0.0903,0.0,0,5,manual
4,9790,4screws,0.867,known,4screws,0.0831,0.0,0,5,manual
4,9791,4screws,0.7111,known,4screws,0.0765,0.0,0,5,manual
4,9792,4screws,0.925,known,4screws,0.0703,0.0,0,5,manual
4,9793,4screws,0.6477,known,4screws,0.0647,0.0,0,5,manual
4,9794,4screws,0.6727,known,4screws,0.0595,0.0,0,5,manual
4,9795,4screws,0.963,known,4screws,0.0548,0.0,0,5,manual
4,9796,4screws,0.9425,known,4screws,0.0504,0.0,0,5,manual
4,9797,4screws,0.9497,known,4screws,0.0464,0.0,0,5,manual
4,9798,4screws,0.7495,known,4screws,0.0426,0.0,0,5,manual
4,9799,4screws,0.9276,known,4screws,0.0392,0.0,0,5,manual
4,9800,4screws,0.8558,known,4screws,0.0361,0.0,0,5,manual
4,9801,4screws,0.8536,known,4screws,0.0332,0.0,0,5,manual
4,9802,4screws,0.7778,known,4screws,0.0306,0.0,0,5,manual
4,9803,4screws,0.8472,known,4screws,0.0281,0.0,0,5,manual
4,9804,4screws,0.957,known,4screws,0.0259,0.0,0,5,manual
4,9805,4screws,0.6561,known,4screws,0.0238,0.0,0,5,manual
4,9806,4screws,0.7503,known,4screws,0.0219,0.0,0,5,manual
4,9807,4screws,0.9,known,4screws,0.0201,0.0,0,5,manual
4,9808,4screws,0.7039,known,4screws,0.0185,0.0,0,5,manual
4,9809,4screws,0.7239,known,4screws,0.017,0.0,0,5,manual
4,9810,4screws,0.6998,known,4screws,0.0157,0.0,0,5,manual
4,9811,4screws,0.8706,known,4screws,0.0144,0.0,0,5,manual
4,9812,4screws,0.9187,known,4screws,0.0133,0.0,0,5,manual
4,9813,4screws,0.7025,known,4screws,0.0122,0.0,0,5,manual
4,9814,4screws,0.74,known,4screws,0.0112,0.0,0,5,manual
4,9815,4screws,0.8472,known,4screws,0.0103,0.0,0,5,manual
4,9816,4screws,0.867,known,4screws,0.0095,0.0,0,5,manual
4,9817,4screws,0.9,known,4screws,0.0087,0.0,0,5,manual
4,9818,4screws,0.7633,known,4screws,0.008,0.0,0,5,manual
4,9819,4screws,0.7807,known,4screws,0.0074,0.0,0,5,manual
4,9820,4screws,0.9825,known,4screws,0.0068,0.0,0,5,manual
4,9821,4screws,0.8432,known,4screws,0.0063,0.0,0,5,manual
4,9822,4screws,0.8706,known,4screws,0.0058,0.0,0,5,manual
4,9823,4screws,0.9497,known,4screws,0.0053,0.0,0,5,manual
4,9824,4screws,0.8148,known,4screws,0.0049,0.0,0,5,manual
4,9825,4screws,0.9962,known,4screws,0.0045,0.0,0,5,manual
4,9826,4screws,0.9151,known,4screws,0.0041,0.0,0,5,manual
4,9827,4screws,0.7503,known,4screws,0.0038,0.0,0,5,manual
4,9828,4screws,0.6619,known,4screws,0.0035,0.0,0,5,manual
4,9829,4screws,0.8084,known,4screws,0.0032,0.0,0,5,manual
4,9830,4screws,0.8978,known,4screws,0.003,0.0,0,5,manual
4,9831,4screws,0.6561,known,4screws,0.0027,0.0,0,5,manual
4,9832,4screws,0.7111,known,4screws,0.0025,0.0,0,5,manual
4,9833,4screws,0.7623,known,4screws,0.0023,0.0,0,5,manual
4,9834,4screws,0.8536,known,4screws,0.0021,0.0,0,5,manual
4,9835,4screws,0.8071,known,4screws,0.002,0.0,0,5,manual
4,9836,4screws,1.012,unknown,,0.0818,0.01,0,5,manual
4,9837,4screws,0.6477,known,4screws,0.0753,0.0,0,5,manual
4,9838,4screws,0.5882,known,4screws,0.0692,0.0,0,5,manual
4,9839,4screws,0.8109,known,4screws,0.0637,0.0,0,5,manual
4,9840,4screws,0.6959,known,4screws,0.0586,0.0,0,5,manual
4,9841,4screws,0.8558,known,4screws,0.0539,0.0,0,5,manual
4,9842,4screws,0.7778,known,4screws,0.0496,0.0,0,5,manual
4,9843,4screws,0.7376,known,4screws,0.0456,0.0,0,5,manual
4,9844,4screws,0.9276,known,4screws,0.042,0.0,0,5,manual
4,9845,4screws,0.566,known,4screws,0.0386,0.0,0,5,manual
4,9846,4screws,1.0013,unknown,,0.1155,0.0,0,5,manual
4,9847,4screws,0.7495,known,4screws,0.1063,0.0,0,5,manual
4,9848,4screws,0.8158,known,4screws,0.0978,0.0,0,5,manual
4,9849,4screws,0.9187,known,4screws,0.09,0.0,0,5,manual
4,9850,4screws,0.8298,known,4screws,0.0828,0.0,0,5,manual
4,9851,4screws,0.7239,known,4screws,0.0761,0.0,0,5,manual
4,9852,4screws,0.7504,known,4screws,0.0701,0.0,0,5,manual
4,9853,4screws,0.957,known,4screws,0.0644,0.0,0,5,manual
4,9854,4screws,0.6773,known,4screws,0.0593,0.0,0,5,manual
4,9855,4screws,0.8553,known,4screws,0.0545,0.0,0,5,manual
4,9856,4screws,0.6998,known,4screws,0.0502,0.0,0,5,manual
4,9857,4screws,0.8127,known,4screws,0.0462,0.0,0,5,manual
4,9858,4screws,0.8556,known,4screws,0.0425,0.0,0,5,manual
4,9859,4screws,0.963,known,4screws,0.0391,0.0,0,5,manual
4,9860,4screws,0.8438,known,4screws,0.036,0.0,0,5,manual
4,9861,4screws,0.7065,known,4screws,0.0331,0.0,0,5,manual
4,9862,4screws,0.7039,known,4screws,0.0304,0.0,0,5,manual
4,9863,4screws,0.7779,known,4screws,0.028,0.0,0,5,manual
4,9864,4screws,0.8525,known,4screws,0.0258,0.0,0,5,manual
4,9865,4screws,0.6727,known,4screws,0.0237,0.0,0,5,manual
4,9866,4screws,0.7388,known,4screws,0.0218,0.0,0,5,manual
4,9867,4screws,0.7499,known,4screws,0.0201,0.0,0,5,manual
4,9868,4screws,0.9425,known,4screws,0.0185,0.0,0,5,manual
4,9869,4screws,0.818,known,4screws,0.017,0.0,0,5,manual
4,9870,4screws,0.925,known,4screws,0.0156,0.0,0,5,manual
4,9871,4screws,0.7039,known,4screws,0.0144,0.0,0,5,manual
4,9872,4screws,0.6477,known,4screws,0.0132,0.0,0,5,manual
4,9873,4screws,0.7633,known,4screws,0.0122,0.0,0,5,manual
4,9874,4screws,0.7778,known,4screws,0.0112,0.0,0,5,manual
4,9875,4screws,0.8978,known,4screws,0.0103,0.0,0,5,manual
4,9876,4screws,0.8438,known,4screws,0.0095,0.0,0,5,manual
4,9877,4screws,0.8127,known,4screws,0.0087,0.0,0,5,manual
4,9878,4screws,0.8298,known,4screws,0.008,0.0,0,5,manual
4,9879,4screws,0.9187,known,4screws,0.0074,0.0,0,5,manual
4,9880,4screws,0.9,known,4screws,0.0068,0.0,0,5,manual
4,9881,4screws,0.8556,known,4screws,0.0062,0.0,0,5,manual
4,9882,4screws,0.7388,known,4screws,0.0057,0.0,0,5,manual
4,9883,4screws,0.8084,known,4screws,0.0053,0.0,0,5,manual
4,9884,4screws,0.9497,known,4screws,0.0049,0.0,0,5,manual
4,9885,4screws,0.8706,known,4screws,0.0045,0.0,0,5,manual
4,9886,4screws,0.8536,known,4screws,0.0041,0.0,0,5,manual
4,9887,4screws,0.7503,known,4screws,0.0038,0.0,0,5,manual
4,9888,4screws,0.7504,known,4screws,0.0035,0.0,0,5,manual
4,9889,4screws,0.6619,known,4screws,0.0032,0.0,0,5,manual
4,9890,4screws,0.963,known,4screws,0.0029,0.0,0,5,manual
4,9891,4screws,0.9151,known,4screws,0.0027,0.0,0,5,manual
4,9892,4screws,0.7239,known,4screws,0.0025,0.0,0,5,manual
4,9893,4screws,0.7807,known,4screws,0.0023,0.0,0,5,manual
4,9894,4screws,0.7025,known,4screws,0.0021,0.0,0,5,manual
4,9895,4screws,0.566,known,4screws,0.0019,0.0,0,5,manual
4,9896,4screws,0.8472,known,4screws,0.0018,0.0,0,5,manual
4,9897,4screws,0.6998,known,4screws,0.0016,0.0,0,5,manual
4,9898,4screws,0.7623,known,4screws,0.0015,0.0,0,5,manual
4,9899,4screws,0.7111,known,4screws,0.0014,0.0,0,5,manual
4,9900,4screws,0.7065,known,4screws,0.0013,0.0,0,5,manual
4,9901,4screws,0.8109,known,4screws,0.0012,0.0,0,5,manual
4,9902,4screws,0.7499,known,4screws,0.0011,0.0,0,5,manual
4,9903,4screws,0.8553,known,4screws,0.001,0.0,0,5,manual
4,9904,4screws,0.6727,known,4screws,0.0009,0.0,0,5,manual
4,9905,4screws,1.0013,unknown,,0.0808,0.0,0,5,manual
4,9906,4screws,0.6959,known,4screws,0.0744,0.0,0,5,manual
4,9907,4screws,0.8525,known,4screws,0.0684,0.0,0,5,manual
4,9908,4screws,0.8071,known,4screws,0.063,0.0,0,5,manual
4,9909,4screws,0.8148,known,4screws,0.0579,0.0,0,5,manual
4,9910,4screws,0.7779,known,4screws,0.0533,0.0,0,5,manual
4,9911,4screws,0.9425,known,4screws,0.049,0.0,0,5,manual
4,9912,4screws,0.818,known,4screws,0.0451,0.0,0,5,manual
4,9913,4screws,0.5882,known,4screws,0.0415,0.0,0,5,manual
4,9914,4screws,0.957,known,4screws,0.0382,0.0,0,5,manual
4,9915,4screws,0.7376,known,4screws,0.0351,0.0,0,5,manual
4,9916,4screws,0.6773,known,4screws,0.0323,0.0,0,5,manual
4,9917,4screws,0.925,known,4screws,0.0297,0.0,0,5,manual
4,9918,4screws,0.8432,known,4screws,0.0273,0.0,0,5,manual
4,9919,4screws,0.8158,known,4screws,0.0252,0.0,0,5,manual
4,9920,4screws,0.8558,known,4screws,0.0231,0.0,0,5,manual
4,9921,4screws,0.6561,known,4screws,0.0213,0.0,0,5,manual
4,9922,4screws,1.012,unknown,,0.0996,0.01,0,5,manual
4,9923,4screws,0.74,known,4screws,0.0916,0.0,0,5,manual
4,9924,4screws,0.9962,known,4screws,0.0843,0.0,0,5,manual
4,9925,4screws,0.867,known,4screws,0.0775,0.0,0,5,manual
4,9926,4screws,0.9276,known,4screws,0.0713,0.0,0,5,manual
4,9927,4screws,0.9825,known,4screws,0.0656,0.0,0,5,manual
4,9928,4screws,0.7495,known,4screws,0.0604,0.0,0,5,manual
4,9929,4screws,0.8432,known,4screws,0.0556,0.0,0,5,manual
4,9930,4screws,0.74,known,4screws,0.0511,0.0,0,5,manual
4,9931,4screws,0.7495,known,4screws,0.047,0.0,0,5,manual
4,9932,4screws,0.957,known,4screws,0.0433,0.0,0,5,manual
4,9933,4screws,0.8071,known,4screws,0.0398,0.0,0,5,manual
4,9934,4screws,0.6561,known,4screws,0.0366,0.0,0,5,manual
4,9935,4screws,0.8084,known,4screws,0.0337,0.0,0,5,manual
4,9936,4screws,0.6727,known,4screws,0.031,0.0,0,5,manual
4,9937,4screws,0.7239,known,4screws,0.0285,0.0,0,5,manual
4,9938,4screws,0.7025,known,4screws,0.0262,0.0,0,5,manual
4,9939,4screws,0.7376,known,4screws,0.0241,0.0,0,5,manual
4,9940,4screws,0.8536,known,4screws,0.0222,0.0,0,5,manual
4,9941,4screws,0.8553,known,4screws,0.0204,0.0,0,5,manual
4,9942,4screws,0.9276,known,4screws,0.0188,0.0,0,5,manual
4,9943,4screws,0.7633,known,4screws,0.0173,0.0,0,5,manual
4,9944,4screws,0.8109,known,4screws,0.0159,0.0,0,5,manual
4,9945,4screws,0.9151,known,4screws,0.0146,0.0,0,5,manual
4,9946,4screws,0.6477,known,4screws,0.0135,0.0,0,5,manual
4,9947,4screws,0.7778,known,4screws,0.0124,0.0,0,5,manual
4,9948,4screws,0.8148,known,4screws,0.0114,0.0,0,5,manual
4,9949,4screws,0.8556,known,4screws,0.0105,0.0,0,5,manual
4,9950,4screws,0.7039,known,4screws,0.0096,0.0,0,5,manual
4,9951,4screws,0.7499,known,4screws,0.0089,0.0,0,5,manual
4,9952,4screws,0.6773,known,4screws,0.0082,0.0,0,5,manual
4,9953,4screws,0.8525,known,4screws,0.0075,0.0,0,5,manual
4,9954,4screws,0.963,known,4screws,0.0069,0.0,0,5,manual
4,9955,4screws,0.8558,known,4screws,0.0064,0.0,0,5,manual
4,9956,4screws,0.7623,known,4screws,0.0058,0.0,0,5,manual
4,9957,4screws,1.012,unknown,,0.0854,0.01,0,5,manual
4,9958,4screws,0.8978,known,4screws,0.0785,0.0,0,5,manual
4,9959,4screws,0.6998,known,4screws,0.0723,0.0,0,5,manual
4,9960,4screws,0.8298,known,4screws,0.0665,0.0,0,5,manual
4,9961,4screws,1.0013,unknown,,0.1412,0.0,0,5,manual
4,9962,4screws,0.8438,known,4screws,0.1299,0.0,0,5,manual
4,9963,4screws,0.867,known,4screws,0.1195,0.0,0,5,manual
4,9964,4screws,0.9425,known,4screws,0.1099,0.0,0,5,manual
4,9965,4screws,0.6959,known,4screws,0.1011,0.0,0,5,manual
4,9966,4screws,0.8472,known,4screws,0.093,0.0,0,5,manual
4,9967,4screws,0.7779,known,4screws,0.0856,0.0,0,5,manual
4,9968,4screws,0.9825,known,4screws,0.0787,0.0,0,5,manual
4,9969,4screws,0.9187,known,4screws,0.0724,0.0,0,5,manual
4,9970,4screws,0.8158,known,4screws,0.0667,0.0,0,5,manual
4,9971,4screws,0.7111,known,4screws,0.0613,0.0,0,5,manual
4,9972,4screws,0.9962,known,4screws,0.0564,0.0,0,5,manual
4,9973,4screws,0.566,known,4screws,0.0519,0.0,0,5,manual
4,9974,4screws,0.8706,known,4screws,0.0477,0.0,0,5,manual
4,9975,4screws,0.7065,known,4screws,0.0439,0.0,0,5,manual
4,9976,4screws,0.5882,known,4screws,0.0404,0.0,0,5,manual
4,9977,4screws,0.7504,known,4screws,0.0372,0.0,0,5,manual
4,9978,4screws,0.6619,known,4screws,0.0342,0.0,0,5,manual
4,9979,4screws,0.9,known,4screws,0.0315,0.0,0,5,manual
4,9980,4screws,0.818,known,4screws,0.029,0.0,0,5,manual
4,9981,4screws,0.7503,known,4screws,0.0266,0.0,0,5,manual
4,9982,4screws,0.7807,known,4screws,0.0245,0.0,0,5,manual
4,9983,4screws,0.7388,known,4screws,0.0225,0.0,0,5,manual
4,9984,4screws,0.925,known,4screws,0.0207,0.0,0,5,manual
4,9985,4screws,0.9497,known,4screws,0.0191,0.0,0,5,manual
4,9986,4screws,0.8127,known,4screws,0.0176,0.0,0,5,manual
4,9987,4screws,0.818,known,4screws,0.0162,0.0,0,5,manual
4,9988,4screws,0.8071,known,4screws,0.0149,0.0,0,5,manual
4,9989,4screws,0.8158,known,4screws,0.0137,0.0,0,5,manual
4,9990,4screws,0.7376,known,4screws,0.0126,0.0,0,5,manual
4,9991,4screws,0.7025,known,4screws,0.0116,0.0,0,5,manual
4,9992,4screws,0.7499,known,4screws,0.0106,0.0,0,5,manual
4,9993,4screws,0.8298,known,4screws,0.0098,0.0,0,5,manual
4,9994,4screws,1.0013,unknown,,0.089,0.0,0,5,manual
4,9995,4screws,0.9962,known,4screws,0.0819,0.0,0,5,manual
4,9996,4screws,0.925,known,4screws,0.0753,0.0,0,5,manual
4,9997,4screws,0.9187,known,4screws,0.0693,0.0,0,5,manual
4,9998,4screws,0.8438,known,4screws,0.0638,0.0,0,5,manual
4,9999,4screws,0.7039,known,4screws,0.0587,0.0,0,5,manual
4,10000,4screws,0.7239,known,4screws,0.054,0.0,0,5,manual
4,10001,4screws,0.8127,known,4screws,0.0497,0.0,0,5,manual
4,10002,4screws,0.7807,known,4screws,0.0457,0.0,0,5,manual
4,10003,4screws,0.8706,known,4screws,0.042,0.0,0,5,manual
4,10004,4screws,0.6998,known,4screws,0.0387,0.0,0,5,manual
4,10005,4screws,0.9276,known,4screws,0.0356,0.0,0,5,manual
4,10006,4screws,0.7065,known,4screws,0.0327,0.0,0,5,manual
4,10007,4screws,0.8109,known,4screws,0.0301,0.0,0,5,manual
4,10008,4screws,0.6619,known,4screws,0.0277,0.0,0,5,manual
4,10009,4screws,0.7111,known,4screws,0.0255,0.0,0,5,manual
4,10010,4screws,0.8558,known,4screws,0.0234,0.0,0,5,manual
4,10011,4screws,0.8084,known,4screws,0.0216,0.0,0,5,manual
4,10012,4screws,0.9497,known,4screws,0.0198,0.0,0,5,manual
4,10013,4screws,0.6477,known,4screws,0.0183,0.0,0,5,manual
4,10014,4screws,0.9151,known,4screws,0.0168,0.0,0,5,manual
4,10015,4screws,0.7503,known,4screws,0.0155,0.0,0,5,manual
4,10016,4screws,0.963,known,4screws,0.0142,0.0,0,5,manual
4,10017,4screws,1.012,unknown,,0.0931,0.01,0,5,manual
4,10018,4screws,0.867,known,4screws,0.0856,0.0,0,5,manual
4,10019,4screws,0.7388,known,4screws,0.0788,0.0,0,5,manual
4,10020,4screws,0.7778,known,4screws,0.0725,0.0,0,5,manual
4,10021,4screws,0.8432,known,4screws,0.0667,0.0,0,5,manual
4,10022,4screws,0.7504,known,4screws,0.0613,0.0,0,5,manual
4,10023,4screws,0.7633,known,4screws,0.0564,0.0,0,5,manual
4,10024,4screws,0.566,known,4screws,0.0519,0.0,0,5,manual
4,10025,4screws,0.7779,known,4screws,0.0478,0.0,0,5,manual
4,10026,4screws,0.7495,known,4screws,0.0439,0.0,0,5,manual
4,10027,4screws,0.6959,known,4screws,0.0404,0.0,0,5,manual
4,10028,4screws,0.7623,known,4screws,0.0372,0.0,0,5,manual
4,10029,4screws,0.5882,known,4screws,0.0342,0.0,0,5,manual
4,10030,4screws,0.957,known,4screws,0.0315,0.0,0,5,manual
4,10031,4screws,0.8553,known,4screws,0.029,0.0,0,5,manual
4,10032,4screws,0.8525,known,4screws,0.0266,0.0,0,5,manual
4,10033,4screws,0.6727,known,4screws,0.0245,0.0,0,5,manual
4,10034,4screws,0.8556,known,4screws,0.0226,0.0,0,5,manual
4,10035,4screws,0.74,known,4screws,0.0208,0.0,0,5,manual
4,10036,4screws,0.6773,known,4screws,0.0191,0.0,0,5,manual
4,10037,4screws,0.9,known,4screws,0.0176,0.0,0,5,manual
4,10038,4screws,0.9825,known,4screws,0.0162,0.0,0,5,manual
4,10039,4screws,0.6561,known,4screws,0.0149,0.0,0,5,manual
4,10040,4screws,0.8148,known,4screws,0.0137,0.0,0,5,manual
4,10041,4screws,0.8472,known,4screws,0.0126,0.0,0,5,manual
4,10042,4screws,0.8536,known,4screws,0.0116,0.0,0,5,manual
4,10043,4screws,0.9425,known,4screws,0.0106,0.0,0,5,manual
4,10044,4screws,0.8978,known,4screws,0.0098,0.0,0,5,manual
4,10045,4screws,0.867,known,4screws,0.009,0.0,0,5,manual
4,10046,4screws,0.74,known,4screws,0.0083,0.0,0,5,manual
4,10047,4screws,0.9,known,4screws,0.0076,0.0,0,5,manual
4,10048,4screws,0.6619,known,4screws,0.007,0.0,0,5,manual
4,10049,4screws,0.6477,known,4screws,0.0065,0.0,0,5,manual
4,10050,4screws,0.7807,known,4screws,0.0059,0.0,0,5,manual
4,10051,4screws,0.7503,known,4screws,0.0055,0.0,0,5,manual
4,10052,4screws,0.818,known,4screws,0.005,0.0,0,5,manual
4,10053,4screws,0.6727,known,4screws,0.0046,0.0,0,5,manual
4,10054,4screws,0.8978,known,4screws,0.0043,0.0,0,5,manual
4,10055,4screws,1.0013,unknown,,0.0839,0.0,0,5,manual
4,10056,4screws,0.7039,known,4screws,0.0772,0.0,0,5,manual
4,10057,4screws,0.5882,known,4screws,0.071,0.0,0,5,manual
4,10058,4screws,0.7778,known,4screws,0.0653,0.0,0,5,manual
4,10059,4screws,0.6561,known,4screws,0.0601,0.0,0,5,manual
4,10060,4screws,0.7388,known,4screws,0.0553,0.0,0,5,manual
4,10061,4screws,0.6959,known,4screws,0.0509,0.0,0,5,manual
4,10062,4screws,0.7779,known,4screws,0.0468,0.0,0,5,manual
4,10063,4screws,0.963,known,4screws,0.0431,0.0,0,5,manual
4,10064,4screws,0.8158,known,4screws,0.0396,0.0,0,5,manual
4,10065,4screws,0.7239,known,4screws,0.0365,0.0,0,5,manual
4,10066,4screws,0.7111,known,4screws,0.0335,0.0,0,5,manual
4,10067,4screws,0.8127,known,4screws,0.0309,0.0,0,5,manual
4,10068,4screws,0.7025,known,4screws,0.0284,0.0,0,5,manual
4,10069,4screws,0.9276,known,4screws,0.0261,0.0,0,5,manual
4,10070,4screws,0.7623,known,4screws,0.024,0.0,0,5,manual
4,10071,4screws,0.8525,known,4screws,0.0221,0.0,0,5,manual
4,10072,4screws,0.8432,known,4screws,0.0203,0.0,0,5,manual
4,10073,4screws,0.8148,known,4screws,0.0187,0.0,0,5,manual
4,10074,4screws,0.8558,known,4screws,0.0172,0.0,0,5,manual
4,10075,4screws,0.925,known,4screws,0.0158,0.0,0,5,manual
4,10076,4screws,0.9187,known,4screws,0.0146,0.0,0,5,manual
4,10077,4screws,0.957,known,4screws,0.0134,0.0,0,5,manual
4,10078,4screws,0.7633,known,4screws,0.0123,0.0,0,5,manual
4,10079,4screws,0.8706,known,4screws,0.0113,0.0,0,5,manual
4,10080,4screws,0.8084,known,4screws,0.0104,0.0,0,5,manual
4,10081,4screws,0.8472,known,4screws,0.0096,0.0,0,5,manual
4,10082,4screws,0.6998,known,4screws,0.0088,0.0,0,5,manual
4,10083,4screws,0.8071,known,4screws,0.0081,0.0,0,5,manual
4,10084,4screws,0.7376,known,4screws,0.0075,0.0,0,5,manual
4,10085,4screws,0.7499,known,4screws,0.0069,0.0,0,5,manual
4,10086,4screws,0.9151,known,4screws,0.0063,0.0,0,5,manual
4,10087,4screws,0.8298,known,4screws,0.0058,0.0,0,5,manual
4,10088,4screws,0.9425,known,4screws,0.0054,0.0,0,5,manual
4,10089,4screws,0.9497,known,4screws,0.0049,0.0,0,5,manual
4,10090,4screws,0.9962,known,4screws,0.0045,0.0,0,5,manual
4,10091,4screws,0.6773,known,4screws,0.0042,0.0,0,5,manual
4,10092,4screws,0.8438,known,4screws,0.0038,0.0,0,5,manual
4,10093,4screws,0.7495,known,4screws,0.0035,0.0,0,5,manual
4,10094,4screws,0.8556,known,4screws,0.0032,0.0,0,5,manual
4,10095,4screws,0.8536,known,4screws,0.003,0.0,0,5,manual
4,10096,4screws,0.8109,known,4screws,0.0027,0.0,0,5,manual
4,10097,4screws,0.7504,known,4screws,0.0025,0.0,0,5,manual
4,10098,4screws,0.8553,known,4screws,0.0023,0.0,0,5,manual
4,10099,4screws,0.9825,known,4screws,0.0021,0.0,0,5,manual
4,10100,4screws,0.566,known,4screws,0.002,0.0,0,5,manual
4,10101,4screws,0.7065,known,4screws,0.0018,0.0,0,5,manual
4,10102,4screws,1.012,unknown,,0.0817,0.01,0,5,manual
4,10103,4screws,0.6727,known,4screws,0.0751,0.0,0,5,manual
4,10104,4screws,0.957,known,4screws,0.0691,0.0,0,5,manual
4,10105,4screws,0.7633,known,4screws,0.0636,0.0,0,5,manual
4,10106,4screws,0.74,known,4screws,0.0585,0.0,0,5,manual
4,10107,4screws,0.8298,known,4screws,0.0538,0.0,0,5,manual
4,10108,4screws,0.6998,known,4screws,0.0495,0.0,0,5,manual
4,10109,4screws,1.0013,unknown,,0.1256,0.0,0,5,manual
4,10110,4screws,0.5882,known,4screws,0.1155,0.0,0,5,manual
4,10111,4screws,0.6561,known,4screws,0.1063,0.0,0,5,manual
4,10112,4screws,0.8084,known,4screws,0.0978,0.0,0,5,manual
4,10113,4screws,0.7239,known,4screws,0.0899,0.0,0,5,manual
4,10114,4screws,0.925,known,4screws,0.0828,0.0,0,5,manual
4,10115,4screws,0.8148,known,4screws,0.0761,0.0,0,5,manual
4,10116,4screws,0.8556,known,4screws,0.07,0.0,0,5,manual
4,10117,4screws,0.8525,known,4screws,0.0644,0.0,0,5,manual
4,10118,4screws,0.7503,known,4screws,0.0593,0.0,0,5,manual
4,10119,4screws,0.9,known,4screws,0.0545,0.0,0,5,manual
4,10120,4screws,0.7807,known,4screws,0.0502,0.0,0,5,manual
4,10121,4screws,0.8978,known,4screws,0.0462,0.0,0,5,manual
4,10122,4screws,0.8536,known,4screws,0.0425,0.0,0,5,manual
4,10123,4screws,0.7388,known,4screws,0.0391,0.0,0,5,manual
4,10124,4screws,0.7778,known,4screws,0.0359,0.0,0,5,manual
4,10125,4screws,0.7376,known,4screws,0.0331,0.0,0,5,manual
4,10126,4screws,0.7039,known,4screws,0.0304,0.0,0,5,manual
4,10127,4screws,0.9187,known,4screws,0.028,0.0,0,5,manual
4,10128,4screws,0.9825,known,4screws,0.0258,0.0,0,5,manual
4,10129,4screws,0.8706,known,4screws,0.0237,0.0,0,5,manual
4,10130,4screws,0.6773,known,4screws,0.0218,0.0,0,5,manual
4,10131,4screws,0.7623,known,4screws,0.0201,0.0,0,5,manual
4,10132,4screws,0.867,known,4screws,0.0184,0.0,0,5,manual
4,10133,4screws,0.8553,known,4screws,0.017,0.0,0,5,manual
4,10134,4screws,0.7025,known,4screws,0.0156,0.0,0,5,manual
4,10135,4screws,0.9425,known,4screws,0.0144,0.0,0,5,manual
4,10136,4screws,0.7495,known,4screws,0.0132,0.0,0,5,manual
4,10137,4screws,0.8558,known,4screws,0.0122,0.0,0,5,manual
4,10138,4screws,0.8109,known,4screws,0.0112,0.0,0,5,manual
4,10139,4screws,0.7504,known,4screws,0.0103,0.0,0,5,manual
4,10140,4screws,0.6959,known,4screws,0.0095,0.0,0,5,manual
4,10141,4screws,0.7111,known,4screws,0.0087,0.0,0,5,manual
4,10142,4screws,0.8472,known,4screws,0.008,0.0,0,5,manual
4,10143,4screws,0.9962,known,4screws,0.0074,0.0,0,5,manual
4,10144,4screws,0.818,known,4screws,0.0068,0.0,0,5,manual
4,10145,4screws,0.7065,known,4screws,0.0062,0.0,0,5,manual
4,10146,4screws,0.963,known,4screws,0.0057,0.0,0,5,manual
4,10147,4screws,0.9497,known,4screws,0.0053,0.0,0,5,manual
4,10148,4screws,0.8438,known,4screws,0.0049,0.0,0,5,manual
4,10149,4screws,0.566,known,4screws,0.0045,0.0,0,5,manual
4,10150,4screws,0.9276,known,4screws,0.0041,0.0,0,5,manual
4,10151,4screws,0.6619,known,4screws,0.0038,0.0,0,5,manual
4,10152,4screws,0.8127,known,4screws,0.0035,0.0,0,5,manual
4,10153,4screws,0.7779,known,4screws,0.0032,0.0,0,5,manual
4,10154,4screws,0.8432,known,4screws,0.0029,0.0,0,5,manual
4,10155,4screws,0.8158,known,4screws,0.0027,0.0,0,5,manual
4,10156,4screws,0.6477,known,4screws,0.0025,0.0,0,5,manual
4,10157,4screws,0.8071,known,4screws,0.0023,0.0,0,5,manual
4,10158,4screws,0.9151,known,4screws,0.0021,0.0,0,5,manual
4,10159,4screws,1.012,unknown,,0.0819,0.01,0,5,manual
4,10160,4screws,0.7499,known,4screws,0.0754,0.0,0,5,manual
4,10161,4screws,0.8525,known,4screws,0.0694,0.0,0,5,manual
4,10162,4screws,0.7388,known,4screws,0.0638,0.0,0,5,manual
4,10163,4screws,0.7503,known,4screws,0.0587,0.0,0,5,manual
4,10164,4screws,0.5882,known,4screws,0.054,0.0,0,5,manual
4,10165,4screws,0.8438,known,4screws,0.0497,0.0,0,5,manual
4,10166,4screws,0.925,known,4screws,0.0457,0.0,0,5,manual
4,10167,4screws,0.8127,known,4screws,0.0421,0.0,0,5,manual
4,10168,4screws,0.8472,known,4screws,0.0387,0.0,0,5,manual
4,10169,4screws,0.8978,known,4screws,0.0356,0.0,0,5,manual
4,10170,4screws,0.8109,known,4screws,0.0327,0.0,0,5,manual
4,10171,4screws,0.8558,known,4screws,0.0301,0.0,0,5,manual
4,10172,4screws,0.9825,known,4screws,0.0277,0.0,0,5,manual
4,10173,4screws,0.7778,known,4screws,0.0255,0.0,0,5,manual
4,10174,4screws,0.6959,known,4screws,0.0235,0.0,0,5,manual
4,10175,4screws,1.0013,unknown,,0.1016,0.0,0,5,manual
4,10176,4screws,0.9187,known,4screws,0.0935,0.0,0,5,manual
4,10177,4screws,0.9276,known,4screws,0.086,0.0,0,5,manual
4,10178,4screws,0.9425,known,4screws,0.0791,0.0,0,5,manual
4,10179,4screws,0.7633,known,4screws,0.0728,0.0,0,5,manual
4,10180,4screws,0.8556,known,4screws,0.067,0.0,0,5,manual
4,10181,4screws,0.8706,known,4screws,0.0616,0.0,0,5,manual
4,10182,4screws,0.8071,known,4screws,0.0567,0.0,0,5,manual
4,10183,4screws,0.8084,known,4screws,0.0521,0.0,0,5,manual
4,10184,4screws,0.8148,known,4screws,0.048,0.0,0,5,manual
4,10185,4screws,0.7039,known,4screws,0.0441,0.0,0,5,manual
4,10186,4screws,0.8158,known,4screws,0.0406,0.0,0,5,manual
4,10187,4screws,0.963,known,4screws,0.0373,0.0,0,5,manual
4,10188,4screws,0.9962,known,4screws,0.0344,0.0,0,5,manual
4,10189,4screws,0.6727,known,4screws,0.0316,0.0,0,5,manual
4,10190,4screws,0.8432,known,4screws,0.0291,0.0,0,5,manual
4,10191,4screws,0.7623,known,4screws,0.0268,0.0,0,5,manual
4,10192,4screws,0.7499,known,4screws,0.0246,0.0,0,5,manual
4,10193,4screws,0.7111,known,4screws,0.0226,0.0,0,5,manual
4,10194,4screws,0.74,known,4screws,0.0208,0.0,0,5,manual
4,10195,4screws,1.012,unknown,,0.0992,0.01,0,5,manual
4,10196,4screws,0.957,known,4screws,0.0912,0.0,0,5,manual
4,10197,4screws,0.7025,known,4screws,0.0839,0.0,0,5,manual
4,10198,4screws,0.6998,known,4screws,0.0772,0.0,0,5,manual
4,10199,4screws,0.7239,known,4screws,0.071,0.0,0,5,manual
4,10200,4screws,0.8536,known,4screws,0.0654,0.0,0,5,manual
4,10201,4screws,0.867,known,4screws,0.0601,0.0,0,5,manual
4,10202,4screws,0.7065,known,4screws,0.0553,0.0,0,5,manual
4,10203,4screws,0.566,known,4screws,0.0509,0.0,0,5,manual
4,10204,4screws,0.8553,known,4screws,0.0468,0.0,0,5,manual
4,10205,4screws,0.6773,known,4screws,0.0431,0.0,0,5,manual
4,10206,4screws,0.6477,known,4screws,0.0396,0.0,0,5,manual
4,10207,4screws,0.7807,known,4screws,0.0365,0.0,0,5,manual
4,10208,4screws,0.7376,known,4screws,0.0335,0.0,0,5,manual
4,10209,4screws,0.9,known,4screws,0.0309,0.0,0,5,manual
4,10210,4screws,0.7495,known,4screws,0.0284,0.0,0,5,manual
4,10211,4screws,0.6619,known,4screws,0.0261,0.0,0,5,manual
4,10212,4screws,0.818,known,4screws,0.024,0.0,0,5,manual
4,10213,4screws,0.9497,known,4screws,0.0221,0.0,0,5,manual
4,10214,4screws,0.9151,known,4screws,0.0203,0.0,0,5,manual
4,10215,4screws,0.7504,known,4screws,0.0187,0.0,0,5,manual
4,10216,4screws,0.6561,known,4screws,0.0172,0.0,0,5,manual
4,10217,4screws,0.7779,known,4screws,0.0158,0.0,0,5,manual
4,10218,4screws,0.8298,known,4screws,0.0146,0.0,0,5,manual
4,10219,4screws,0.867,known,4screws,0.0134,0.0,0,5,manual
4,10220,4screws,0.8438,known,4screws,0.0123,0.0,0,5,manual
4,10221,4screws,0.7376,known,4screws,0.0113,0.0,0,5,manual
4,10222,4screws,0.8158,known,4screws,0.0104,0.0,0,5,manual
4,10223,4screws,0.8978,known,4screws,0.0096,0.0,0,5,manual
4,10224,4screws,0.8553,known,4screws,0.0088,0.0,0,5,manual
4,10225,4screws,0.6619,known,4screws,0.0081,0.0,0,5,manual
4,10226,4screws,0.8525,known,4screws,0.0075,0.0,0,5,manual
4,10227,4screws,0.9151,known,4screws,0.0069,0.0,0,5,manual
4,10228,4screws,0.6773,known,4screws,0.0063,0.0,0,5,manual
4,10229,4screws,0.8298,known,4screws,0.0058,0.0,0,5,manual
4,10230,4screws,1.0013,unknown,,0.0854,0.0,0,5,manual
4,10231,4screws,0.9962,known,4screws,0.0785,0.0,0,5,manual
4,10232,4screws,0.7499,known,4screws,0.0722,0.0,0,5,manual
4,10233,4screws,0.8706,known,4screws,0.0665,0.0,0,5,manual
4,10234,4screws,0.7025,known,4screws,0.0611,0.0,0,5,manual
4,10235,4screws,0.7039,known,4screws,0.0563,0.0,0,5,manual
4,10236,4screws,0.5882,known,4screws,0.0518,0.0,0,5,manual
4,10237,4screws,0.8432,known,4screws,0.0476,0.0,0,5,manual
4,10238,4screws,0.9,known,4screws,0.0438,0.0,0,5,manual
4,10239,4screws,0.6727,known,4screws,0.0403,0.0,0,5,manual
4,10240,4screws,0.8558,known,4screws,0.0371,0.0,0,5,manual
4,10241,4screws,0.6998,known,4screws,0.0341,0.0,0,5,manual
4,10242,4screws,0.9425,known,4screws,0.0314,0.0,0,5,manual
4,10243,4screws,0.8148,known,4screws,0.0289,0.0,0,5,manual
4,10244,4screws,0.6561,known,4screws,0.0266,0.0,0,5,manual
4,10245,4screws,0.9276,known,4screws,0.0244,0.0,0,5,manual
4,10246,4screws,0.7807,known,4screws,0.0225,0.0,0,5,manual
4,10247,4screws,0.7778,known,4screws,0.0207,0.0,0,5,manual
4,10248,4screws,0.7504,known,4screws,0.019,0.0,0,5,manual
4,10249,4screws,0.818,known,4screws,0.0175,0.0,0,5,manual
4,10250,4screws,0.7633,known,4screws,0.0161,0.0,0,5,manual
4,10251,4screws,0.566,known,4screws,0.0148,0.0,0,5,manual
4,10252,4screws,0.8536,known,4screws,0.0136,0.0,0,5,manual
4,10253,4screws,0.9825,known,4screws,0.0125,0.0,0,5,manual
4,10254,4screws,0.7065,known,4screws,0.0115,0.0,0,5,manual
4,10255,4screws,0.6959,known,4screws,0.0106,0.0,0,5,manual
4,10256,4screws,0.8127,known,4screws,0.0098,0.0,0,5,manual
4,10257,4screws,0.957,known,4screws,0.009,0.0,0,5,manual
4,10258,4screws,0.8472,known,4screws,0.0083,0.0,0,5,manual
4,10259,4screws,0.8109,known,4screws,0.0076,0.0,0,5,manual
4,10260,4screws,0.963,known,4screws,0.007,0.0,0,5,manual
4,10261,4screws,0.7111,known,4screws,0.0064,0.0,0,5,manual
4,10262,4screws,0.6477,known,4screws,0.0059,0.0,0,5,manual
4,10263,4screws,0.9497,known,4screws,0.0054,0.0,0,5,manual
4,10264,4screws,0.7388,known,4screws,0.005,0.0,0,5,manual
4,10265,4screws,0.8071,known,4screws,0.0046,0.0,0,5,manual
4,10266,4screws,0.7779,known,4screws,0.0042,0.0,0,5,manual
4,10267,4screws,0.7623,known,4screws,0.0039,0.0,0,5,manual
4,10268,4screws,0.7503,known,4screws,0.0036,0.0,0,5,manual
4,10269,4screws,0.7495,known,4screws,0.0033,0.0,0,5,manual
4,10270,4screws,0.925,known,4screws,0.003,0.0,0,5,manual
4,10271,4screws,0.8084,known,4screws,0.0028,0.0,0,5,manual
4,10272,4screws,0.8556,known,4screws,0.0026,0.0,0,5,manual
4,10273,4screws,0.74,known,4screws,0.0024,0.0,0,5,manual
4,10274,4screws,0.9187,known,4screws,0.0022,0.0,0,5,manual
4,10275,4screws,0.7239,known,4screws,0.002,0.0,0,5,manual
4,10276,4screws,1.012,unknown,,0.0818,0.01,0,5,manual
4,10277,4screws,0.8158,known,4screws,0.0753,0.0,0,5,manual
4,10278,4screws,0.7778,known,4screws,0.0693,0.0,0,5,manual
4,10279,4screws,0.7504,known,4screws,0.0637,0.0,0,5,manual
4,10280,4screws,0.9187,known,4screws,0.0586,0.0,0,5,manual
4,10281,4screws,0.8536,known,4screws,0.0539,0.0,0,5,manual
4,10282,4screws,0.925,known,4screws,0.0496,0.0,0,5,manual
4,10283,4screws,0.963,known,4screws,0.0457,0.0,0,5,manual
4,10284,4screws,0.8432,known,4screws,0.042,0.0,0,5,manual
4,10285,4screws,0.7111,known,4screws,0.0386,0.0,0,5,manual
4,10286,4screws,0.7065,known,4screws,0.0356,0.0,0,5,manual
4,10287,4screws,0.6998,known,4screws,0.0327,0.0,0,5,manual
4,10288,4screws,0.9497,known,4screws,0.0301,0.0,0,5,manual
4,10289,4screws,0.7376,known,4screws,0.0277,0.0,0,5,manual
4,10290,4screws,0.8558,known,4screws,0.0255,0.0,0,5,manual
4,10291,4screws,1.012,unknown,,0.1034,0.01,0,5,manual
4,10292,4screws,0.8525,known,4screws,0.0952,0.0,0,5,manual
4,10293,4screws,0.8472,known,4screws,0.0875,0.0,0,5,manual
4,10294,4screws,0.7039,known,4screws,0.0805,0.0,0,5,manual
4,10295,4screws,0.8148,known,4screws,0.0741,0.0,0,5,manual
4,10296,4screws,0.7388,known,4screws,0.0682,0.0,0,5,manual
4,10297,4screws,1.0013,unknown,,0.1427,0.0,0,5,manual
4,10298,4screws,0.9425,known,4screws,0.1313,0.0,0,5,manual
4,10299,4screws,0.8706,known,4screws,0.1208,0.0,0,5,manual
4,10300,4screws,0.6619,known,4screws,0.1111,0.0,0,5,manual
4,10301,4screws,0.957,known,4screws,0.1022,0.0,0,5,manual
4,10302,4screws,0.8127,known,4screws,0.0941,0.0,0,5,manual
4,10303,4screws,0.6561,known,4screws,0.0865,0.0,0,5,manual
4,10304,4screws,0.9,known,4screws,0.0796,0.0,0,5,manual
4,10305,4screws,0.6727,known,4screws,0.0732,0.0,0,5,manual
4,10306,4screws,0.8109,known,4screws,0.0674,0.0,0,5,manual
4,10307,4screws,0.8553,known,4screws,0.062,0.0,0,5,manual
4,10308,4screws,0.74,known,4screws,0.057,0.0,0,5,manual
4,10309,4screws,0.6773,known,4screws,0.0525,0.0,0,5,manual
4,10310,4screws,0.7623,known,4screws,0.0483,0.0,0,5,manual
4,10311,4screws,0.7503,known,4screws,0.0444,0.0,0,5,manual
4,10312,4screws,0.9151,known,4screws,0.0409,0.0,0,5,manual
4,10313,4screws,0.8071,known,4screws,0.0376,0.0,0,5,manual
4,10314,4screws,0.7239,known,4screws,0.0346,0.0,0,5,manual
4,10315,4screws,0.9962,known,4screws,0.0318,0.0,0,5,manual
4,10316,4screws,0.867,known,4screws,0.0293,0.0,0,5,manual
4,10317,4screws,0.8084,known,4screws,0.0269,0.0,0,5,manual
4,10318,4screws,0.5882,known,4screws,0.0248,0.0,0,5,manual
4,10319,4screws,0.566,known,4screws,0.0228,0.0,0,5,manual
4,10320,4screws,0.7495,known,4screws,0.021,0.0,0,5,manual
4,10321,4screws,0.7779,known,4screws,0.0193,0.0,0,5,manual
4,10322,4screws,0.9825,known,4screws,0.0177,0.0,0,5,manual
4,10323,4screws,0.7025,known,4screws,0.0163,0.0,0,5,manual
4,10324,4screws,0.6959,known,4screws,0.015,0.0,0,5,manual
4,10325,4screws,0.7807,known,4screws,0.0138,0.0,0,5,manual
4,10326,4screws,0.9276,known,4screws,0.0127,0.0,0,5,manual
4,10327,4screws,0.818,known,4screws,0.0117,0.0,0,5,manual
4,10328,4screws,0.7499,known,4screws,0.0108,0.0,0,5,manual
4,10329,4screws,0.6477,known,4screws,0.0099,0.0,0,5,manual
4,10330,4screws,0.8556,known,4screws,0.0091,0.0,0,5,manual
4,10331,4screws,0.8438,known,4screws,0.0084,0.0,0,5,manual
4,10332,4screws,0.8978,known,4screws,0.0077,0.0,0,5,manual
4,10333,4screws,0.7633,known,4screws,0.0071,0.0,0,5,manual
4,10334,4screws,0.8298,known,4screws,0.0065,0.0,0,5,manual
4,10335,4screws,0.9187,known,4screws,0.006,0.0,0,5,manual
4,10336,4screws,0.8556,known,4screws,0.0055,0.0,0,5,manual
4,10337,4screws,0.7495,known,4screws,0.0051,0.0,0,5,manual
4,10338,4screws,0.7504,known,4screws,0.0047,0.0,0,5,manual
4,10339,4screws,0.7807,known,4screws,0.0043,0.0,0,5,manual
4,10340,4screws,0.9425,known,4screws,0.004,0.0,0,5,manual
4,10341,4screws,0.8109,known,4screws,0.0036,0.0,0,5,manual
4,10342,4screws,0.566,known,4screws,0.0033,0.0,0,5,manual
4,10343,4screws,0.6727,known,4screws,0.0031,0.0,0,5,manual
4,10344,4screws,0.9276,known,4screws,0.0028,0.0,0,5,manual
4,10345,4screws,0.7039,known,4screws,0.0026,0.0,0,5,manual
4,10346,4screws,0.9825,known,4screws,0.0024,0.0,0,5,manual
4,10347,4screws,0.7376,known,4screws,0.0022,0.0,0,5,manual
4,10348,4screws,0.8472,known,4screws,0.002,0.0,0,5,manual
4,10349,4screws,0.8536,known,4screws,0.0019,0.0,0,5,manual
4,10350,4screws,0.6477,known,4screws,0.0017,0.0,0,5,manual
4,10351,4screws,0.7499,known,4screws,0.0016,0.0,0,5,manual
4,10352,4screws,0.8127,known,4screws,0.0015,0.0,0,5,manual
4,10353,4screws,0.867,known,4screws,0.0013,0.0,0,5,manual
4,10354,4screws,0.818,known,4screws,0.0012,0.0,0,5,manual
4,10355,4screws,0.9962,known,4screws,0.0011,0.0,0,5,manual
4,10356,4screws,0.8553,known,4screws,0.001,0.0,0,5,manual
4,10357,4screws,0.6959,known,4screws,0.001,0.0,0,5,manual
4,10358,4screws,0.8148,known,4screws,0.0009,0.0,0,5,manual
4,10359,4screws,0.8978,known,4screws,0.0008,0.0,0,5,manual
4,10360,4screws,0.957,known,4screws,0.0007,0.0,0,5,manual
4,10361,4screws,0.9151,known,4screws,0.0007,0.0,0,5,manual
4,10362,4screws,0.8158,known,4screws,0.0006,0.0,0,5,manual
4,10363,4screws,0.6561,known,4screws,0.0006,0.0,0,5,manual
4,10364,4screws,0.8432,known,4screws,0.0005,0.0,0,5,manual
4,10365,4screws,0.7388,known,4screws,0.0005,0.0,0,5,manual
4,10366,4screws,0.7633,known,4screws,0.0005,0.0,0,5,manual
4,10367,4screws,0.963,known,4screws,0.0004,0.0,0,5,manual
4,10368,4screws,0.8438,known,4screws,0.0004,0.0,0,5,manual
4,10369,4screws,0.6773,known,4screws,0.0004,0.0,0,5,manual
4,10370,4screws,0.925,known,4screws,0.0003,0.0,0,5,manual
4,10371,4screws,0.7623,known,4screws,0.0003,0.0,0,5,manual
4,10372,4screws,0.6998,known,4screws,0.0003,0.0,0,5,manual
4,10373,4screws,0.74,known,4screws,0.0003,0.0,0,5,manual
4,10374,4screws,0.7111,known,4screws,0.0002,0.0,0,5,manual
4,10375,4screws,1.012,unknown,,0.0802,0.01,0,5,manual
4,10376,4screws,0.7239,known,4screws,0.0738,0.0,0,5,manual
4,10377,4screws,0.5882,known,4screws,0.0679,0.0,0,5,manual
4,10378,4screws,1.0013,unknown,,0.1425,0.0,0,5,manual
4,10379,4screws,0.7065,known,4screws,0.1311,0.0,0,5,manual
4,10380,4screws,0.9497,known,4screws,0.1206,0.0,0,5,manual
4,10381,4screws,0.9,known,4screws,0.1109,0.0,0,5,manual
4,10382,4screws,0.6619,known,4screws,0.1021,0.0,0,5,manual
4,10383,4screws,0.8084,known,4screws,0.0939,0.0,0,5,manual
4,10384,4screws,0.8558,known,4screws,0.0864,0.0,0,5,manual
4,10385,4screws,0.7503,known,4screws,0.0795,0.0,0,5,manual
4,10386,4screws,0.8071,known,4screws,0.0731,0.0,0,5,manual
4,10387,4screws,0.8706,known,4screws,0.0673,0.0,0,5,manual
4,10388,4screws,0.8525,known,4screws,0.0619,0.0,0,5,manual
4,10389,4screws,0.7779,known,4screws,0.0569,0.0,0,5,manual
4,10390,4screws,0.7778,known,4screws,0.0524,0.0,0,5,manual
4,10391,4screws,0.7025,known,4screws,0.0482,0.0,0,5,manual
4,10392,4screws,0.8298,known,4screws,0.0443,0.0,0,5,manual
4,10393,4screws,0.7504,known,4screws,0.0408,0.0,0,5,manual
4,10394,4screws,1.0013,unknown,,0.1175,0.0,0,5,manual
4,10395,4screws,1.012,unknown,,0.1881,0.01,0,5,manual
4,10396,4screws,0.8109,known,4screws,0.1731,0.0,0,5,manual
4,10397,4screws,0.8706,known,4screws,0.1592,0.0,0,5,manual
4,10398,4screws,0.8536,known,4screws,0.1465,0.0,0,5,manual
4,10399,4screws,0.9962,known,4screws,0.1348,0.0,0,5,manual
4,10400,4screws,0.6727,known,4screws,0.124,0.0,0,5,manual
4,10401,4screws,0.867,known,4screws,0.1141,0.0,0,5,manual
4,10402,4screws,0.7039,known,4screws,0.1049,0.0,0,5,manual
4,10403,4screws,0.9276,known,4screws,0.0965,0.0,0,5,manual
4,10404,4screws,0.9425,known,4screws,0.0888,0.0,0,5,manual
4,10405,4screws,0.8553,known,4screws,0.0817,0.0,0,5,manual
4,10406,4screws,0.5882,known,4screws,0.0752,0.0,0,5,manual
4,10407,4screws,0.8558,known,4screws,0.0692,0.0,0,5,manual
4,10408,4screws,0.9825,known,4screws,0.0636,0.0,0,5,manual
4,10409,4screws,0.8071,known,4screws,0.0585,0.0,0,5,manual
4,10410,4screws,0.7025,known,4screws,0.0539,0.0,0,5,manual
4,10411,4screws,0.6998,known,4screws,0.0496,0.0,0,5,manual
4,10412,4screws,0.7111,known,4screws,0.0456,0.0,0,5,manual
4,10413,4screws,0.9,known,4screws,0.0419,0.0,0,5,manual
4,10414,4screws,0.6477,known,4screws,0.0386,0.0,0,5,manual
4,10415,4screws,0.8438,known,4screws,0.0355,0.0,0,5,manual
4,10416,4screws,0.7376,known,4screws,0.0327,0.0,0,5,manual
4,10417,4screws,0.6561,known,4screws,0.03,0.0,0,5,manual
4,10418,4screws,0.8158,known,4screws,0.0276,0.0,0,5,manual
4,10419,4screws,0.7239,known,4screws,0.0254,0.0,0,5,manual
4,10420,4screws,0.925,known,4screws,0.0234,0.0,0,5,manual
4,10421,4screws,0.818,known,4screws,0.0215,0.0,0,5,manual
4,10422,4screws,0.8298,known,4screws,0.0198,0.0,0,5,manual
4,10423,4screws,0.8084,known,4screws,0.0182,0.0,0,5,manual
4,10424,4screws,0.7633,known,4screws,0.0168,0.0,0,5,manual
4,10425,4screws,0.7065,known,4screws,0.0154,0.0,0,5,manual
4,10426,4screws,0.6773,known,4screws,0.0142,0.0,0,5,manual
4,10427,4screws,0.8556,known,4screws,0.0131,0.0,0,5,manual
4,10428,4screws,0.7503,known,4screws,0.012,0.0,0,5,manual
4,10429,4screws,0.7499,known,4screws,0.011,0.0,0,5,manual
4,10430,4screws,0.9151,known,4screws,0.0102,0.0,0,5,manual
4,10431,4screws,0.9187,known,4screws,0.0093,0.0,0,5,manual
4,10432,4screws,0.7779,known,4screws,0.0086,0.0,0,5,manual
4,10433,4screws,0.9497,known,4screws,0.0079,0.0,0,5,manual
4,10434,4screws,0.6959,known,4screws,0.0073,0.0,0,5,manual
4,10435,4screws,0.8472,known,4screws,0.0067,0.0,0,5,manual
4,10436,4screws,0.6619,known,4screws,0.0062,0.0,0,5,manual
4,10437,4screws,0.8148,known,4screws,0.0057,0.0,0,5,manual
4,10438,4screws,0.8978,known,4screws,0.0052,0.0,0,5,manual
4,10439,4screws,0.7807,known,4screws,0.0048,0.0,0,5,manual
4,10440,4screws,0.963,known,4screws,0.0044,0.0,0,5,manual
4,10441,4screws,0.7623,known,4screws,0.0041,0.0,0,5,manual
4,10442,4screws,0.566,known,4screws,0.0037,0.0,0,5,manual
4,10443,4screws,0.7388,known,4screws,0.0034,0.0,0,5,manual
4,10444,4screws,0.8127,known,4screws,0.0032,0.0,0,5,manual
4,10445,4screws,0.957,known,4screws,0.0029,0.0,0,5,manual
4,10446,4screws,0.8432,known,4screws,0.0027,0.0,0,5,manual
4,10447,4screws,0.7778,known,4screws,0.0025,0.0,0,5,manual
4,10448,4screws,0.74,known,4screws,0.0023,0.0,0,5,manual
4,10449,4screws,0.8525,known,4screws,0.0021,0.0,0,5,manual
4,10450,4screws,0.7495,known,4screws,0.0019,0.0,0,5,manual
4,10451,4screws,0.6959,known,4screws,0.0018,0.0,0,5,manual
4,10452,4screws,0.8298,known,4screws,0.0016,0.0,0,5,manual
4,10453,4screws,0.925,known,4screws,0.0015,0.0,0,5,manual
4,10454,4screws,0.6773,known,4screws,0.0014,0.0,0,5,manual
4,10455,4screws,0.957,known,4screws,0.0013,0.0,0,5,manual
4,10456,4screws,1.0013,unknown,,0.0812,0.0,0,5,manual
4,10457,4screws,0.7623,known,4screws,0.0747,0.0,0,5,manual
4,10458,4screws,0.9962,known,4screws,0.0687,0.0,0,5,manual
4,10459,4screws,0.7779,known,4screws,0.0632,0.0,0,5,manual
4,10460,4screws,0.8432,known,4screws,0.0581,0.0,0,5,manual
4,10461,4screws,0.9425,known,4screws,0.0535,0.0,0,5,manual
4,10462,4screws,0.6619,known,4screws,0.0492,0.0,0,5,manual
4,10463,4screws,0.6561,known,4screws,0.0453,0.0,0,5,manual
4,10464,4screws,0.74,known,4screws,0.0417,0.0,0,5,manual
4,10465,4screws,0.7111,known,4screws,0.0383,0.0,0,5,manual
4,10466,4screws,0.9,known,4screws,0.0353,0.0,0,5,manual
4,10467,4screws,0.9825,known,4screws,0.0324,0.0,0,5,manual
4,10468,4screws,0.7376,known,4screws,0.0298,0.0,0,5,manual
4,10469,4screws,0.6727,known,4screws,0.0275,0.0,0,5,manual
4,10470,4screws,0.8084,known,4screws,0.0253,0.0,0,5,manual
4,10471,4screws,0.7503,known,4screws,0.0232,0.0,0,5,manual
4,10472,4screws,0.8127,known,4screws,0.0214,0.0,0,5,manual
4,10473,4screws,0.8978,known,4screws,0.0197,0.0,0,5,manual
4,10474,4screws,0.7807,known,4screws,0.0181,0.0,0,5,manual
4,10475,4screws,0.9151,known,4screws,0.0166,0.0,0,5,manual
4,10476,4screws,0.818,known,4screws,0.0153,0.0,0,5,manual
4,10477,4screws,0.963,known,4screws,0.0141,0.0,0,5,manual
4,10478,4screws,0.8525,known,4screws,0.013,0.0,0,5,manual
4,10479,4screws,0.7495,known,4screws,0.0119,0.0,0,5,manual
4,10480,4screws,0.7239,known,4screws,0.011,0.0,0,5,manual
4,10481,4screws,0.8536,known,4screws,0.0101,0.0,0,5,manual
4,10482,4screws,0.8556,known,4screws,0.0093,0.0,0,5,manual
4,10483,4screws,0.6477,known,4screws,0.0085,0.0,0,5,manual
4,10484,4screws,0.8148,known,4screws,0.0079,0.0,0,5,manual
4,10485,4screws,0.7025,known,4screws,0.0072,0.0,0,5,manual
4,10486,4screws,0.867,known,4screws,0.0067,0.0,0,5,manual
4,10487,4screws,0.8558,known,4screws,0.0061,0.0,0,5,manual
4,10488,4screws,0.7778,known,4screws,0.0056,0.0,0,5,manual
4,10489,4screws,0.7388,known,4screws,0.0052,0.0,0,5,manual
4,10490,4screws,0.8071,known,4screws,0.0048,0.0,0,5,manual
4,10491,4screws,0.8472,known,4screws,0.0044,0.0,0,5,manual
4,10492,4screws,0.8158,known,4screws,0.004,0.0,0,5,manual
4,10493,4screws,0.8706,known,4screws,0.0037,0.0,0,5,manual
4,10494,4screws,0.7504,known,4screws,0.0034,0.0,0,5,manual
4,10495,4screws,0.7633,known,4screws,0.0031,0.0,0,5,manual
4,10496,4screws,0.9497,known,4screws,0.0029,0.0,0,5,manual
4,10497,4screws,0.7065,known,4screws,0.0027,0.0,0,5,manual
4,10498,4screws,0.8553,known,4screws,0.0024,0.0,0,5,manual
4,10499,4screws,0.8438,known,4screws,0.0023,0.0,0,5,manual
4,10500,4screws,1.012,unknown,,0.0821,0.01,0,5,manual
4,10501,4screws,0.9187,known,4screws,0.0755,0.0,0,5,manual
4,10502,4screws,0.9276,known,4screws,0.0695,0.0,0,5,manual
4,10503,4screws,0.566,known,4screws,0.0639,0.0,0,5,manual
4,10504,4screws,0.8109,known,4screws,0.0588,0.0,0,5,manual
4,10505,4screws,0.7499,known,4screws,0.0541,0.0,0,5,manual
4,10506,4screws,0.7039,known,4screws,0.0498,0.0,0,5,manual
4,10507,4screws,0.6998,known,4screws,0.0458,0.0,0,5,manual
4,10508,4screws,0.5882,known,4screws,0.0421,0.0,0,5,manual
4,10509,4screws,0.7807,known,4screws,0.0388,0.0,0,5,manual
4,10510,4screws,0.8556,known,4screws,0.0357,0.0,0,5,manual
4,10511,4screws,0.6998,known,4screws,0.0328,0.0,0,5,manual
4,10512,4screws,0.9497,known,4screws,0.0302,0.0,0,5,manual
4,10513,4screws,0.9,known,4screws,0.0278,0.0,0,5,manual
4,10514,4screws,0.566,known,4screws,0.0255,0.0,0,5,manual
4,10515,4screws,0.8706,known,4screws,0.0235,0.0,0,5,manual
4,10516,4screws,1.012,unknown,,0.1016,0.01,0,5,manual
4,10517,4screws,0.7778,known,4screws,0.0935,0.0,0,5,manual
4,10518,4screws,0.7025,known,4screws,0.086,0.0,0,5,manual
4,10519,4screws,0.6727,known,4screws,0.0791,0.0,0,5,manual
4,10520,4screws,0.867,known,4screws,0.0728,0.0,0,5,manual
4,10521,4screws,0.9425,known,4screws,0.067,0.0,0,5,manual
4,10522,4screws,0.925,known,4screws,0.0616,0.0,0,5,manual
4,10523,4screws,0.7633,known,4screws,0.0567,0.0,0,5,manual
4,10524,4screws,0.8158,known,4screws,0.0522,0.0,0,5,manual
4,10525,4screws,0.7499,known,4screws,0.048,0.0,0,5,manual
4,10526,4screws,0.7065,known,4screws,0.0441,0.0,0,5,manual
4,10527,4screws,0.9962,known,4screws,0.0406,0.0,0,5,manual
4,10528,4screws,0.6561,known,4screws,0.0374,0.0,0,5,manual
4,10529,4screws,0.9151,known,4screws,0.0344,0.0,0,5,manual
4,10530,4screws,0.8472,known,4screws,0.0316,0.0,0,5,manual
4,10531,4screws,0.6773,known,4screws,0.0291,0.0,0,5,manual
4,10532,4screws,0.818,known,4screws,0.0268,0.0,0,5,manual
4,10533,4screws,0.7388,known,4screws,0.0246,0.0,0,5,manual
4,10534,4screws,0.9187,known,4screws,0.0227,0.0,0,5,manual
4,10535,4screws,0.7239,known,4screws,0.0208,0.0,0,5,manual
4,10536,4screws,0.9825,known,4screws,0.0192,0.0,0,5,manual
4,10537,4screws,0.8109,known,4screws,0.0176,0.0,0,5,manual
4,10538,4screws,0.8298,known,4screws,0.0162,0.0,0,5,manual
4,10539,4screws,0.9276,known,4screws,0.0149,0.0,0,5,manual
4,10540,4screws,0.7503,known,4screws,0.0137,0.0,0,5,manual
4,10541,4screws,0.7495,known,4screws,0.0126,0.0,0,5,manual
4,10542,4screws,0.7376,known,4screws,0.0116,0.0,0,5,manual
4,10543,4screws,0.8084,known,4screws,0.0107,0.0,0,5,manual
4,10544,4screws,0.7111,known,4screws,0.0098,0.0,0,5,manual
4,10545,4screws,0.8525,known,4screws,0.0091,0.0,0,5,manual
4,10546,4screws,0.8148,known,4screws,0.0083,0.0,0,5,manual
4,10547,4screws,0.7779,known,4screws,0.0077,0.0,0,5,manual
4,10548,4screws,0.8071,known,4screws,0.007,0.0,0,5,manual
4,10549,4screws,0.963,known,4screws,0.0065,0.0,0,5,manual
4,10550,4screws,1.0013,unknown,,0.086,0.0,0,5,manual
4,10551,4screws,0.6619,known,4screws,0.0791,0.0,0,5,manual
4,10552,4screws,0.7623,known,4screws,0.0728,0.0,0,5,manual
4,10553,4screws,0.7039,known,4screws,0.0669,0.0,0,5,manual
4,10554,4screws,0.957,known,4screws,0.0616,0.0,0,5,manual
4,10555,4screws,0.5882,known,4screws,0.0567,0.0,0,5,manual
4,10556,4screws,0.8978,known,4screws,0.0521,0.0,0,5,manual
4,10557,4screws,0.8553,known,4screws,0.048,0.0,0,5,manual
4,10558,4screws,0.6959,known,4screws,0.0441,0.0,0,5,manual
4,10559,4screws,0.6477,known,4screws,0.0406,0.0,0,5,manual
4,10560,4screws,0.8558,known,4screws,0.0373,0.0,0,5,manual
4,10561,4screws,0.8432,known,4screws,0.0344,0.0,0,5,manual
4,10562,4screws,0.8438,known,4screws,0.0316,0.0,0,5,manual
4,10563,4screws,0.74,known,4screws,0.0291,0.0,0,5,manual
4,10564,4screws,0.8536,known,4screws,0.0268,0.0,0,5,manual
4,10565,4screws,0.8127,known,4screws,0.0246,0.0,0,5,manual
4,10566,4screws,0.7504,known,4screws,0.0226,0.0,0,5,manual
4,10567,4screws,0.7807,known,4screws,0.0208,0.0,0,5,manual
4,10568,4screws,0.8558,known,4screws,0.0192,0.0,0,5,manual
4,10569,4screws,0.7039,known,4screws,0.0176,0.0,0,5,manual
4,10570,4screws,0.8978,known,4screws,0.0162,0.0,0,5,manual
4,10571,4screws,0.8432,known,4screws,0.0149,0.0,0,5,manual
4,10572,4screws,0.8298,known,4screws,0.0137,0.0,0,5,manual
4,10573,4screws,0.74,known,4screws,0.0126,0.0,0,5,manual
4,10574,4screws,0.6619,known,4screws,0.0116,0.0,0,5,manual
4,10575,4screws,0.7065,known,4screws,0.0107,0.0,0,5,manual
4,10576,4screws,1.012,unknown,,0.0898,0.01,0,5,manual
4,10577,4screws,0.867,known,4screws,0.0826,0.0,0,5,manual
4,10578,4screws,0.9,known,4screws,0.076,0.0,0,5,manual
4,10579,4screws,0.8071,known,4screws,0.07,0.0,0,5,manual
4,10580,4screws,0.7239,known,4screws,0.0644,0.0,0,5,manual
4,10581,4screws,0.7633,known,4screws,0.0592,0.0,0,5,manual
4,10582,4screws,0.9425,known,4screws,0.0545,0.0,0,5,manual
4,10583,4screws,0.7025,known,4screws,0.0501,0.0,0,5,manual
4,10584,4screws,0.9276,known,4screws,0.0461,0.0,0,5,manual
4,10585,4screws,0.8472,known,4screws,0.0424,0.0,0,5,manual
4,10586,4screws,0.7623,known,4screws,0.039,0.0,0,5,manual
4,10587,4screws,0.8525,known,4screws,0.0359,0.0,0,5,manual
4,10588,4screws,0.6561,known,4screws,0.033,0.0,0,5,manual
4,10589,4screws,0.6998,known,4screws,0.0304,0.0,0,5,manual
4,10590,4screws,0.6477,known,4screws,0.028,0.0,0,5,manual
4,10591,4screws,0.8109,known,4screws,0.0257,0.0,0,5,manual
4,10592,4screws,0.957,known,4screws,0.0237,0.0,0,5,manual
4,10593,4screws,0.7503,known,4screws,0.0218,0.0,0,5,manual
4,10594,4screws,0.8148,known,4screws,0.02,0.0,0,5,manual
4,10595,4screws,0.7111,known,4screws,0.0184,0.0,0,5,manual
4,10596,4screws,0.9187,known,4screws,0.017,0.0,0,5,manual
4,10597,4screws,0.566,known,4screws,0.0156,0.0,0,5,manual
4,10598,4screws,0.8084,known,4screws,0.0143,0.0,0,5,manual
4,10599,4screws,0.8536,known,4screws,0.0132,0.0,0,5,manual
4,10600,4screws,0.8553,known,4screws,0.0121,0.0,0,5,manual
4,10601,4screws,0.818,known,4screws,0.0112,0.0,0,5,manual
4,10602,4screws,0.963,known,4screws,0.0103,0.0,0,5,manual
4,10603,4screws,0.7499,known,4screws,0.0095,0.0,0,5,manual
4,10604,4screws,0.7778,known,4screws,0.0087,0.0,0,5,manual
4,10605,4screws,0.8127,known,4screws,0.008,0.0,0,5,manual
4,10606,4screws,0.9825,known,4screws,0.0074,0.0,0,5,manual
4,10607,4screws,0.9497,known,4screws,0.0068,0.0,0,5,manual
4,10608,4screws,0.9962,known,4screws,0.0062,0.0,0,5,manual
4,10609,4screws,0.5882,known,4screws,0.0057,0.0,0,5,manual
4,10610,4screws,0.8438,known,4screws,0.0053,0.0,0,5,manual
4,10611,4screws,0.6727,known,4screws,0.0049,0.0,0,5,manual
4,10612,4screws,1.0013,unknown,,0.0845,0.0,0,5,manual
4,10613,4screws,0.7376,known,4screws,0.0777,0.0,0,5,manual
4,10614,4screws,0.7388,known,4screws,0.0715,0.0,0,5,manual
4,10615,4screws,0.8556,known,4screws,0.0658,0.0,0,5,manual
4,10616,4screws,0.8706,known,4screws,0.0605,0.0,0,5,manual
4,10617,4screws,0.6959,known,4screws,0.0557,0.0,0,5,manual
4,10618,4screws,0.7779,known,4screws,0.0512,0.0,0,5,manual
4,10619,4screws,0.7495,known,4screws,0.0471,0.0,0,5,manual
4,10620,4screws,0.925,known,4screws,0.0433,0.0,0,5,manual
4,10621,4screws,0.6773,known,4screws,0.0399,0.0,0,5,manual
4,10622,4screws,0.8158,known,4screws,0.0367,0.0,0,5,manual
4,10623,4screws,0.7504,known,4screws,0.0338,0.0,0,5,manual
4,10624,4screws,0.9151,known,4screws,0.0311,0.0,0,5,manual
4,10625,4screws,0.8071,known,4screws,0.0286,0.0,0,5,manual
4,10626,4screws,0.8127,known,4screws,0.0263,0.0,0,5,manual
4,10627,4screws,0.8148,known,4screws,0.0242,0.0,0,5,manual
4,10628,4screws,0.8432,known,4screws,0.0222,0.0,0,5,manual
4,10629,4screws,0.7376,known,4screws,0.0205,0.0,0,5,manual
4,10630,4screws,0.7807,known,4screws,0.0188,0.0,0,5,manual
4,10631,4screws,0.8472,known,4screws,0.0173,0.0,0,5,manual
4,10632,4screws,0.8298,known,4screws,0.0159,0.0,0,5,manual
4,10633,4screws,0.8558,known,4screws,0.0147,0.0,0,5,manual
4,10634,4screws,0.7623,known,4screws,0.0135,0.0,0,5,manual
4,10635,4screws,0.8978,known,4screws,0.0124,0.0,0,5,manual
4,10636,4screws,0.8556,known,4screws,0.0114,0.0,0,5,manual
4,10637,4screws,0.9187,known,4screws,0.0105,0.0,0,5,manual
4,10638,4screws,1.0013,unknown,,0.0897,0.0,0,5,manual
4,10639,4screws,0.8109,known,4screws,0.0825,0.0,0,5,manual
4,10640,4screws,0.957,known,4screws,0.0759,0.0,0,5,manual
4,10641,4screws,0.9962,known,4screws,0.0698,0.0,0,5,manual
4,10642,4screws,0.7025,known,4screws,0.0642,0.0,0,5,manual
4,10643,4screws,0.7779,known,4screws,0.0591,0.0,0,5,manual
4,10644,4screws,0.7504,known,4screws,0.0544,0.0,0,5,manual
4,10645,4screws,0.6561,known,4screws,0.05,0.0,0,5,manual
4,10646,4screws,0.9151,known,4screws,0.046,0.0,0,5,manual
4,10647,4screws,0.7388,known,4screws,0.0423,0.0,0,5,manual
4,10648,4screws,0.9825,known,4screws,0.0389,0.0,0,5,manual
4,10649,4screws,0.6727,known,4screws,0.0358,0.0,0,5,manual
4,10650,4screws,0.7111,known,4screws,0.033,0.0,0,5,manual
4,10651,4screws,0.7065,known,4screws,0.0303,0.0,0,5,manual
4,10652,4screws,0.5882,known,4screws,0.0279,0.0,0,5,manual
4,10653,4screws,0.566,known,4screws,0.0257,0.0,0,5,manual
4,10654,4screws,0.7499,known,4screws,0.0236,0.0,0,5,manual
4,10655,4screws,0.9497,known,4screws,0.0217,0.0,0,5,manual
4,10656,4screws,0.7239,known,4screws,0.02,0.0,0,5,manual
4,10657,4screws,0.963,known,4screws,0.0184,0.0,0,5,manual
4,10658,4screws,0.818,known,4screws,0.0169,0.0,0,5,manual
4,10659,4screws,0.8706,known,4screws,0.0156,0.0,0,5,manual
4,10660,4screws,0.8158,known,4screws,0.0143,0.0,0,5,manual
4,10661,4screws,0.7495,known,4screws,0.0132,0.0,0,5,manual
4,10662,4screws,0.7039,known,4screws,0.0121,0.0,0,5,manual
4,10663,4screws,0.8084,known,4screws,0.0112,0.0,0,5,manual
4,10664,4screws,0.7633,known,4screws,0.0103,0.0,0,5,manual
4,10665,4screws,0.74,known,4screws,0.0094,0.0,0,5,manual
4,10666,4screws,0.6998,known,4screws,0.0087,0.0,0,5,manual
4,10667,4screws,0.6619,known,4screws,0.008,0.0,0,5,manual
4,10668,4screws,0.6959,known,4screws,0.0073,0.0,0,5,manual
4,10669,4screws,0.9,known,4screws,0.0068,0.0,0,5,manual
4,10670,4screws,1.012,unknown,,0.0862,0.01,0,5,manual
4,10671,4screws,0.8553,known,4screws,0.0793,0.0,0,5,manual
4,10672,4screws,0.6773,known,4screws,0.073,0.0,0,5,manual
4,10673,4screws,0.7503,known,4screws,0.0671,0.0,0,5,manual
4,10674,4screws,0.7778,known,4screws,0.0618,0.0,0,5,manual
4,10675,4screws,0.8536,known,4screws,0.0568,0.0,0,5,manual
4,10676,4screws,0.925,known,4screws,0.0523,0.0,0,5,manual
4,10677,4screws,0.9276,known,4screws,0.0481,0.0,0,5,manual
4,10678,4screws,0.867,known,4screws,0.0443,0.0,0,5,manual
4,10679,4screws,0.6477,known,4screws,0.0407,0.0,0,5,manual
4,10680,4screws,0.8525,known,4screws,0.0375,0.0,0,5,manual
4,10681,4screws,0.9425,known,4screws,0.0345,0.0,0,5,manual
4,10682,4screws,0.8438,known,4screws,0.0317,0.0,0,5,manual
4,10683,4screws,0.7633,known,4screws,0.0292,0.0,0,5,manual
4,10684,4screws,0.8158,known,4screws,0.0268,0.0,0,5,manual
4,10685,4screws,0.7065,known,4screws,0.0247,0.0,0,5,manual
4,10686,4screws,0.8438,known,4screws,0.0227,0.0,0,5,manual
4,10687,4screws,0.74,known,4screws,0.0209,0.0,0,5,manual
4,10688,4screws,0.7239,known,4screws,0.0192,0.0,0,5,manual
4,10689,4screws,0.6998,known,4screws,0.0177,0.0,0,5,manual
4,10690,4screws,0.8298,known,4screws,0.0163,0.0,0,5,manual
4,10691,4screws,0.8148,known,4screws,0.015,0.0,0,5,manual
4,10692,4screws,1.0013,unknown,,0.0938,0.0,0,5,manual
4,10693,4screws,0.8432,known,4screws,0.0863,0.0,0,5,manual
4,10694,4screws,0.8706,known,4screws,0.0794,0.0,0,5,manual
4,10695,4screws,0.9151,known,4screws,0.073,0.0,0,5,manual
4,10696,4screws,0.9276,known,4screws,0.0672,0.0,0,5,manual
4,10697,4screws,0.7499,known,4screws,0.0618,0.0,0,5,manual
4,10698,4screws,0.7025,known,4screws,0.0569,0.0,0,5,manual
4,10699,4screws,1.012,unknown,,0.1323,0.01,0,5,manual
4,10700,4screws,0.6619,known,4screws,0.1217,0.0,0,5,manual
4,10701,4screws,0.8127,known,4screws,0.112,0.0,0,5,manual
4,10702,4screws,0.6959,known,4screws,0.103,0.0,0,5,manual
4,10703,4screws,0.6561,known,4screws,0.0948,0.0,0,5,manual
4,10704,4screws,0.566,known,4screws,0.0872,0.0,0,5,manual
4,10705,4screws,0.8556,known,4screws,0.0802,0.0,0,5,manual
4,10706,4screws,0.925,known,4screws,0.0738,0.0,0,5,manual
4,10707,4screws,0.9187,known,4screws,0.0679,0.0,0,5,manual
4,10708,4screws,0.8472,known,4screws,0.0625,0.0,0,5,manual
4,10709,4screws,0.7623,known,4screws,0.0575,0.0,0,5,manual
4,10710,4screws,0.8525,known,4screws,0.0529,0.0,0,5,manual
4,10711,4screws,0.9497,known,4screws,0.0486,0.0,0,5,manual
4,10712,4screws,0.7111,known,4screws,0.0448,0.0,0,5,manual
4,10713,4screws,0.7376,known,4screws,0.0412,0.0,0,5,manual
4,10714,4screws,0.9,known,4screws,0.0379,0.0,0,5,manual
4,10715,4screws,0.7039,known,4screws,0.0348,0.0,0,5,manual
4,10716,4screws,0.8558,known,4screws,0.0321,0.0,0,5,manual
4,10717,4screws,0.8071,known,4screws,0.0295,0.0,0,5,manual
4,10718,4screws,0.7495,known,4screws,0.0271,0.0,0,5,manual
4,10719,4screws,0.6773,known,4screws,0.025,0.0,0,5,manual
4,10720,4screws,0.957,known,4screws,0.023,0.0,0,5,manual
4,10721,4screws,0.867,known,4screws,0.0211,0.0,0,5,manual
4,10722,4screws,0.9425,known,4screws,0.0194,0.0,0,5,manual
4,10723,4screws,0.7388,known,4screws,0.0179,0.0,0,5,manual
4,10724,4screws,0.7807,known,4screws,0.0165,0.0,0,5,manual
4,10725,4screws,0.8978,known,4screws,0.0151,0.0,0,5,manual
4,10726,4screws,0.8553,known,4screws,0.0139,0.0,0,5,manual
4,10727,4screws,0.8536,known,4screws,0.0128,0.0,0,5,manual
4,10728,4screws,0.818,known,4screws,0.0118,0.0,0,5,manual
4,10729,4screws,0.963,known,4screws,0.0108,0.0,0,5,manual
4,10730,4screws,0.6477,known,4screws,0.01,0.0,0,5,manual
4,10731,4screws,0.6727,known,4screws,0.0092,0.0,0,5,manual
4,10732,4screws,0.7504,known,4screws,0.0084,0.0,0,5,manual
4,10733,4screws,0.9825,known,4screws,0.0078,0.0,0,5,manual
4,10734,4screws,0.8109,known,4screws,0.0071,0.0,0,5,manual
4,10735,4screws,0.5882,known,4screws,0.0066,0.0,0,5,manual
4,10736,4screws,0.8084,known,4screws,0.006,0.0,0,5,manual
4,10737,4screws,0.7779,known,4screws,0.0056,0.0,0,5,manual
4,10738,4screws,0.7503,known,4screws,0.0051,0.0,0,5,manual
4,10739,4screws,0.7778,known,4screws,0.0047,0.0,0,5,manual
4,10740,4screws,0.9962,known,4screws,0.0043,0.0,0,5,manual
4,10741,4screws,0.7039,known,4screws,0.004,0.0,0,5,manual
4,10742,4screws,0.8109,known,4screws,0.0037,0.0,0,5,manual
4,10743,4screws,0.9151,known,4screws,0.0034,0.0,0,5,manual
4,10744,4screws,0.7495,known,4screws,0.0031,0.0,0,5,manual
4,10745,4screws,0.7025,known,4screws,0.0029,0.0,0,5,manual
4,10746,4screws,0.867,known,4screws,0.0026,0.0,0,5,manual
4,10747,4screws,0.7623,known,4screws,0.0024,0.0,0,5,manual
4,10748,4screws,0.8438,known,4screws,0.0022,0.0,0,5,manual
4,10749,4screws,0.9962,known,4screws,0.002,0.0,0,5,manual
4,10750,4screws,0.7388,known,4screws,0.0019,0.0,0,5,manual
4,10751,4screws,0.9825,known,4screws,0.0017,0.0,0,5,manual
4,10752,4screws,0.8978,known,4screws,0.0016,0.0,0,5,manual
4,10753,4screws,0.8148,known,4screws,0.0015,0.0,0,5,manual
4,10754,4screws,0.7633,known,4screws,0.0013,0.0,0,5,manual
4,10755,4screws,0.9187,known,4screws,0.0012,0.0,0,5,manual
4,10756,4screws,0.8472,known,4screws,0.0011,0.0,0,5,manual
4,10757,4screws,0.8298,known,4screws,0.0011,0.0,0,5,manual
4,10758,4screws,0.6561,known,4screws,0.001,0.0,0,5,manual
4,10759,4screws,0.6619,known,4screws,0.0009,0.0,0,5,manual
4,10760,4screws,0.9425,known,4screws,0.0008,0.0,0,5,manual
4,10761,4screws,0.6477,known,4screws,0.0008,0.0,0,5,manual
4,10762,4screws,0.818,known,4screws,0.0007,0.0,0,5,manual
4,10763,4screws,0.8525,known,4screws,0.0006,0.0,0,5,manual
4,10764,4screws,0.7499,known,4screws,0.0006,0.0,0,5,manual
4,10765,4screws,0.6727,known,4screws,0.0005,0.0,0,5,manual
4,10766,4screws,0.9,known,4screws,0.0005,0.0,0,5,manual
4,10767,4screws,0.9497,known,4screws,0.0005,0.0,0,5,manual
4,10768,4screws,0.6773,known,4screws,0.0004,0.0,0,5,manual
4,10769,4screws,0.8084,known,4screws,0.0004,0.0,0,5,manual
4,10770,4screws,0.7504,known,4screws,0.0004,0.0,0,5,manual
4,10771,4screws,0.8127,known,4screws,0.0003,0.0,0,5,manual
4,10772,4screws,0.6998,known,4screws,0.0003,0.0,0,5,manual
4,10773,4screws,0.7065,known,4screws,0.0003,0.0,0,5,manual
4,10774,4screws,1.0013,unknown,,0.0803,0.0,0,5,manual
4,10775,4screws,0.8558,known,4screws,0.0738,0.0,0,5,manual
4,10776,4screws,0.566,known,4screws,0.0679,0.0,0,5,manual
4,10777,4screws,0.8432,known,4screws,0.0625,0.0,0,5,manual
4,10778,4screws,0.7239,known,4screws,0.0575,0.0,0,5,manual
4,10779,4screws,0.7779,known,4screws,0.0529,0.0,0,5,manual
4,10780,4screws,0.957,known,4screws,0.0487,0.0,0,5,manual
4,10781,4screws,0.6959,known,4screws,0.0448,0.0,0,5,manual
4,10782,4screws,0.8706,known,4screws,0.0412,0.0,0,5,manual
4,10783,4screws,0.8071,known,4screws,0.0379,0.0,0,5,manual
4,10784,4screws,0.925,known,4screws,0.0349,0.0,0,5,manual
4,10785,4screws,0.9276,known,4screws,0.0321,0.0,0,5,manual
4,10786,4screws,0.963,known,4screws,0.0295,0.0,0,5,manual
4,10787,4screws,0.7376,known,4screws,0.0271,0.0,0,5,manual
4,10788,4screws,0.7807,known,4screws,0.025,0.0,0,5,manual
4,10789,4screws,0.5882,known,4screws,0.023,0.0,0,5,manual
4,10790,4screws,0.74,known,4screws,0.0211,0.0,0,5,manual
4,10791,4screws,0.7778,known,4screws,0.0194,0.0,0,5,manual
4,10792,4screws,0.7503,known,4screws,0.0179,0.0,0,5,manual
4,10793,4screws,0.8553,known,4screws,0.0165,0.0,0,5,manual
4,10794,4screws,0.7111,known,4screws,0.0151,0.0,0,5,manual
4,10795,4screws,0.8556,known,4screws,0.0139,0.0,0,5,manual
4,10796,4screws,1.012,unknown,,0.0928,0.01,0,5,manual
4,10797,4screws,0.8158,known,4screws,0.0854,0.0,0,5,manual
4,10798,4screws,0.8536,known,4screws,0.0786,0.0,0,5,manual
4,10799,4screws,0.74,known,4screws,0.0723,0.0,0,5,manual
4,10800,4screws,0.7504,known,4screws,0.0665,0.0,0,5,manual
4,10801,4screws,0.9825,known,4screws,0.0612,0.0,0,5,manual
4,10802,4screws,0.566,known,4screws,0.0563,0.0,0,5,manual
4,10803,4screws,0.8109,known,4screws,0.0518,0.0,0,5,manual
4,10804,4screws,0.7388,known,4screws,0.0476,0.0,0,5,manual
4,10805,4screws,0.818,known,4screws,0.0438,0.0,0,5,manual
4,10806,4screws,0.7623,known,4screws,0.0403,0.0,0,5,manual
4,10807,4screws,0.8298,known,4screws,0.0371,0.0,0,5,manual
4,10808,4screws,0.6998,known,4screws,0.0341,0.0,0,5,manual
4,10809,4screws,0.8438,known,4screws,0.0314,0.0,0,5,manual
4,10810,4screws,0.7503,known,4screws,0.0289,0.0,0,5,manual
4,10811,4screws,0.8071,known,4screws,0.0266,0.0,0,5,manual
4,10812,4screws,0.7039,known,4screws,0.0244,0.0,0,5,manual
4,10813,4screws,0.9,known,4screws,0.0225,0.0,0,5,manual
4,10814,4screws,0.6561,known,4screws,0.0207,0.0,0,5,manual
4,10815,4screws,0.7239,known,4screws,0.019,0.0,0,5,manual
4,10816,4screws,0.8525,known,4screws,0.0175,0.0,0,5,manual
4,10817,4screws,0.6477,known,4screws,0.0161,0.0,0,5,manual
4,10818,4screws,1.012,unknown,,0.0948,0.01,0,5,manual
4,10819,4screws,0.8556,known,4screws,0.0872,0.0,0,5,manual
4,10820,4screws,0.8558,known,4screws,0.0803,0.0,0,5,manual
4,10821,4screws,0.7065,known,4screws,0.0738,0.0,0,5,manual
4,10822,4screws,0.8158,known,4screws,0.0679,0.0,0,5,manual
4,10823,4screws,0.6727,known,4screws,0.0625,0.0,0,5,manual
4,10824,4screws,0.8472,known,4screws,0.0575,0.0,0,5,manual
4,10825,4screws,0.8148,known,4screws,0.0529,0.0,0,5,manual
4,10826,4screws,0.7779,known,4screws,0.0487,0.0,0,5,manual
4,10827,4screws,0.9425,known,4screws,0.0448,0.0,0,5,manual
4,10828,4screws,0.5882,known,4screws,0.0412,0.0,0,5,manual
4,10829,4screws,0.7807,known,4screws,0.0379,0.0,0,5,manual
4,10830,4screws,1.0013,unknown,,0.1149,0.0,0,5,manual
4,10831,4screws,0.7025,known,4screws,0.1057,0.0,0,5,manual
4,10832,4screws,0.6773,known,4screws,0.0972,0.0,0,5,manual
4,10833,4screws,0.6959,known,4screws,0.0894,0.0,0,5,manual
4,10834,4screws,0.8706,known,4screws,0.0823,0.0,0,5,manual
4,10835,4screws,0.8127,known,4screws,0.0757,0.0,0,5,manual
4,10836,4screws,0.7376,known,4screws,0.0696,0.0,0,5,manual
4,10837,4screws,0.867,known,4screws,0.0641,0.0,0,5,manual
4,10838,4screws,0.7778,known,4screws,0.059,0.0,0,5,manual
4,10839,4screws,0.9276,known,4screws,0.0542,0.0,0,5,manual
4,10840,4screws,0.9151,known,4screws,0.0499,0.0,0,5,manual
4,10841,4screws,0.963,known,4screws,0.0459,0.0,0,5,manual
4,10842,4screws,0.8084,known,4screws,0.0422,0.0,0,5,manual
4,10843,4screws,0.7499,known,4screws,0.0389,0.0,0,5,manual
4,10844,4screws,0.7495,known,4screws,0.0357,0.0,0,5,manual
4,10845,4screws,0.925,known,4screws,0.0329,0.0,0,5,manual
4,10846,4screws,0.9497,known,4screws,0.0303,0.0,0,5,manual
4,10847,4screws,0.8432,known,4screws,0.0278,0.0,0,5,manual
4,10848,4screws,0.9962,known,4screws,0.0256,0.0,0,5,manual
4,10849,4screws,0.957,known,4screws,0.0236,0.0,0,5,manual
4,10850,4screws,0.6619,known,4screws,0.0217,0.0,0,5,manual
4,10851,4screws,0.9187,known,4screws,0.0199,0.0,0,5,manual
4,10852,4screws,0.7111,known,4screws,0.0183,0.0,0,5,manual
4,10853,4screws,0.8553,known,4screws,0.0169,0.0,0,5,manual
4,10854,4screws,0.8978,known,4screws,0.0155,0.0,0,5,manual
4,10855,4screws,0.8536,known,4screws,0.0143,0.0,0,5,manual
4,10856,4screws,0.7633,known,4screws,0.0131,0.0,0,5,manual
4,10857,4screws,0.7239,known,4screws,0.0121,0.0,0,5,manual
4,10858,4screws,0.8127,known,4screws,0.0111,0.0,0,5,manual
4,10859,4screws,0.7503,known,4screws,0.0102,0.0,0,5,manual
4,10860,4screws,0.8536,known,4screws,0.0094,0.0,0,5,manual
4,10861,4screws,0.7388,known,4screws,0.0087,0.0,0,5,manual
4,10862,4screws,0.7807,known,4screws,0.008,0.0,0,5,manual
4,10863,4screws,1.012,unknown,,0.0873,0.01,0,5,manual
4,10864,4screws,0.7039,known,4screws,0.0803,0.0,0,5,manual
4,10865,4screws,0.7065,known,4screws,0.0739,0.0,0,5,manual
4,10866,4screws,0.7495,known,4screws,0.068,0.0,0,5,manual
4,10867,4screws,0.9497,known,4screws,0.0626,0.0,0,5,manual
4,10868,4screws,0.8148,known,4screws,0.0576,0.0,0,5,manual
4,10869,4screws,0.8525,known,4screws,0.053,0.0,0,5,manual
4,10870,4screws,0.6998,known,4screws,0.0487,0.0,0,5,manual
4,10871,4screws,0.7111,known,4screws,0.0448,0.0,0,5,manual
4,10872,4screws,0.8558,known,4screws,0.0412,0.0,0,5,manual
4,10873,4screws,0.8472,known,4screws,0.0379,0.0,0,5,manual
4,10874,4screws,0.9187,known,4screws,0.0349,0.0,0,5,manual
4,10875,4screws,0.8158,known,4screws,0.0321,0.0,0,5,manual
4,10876,4screws,0.8978,known,4screws,0.0295,0.0,0,5,manual
4,10877,4screws,1.0013,unknown,,0.1072,0.0,0,5,manual
4,10878,4screws,0.7633,known,4screws,0.0986,0.0,0,5,manual
4,10879,4screws,0.8109,known,4screws,0.0907,0.0,0,5,manual
4,10880,4screws,0.6959,known,4screws,0.0835,0.0,0,5,manual
4,10881,4screws,0.7499,known,4screws,0.0768,0.0,0,5,manual
4,10882,4screws,0.818,known,4screws,0.0706,0.0,0,5,manual
4,10883,4screws,0.8438,known,4screws,0.065,0.0,0,5,manual
4,10884,4screws,0.9425,known,4screws,0.0598,0.0,0,5,manual
4,10885,4screws,0.963,known,4screws,0.055,0.0,0,5,manual
4,10886,4screws,0.9825,known,4screws,0.0506,0.0,0,5,manual
4,10887,4screws,0.7623,known,4screws,0.0466,0.0,0,5,manual
4,10888,4screws,0.957,known,4screws,0.0428,0.0,0,5,manual
4,10889,4screws,0.8556,known,4screws,0.0394,0.0,0,5,manual
4,10890,4screws,0.6561,known,4screws,0.0363,0.0,0,5,manual
4,10891,4screws,0.7778,known,4screws,0.0334,0.0,0,5,manual
4,10892,4screws,0.9151,known,4screws,0.0307,0.0,0,5,manual
4,10893,4screws,0.566,known,4screws,0.0282,0.0,0,5,manual
4,10894,4screws,0.8084,known,4screws,0.026,0.0,0,5,manual
4,10895,4screws,0.7779,known,4screws,0.0239,0.0,0,5,manual
4,10896,4screws,0.9276,known,4screws,0.022,0.0,0,5,manual
4,10897,4screws,0.6619,known,4screws,0.0202,0.0,0,5,manual
4,10898,4screws,0.7025,known,4screws,0.0186,0.0,0,5,manual
4,10899,4screws,0.8706,known,4screws,0.0171,0.0,0,5,manual
4,10900,4screws,0.74,known,4screws,0.0157,0.0,0,5,manual
4,10901,4screws,0.5882,known,4screws,0.0145,0.0,0,5,manual
4,10902,4screws,0.7504,known,4screws,0.0133,0.0,0,5,manual
4,10903,4screws,0.8071,known,4screws,0.0123,0.0,0,5,manual
4,10904,4screws,0.925,known,4screws,0.0113,0.0,0,5,manual
4,10905,4screws,0.6773,known,4screws,0.0104,0.0,0,5,manual
4,10906,4screws,0.7376,known,4screws,0.0095,0.0,0,5,manual
4,10907,4screws,0.6727,known,4screws,0.0088,0.0,0,5,manual
4,10908,4screws,0.9962,known,4screws,0.0081,0.0,0,5,manual
4,10909,4screws,0.8298,known,4screws,0.0074,0.0,0,5,manual
4,10910,4screws,0.6477,known,4screws,0.0068,0.0,0,5,manual
4,10911,4screws,0.9,known,4screws,0.0063,0.0,0,5,manual
4,10912,4screws,0.867,known,4screws,0.0058,0.0,0,5,manual
4,10913,4screws,0.8432,known,4screws,0.0053,0.0,0,5,manual
4,10914,4screws,0.8553,known,4screws,0.0049,0.0,0,5,manual
4,10915,4screws,0.963,known,4screws,0.0045,0.0,0,5,manual
4,10916,4screws,0.8109,known,4screws,0.0041,0.0,0,5,manual
4,10917,4screws,0.8553,known,4screws,0.0038,0.0,0,5,manual
4,10918,4screws,0.818,known,4screws,0.0035,0.0,0,5,manual
4,10919,4screws,0.9425,known,4screws,0.0032,0.0,0,5,manual
4,10920,4screws,0.7807,known,4screws,0.003,0.0,0,5,manual
4,10921,4screws,0.9497,known,4screws,0.0027,0.0,0,5,manual
4,10922,4screws,0.8706,known,4screws,0.0025,0.0,0,5,manual
4,10923,4screws,0.867,known,4screws,0.0023,0.0,0,5,manual
4,10924,4screws,0.8978,known,4screws,0.0021,0.0,0,5,manual
4,10925,4screws,0.8148,known,4screws,0.002,0.0,0,5,manual
4,10926,4screws,0.8071,known,4screws,0.0018,0.0,0,5,manual
4,10927,4screws,0.6773,known,4screws,0.0017,0.0,0,5,manual
4,10928,4screws,0.7503,known,4screws,0.0015,0.0,0,5,manual
4,10929,4screws,0.7504,known,4screws,0.0014,0.0,0,5,manual
4,10930,4screws,0.9825,known,4screws,0.0013,0.0,0,5,manual
4,10931,4screws,0.6619,known,4screws,0.0012,0.0,0,5,manual
4,10932,4screws,0.6477,known,4screws,0.0011,0.0,0,5,manual
4,10933,4screws,0.7388,known,4screws,0.001,0.0,0,5,manual
4,10934,4screws,0.7499,known,4screws,0.0009,0.0,0,5,manual
4,10935,4screws,0.8438,known,4screws,0.0009,0.0,0,5,manual
4,10936,4screws,0.9151,known,4screws,0.0008,0.0,0,5,manual
4,10937,4screws,0.6727,known,4screws,0.0007,0.0,0,5,manual
4,10938,4screws,0.8298,known,4screws,0.0007,0.0,0,5,manual
4,10939,4screws,0.7065,known,4screws,0.0006,0.0,0,5,manual
4,10940,4screws,1.012,unknown,,0.0806,0.01,0,5,manual
4,10941,4screws,0.8525,known,4screws,0.0741,0.0,0,5,manual
4,10942,4screws,0.925,known,4screws,0.0682,0.0,0,5,manual
4,10943,4screws,0.8472,known,4screws,0.0627,0.0,0,5,manual
4,10944,4screws,0.566,known,4screws,0.0577,0.0,0,5,manual
4,10945,4screws,0.6561,known,4screws,0.0531,0.0,0,5,manual
4,10946,4screws,0.7779,known,4screws,0.0488,0.0,0,5,manual
4,10947,4screws,0.957,known,4screws,0.0449,0.0,0,5,manual
4,10948,4screws,0.7239,known,4screws,0.0413,0.0,0,5,manual
4,10949,4screws,0.8558,known,4screws,0.038,0.0,0,5,manual
4,10950,4screws,0.74,known,4screws,0.035,0.0,0,5,manual
4,10951,4screws,0.7025,known,4screws,0.0322,0.0,0,5,manual
4,10952,4screws,0.7376,known,4screws,0.0296,0.0,0,5,manual
4,10953,4screws,0.7623,known,4screws,0.0272,0.0,0,5,manual
4,10954,4screws,0.7495,known,4screws,0.0251,0.0,0,5,manual
4,10955,4screws,0.8084,known,4screws,0.0231,0.0,0,5,manual
4,10956,4screws,0.6998,known,4screws,0.0212,0.0,0,5,manual
4,10957,4screws,0.8127,known,4screws,0.0195,0.0,0,5,manual
4,10958,4screws,0.7039,known,4screws,0.018,0.0,0,5,manual
4,10959,4screws,0.9,known,4screws,0.0165,0.0,0,5,manual
4,10960,4screws,0.9962,known,4screws,0.0152,0.0,0,5,manual
4,10961,4screws,0.7778,known,4screws,0.014,0.0,0,5,manual
4,10962,4screws,0.6959,known,4screws,0.0129,0.0,0,5,manual
4,10963,4screws,0.9187,known,4screws,0.0118,0.0,0,5,manual
4,10964,4screws,0.8158,known,4screws,0.0109,0.0,0,5,manual
4,10965,4screws,0.8556,known,4screws,0.01,0.0,0,5,manual
4,10966,4screws,0.8536,known,4screws,0.0092,0.0,0,5,manual
4,10967,4screws,0.7111,known,4screws,0.0085,0.0,0,5,manual
4,10968,4screws,0.5882,known,4screws,0.0078,0.0,0,5,manual
4,10969,4screws,1.0013,unknown,,0.0872,0.0,0,5,manual
4,10970,4screws,0.9276,known,4screws,0.0802,0.0,0,5,manual
4,10971,4screws,0.7633,known,4screws,0.0738,0.0,0,5,manual
4,10972,4screws,0.8432,known,4screws,0.0679,0.0,0,5,manual
4,10973,4screws,0.8706,known,4screws,0.0625,0.0,0,5,manual
4,10974,4screws,0.7025,known,4screws,0.0575,0.0,0,5,manual
4,10975,4screws,0.6477,known,4screws,0.0529,0.0,0,5,manual
4,10976,4screws,0.6619,known,4screws,0.0486,0.0,0,5,manual
4,10977,4screws,0.8109,known,4screws,0.0447,0.0,0,5,manual
4,10978,4screws,0.7111,known,4screws,0.0412,0.0,0,5,manual
4,10979,4screws,0.7495,known,4screws,0.0379,0.0,0,5,manual
4,10980,4screws,0.8148,known,4screws,0.0348,0.0,0,5,manual
4,10981,4screws,0.7388,known,4screws,0.0321,0.0,0,5,manual
4,10982,4screws,0.9825,known,4screws,0.0295,0.0,0,5,manual
4,10983,4screws,0.9962,known,4screws,0.0271,0.0,0,5,manual
4,10984,4screws,0.7503,known,4screws,0.025,0.0,0,5,manual
4,10985,4screws,0.8536,known,4screws,0.023,0.0,0,5,manual
4,10986,4screws,0.9425,known,4screws,0.0211,0.0,0,5,manual
4,10987,4screws,0.818,known,4screws,0.0194,0.0,0,5,manual
4,10988,4screws,0.7633,known,4screws,0.0179,0.0,0,5,manual
4,10989,4screws,0.7504,known,4screws,0.0164,0.0,0,5,manual
4,10990,4screws,0.957,known,4screws,0.0151,0.0,0,5,manual
4,10991,4screws,0.8127,known,4screws,0.0139,0.0,0,5,manual
4,10992,4screws,0.925,known,4screws,0.0128,0.0,0,5,manual
4,10993,4screws,0.6959,known,4screws,0.0118,0.0,0,5,manual
4,10994,4screws,0.8084,known,4screws,0.0108,0.0,0,5,manual
4,10995,4screws,0.8556,known,4screws,0.01,0.0,0,5,manual
4,10996,4screws,0.566,known,4screws,0.0092,0.0,0,5,manual
4,10997,4screws,0.6727,known,4screws,0.0084,0.0,0,5,manual
4,10998,4screws,0.7778,known,4screws,0.0078,0.0,0,5,manual
4,10999,4screws,0.8553,known,4screws,0.0071,0.0,0,5,manual
4,11000,4screws,0.6561,known,4screws,0.0066,0.0,0,5,manual
4,11001,4screws,0.9151,known,4screws,0.006,0.0,0,5,manual
4,11002,4screws,0.8298,known,4screws,0.0056,0.0,0,5,manual
4,11003,4screws,0.9497,known,4screws,0.0051,0.0,0,5,manual
4,11004,4screws,0.8158,known,4screws,0.0047,0.0,0,5,manual
4,11005,4screws,0.7039,known,4screws,0.0043,0.0,0,5,manual
4,11006,4screws,0.867,known,4screws,0.004,0.0,0,5,manual
4,11007,4screws,0.7065,known,4screws,0.0037,0.0,0,5,manual
4,11008,4screws,0.8432,known,4screws,0.0034,0.0,0,5,manual
4,11009,4screws,0.5882,known,4screws,0.0031,0.0,0,5,manual
4,11010,4screws,0.74,known,4screws,0.0029,0.0,0,5,manual
4,11011,4screws,0.6998,known,4screws,0.0026,0.0,0,5,manual
4,11012,4screws,0.7623,known,4screws,0.0024,0.0,0,5,manual
4,11013,4screws,0.7779,known,4screws,0.0022,0.0,0,5,manual
4,11014,4screws,0.8525,known,4screws,0.002,0.0,0,5,manual
4,11015,4screws,0.7376,known,4screws,0.0019,0.0,0,5,manual
4,11016,4screws,1.0013,unknown,,0.0817,0.0,0,5,manual
4,11017,4screws,0.6773,known,4screws,0.0752,0.0,0,5,manual
4,11018,4screws,0.8558,known,4screws,0.0692,0.0,0,5,manual
4,11019,4screws,0.8071,known,4screws,0.0636,0.0,0,5,manual
4,11020,4screws,0.8472,known,4screws,0.0586,0.0,0,5,manual
4,11021,4screws,0.9187,known,4screws,0.0539,0.0,0,5,manual
4,11022,4screws,0.7239,known,4screws,0.0496,0.0,0,5,manual
4,11023,4screws,0.963,known,4screws,0.0456,0.0,0,5,manual
4,11024,4screws,0.7807,known,4screws,0.0419,0.0,0,5,manual
4,11025,4screws,0.7499,known,4screws,0.0386,0.0,0,5,manual
4,11026,4screws,1.012,unknown,,0.1155,0.01,0,5,manual
4,11027,4screws,0.8438,known,4screws,0.1063,0.0,0,5,manual
4,11028,4screws,0.8978,known,4screws,0.0978,0.0,0,5,manual
4,11029,4screws,0.9,known,4screws,0.0899,0.0,0,5,manual
4,11030,4screws,0.9276,known,4screws,0.0827,0.0,0,5,manual
4,11031,4screws,1.0013,unknown,,0.1561,0.0,0,5,manual
4,11032,4screws,0.8556,known,4screws,0.1436,0.0,0,5,manual
4,11033,4screws,0.8109,known,4screws,0.1321,0.0,0,5,manual
4,11034,4screws,0.8553,known,4screws,0.1216,0.0,0,5,manual
4,11035,4screws,0.74,known,4screws,0.1118,0.0,0,5,manual
4,11036,4screws,0.8472,known,4screws,0.1029,0.0,0,5,manual
4,11037,4screws,0.9825,known,4screws,0.0947,0.0,0,5,manual
4,11038,4screws,0.6477,known,4screws,0.0871,0.0,0,5,manual
4,11039,4screws,0.963,known,4screws,0.0801,0.0,0,5,manual
4,11040,4screws,0.7779,known,4screws,0.0737,0.0,0,5,manual
4,11041,4screws,0.7025,known,4screws,0.0678,0.0,0,5,manual
4,11042,4screws,1.012,unknown,,0.1424,0.01,0,5,manual
4,11043,4screws,0.6959,known,4screws,0.131,0.0,0,5,manual
4,11044,4screws,0.6561,known,4screws,0.1205,0.0,0,5,manual
4,11045,4screws,0.8298,known,4screws,0.1109,0.0,0,5,manual
4,11046,4screws,0.6619,known,4screws,0.102,0.0,0,5,manual
4,11047,4screws,0.9425,known,4screws,0.0938,0.0,0,5,manual
4,11048,4screws,0.8706,known,4screws,0.0863,0.0,0,5,manual
4,11049,4screws,0.7065,known,4screws,0.0794,0.0,0,5,manual
4,11050,4screws,0.9,known,4screws,0.0731,0.0,0,5,manual
4,11051,4screws,0.9497,known,4screws,0.0672,0.0,0,5,manual
4,11052,4screws,0.7778,known,4screws,0.0619,0.0,0,5,manual
4,11053,4screws,0.8158,known,4screws,0.0569,0.0,0,5,manual
4,11054,4screws,0.9962,known,4screws,0.0524,0.0,0,5,manual
4,11055,4screws,0.8438,known,4screws,0.0482,0.0,0,5,manual
4,11056,4screws,0.9151,known,4screws,0.0443,0.0,0,5,manual
4,11057,4screws,0.957,known,4screws,0.0408,0.0,0,5,manual
4,11058,4screws,0.7499,known,4screws,0.0375,0.0,0,5,manual
4,11059,4screws,0.8536,known,4screws,0.0345,0.0,0,5,manual
4,11060,4screws,0.818,known,4screws,0.0317,0.0,0,5,manual
4,11061,4screws,0.8084,known,4screws,0.0292,0.0,0,5,manual
4,11062,4screws,0.8525,known,4screws,0.0269,0.0,0,5,manual
4,11063,4screws,0.7376,known,4screws,0.0247,0.0,0,5,manual
4,11064,4screws,0.566,known,4screws,0.0227,0.0,0,5,manual
4,11065,4screws,0.7388,known,4screws,0.0209,0.0,0,5,manual
4,11066,4screws,0.5882,known,4screws,0.0192,0.0,0,5,manual
4,11067,4screws,0.6727,known,4screws,0.0177,0.0,0,5,manual
4,11068,4screws,0.7039,known,4screws,0.0163,0.0,0,5,manual
4,11069,4screws,0.8558,known,4screws,0.015,0.0,0,5,manual
4,11070,4screws,0.7495,known,4screws,0.0138,0.0,0,5,manual
4,11071,4screws,0.7504,known,4screws,0.0127,0.0,0,5,manual
4,11072,4screws,0.8148,known,4screws,0.0117,0.0,0,5,manual
4,11073,4screws,0.9187,known,4screws,0.0107,0.0,0,5,manual
4,11074,4screws,0.867,known,4screws,0.0099,0.0,0,5,manual
4,11075,4screws,0.8071,known,4screws,0.0091,0.0,0,5,manual
4,11076,4screws,0.7503,known,4screws,0.0084,0.0,0,5,manual
4,11077,4screws,0.925,known,4screws,0.0077,0.0,0,5,manual
4,11078,4screws,0.7623,known,4screws,0.0071,0.0,0,5,manual
4,11079,4screws,0.8978,known,4screws,0.0065,0.0,0,5,manual
4,11080,4screws,0.6998,known,4screws,0.006,0.0,0,5,manual
4,11081,4screws,0.6773,known,4screws,0.0055,0.0,0,5,manual
4,11082,4screws,0.8432,known,4screws,0.0051,0.0,0,5,manual
4,11083,4screws,0.7111,known,4screws,0.0047,0.0,0,5,manual
4,11084,4screws,0.8127,known,4screws,0.0043,0.0,0,5,manual
4,11085,4screws,0.7239,known,4screws,0.0039,0.0,0,5,manual
4,11086,4screws,0.9276,known,4screws,0.0036,0.0,0,5,manual
4,11087,4screws,0.7807,known,4screws,0.0033,0.0,0,5,manual
4,11088,4screws,0.7633,known,4screws,0.0031,0.0,0,5,manual
4,11089,4screws,0.7778,known,4screws,0.0028,0.0,0,5,manual
4,11090,4screws,0.7039,known,4screws,0.0026,0.0,0,5,manual
4,11091,4screws,0.7503,known,4screws,0.0024,0.0,0,5,manual
4,11092,4screws,0.8438,known,4screws,0.0022,0.0,0,5,manual
4,11093,4screws,0.7376,known,4screws,0.002,0.0,0,5,manual
4,11094,4screws,0.6959,known,4screws,0.0019,0.0,0,5,manual
4,11095,4screws,0.8148,known,4screws,0.0017,0.0,0,5,manual
4,11096,4screws,0.8525,known,4screws,0.0016,0.0,0,5,manual
4,11097,4screws,0.6998,known,4screws,0.0015,0.0,0,5,manual
4,11098,4screws,0.8127,known,4screws,0.0013,0.0,0,5,manual
4,11099,4screws,0.7779,known,4screws,0.0012,0.0,0,5,manual
4,11100,4screws,0.8071,known,4screws,0.0011,0.0,0,5,manual
4,11101,4screws,0.74,known,4screws,0.001,0.0,0,5,manual
4,11102,4screws,0.7025,known,4screws,0.001,0.0,0,5,manual
4,11103,4screws,0.8706,known,4screws,0.0009,0.0,0,5,manual
4,11104,4screws,0.9497,known,4screws,0.0008,0.0,0,5,manual
4,11105,4screws,0.8084,known,4screws,0.0007,0.0,0,5,manual
4,11106,4screws,0.867,known,4screws,0.0007,0.0,0,5,manual
4,11107,4screws,0.6773,known,4screws,0.0006,0.0,0,5,manual
4,11108,4screws,0.6561,known,4screws,0.0006,0.0,0,5,manual
4,11109,4screws,0.7807,known,4screws,0.0005,0.0,0,5,manual
4,11110,4screws,0.9276,known,4screws,0.0005,0.0,0,5,manual
4,11111,4screws,0.8109,known,4screws,0.0005,0.0,0,5,manual
4,11112,4screws,0.957,known,4screws,0.0004,0.0,0,5,manual
4,11113,4screws,0.9825,known,4screws,0.0004,0.0,0,5,manual
4,11114,4screws,0.8536,known,4screws,0.0004,0.0,0,5,manual
4,11115,4screws,0.8553,known,4screws,0.0003,0.0,0,5,manual
4,11116,4screws,0.6727,known,4screws,0.0003,0.0,0,5,manual
4,11117,4screws,1.012,unknown,,0.0803,0.01,0,5,manual
4,11118,4screws,0.8432,known,4screws,0.0739,0.0,0,5,manual
4,11119,4screws,0.925,known,4screws,0.0679,0.0,0,5,manual
4,11120,4screws,0.7111,known,4screws,0.0625,0.0,0,5,manual
4,11121,4screws,0.8978,known,4screws,0.0575,0.0,0,5,manual
4,11122,4screws,0.9187,known,4screws,0.0529,0.0,0,5,manual
4,11123,4screws,0.6619,known,4screws,0.0487,0.0,0,5,manual
4,11124,4screws,0.7239,known,4screws,0.0448,0.0,0,5,manual
4,11125,4screws,0.8558,known,4screws,0.0412,0.0,0,5,manual
4,11126,4screws,0.7065,known,4screws,0.0379,0.0,0,5,manual
4,11127,4screws,0.8472,known,4screws,0.0349,0.0,0,5,manual
4,11128,4screws,0.9151,known,4screws,0.0321,0.0,0,5,manual
4,11129,4screws,0.7495,known,4screws,0.0295,0.0,0,5,manual
4,11130,4screws,0.8556,known,4screws,0.0272,0.0,0,5,manual
4,11131,4screws,0.9425,known,4screws,0.025,0.0,0,5,manual
4,11132,4screws,0.7633,known,4screws,0.023,0.0,0,5,manual
4,11133,4screws,1.0013,unknown,,0.1011,0.0,0,5,manual
4,11134,4screws,0.7499,known,4screws,0.0931,0.0,0,5,manual
4,11135,4screws,0.7623,known,4screws,0.0856,0.0,0,5,manual
4,11136,4screws,0.8158,known,4screws,0.0788,0.0,0,5,manual
4,11137,4screws,0.5882,known,4screws,0.0725,0.0,0,5,manual
4,11138,4screws,0.9,known,4screws,0.0667,0.0,0,5,manual
4,11139,4screws,0.9962,known,4screws,0.0613,0.0,0,5,manual
4,11140,4screws,0.818,known,4screws,0.0564,0.0,0,5,manual
4,11141,4screws,0.6477,known,4screws,0.0519,0.0,0,5,manual
4,11142,4screws,0.566,known,4screws,0.0478,0.0,0,5,manual
4,11143,4screws,0.7504,known,4screws,0.0439,0.0,0,5,manual
4,11144,4screws,0.963,known,4screws,0.0404,0.0,0,5,manual
4,11145,4screws,0.7388,known,4screws,0.0372,0.0,0,5,manual
4,11146,4screws,0.8298,known,4screws,0.0342,0.0,0,5,manual
4,11147,4screws,0.566,known,4screws,0.0315,0.0,0,5,manual
4,11148,4screws,0.9497,known,4screws,0.029,0.0,0,5,manual
4,11149,4screws,0.8084,known,4screws,0.0266,0.0,0,5,manual
4,11150,4screws,0.9151,known,4screws,0.0245,0.0,0,5,manual
4,11151,4screws,0.8472,known,4screws,0.0225,0.0,0,5,manual
4,11152,4screws,0.5882,known,4screws,0.0207,0.0,0,5,manual
4,11153,4screws,0.7807,known,4screws,0.0191,0.0,0,5,manual
4,11154,4screws,0.7504,known,4screws,0.0176,0.0,0,5,manual
4,11155,4screws,0.9276,known,4screws,0.0162,0.0,0,5,manual
4,11156,4screws,0.8109,known,4screws,0.0149,0.0,0,5,manual
4,11157,4screws,0.8438,known,4screws,0.0137,0.0,0,5,manual
4,11158,4screws,0.7633,known,4screws,0.0126,0.0,0,5,manual
4,11159,4screws,0.8558,known,4screws,0.0116,0.0,0,5,manual
4,11160,4screws,0.8525,known,4screws,0.0106,0.0,0,5,manual
4,11161,4screws,0.818,known,4screws,0.0098,0.0,0,5,manual
4,11162,4screws,0.9962,known,4screws,0.009,0.0,0,5,manual
4,11163,4screws,0.8536,known,4screws,0.0083,0.0,0,5,manual
4,11164,4screws,0.8706,known,4screws,0.0076,0.0,0,5,manual
4,11165,4screws,0.7623,known,4screws,0.007,0.0,0,5,manual
4,11166,4screws,0.7376,known,4screws,0.0065,0.0,0,5,manual
4,11167,4screws,0.8071,known,4screws,0.0059,0.0,0,5,manual
4,11168,4screws,0.925,known,4screws,0.0055,0.0,0,5,manual
4,11169,4screws,0.8556,known,4screws,0.005,0.0,0,5,manual
4,11170,4screws,0.867,known,4screws,0.0046,0.0,0,5,manual
4,11171,4screws,0.957,known,4screws,0.0043,0.0,0,5,manual
4,11172,4screws,0.9425,known,4screws,0.0039,0.0,0,5,manual
4,11173,4screws,0.7239,known,4screws,0.0036,0.0,0,5,manual
4,11174,4screws,0.6773,known,4screws,0.0033,0.0,0,5,manual
4,11175,4screws,0.8553,known,4screws,0.003,0.0,0,5,manual
4,11176,4screws,0.7025,known,4screws,0.0028,0.0,0,5,manual
4,11177,4screws,0.7388,known,4screws,0.0026,0.0,0,5,manual
4,11178,4screws,0.7111,known,4screws,0.0024,0.0,0,5,manual
4,11179,4screws,0.7499,known,4screws,0.0022,0.0,0,5,manual
4,11180,4screws,0.6727,known,4screws,0.002,0.0,0,5,manual
4,11181,4screws,0.6619,known,4screws,0.0018,0.0,0,5,manual
4,11182,4screws,0.8432,known,4screws,0.0017,0.0,0,5,manual
4,11183,4screws,0.8158,known,4screws,0.0016,0.0,0,5,manual
4,11184,4screws,0.6959,known,4screws,0.0014,0.0,0,5,manual
4,11185,4screws,0.8148,known,4screws,0.0013,0.0,0,5,manual
4,11186,4screws,0.9187,known,4screws,0.0012,0.0,0,5,manual
4,11187,4screws,1.0013,unknown,,0.0811,0.0,0,5,manual
4,11188,4screws,0.9,known,4screws,0.0746,0.0,0,5,manual
4,11189,4screws,1.012,unknown,,0.1487,0.01,0,5,manual
4,11190,4screws,0.8298,known,4screws,0.1368,0.0,0,5,manual
4,11191,4screws,0.7495,known,4screws,0.1258,0.0,0,5,manual
4,11192,4screws,0.963,known,4screws,0.1158,0.0,0,5,manual
4,11193,4screws,0.74,known,4screws,0.1065,0.0,0,5,manual
4,11194,4screws,0.7778,known,4screws,0.098,0.0,0,5,manual
4,11195,4screws,0.8127,known,4screws,0.0901,0.0,0,5,manual
4,11196,4screws,0.6561,known,4screws,0.0829,0.0,0,5,manual
4,11197,4screws,0.7779,known,4screws,0.0763,0.0,0,5,manual
4,11198,4screws,0.7065,known,4screws,0.0702,0.0,0,5,manual
4,11199,4screws,0.6998,known,4screws,0.0646,0.0,0,5,manual
4,11200,4screws,0.8978,known,4screws,0.0594,0.0,0,5,manual
4,11201,4screws,0.6477,known,4screws,0.0547,0.0,0,5,manual
4,11202,4screws,0.7039,known,4screws,0.0503,0.0,0,5,manual
4,11203,4screws,0.9825,known,4screws,0.0463,0.0,0,5,manual
4,11204,4screws,0.7503,known,4screws,0.0426,0.0,0,5,manual
4,11205,4screws,0.8071,known,4screws,0.0392,0.0,0,5,manual
4,11206,4screws,0.8525,known,4screws,0.036,0.0,0,5,manual
4,11207,4screws,0.6773,known,4screws,0.0331,0.0,0,5,manual
4,11208,4screws,0.963,known,4screws,0.0305,0.0,0,5,manual
4,11209,4screws,0.7778,known,4screws,0.0281,0.0,0,5,manual
4,11210,4screws,1.012,unknown,,0.1058,0.01,0,5,manual
4,11211,4screws,0.9276,known,4screws,0.0973,0.0,0,5,manual
4,11212,4screws,0.8978,known,4screws,0.0896,0.0,0,5,manual
4,11213,4screws,0.6959,known,4screws,0.0824,0.0,0,5,manual
4,11214,4screws,0.8556,known,4screws,0.0758,0.0,0,5,manual
4,11215,4screws,0.7503,known,4screws,0.0697,0.0,0,5,manual
4,11216,4screws,0.8472,known,4screws,0.0642,0.0,0,5,manual
4,11217,4screws,0.9825,known,4screws,0.059,0.0,0,5,manual
4,11218,4screws,0.7779,known,4screws,0.0543,0.0,0,5,manual
4,11219,4screws,0.8109,known,4screws,0.05,0.0,0,5,manual
4,11220,4screws,0.925,known,4screws,0.046,0.0,0,5,manual
4,11221,4screws,0.8127,known,4screws,0.0423,0.0,0,5,manual
4,11222,4screws,0.6561,known,4screws,0.0389,0.0,0,5,manual
4,11223,4screws,0.9187,known,4screws,0.0358,0.0,0,5,manual
4,11224,4screws,0.7039,known,4screws,0.0329,0.0,0,5,manual
4,11225,4screws,0.7239,known,4screws,0.0303,0.0,0,5,manual
4,11226,4screws,0.8148,known,4screws,0.0279,0.0,0,5,manual
4,11227,4screws,0.7499,known,4screws,0.0256,0.0,0,5,manual
4,11228,4screws,0.7065,known,4screws,0.0236,0.0,0,5,manual
4,11229,4screws,0.9497,known,4screws,0.0217,0.0,0,5,manual
4,11230,4screws,0.9425,known,4screws,0.02,0.0,0,5,manual
4,11231,4screws,0.7495,known,4screws,0.0184,0.0,0,5,manual
4,11232,4screws,0.8536,known,4screws,0.0169,0.0,0,5,manual
4,11233,4screws,0.74,known,4screws,0.0155,0.0,0,5,manual
4,11234,4screws,0.7633,known,4screws,0.0143,0.0,0,5,manual
4,11235,4screws,0.8084,known,4screws,0.0132,0.0,0,5,manual
4,11236,4screws,0.8553,known,4screws,0.0121,0.0,0,5,manual
4,11237,4screws,0.957,known,4screws,0.0111,0.0,0,5,manual
4,11238,4screws,0.8438,known,4screws,0.0102,0.0,0,5,manual
4,11239,4screws,0.7807,known,4screws,0.0094,0.0,0,5,manual
4,11240,4screws,0.867,known,4screws,0.0087,0.0,0,5,manual
4,11241,4screws,0.9151,known,4screws,0.008,0.0,0,5,manual
4,11242,4screws,0.8158,known,4screws,0.0073,0.0,0,5,manual
4,11243,4screws,0.6477,known,4screws,0.0068,0.0,0,5,manual
4,11244,4screws,0.8432,known,4screws,0.0062,0.0,0,5,manual
4,11245,4screws,0.6727,known,4screws,0.0057,0.0,0,5,manual
4,11246,4screws,0.566,known,4screws,0.0053,0.0,0,5,manual
4,11247,4screws,0.7111,known,4screws,0.0048,0.0,0,5,manual
4,11248,4screws,0.8558,known,4screws,0.0045,0.0,0,5,manual
4,11249,4screws,0.8298,known,4screws,0.0041,0.0,0,5,manual
4,11250,4screws,0.818,known,4screws,0.0038,0.0,0,5,manual
4,11251,4screws,1.0013,unknown,,0.0835,0.0,0,5,manual
4,11252,4screws,0.8706,known,4screws,0.0768,0.0,0,5,manual
4,11253,4screws,0.9962,known,4screws,0.0706,0.0,0,5,manual
4,11254,4screws,0.7376,known,4screws,0.065,0.0,0,5,manual
4,11255,4screws,0.7623,known,4screws,0.0598,0.0,0,5,manual
4,11256,4screws,0.7025,known,4screws,0.055,0.0,0,5,manual
4,11257,4screws,0.7504,known,4screws,0.0506,0.0,0,5,manual
4,11258,4screws,0.5882,known,4screws,0.0466,0.0,0,5,manual
4,11259,4screws,0.6998,known,4screws,0.0428,0.0,0,5,manual
4,11260,4screws,0.7388,known,4screws,0.0394,0.0,0,5,manual
4,11261,4screws,0.6619,known,4screws,0.0363,0.0,0,5,manual
4,11262,4screws,0.9,known,4screws,0.0334,0.0,0,5,manual
4,11263,4screws,0.7388,known,4screws,0.0307,0.0,0,5,manual
4,11264,4screws,0.8148,known,4screws,0.0282,0.0,0,5,manual
4,11265,4screws,0.8706,known,4screws,0.026,0.0,0,5,manual
4,11266,4screws,0.6727,known,4screws,0.0239,0.0,0,5,manual
4,11267,4screws,0.9497,known,4screws,0.022,0.0,0,5,manual
4,11268,4screws,0.7807,known,4screws,0.0202,0.0,0,5,manual
4,11269,4screws,0.8556,known,4screws,0.0186,0.0,0,5,manual
4,11270,4screws,0.8071,known,4screws,0.0171,0.0,0,5,manual
4,11271,4screws,0.8109,known,4screws,0.0157,0.0,0,5,manual
4,11272,4screws,0.7111,known,4screws,0.0145,0.0,0,5,manual
4,11273,4screws,0.7503,known,4screws,0.0133,0.0,0,5,manual
4,11274,4screws,0.7779,known,4screws,0.0123,0.0,0,5,manual
4,11275,4screws,0.9,known,4screws,0.0113,0.0,0,5,manual
4,11276,4screws,0.8298,known,4screws,0.0104,0.0,0,5,manual
4,11277,4screws,0.9187,known,4screws,0.0095,0.0,0,5,manual
4,11278,4screws,0.74,known,4screws,0.0088,0.0,0,5,manual
4,11279,4screws,0.7239,known,4screws,0.0081,0.0,0,5,manual
4,11280,4screws,0.7504,known,4screws,0.0074,0.0,0,5,manual
4,11281,4screws,0.6773,known,4screws,0.0068,0.0,0,5,manual
4,11282,4screws,0.8472,known,4screws,0.0063,0.0,0,5,manual
4,11283,4screws,0.9425,known,4screws,0.0058,0.0,0,5,manual
4,11284,4screws,0.9825,known,4screws,0.0053,0.0,0,5,manual
4,11285,4screws,0.7778,known,4screws,0.0049,0.0,0,5,manual
4,11286,4screws,0.9151,known,4screws,0.0045,0.0,0,5,manual
4,11287,4screws,0.9962,known,4screws,0.0041,0.0,0,5,manual
4,11288,4screws,1.012,unknown,,0.0838,0.01,0,5,manual
4,11289,4screws,0.7633,known,4screws,0.0771,0.0,0,5,manual
4,11290,4screws,0.6477,known,4screws,0.0709,0.0,0,5,manual
4,11291,4screws,0.7495,known,4screws,0.0653,0.0,0,5,manual
4,11292,4screws,0.5882,known,4screws,0.06,0.0,0,5,manual
4,11293,4screws,0.925,known,4screws,0.0552,0.0,0,5,manual
4,11294,4screws,0.8978,known,4screws,0.0508,0.0,0,5,manual
4,11295,4screws,0.8432,known,4screws,0.0468,0.0,0,5,manual
4,11296,4screws,0.6619,known,4screws,0.043,0.0,0,5,manual
4,11297,4screws,1.0013,unknown,,0.1196,0.0,0,5,manual
4,11298,4screws,0.7039,known,4screws,0.11,0.0,0,5,manual
4,11299,4screws,0.7065,known,4screws,0.1012,0.0,0,5,manual
4,11300,4screws,0.867,known,4screws,0.0931,0.0,0,5,manual
4,11301,4screws,0.963,known,4screws,0.0857,0.0,0,5,manual
4,11302,4screws,0.818,known,4screws,0.0788,0.0,0,5,manual
4,11303,4screws,0.8158,known,4screws,0.0725,0.0,0,5,manual
4,11304,4screws,0.6998,known,4screws,0.0667,0.0,0,5,manual
4,11305,4screws,0.8553,known,4screws,0.0614,0.0,0,5,manual
4,11306,4screws,0.7025,known,4screws,0.0565,0.0,0,5,manual
4,11307,4screws,0.957,known,4screws,0.0519,0.0,0,5,manual
4,11308,4screws,0.7499,known,4screws,0.0478,0.0,0,5,manual
4,11309,4screws,0.8525,known,4screws,0.044,0.0,0,5,manual
4,11310,4screws,0.8558,known,4screws,0.0404,0.0,0,5,manual
4,11311,4screws,0.566,known,4screws,0.0372,0.0,0,5,manual
4,11312,4screws,0.6561,known,4screws,0.0342,0.0,0,5,manual
4,11313,4screws,0.7623,known,4screws,0.0315,0.0,0,5,manual
4,11314,4screws,0.6959,known,4screws,0.029,0.0,0,5,manual
4,11315,4screws,0.7376,known,4screws,0.0267,0.0,0,5,manual
4,11316,4screws,0.8084,known,4screws,0.0245,0.0,0,5,manual
4,11317,4screws,0.8438,known,4screws,0.0226,0.0,0,5,manual
4,11318,4screws,0.8536,known,4screws,0.0208,0.0,0,5,manual
4,11319,4screws,0.8127,known,4screws,0.0191,0.0,0,5,manual
4,11320,4screws,0.9276,known,4screws,0.0176,0.0,0,5,manual
4,11321,4screws,0.925,known,4screws,0.0162,0.0,0,5,manual
4,11322,4screws,0.7807,known,4screws,0.0149,0.0,0,5,manual
4,11323,4screws,0.8298,known,4screws,0.0137,0.0,0,5,manual
4,11324,4screws,0.7025,known,4screws,0.0126,0.0,0,5,manual
4,11325,4screws,0.74,known,4screws,0.0116,0.0,0,5,manual
4,11326,4screws,0.8438,known,4screws,0.0107,0.0,0,5,manual
4,11327,4screws,0.8472,known,4screws,0.0098,0.0,0,5,manual
4,11328,4screws,0.8158,known,4screws,0.009,0.0,0,5,manual
4,11329,4screws,0.7503,known,4screws,0.0083,0.0,0,5,manual
4,11330,4screws,0.9497,known,4screws,0.0076,0.0,0,5,manual
4,11331,4screws,0.6561,known,4screws,0.007,0.0,0,5,manual
4,11332,4screws,0.7633,known,4screws,0.0065,0.0,0,5,manual
4,11333,4screws,0.6959,known,4screws,0.0059,0.0,0,5,manual
4,11334,4screws,0.9151,known,4screws,0.0055,0.0,0,5,manual
4,11335,4screws,0.6619,known,4screws,0.005,0.0,0,5,manual
4,11336,4screws,1.012,unknown,,0.0846,0.01,0,5,manual
4,11337,4screws,0.7779,known,4screws,0.0779,0.0,0,5,manual
4,11338,4screws,0.7499,known,4screws,0.0716,0.0,0,5,manual
4,11339,4screws,0.6773,known,4screws,0.0659,0.0,0,5,manual
4,11340,4screws,0.8127,known,4screws,0.0606,0.0,0,5,manual
4,11341,4screws,0.7495,known,4screws,0.0558,0.0,0,5,manual
4,11342,4screws,0.6727,known,4screws,0.0513,0.0,0,5,manual
4,11343,4screws,0.8536,known,4screws,0.0472,0.0,0,5,manual
4,11344,4screws,0.7111,known,4screws,0.0434,0.0,0,5,manual
4,11345,4screws,0.566,known,4screws,0.04,0.0,0,5,manual
4,11346,4screws,0.7239,known,4screws,0.0368,0.0,0,5,manual
4,11347,4screws,1.0013,unknown,,0.1138,0.0,0,5,manual
4,11348,4screws,0.8109,known,4screws,0.1047,0.0,0,5,manual
4,11349,4screws,0.6477,known,4screws,0.0963,0.0,0,5,manual
4,11350,4screws,0.8525,known,4screws,0.0886,0.0,0,5,manual
4,11351,4screws,0.8084,known,4screws,0.0815,0.0,0,5,manual
4,11352,4screws,0.963,known,4screws,0.075,0.0,0,5,manual
4,11353,4screws,0.8071,known,4screws,0.069,0.0,0,5,manual
4,11354,4screws,0.818,known,4screws,0.0635,0.0,0,5,manual
4,11355,4screws,0.6998,known,4screws,0.0584,0.0,0,5,manual
4,11356,4screws,0.8553,known,4screws,0.0537,0.0,0,5,manual
4,11357,4screws,0.9,known,4screws,0.0494,0.0,0,5,manual
4,11358,4screws,0.957,known,4screws,0.0455,0.0,0,5,manual
4,11359,4screws,0.9276,known,4screws,0.0418,0.0,0,5,manual
4,11360,4screws,0.8432,known,4screws,0.0385,0.0,0,5,manual
4,11361,4screws,0.9825,known,4screws,0.0354,0.0,0,5,manual
4,11362,4screws,0.9425,known,4screws,0.0326,0.0,0,5,manual
4,11363,4screws,0.8558,known,4screws,0.03,0.0,0,5,manual
4,11364,4screws,0.7039,known,4screws,0.0276,0.0,0,5,manual
4,11365,4screws,0.8978,known,4screws,0.0254,0.0,0,5,manual
4,11366,4screws,0.8556,known,4screws,0.0233,0.0,0,5,manual
4,11367,4screws,0.7504,known,4screws,0.0215,0.0,0,5,manual
4,11368,4screws,0.7623,known,4screws,0.0198,0.0,0,5,manual
4,11369,4screws,0.7376,known,4screws,0.0182,0.0,0,5,manual
4,11370,4screws,0.8148,known,4screws,0.0167,0.0,0,5,manual
4,11371,4screws,0.9187,known,4screws,0.0154,0.0,0,5,manual
4,11372,4screws,0.7388,known,4screws,0.0142,0.0,0,5,manual
4,11373,4screws,0.9962,known,4screws,0.013,0.0,0,5,manual
4,11374,4screws,0.5882,known,4screws,0.012,0.0,0,5,manual
4,11375,4screws,0.867,known,4screws,0.011,0.0,0,5,manual
4,11376,4screws,0.8706,known,4screws,0.0101,0.0,0,5,manual
4,11377,4screws,0.7065,known,4screws,0.0093,0.0,0,5,manual
4,11378,4screws,0.7778,known,4screws,0.0086,0.0,0,5,manual
4,11379,4screws,0.8706,known,4screws,0.0079,0.0,0,5,manual
4,11380,4screws,0.8109,known,4screws,0.0073,0.0,0,5,manual
4,11381,4screws,0.6477,known,4screws,0.0067,0.0,0,5,manual
4,11382,4screws,0.7633,known,4screws,0.0061,0.0,0,5,manual
4,11383,4screws,0.9497,known,4screws,0.0057,0.0,0,5,manual
4,11384,4screws,0.8084,known,4screws,0.0052,0.0,0,5,manual
4,11385,4screws,0.9151,known,4screws,0.0048,0.0,0,5,manual
4,11386,4screws,0.8158,known,4screws,0.0044,0.0,0,5,manual
4,11387,4screws,0.566,known,4screws,0.0041,0.0,0,5,manual
4,11388,4screws,0.8553,known,4screws,0.0037,0.0,0,5,manual
4,11389,4screws,0.9276,known,4screws,0.0034,0.0,0,5,manual
4,11390,4screws,0.7499,known,4screws,0.0032,0.0,0,5,manual
4,11391,4screws,0.8558,known,4screws,0.0029,0.0,0,5,manual
4,11392,4screws,0.7504,known,4screws,0.0027,0.0,0,5,manual
4,11393,4screws,0.74,known,4screws,0.0025,0.0,0,5,manual
4,11394,4screws,0.7807,known,4screws,0.0023,0.0,0,5,manual
4,11395,4screws,0.8071,known,4screws,0.0021,0.0,0,5,manual
4,11396,4screws,0.8432,known,4screws,0.0019,0.0,0,5,manual
4,11397,4screws,0.9425,known,4screws,0.0018,0.0,0,5,manual
4,11398,4screws,0.925,known,4screws,0.0016,0.0,0,5,manual
4,11399,4screws,0.6998,known,4screws,0.0015,0.0,0,5,manual
4,11400,4screws,0.9,known,4screws,0.0014,0.0,0,5,manual
4,11401,4screws,0.8438,known,4screws,0.0013,0.0,0,5,manual
4,11402,4screws,0.8148,known,4screws,0.0012,0.0,0,5,manual
4,11403,4screws,0.7495,known,4screws,0.0011,0.0,0,5,manual
4,11404,4screws,0.963,known,4screws,0.001,0.0,0,5,manual
4,11405,4screws,0.8127,known,4screws,0.0009,0.0,0,5,manual
4,11406,4screws,0.7376,known,4screws,0.0008,0.0,0,5,manual
4,11407,4screws,0.7778,known,4screws,0.0008,0.0,0,5,manual
4,11408,4screws,0.7039,known,4screws,0.0007,0.0,0,5,manual
4,11409,4screws,0.7065,known,4screws,0.0006,0.0,0,5,manual
4,11410,4screws,0.8472,known,4screws,0.0006,0.0,0,5,manual
4,11411,4screws,0.8298,known,4screws,0.0005,0.0,0,5,manual
4,11412,4screws,0.8978,known,4screws,0.0005,0.0,0,5,manual
4,11413,4screws,0.867,known,4screws,0.0005,0.0,0,5,manual
4,11414,4screws,0.6727,known,4screws,0.0004,0.0,0,5,manual
4,11415,4screws,0.818,known,4screws,0.0004,0.0,0,5,manual
4,11416,4screws,0.8556,known,4screws,0.0004,0.0,0,5,manual
4,11417,4screws,0.7388,known,4screws,0.0003,0.0,0,5,manual
4,11418,4screws,0.9825,known,4screws,0.0003,0.0,0,5,manual
4,11419,4screws,1.0013,unknown,,0.0803,0.0,0,5,manual
4,11420,4screws,0.7503,known,4screws,0.0739,0.0,0,5,manual
4,11421,4screws,0.9187,known,4screws,0.0679,0.0,0,5,manual
4,11422,4screws,0.8525,known,4screws,0.0625,0.0,0,5,manual
4,11423,4screws,0.6619,known,4screws,0.0575,0.0,0,5,manual
4,11424,4screws,0.6773,known,4screws,0.0529,0.0,0,5,manual
4,11425,4screws,0.957,known,4screws,0.0487,0.0,0,5,manual
4,11426,4screws,0.7239,known,4screws,0.0448,0.0,0,5,manual
4,11427,4screws,0.7111,known,4screws,0.0412,0.0,0,5,manual
4,11428,4screws,0.5882,known,4screws,0.0379,0.0,0,5,manual
4,11429,4screws,0.7623,known,4screws,0.0349,0.0,0,5,manual
4,11430,4screws,0.6561,known,4screws,0.0321,0.0,0,5,manual
4,11431,4screws,0.8536,known,4screws,0.0295,0.0,0,5,manual
4,11432,4screws,0.9962,known,4screws,0.0272,0.0,0,5,manual
4,11433,4screws,0.7779,known,4screws,0.025,0.0,0,5,manual
4,11434,4screws,0.6959,known,4screws,0.023,0.0,0,5,manual
4,11435,4screws,0.7025,known,4screws,0.0211,0.0,0,5,manual
4,11436,4screws,1.012,unknown,,0.0995,0.01,0,5,manual
4,11437,4screws,0.963,known,4screws,0.0915,0.0,0,5,manual
4,11438,4screws,0.7499,known,4screws,0.0842,0.0,0,5,manual
4,11439,4screws,0.8978,known,4screws,0.0774,0.0,0,5,manual
4,11440,4screws,0.8438,known,4screws,0.0712,0.0,0,5,manual
4,11441,4screws,0.6561,known,4screws,0.0655,0.0,0,5,manual
4,11442,4screws,0.7039,known,4screws,0.0603,0.0,0,5,manual
4,11443,4screws,0.867,known,4screws,0.0555,0.0,0,5,manual
4,11444,4screws,0.8556,known,4screws,0.051,0.0,0,5,manual
4,11445,4screws,0.8536,known,4screws,0.047,0.0,0,5,manual
4,11446,4screws,0.7633,known,4screws,0.0432,0.0,0,5,manual
4,11447,4screws,0.8553,known,4screws,0.0397,0.0,0,5,manual
4,11448,4screws,0.566,known,4screws,0.0366,0.0,0,5,manual
4,11449,4screws,1.012,unknown,,0.1136,0.01,0,5,manual
4,11450,4screws,0.8148,known,4screws,0.1045,0.0,0,5,manual
4,11451,4screws,0.7376,known,4screws,0.0962,0.0,0,5,manual
4,11452,4screws,0.7239,known,4screws,0.0885,0.0,0,5,manual
4,11453,4screws,0.8298,known,4screws,0.0814,0.0,0,5,manual
4,11454,4screws,0.7025,known,4screws,0.0749,0.0,0,5,manual
4,11455,4screws,0.957,known,4screws,0.0689,0.0,0,5,manual
4,11456,4screws,0.7503,known,4screws,0.0634,0.0,0,5,manual
4,11457,4screws,0.8525,known,4screws,0.0583,0.0,0,5,manual
4,11458,4screws,0.7623,known,4screws,0.0537,0.0,0,5,manual
4,11459,4screws,0.8109,known,4screws,0.0494,0.0,0,5,manual
4,11460,4screws,0.7388,known,4screws,0.0454,0.0,0,5,manual
4,11461,4screws,0.7778,known,4screws,0.0418,0.0,0,5,manual
4,11462,4screws,0.9497,known,4screws,0.0384,0.0,0,5,manual
4,11463,4screws,0.8432,known,4screws,0.0354,0.0,0,5,manual
4,11464,4screws,0.6477,known,4screws,0.0325,0.0,0,5,manual
4,11465,4screws,0.8706,known,4screws,0.0299,0.0,0,5,manual
4,11466,4screws,0.9151,known,4screws,0.0275,0.0,0,5,manual
4,11467,4screws,0.8127,known,4screws,0.0253,0.0,0,5,manual
4,11468,4screws,0.6959,known,4screws,0.0233,0.0,0,5,manual
4,11469,4screws,0.6619,known,4screws,0.0214,0.0,0,5,manual
4,11470,4screws,0.5882,known,4screws,0.0197,0.0,0,5,manual
4,11471,4screws,0.818,known,4screws,0.0181,0.0,0,5,manual
4,11472,4screws,0.6998,known,4screws,0.0167,0.0,0,5,manual
4,11473,4screws,0.74,known,4screws,0.0154,0.0,0,5,manual
4,11474,4screws,0.9276,known,4screws,0.0141,0.0,0,5,manual
4,11475,4screws,0.7065,known,4screws,0.013,0.0,0,5,manual
4,11476,4screws,0.7111,known,4screws,0.012,0.0,0,5,manual
4,11477,4screws,0.9425,known,4screws,0.011,0.0,0,5,manual
4,11478,4screws,0.7807,known,4screws,0.0101,0.0,0,5,manual
4,11479,4screws,0.925,known,4screws,0.0093,0.0,0,5,manual
4,11480,4screws,0.8158,known,4screws,0.0086,0.0,0,5,manual
4,11481,4screws,0.6727,known,4screws,0.0079,0.0,0,5,manual
4,11482,4screws,0.8084,known,4screws,0.0073,0.0,0,5,manual
4,11483,4screws,0.9962,known,4screws,0.0067,0.0,0,5,manual
4,11484,4screws,0.7495,known,4screws,0.0061,0.0,0,5,manual
4,11485,4screws,0.8472,known,4screws,0.0056,0.0,0,5,manual
4,11486,4screws,1.0013,unknown,,0.0852,0.0,0,5,manual
4,11487,4screws,0.7779,known,4screws,0.0784,0.0,0,5,manual
4,11488,4screws,0.9187,known,4screws,0.0721,0.0,0,5,manual
4,11489,4screws,0.6773,known,4screws,0.0663,0.0,0,5,manual
4,11490,4screws,0.7504,known,4screws,0.061,0.0,0,5,manual
4,11491,4screws,0.9825,known,4screws,0.0562,0.0,0,5,manual
4,11492,4screws,0.8558,known,4screws,0.0517,0.0,0,5,manual
4,11493,4screws,0.9,known,4screws,0.0475,0.0,0,5,manual
4,11494,4screws,0.8071,known,4screws,0.0437,0.0,0,5,manual
4,11495,4screws,0.9425,known,4screws,0.0402,0.0,0,5,manual
4,11496,4screws,0.818,known,4screws,0.037,0.0,0,5,manual
4,11497,4screws,0.9,known,4screws,0.034,0.0,0,5,manual
4,11498,4screws,0.7111,known,4screws,0.0313,0.0,0,5,manual
4,11499,4screws,0.8148,known,4screws,0.0288,0.0,0,5,manual
4,11500,4screws,0.963,known,4screws,0.0265,0.0,0,5,manual
4,11501,4screws,0.7065,known,4screws,0.0244,0.0,0,5,manual
4,11502,4screws,0.74,known,4screws,0.0224,0.0,0,5,manual
4,11503,4screws,0.8978,known,4screws,0.0206,0.0,0,5,manual
4,11504,4screws,0.7499,known,4screws,0.019,0.0,0,5,manual
4,11505,4screws,0.566,known,4screws,0.0175,0.0,0,5,manual
4,11506,4screws,0.6959,known,4screws,0.0161,0.0,0,5,manual
4,11507,4screws,0.7503,known,4screws,0.0148,0.0,0,5,manual
4,11508,4screws,0.8127,known,4screws,0.0136,0.0,0,5,manual
4,11509,4screws,0.7388,known,4screws,0.0125,0.0,0,5,manual
4,11510,4screws,0.8472,known,4screws,0.0115,0.0,0,5,manual
4,11511,4screws,0.8158,known,4screws,0.0106,0.0,0,5,manual
4,11512,4screws,0.9825,known,4screws,0.0097,0.0,0,5,manual
4,11513,4screws,0.8525,known,4screws,0.009,0.0,0,5,manual
4,11514,4screws,0.8109,known,4screws,0.0083,0.0,0,5,manual
4,11515,4screws,0.8438,known,4screws,0.0076,0.0,0,5,manual
4,11516,4screws,0.8536,known,4screws,0.007,0.0,0,5,manual
4,11517,4screws,0.7039,known,4screws,0.0064,0.0,0,5,manual
4,11518,4screws,0.9151,known,4screws,0.0059,0.0,0,5,manual
4,11519,4screws,0.6561,known,4screws,0.0054,0.0,0,5,manual
4,11520,4screws,0.7623,known,4screws,0.005,0.0,0,5,manual
4,11521,4screws,0.957,known,4screws,0.0046,0.0,0,5,manual
4,11522,4screws,0.6727,known,4screws,0.0042,0.0,0,5,manual
4,11523,4screws,0.8558,known,4screws,0.0039,0.0,0,5,manual
4,11524,4screws,1.012,unknown,,0.0836,0.01,0,5,manual
4,11525,4screws,0.8071,known,4screws,0.0769,0.0,0,5,manual
4,11526,4screws,0.6619,known,4screws,0.0707,0.0,0,5,manual
4,11527,4screws,0.6477,known,4screws,0.0651,0.0,0,5,manual
4,11528,4screws,0.5882,known,4screws,0.0599,0.0,0,5,manual
4,11529,4screws,0.6773,known,4screws,0.0551,0.0,0,5,manual
4,11530,4screws,0.9276,known,4screws,0.0507,0.0,0,5,manual
4,11531,4screws,0.8298,known,4screws,0.0466,0.0,0,5,manual
4,11532,4screws,0.8553,known,4screws,0.0429,0.0,0,5,manual
4,11533,4screws,0.9962,known,4screws,0.0395,0.0,0,5,manual
4,11534,4screws,0.9187,known,4screws,0.0363,0.0,0,5,manual
4,11535,4screws,0.7025,known,4screws,0.0334,0.0,0,5,manual
4,11536,4screws,0.8706,known,4screws,0.0307,0.0,0,5,manual
4,11537,4screws,0.7633,known,4screws,0.0283,0.0,0,5,manual
4,11538,4screws,0.867,known,4screws,0.026,0.0,0,5,manual
4,11539,4screws,0.7376,known,4screws,0.0239,0.0,0,5,manual
4,11540,4screws,0.8084,known,4screws,0.022,0.0,0,5,manual
4,11541,4screws,0.7807,known,4screws,0.0203,0.0,0,5,manual
4,11542,4screws,0.7779,known,4screws,0.0186,0.0,0,5,manual
4,11543,4screws,0.7778,known,4screws,0.0171,0.0,0,5,manual
4,11544,4screws,0.7504,known,4screws,0.0158,0.0,0,5,manual
4,11545,4screws,0.8556,known,4screws,0.0145,0.0,0,5,manual
4,11546,4screws,0.7495,known,4screws,0.0133,0.0,0,5,manual
4,11547,4screws,0.8432,known,4screws,0.0123,0.0,0,5,manual
4,11548,4screws,0.925,known,4screws,0.0113,0.0,0,5,manual
4,11549,4screws,0.7239,known,4screws,0.0104,0.0,0,5,manual
4,11550,4screws,0.9497,known,4screws,0.0096,0.0,0,5,manual
4,11551,4screws,1.0013,unknown,,0.0888,0.0,0,5,manual
4,11552,4screws,0.6998,known,4screws,0.0817,0.0,0,5,manual
4,11553,4screws,0.566,known,4screws,0.0752,0.0,0,5,manual
4,11554,4screws,0.6561,known,4screws,0.0691,0.0,0,5,manual
4,11555,4screws,0.963,known,4screws,0.0636,0.0,0,5,manual
4,11556,4screws,0.8432,known,4screws,0.0585,0.0,0,5,manual
4,11557,4screws,0.867,known,4screws,0.0538,0.0,0,5,manual
4,11558,4screws,0.9187,known,4screws,0.0495,0.0,0,5,manual
4,11559,4screws,0.6727,known,4screws,0.0456,0.0,0,5,manual
4,11560,4screws,0.6477,known,4screws,0.0419,0.0,0,5,manual
4,11561,4screws,0.7778,known,4screws,0.0386,0.0,0,5,manual
4,11562,4screws,0.8298,known,4screws,0.0355,0.0,0,5,manual
4,11563,4screws,0.9151,known,4screws,0.0326,0.0,0,5,manual
4,11564,4screws,0.8472,known,4screws,0.03,0.0,0,5,manual
4,11565,4screws,0.7239,known,4screws,0.0276,0.0,0,5,manual
4,11566,4screws,0.7039,known,4screws,0.0254,0.0,0,5,manual
4,11567,4screws,0.7779,known,4screws,0.0234,0.0,0,5,manual
4,11568,4screws,0.9825,known,4screws,0.0215,0.0,0,5,manual
4,11569,4screws,0.818,known,4screws,0.0198,0.0,0,5,manual
4,11570,4screws,0.8978,known,4screws,0.0182,0.0,0,5,manual
4,11571,4screws,0.7388,known,4screws,0.0168,0.0,0,5,manual
4,11572,4screws,0.957,known,4screws,0.0154,0.0,0,5,manual
4,11573,4screws,0.74,known,4screws,0.0142,0.0,0,5,manual
4,11574,4screws,0.9425,known,4screws,0.013,0.0,0,5,manual
4,11575,4screws,0.6773,known,4screws,0.012,0.0,0,5,manual
4,11576,4screws,0.5882,known,4screws,0.011,0.0,0,5,manual
4,11577,4screws,1.012,unknown,,0.0902,0.01,0,5,manual
4,11578,4screws,0.6959,known,4screws,0.0829,0.0,0,5,manual
4,11579,4screws,0.8127,known,4screws,0.0763,0.0,0,5,manual
4,11580,4screws,0.7503,known,4screws,0.0702,0.0,0,5,manual
4,11581,4screws,0.8553,known,4screws,0.0646,0.0,0,5,manual
4,11582,4screws,0.8109,known,4screws,0.0594,0.0,0,5,manual
4,11583,4screws,1.0013,unknown,,0.1347,0.0,0,5,manual
4,11584,4screws,0.8556,known,4screws,0.1239,0.0,0,5,manual
4,11585,4screws,0.9,known,4screws,0.114,0.0,0,5,manual
4,11586,4screws,0.8084,known,4screws,0.1049,0.0,0,5,manual
4,11587,4screws,0.7633,known,4screws,0.0965,0.0,0,5,manual
4,11588,4screws,0.8438,known,4screws,0.0888,0.0,0,5,manual
4,11589,4screws,0.8558,known,4screws,0.0817,0.0,0,5,manual
4,11590,4screws,0.7376,known,4screws,0.0751,0.0,0,5,manual
4,11591,4screws,0.9276,known,4screws,0.0691,0.0,0,5,manual
4,11592,4screws,0.7623,known,4screws,0.0636,0.0,0,5,manual
4,11593,4screws,0.7495,known,4screws,0.0585,0.0,0,5,manual
4,11594,4screws,0.6619,known,4screws,0.0538,0.0,0,5,manual
4,11595,4screws,0.8148,known,4screws,0.0495,0.0,0,5,manual
4,11596,4screws,0.7504,known,4screws,0.0456,0.0,0,5,manual
4,11597,4screws,0.7807,known,4screws,0.0419,0.0,0,5,manual
4,11598,4screws,0.8071,known,4screws,0.0386,0.0,0,5,manual
4,11599,4screws,0.925,known,4screws,0.0355,0.0,0,5,manual
4,11600,4screws,0.6998,known,4screws,0.0326,0.0,0,5,manual
4,11601,4screws,0.8158,known,4screws,0.03,0.0,0,5,manual
4,11602,4screws,0.7111,known,4screws,0.0276,0.0,0,5,manual
4,11603,4screws,0.9962,known,4screws,0.0254,0.0,0,5,manual
4,11604,4screws,0.7499,known,4screws,0.0234,0.0,0,5,manual
4,11605,4screws,0.7065,known,4screws,0.0215,0.0,0,5,manual
4,11606,4screws,0.8536,known,4screws,0.0198,0.0,0,5,manual
4,11607,4screws,0.8706,known,4screws,0.0182,0.0,0,5,manual
4,11608,4screws,0.9497,known,4screws,0.0167,0.0,0,5,manual
4,11609,4screws,0.7025,known,4screws,0.0154,0.0,0,5,manual
4,11610,4screws,0.8525,known,4screws,0.0142,0.0,0,5,manual
4,11611,4screws,0.7633,known,4screws,0.013,0.0,0,5,manual
4,11612,4screws,0.5882,known,4screws,0.012,0.0,0,5,manual
4,11613,4screws,0.7111,known,4screws,0.011,0.0,0,5,manual
4,11614,4screws,0.9,known,4screws,0.0102,0.0,0,5,manual
4,11615,4screws,0.8978,known,4screws,0.0093,0.0,0,5,manual
4,11616,4screws,0.7025,known,4screws,0.0086,0.0,0,5,manual
4,11617,4screws,0.957,known,4screws,0.0079,0.0,0,5,manual
4,11618,4screws,0.8127,known,4screws,0.0073,0.0,0,5,manual
4,11619,4screws,0.8432,known,4screws,0.0067,0.0,0,5,manual
4,11620,4screws,0.8084,known,4screws,0.0062,0.0,0,5,manual
4,11621,4screws,0.8558,known,4screws,0.0057,0.0,0,5,manual
4,11622,4screws,0.6477,known,4screws,0.0052,0.0,0,5,manual
4,11623,4screws,0.8556,known,4screws,0.0048,0.0,0,5,manual
4,11624,4screws,0.8553,known,4screws,0.0044,0.0,0,5,manual
4,11625,4screws,0.6998,known,4screws,0.0041,0.0,0,5,manual
4,11626,4screws,0.7388,known,4screws,0.0037,0.0,0,5,manual
4,11627,4screws,0.7239,known,4screws,0.0034,0.0,0,5,manual
4,11628,4screws,0.9187,known,4screws,0.0032,0.0,0,5,manual
4,11629,4screws,0.7376,known,4screws,0.0029,0.0,0,5,manual
4,11630,4screws,0.6561,known,4screws,0.0027,0.0,0,5,manual
4,11631,4screws,0.6619,known,4screws,0.0025,0.0,0,5,manual
4,11632,4screws,0.6773,known,4screws,0.0023,0.0,0,5,manual
4,11633,4screws,0.8706,known,4screws,0.0021,0.0,0,5,manual
4,11634,4screws,0.8148,known,4screws,0.0019,0.0,0,5,manual
4,11635,4screws,0.7495,known,4screws,0.0018,0.0,0,5,manual
4,11636,4screws,0.9276,known,4screws,0.0016,0.0,0,5,manual
4,11637,4screws,0.9151,known,4screws,0.0015,0.0,0,5,manual
4,11638,4screws,0.8525,known,4screws,0.0014,0.0,0,5,manual
4,11639,4screws,1.0013,unknown,,0.0813,0.0,0,5,manual
4,11640,4screws,0.6959,known,4screws,0.0748,0.0,0,5,manual
4,11641,4screws,0.9425,known,4screws,0.0688,0.0,0,5,manual
4,11642,4screws,0.925,known,4screws,0.0633,0.0,0,5,manual
4,11643,4screws,0.566,known,4screws,0.0582,0.0,0,5,manual
4,11644,4screws,0.8109,known,4screws,0.0536,0.0,0,5,manual
4,11645,4screws,0.8158,known,4screws,0.0493,0.0,0,5,manual
4,11646,4screws,0.8298,known,4screws,0.0453,0.0,0,5,manual
4,11647,4screws,0.9962,known,4screws,0.0417,0.0,0,5,manual
4,11648,4screws,0.963,known,4screws,0.0384,0.0,0,5,manual
4,11649,4screws,0.9825,known,4screws,0.0353,0.0,0,5,manual
4,11650,4screws,0.7779,known,4screws,0.0325,0.0,0,5,manual
4,11651,4screws,0.8536,known,4screws,0.0299,0.0,0,5,manual
4,11652,4screws,0.9497,known,4screws,0.0275,0.0,0,5,manual
4,11653,4screws,0.7504,known,4screws,0.0253,0.0,0,5,manual
4,11654,4screws,0.7807,known,4screws,0.0233,0.0,0,5,manual
4,11655,4screws,1.012,unknown,,0.1014,0.01,0,5,manual
4,11656,4screws,0.867,known,4screws,0.0933,0.0,0,5,manual
4,11657,4screws,0.818,known,4screws,0.0858,0.0,0,5,manual
4,11658,4screws,0.7623,known,4screws,0.079,0.0,0,5,manual
4,11659,4screws,0.6727,known,4screws,0.0726,0.0,0,5,manual
4,11660,4screws,0.7503,known,4screws,0.0668,0.0,0,5,manual
4,11661,4screws,0.7778,known,4screws,0.0615,0.0,0,5,manual
4,11662,4screws,0.8438,known,4screws,0.0566,0.0,0,5,manual
4,11663,4screws,0.8071,known,4screws,0.052,0.0,0,5,manual
4,11664,4screws,0.7065,known,4screws,0.0479,0.0,0,5,manual
4,11665,4screws,0.7499,known,4screws,0.044,0.0,0,5,manual
4,11666,4screws,0.74,known,4screws,0.0405,0.0,0,5,manual
4,11667,4screws,0.8472,known,4screws,0.0373,0.0,0,5,manual
4,11668,4screws,0.7039,known,4screws,0.0343,0.0,0,5,manual
4,11669,4screws,0.8556,known,4screws,0.0316,0.0,0,5,manual
4,11670,4screws,0.7503,known,4screws,0.029,0.0,0,5,manual
4,11671,4screws,0.9276,known,4screws,0.0267,0.0,0,5,manual
4,11672,4screws,0.8558,known,4screws,0.0246,0.0,0,5,manual
4,11673,4screws,0.8525,known,4screws,0.0226,0.0,0,5,manual
4,11674,4screws,0.8432,known,4screws,0.0208,0.0,0,5,manual
4,11675,4screws,0.7025,known,4screws,0.0191,0.0,0,5,manual
4,11676,4screws,0.957,known,4screws,0.0176,0.0,0,5,manual
4,11677,4screws,0.5882,known,4screws,0.0162,0.0,0,5,manual
4,11678,4screws,0.7495,known,4screws,0.0149,0.0,0,5,manual
4,11679,4screws,0.6959,known,4screws,0.0137,0.0,0,5,manual
4,11680,4screws,0.8127,known,4screws,0.0126,0.0,0,5,manual
4,11681,4screws,0.8148,known,4screws,0.0116,0.0,0,5,manual
4,11682,4screws,0.8109,known,4screws,0.0107,0.0,0,5,manual
4,11683,4screws,0.7778,known,4screws,0.0098,0.0,0,5,manual
4,11684,4screws,0.7376,known,4screws,0.009,0.0,0,5,manual
4,11685,4screws,0.8071,known,4screws,0.0083,0.0,0,5,manual
4,11686,4screws,0.9497,known,4screws,0.0076,0.0,0,5,manual
4,11687,4screws,0.8553,known,4screws,0.007,0.0,0,5,manual
4,11688,4screws,0.8706,known,4screws,0.0065,0.0,0,5,manual
4,11689,4screws,0.8536,known,4screws,0.006,0.0,0,5,manual
4,11690,4screws,0.8298,known,4screws,0.0055,0.0,0,5,manual
4,11691,4screws,0.8084,known,4screws,0.005,0.0,0,5,manual
4,11692,4screws,0.818,known,4screws,0.0046,0.0,0,5,manual
4,11693,4screws,0.7239,known,4screws,0.0043,0.0,0,5,manual
4,11694,4screws,0.74,known,4screws,0.0039,0.0,0,5,manual
4,11695,4screws,0.7504,known,4screws,0.0036,0.0,0,5,manual
4,11696,4screws,0.7779,known,4screws,0.0033,0.0,0,5,manual
4,11697,4screws,0.8978,known,4screws,0.0031,0.0,0,5,manual
4,11698,4screws,0.6619,known,4screws,0.0028,0.0,0,5,manual
4,11699,4screws,0.6998,known,4screws,0.0026,0.0,0,5,manual
4,11700,4screws,0.8158,known,4screws,0.0024,0.0,0,5,manual
4,11701,4screws,1.012,unknown,,0.0822,0.01,0,5,manual
4,11702,4screws,0.7807,known,4screws,0.0756,0.0,0,5,manual
4,11703,4screws,0.7623,known,4screws,0.0696,0.0,0,5,manual
4,11704,4screws,0.6477,known,4screws,0.064,0.0,0,5,manual
4,11705,4screws,0.6773,known,4screws,0.0589,0.0,0,5,manual
4,11706,4screws,0.7065,known,4screws,0.0542,0.0,0,5,manual
4,11707,4screws,1.0013,unknown,,0.1298,0.0,0,5,manual
4,11708,4screws,0.963,known,4screws,0.1194,0.0,0,5,manual
4,11709,4screws,0.7499,known,4screws,0.1099,0.0,0,5,manual
4,11710,4screws,0.925,known,4screws,0.1011,0.0,0,5,manual
4,11711,4screws,0.8472,known,4screws,0.093,0.0,0,5,manual
4,11712,4screws,0.7111,known,4screws,0.0856,0.0,0,5,manual
4,11713,4screws,0.8438,known,4screws,0.0787,0.0,0,5,manual
4,11714,4screws,0.7039,known,4screws,0.0724,0.0,0,5,manual
4,11715,4screws,0.9962,known,4screws,0.0666,0.0,0,5,manual
4,11716,4screws,0.7388,known,4screws,0.0613,0.0,0,5,manual
4,11717,4screws,0.9825,known,4screws,0.0564,0.0,0,5,manual
4,11718,4screws,0.566,known,4screws,0.0519,0.0,0,5,manual
4,11719,4screws,0.9151,known,4screws,0.0477,0.0,0,5,manual
4,11720,4screws,0.9425,known,4screws,0.0439,0.0,0,5,manual
4,11721,4screws,0.867,known,4screws,0.0404,0.0,0,5,manual
4,11722,4screws,0.7633,known,4screws,0.0372,0.0,0,5,manual
4,11723,4screws,0.6561,known,4screws,0.0342,0.0,0,5,manual
4,11724,4screws,0.9,known,4screws,0.0315,0.0,0,5,manual
4,11725,4screws,0.6727,known,4screws,0.0289,0.0,0,5,manual
4,11726,4screws,0.9187,known,4screws,0.0266,0.0,0,5,manual
4,11727,4screws,0.7065,known,4screws,0.0245,0.0,0,5,manual
4,11728,4screws,0.9276,known,4screws,0.0225,0.0,0,5,manual
4,11729,4screws,0.6773,known,4screws,0.0207,0.0,0,5,manual
4,11730,4screws,0.7239,known,4screws,0.0191,0.0,0,5,manual
4,11731,4screws,0.7504,known,4screws,0.0176,0.0,0,5,manual
4,11732,4screws,1.012,unknown,,0.0961,0.01,0,5,manual
4,11733,4screws,0.8525,known,4screws,0.0885,0.0,0,5,manual
4,11734,4screws,0.7039,known,4screws,0.0814,0.0,0,5,manual
4,11735,4screws,0.957,known,4screws,0.0749,0.0,0,5,manual
4,11736,4screws,0.8536,known,4screws,0.0689,0.0,0,5,manual
4,11737,4screws,0.8978,known,4screws,0.0634,0.0,0,5,manual
4,11738,4screws,0.6727,known,4screws,0.0583,0.0,0,5,manual
4,11739,4screws,0.6561,known,4screws,0.0536,0.0,0,5,manual
4,11740,4screws,0.8558,known,4screws,0.0493,0.0,0,5,manual
4,11741,4screws,0.7388,known,4screws,0.0454,0.0,0,5,manual
4,11742,4screws,0.8158,known,4screws,0.0418,0.0,0,5,manual
4,11743,4screws,0.6959,known,4screws,0.0384,0.0,0,5,manual
4,11744,4screws,0.8472,known,4screws,0.0353,0.0,0,5,manual
4,11745,4screws,0.7778,known,4screws,0.0325,0.0,0,5,manual
4,11746,4screws,0.8109,known,4screws,0.0299,0.0,0,5,manual
4,11747,4screws,0.566,known,4screws,0.0275,0.0,0,5,manual
4,11748,4screws,0.8071,known,4screws,0.0253,0.0,0,5,manual
4,11749,4screws,0.9425,known,4screws,0.0233,0.0,0,5,manual
4,11750,4screws,0.74,known,4screws,0.0214,0.0,0,5,manual
4,11751,4screws,0.7503,known,4screws,0.0197,0.0,0,5,manual
4,11752,4screws,0.9962,known,4screws,0.0181,0.0,0,5,manual
4,11753,4screws,0.8706,known,4screws,0.0167,0.0,0,5,manual
4,11754,4screws,0.7499,known,4screws,0.0154,0.0,0,5,manual
4,11755,4screws,0.8084,known,4screws,0.0141,0.0,0,5,manual
4,11756,4screws,0.6998,known,4screws,0.013,0.0,0,5,manual
4,11757,4screws,0.7779,known,4screws,0.012,0.0,0,5,manual
4,11758,4screws,1.0013,unknown,,0.091,0.0,0,5,manual
4,11759,4screws,0.8432,known,4screws,0.0837,0.0,0,5,manual
4,11760,4screws,0.7111,known,4screws,0.077,0.0,0,5,manual
4,11761,4screws,0.7025,known,4screws,0.0709,0.0,0,5,manual
4,11762,4screws,0.7495,known,4screws,0.0652,0.0,0,5,manual
4,11763,4screws,0.5882,known,4screws,0.06,0.0,0,5,manual
4,11764,4screws,0.9,known,4screws,0.0552,0.0,0,5,manual
4,11765,4screws,0.8556,known,4screws,0.0508,0.0,0,5,manual
4,11766,4screws,0.925,known,4screws,0.0467,0.0,0,5,manual
4,11767,4screws,0.8553,known,4screws,0.043,0.0,0,5,manual
4,11768,4screws,0.7633,known,4screws,0.0395,0.0,0,5,manual
4,11769,4screws,0.9825,known,4screws,0.0364,0.0,0,5,manual
4,11770,4screws,0.818,known,4screws,0.0335,0.0,0,5,manual
4,11771,4screws,0.867,known,4screws,0.0308,0.0,0,5,manual
4,11772,4screws,0.963,known,4screws,0.0283,0.0,0,5,manual
4,11773,4screws,0.8298,known,4screws,0.0261,0.0,0,5,manual
4,11774,4screws,0.9187,known,4screws,0.024,0.0,0,5,manual
4,11775,4screws,0.7376,known,4screws,0.0221,0.0,0,5,manual
4,11776,4screws,0.6477,known,4screws,0.0203,0.0,0,5,manual
4,11777,4screws,0.9497,known,4screws,0.0187,0.0,0,5,manual
4,11778,4screws,0.6619,known,4screws,0.0172,0.0,0,5,manual
4,11779,4screws,0.8127,known,4screws,0.0158,0.0,0,5,manual
4,11780,4screws,0.9151,known,4screws,0.0145,0.0,0,5,manual
4,11781,4screws,0.8148,known,4screws,0.0134,0.0,0,5,manual
4,11782,4screws,0.7807,known,4screws,0.0123,0.0,0,5,manual
4,11783,4screws,0.8438,known,4screws,0.0113,0.0,0,5,manual
4,11784,4screws,0.7623,known,4screws,0.0104,0.0,0,5,manual
4,11785,4screws,0.7499,known,4screws,0.0096,0.0,0,5,manual
4,11786,4screws,0.9187,known,4screws,0.0088,0.0,0,5,manual
4,11787,4screws,1.0013,unknown,,0.0881,0.0,0,5,manual
4,11788,4screws,0.7633,known,4screws,0.0811,0.0,0,5,manual
4,11789,4screws,0.8071,known,4screws,0.0746,0.0,0,5,manual
4,11790,4screws,0.818,known,4screws,0.0686,0.0,0,5,manual
4,11791,4screws,0.8558,known,4screws,0.0631,0.0,0,5,manual
4,11792,4screws,0.7807,known,4screws,0.0581,0.0,0,5,manual
4,11793,4screws,0.7623,known,4screws,0.0534,0.0,0,5,manual
4,11794,4screws,0.7039,known,4screws,0.0492,0.0,0,5,manual
4,11795,4screws,0.9,known,4screws,0.0452,0.0,0,5,manual
4,11796,4screws,0.7025,known,4screws,0.0416,0.0,0,5,manual
4,11797,4screws,0.5882,known,4screws,0.0383,0.0,0,5,manual
4,11798,4screws,0.7376,known,4screws,0.0352,0.0,0,5,manual
4,11799,4screws,0.8553,known,4screws,0.0324,0.0,0,5,manual
4,11800,4screws,0.6727,known,4screws,0.0298,0.0,0,5,manual
4,11801,4screws,0.8432,known,4screws,0.0274,0.0,0,5,manual
4,11802,4screws,0.8127,known,4screws,0.0252,0.0,0,5,manual
4,11803,4screws,0.9276,known,4screws,0.0232,0.0,0,5,manual
4,11804,4screws,0.6959,known,4screws,0.0214,0.0,0,5,manual
4,11805,4screws,0.6477,known,4screws,0.0196,0.0,0,5,manual
4,11806,4screws,0.8298,known,4screws,0.0181,0.0,0,5,manual
4,11807,4screws,0.7239,known,4screws,0.0166,0.0,0,5,manual
4,11808,4screws,0.8158,known,4screws,0.0153,0.0,0,5,manual
4,11809,4screws,0.9151,known,4screws,0.0141,0.0,0,5,manual
4,11810,4screws,0.74,known,4screws,0.0129,0.0,0,5,manual
4,11811,4screws,0.963,known,4screws,0.0119,0.0,0,5,manual
4,11812,4screws,0.925,known,4screws,0.011,0.0,0,5,manual
4,11813,4screws,0.7778,known,4screws,0.0101,0.0,0,5,manual
4,11814,4screws,0.8084,known,4screws,0.0093,0.0,0,5,manual
4,11815,4screws,0.9962,known,4screws,0.0085,0.0,0,5,manual
4,11816,4screws,0.566,known,4screws,0.0078,0.0,0,5,manual
4,11817,4screws,0.6619,known,4screws,0.0072,0.0,0,5,manual
4,11818,4screws,0.8525,known,4screws,0.0066,0.0,0,5,manual
4,11819,4screws,0.6773,known,4screws,0.0061,0.0,0,5,manual
4,11820,4screws,0.8978,known,4screws,0.0056,0.0,0,5,manual
4,11821,4screws,0.7065,known,4screws,0.0052,0.0,0,5,manual
4,11822,4screws,0.7503,known,4screws,0.0048,0.0,0,5,manual
4,11823,4screws,0.7388,known,4screws,0.0044,0.0,0,5,manual
4,11824,4screws,0.9497,known,4screws,0.004,0.0,0,5,manual
4,11825,4screws,0.7111,known,4screws,0.0037,0.0,0,5,manual
4,11826,4screws,0.8148,known,4screws,0.0034,0.0,0,5,manual
4,11827,4screws,0.9425,known,4screws,0.0031,0.0,0,5,manual
4,11828,4screws,0.8438,known,4screws,0.0029,0.0,0,5,manual
4,11829,4screws,0.9825,known,4screws,0.0027,0.0,0,5,manual
4,11830,4screws,0.6998,known,4screws,0.0024,0.0,0,5,manual
4,11831,4screws,0.957,known,4screws,0.0022,0.0,0,5,manual
4,11832,4screws,0.7779,known,4screws,0.0021,0.0,0,5,manual
4,11833,4screws,1.012,unknown,,0.0819,0.01,0,5,manual
4,11834,4screws,0.8536,known,4screws,0.0754,0.0,0,5,manual
4,11835,4screws,0.7495,known,4screws,0.0693,0.0,0,5,manual
4,11836,4screws,0.8109,known,4screws,0.0638,0.0,0,5,manual
4,11837,4screws,0.8706,known,4screws,0.0587,0.0,0,5,manual
4,11838,4screws,0.8472,known,4screws,0.054,0.0,0,5,manual
4,11839,4screws,0.867,known,4screws,0.0497,0.0,0,5,manual
4,11840,4screws,0.8556,known,4screws,0.0457,0.0,0,5,manual
4,11841,4screws,0.6561,known,4screws,0.042,0.0,0,5,manual
4,11842,4screws,0.7504,known,4screws,0.0387,0.0,0,5,manual
4,11843,4screws,0.6619,known,4screws,0.0356,0.0,0,5,manual
4,11844,4screws,0.6773,known,4screws,0.0327,0.0,0,5,manual
4,11845,4screws,0.8127,known,4screws,0.0301,0.0,0,5,manual
4,11846,4screws,0.8432,known,4screws,0.0277,0.0,0,5,manual
4,11847,4screws,0.7111,known,4screws,0.0255,0.0,0,5,manual
4,11848,4screws,0.867,known,4screws,0.0234,0.0,0,5,manual
4,11849,4screws,0.9151,known,4screws,0.0216,0.0,0,5,manual
4,11850,4screws,0.7807,known,4screws,0.0198,0.0,0,5,manual
4,11851,4screws,0.8158,known,4screws,0.0183,0.0,0,5,manual
4,11852,4screws,0.6477,known,4screws,0.0168,0.0,0,5,manual
4,11853,4screws,0.6727,known,4screws,0.0155,0.0,0,5,manual
4,11854,4screws,0.7503,known,4screws,0.0142,0.0,0,5,manual
4,11855,4screws,0.6998,known,4screws,0.0131,0.0,0,5,manual
4,11856,4screws,0.8109,known,4screws,0.012,0.0,0,5,manual
4,11857,4screws,0.7495,known,4screws,0.0111,0.0,0,5,manual
4,11858,4screws,0.7504,known,4screws,0.0102,0.0,0,5,manual
4,11859,4screws,1.0013,unknown,,0.0894,0.0,0,5,manual
4,11860,4screws,0.8525,known,4screws,0.0822,0.0,0,5,manual
4,11861,4screws,0.7039,known,4screws,0.0756,0.0,0,5,manual
4,11862,4screws,0.6561,known,4screws,0.0696,0.0,0,5,manual
4,11863,4screws,0.925,known,4screws,0.064,0.0,0,5,manual
4,11864,4screws,0.7025,known,4screws,0.0589,0.0,0,5,manual
4,11865,4screws,0.8148,known,4screws,0.0542,0.0,0,5,manual
4,11866,4screws,0.7499,known,4screws,0.0499,0.0,0,5,manual
4,11867,4screws,0.9962,known,4screws,0.0459,0.0,0,5,manual
4,11868,4screws,0.7065,known,4screws,0.0422,0.0,0,5,manual
4,11869,4screws,0.818,known,4screws,0.0388,0.0,0,5,manual
4,11870,4screws,0.8706,known,4screws,0.0357,0.0,0,5,manual
4,11871,4screws,0.5882,known,4screws,0.0329,0.0,0,5,manual
4,11872,4screws,0.7623,known,4screws,0.0302,0.0,0,5,manual
4,11873,4screws,0.8438,known,4screws,0.0278,0.0,0,5,manual
4,11874,4screws,0.7388,known,4screws,0.0256,0.0,0,5,manual
4,11875,4screws,0.8978,known,4screws,0.0235,0.0,0,5,manual
4,11876,4screws,0.9,known,4screws,0.0217,0.0,0,5,manual
4,11877,4screws,0.8553,known,4screws,0.0199,0.0,0,5,manual
4,11878,4screws,0.8084,known,4screws,0.0183,0.0,0,5,manual
4,11879,4screws,0.9825,known,4screws,0.0169,0.0,0,5,manual
4,11880,4screws,0.7779,known,4screws,0.0155,0.0,0,5,manual
4,11881,4screws,0.8556,known,4screws,0.0143,0.0,0,5,manual
4,11882,4screws,0.9187,known,4screws,0.0131,0.0,0,5,manual
4,11883,4screws,0.963,known,4screws,0.0121,0.0,0,5,manual
4,11884,4screws,1.012,unknown,,0.0911,0.01,0,5,manual
4,11885,4screws,0.9276,known,4screws,0.0838,0.0,0,5,manual
4,11886,4screws,0.8298,known,4screws,0.0771,0.0,0,5,manual
4,11887,4screws,0.6959,known,4screws,0.0709,0.0,0,5,manual
4,11888,4screws,0.566,known,4screws,0.0653,0.0,0,5,manual
4,11889,4screws,0.9497,known,4screws,0.0601,0.0,0,5,manual
4,11890,4screws,0.8536,known,4screws,0.0552,0.0,0,5,manual
4,11891,4screws,0.9425,known,4screws,0.0508,0.0,0,5,manual
4,11892,4screws,0.8558,known,4screws,0.0468,0.0,0,5,manual
4,11893,4screws,0.7778,known,4screws,0.043,0.0,0,5,manual
4,11894,4screws,0.74,known,4screws,0.0396,0.0,0,5,manual
4,11895,4screws,0.8071,known,4screws,0.0364,0.0,0,5,manual
4,11896,4screws,0.8472,known,4screws,0.0335,0.0,0,5,manual
4,11897,4screws,0.7633,known,4screws,0.0308,0.0,0,5,manual
4,11898,4screws,0.7239,known,4screws,0.0284,0.0,0,5,manual
4,11899,4screws,0.957,known,4screws,0.0261,0.0,0,5,manual
4,11900,4screws,0.7376,known,4screws,0.024,0.0,0,5,manual
4,11901,4screws,0.7039,known,4screws,0.0221,0.0,0,5,manual
4,11902,4screws,0.8071,known,4screws,0.0203,0.0,0,5,manual
4,11903,4screws,0.957,known,4screws,0.0187,0.0,0,5,manual
4,11904,4screws,0.8558,known,4screws,0.0172,0.0,0,5,manual
4,11905,4screws,0.7495,known,4screws,0.0158,0.0,0,5,manual
4,11906,4screws,0.8127,known,4screws,0.0146,0.0,0,5,manual
4,11907,4screws,0.7633,known,4screws,0.0134,0.0,0,5,manual
4,11908,4screws,0.5882,known,4screws,0.0123,0.0,0,5,manual
4,11909,4screws,1.0013,unknown,,0.0913,0.0,0,5,manual
4,11910,4screws,0.6477,known,4screws,0.084,0.0,0,5,manual
4,11911,4screws,0.8438,known,4screws,0.0773,0.0,0,5,manual
4,11912,4screws,0.74,known,4screws,0.0711,0.0,0,5,manual
4,11913,4screws,0.566,known,4screws,0.0654,0.0,0,5,manual
4,11914,4screws,0.8556,known,4screws,0.0602,0.0,0,5,manual
4,11915,4screws,0.6727,known,4screws,0.0554,0.0,0,5,manual
4,11916,4screws,0.9497,known,4screws,0.0509,0.0,0,5,manual
4,11917,4screws,0.8525,known,4screws,0.0469,0.0,0,5,manual
4,11918,4screws,0.7239,known,4screws,0.0431,0.0,0,5,manual
4,11919,4screws,0.8084,known,4screws,0.0397,0.0,0,5,manual
4,11920,4screws,0.818,known,4screws,0.0365,0.0,0,5,manual
4,11921,4screws,0.8432,known,4screws,0.0336,0.0,0,5,manual
4,11922,4screws,0.867,known,4screws,0.0309,0.0,0,5,manual
4,11923,4screws,0.8472,known,4screws,0.0284,0.0,0,5,manual
4,11924,4screws,0.8536,known,4screws,0.0261,0.0,0,5,manual
4,11925,4screws,0.9151,known,4screws,0.0241,0.0,0,5,manual
4,11926,4screws,0.6561,known,4screws,0.0221,0.0,0,5,manual
4,11927,4screws,0.7499,known,4screws,0.0204,0.0,0,5,manual
4,11928,4screws,0.6959,known,4screws,0.0187,0.0,0,5,manual
4,11929,4screws,0.9276,known,4screws,0.0172,0.0,0,5,manual
4,11930,4screws,0.7376,known,4screws,0.0159,0.0,0,5,manual
4,11931,4screws,0.9962,known,4screws,0.0146,0.0,0,5,manual
4,11932,4screws,0.9825,known,4screws,0.0134,0.0,0,5,manual
4,11933,4screws,0.8148,known,4screws,0.0123,0.0,0,5,manual
4,11934,4screws,0.7025,known,4screws,0.0114,0.0,0,5,manual
4,11935,4screws,0.8109,known,4screws,0.0104,0.0,0,5,manual
4,11936,4screws,0.6773,known,4screws,0.0096,0.0,0,5,manual
4,11937,4screws,0.6619,known,4screws,0.0088,0.0,0,5,manual
4,11938,4screws,0.8978,known,4screws,0.0081,0.0,0,5,manual
4,11939,4screws,0.8706,known,4screws,0.0075,0.0,0,5,manual
4,11940,4screws,0.7111,known,4screws,0.0069,0.0,0,5,manual
4,11941,4screws,0.6998,known,4screws,0.0063,0.0,0,5,manual
4,11942,4screws,0.9,known,4screws,0.0058,0.0,0,5,manual
4,11943,4screws,0.7503,known,4screws,0.0054,0.0,0,5,manual
4,11944,4screws,0.7623,known,4screws,0.0049,0.0,0,5,manual
4,11945,4screws,0.9425,known,4screws,0.0045,0.0,0,5,manual
4,11946,4screws,0.7504,known,4screws,0.0042,0.0,0,5,manual
4,11947,4screws,0.7065,known,4screws,0.0038,0.0,0,5,manual
4,11948,4screws,0.7388,known,4screws,0.0035,0.0,0,5,manual
4,11949,4screws,0.8298,known,4screws,0.0033,0.0,0,5,manual
4,11950,4screws,0.7807,known,4screws,0.003,0.0,0,5,manual
4,11951,4screws,0.925,known,4screws,0.0028,0.0,0,5,manual
4,11952,4screws,0.8158,known,4screws,0.0025,0.0,0,5,manual
4,11953,4screws,0.7778,known,4screws,0.0023,0.0,0,5,manual
4,11954,4screws,1.012,unknown,,0.0821,0.01,0,5,manual
4,11955,4screws,0.963,known,4screws,0.0756,0.0,0,5,manual
4,11956,4screws,0.9187,known,4screws,0.0695,0.0,0,5,manual
4,11957,4screws,0.7779,known,4screws,0.064,0.0,0,5,manual
4,11958,4screws,0.8553,known,4screws,0.0588,0.0,0,5,manual
4,11959,4screws,0.8706,known,4screws,0.0541,0.0,0,5,manual
4,11960,4screws,1.0013,unknown,,0.1298,0.0,0,5,manual
4,11961,4screws,1.012,unknown,,0.1994,0.01,0,5,manual
4,11962,4screws,0.9497,known,4screws,0.1835,0.0,0,5,manual
4,11963,4screws,0.957,known,4screws,0.1688,0.0,0,5,manual
4,11964,4screws,0.8472,known,4screws,0.1553,0.0,0,5,manual
4,11965,4screws,0.8298,known,4screws,0.1429,0.0,0,5,manual
4,11966,4screws,0.8438,known,4screws,0.1314,0.0,0,5,manual
4,11967,4screws,0.6619,known,4screws,0.1209,0.0,0,5,manual
4,11968,4screws,0.9,known,4screws,0.1112,0.0,0,5,manual
4,11969,4screws,0.818,known,4screws,0.1023,0.0,0,5,manual
4,11970,4screws,0.7065,known,4screws,0.0942,0.0,0,5,manual
4,11971,4screws,0.8558,known,4screws,0.0866,0.0,0,5,manual
4,11972,4screws,0.7376,known,4screws,0.0797,0.0,0,5,manual
4,11973,4screws,0.7623,known,4screws,0.0733,0.0,0,5,manual
4,11974,4screws,0.8553,known,4screws,0.0675,0.0,0,5,manual
4,11975,4screws,0.7807,known,4screws,0.0621,0.0,0,5,manual
4,11976,4screws,0.9276,known,4screws,0.0571,0.0,0,5,manual
4,11977,4screws,0.7499,known,4screws,0.0525,0.0,0,5,manual
4,11978,4screws,0.7503,known,4screws,0.0483,0.0,0,5,manual
4,11979,4screws,0.7039,known,4screws,0.0445,0.0,0,5,manual
4,11980,4screws,0.925,known,4screws,0.0409,0.0,0,5,manual
4,11981,4screws,0.867,known,4screws,0.0376,0.0,0,5,manual
4,11982,4screws,0.8556,known,4screws,0.0346,0.0,0,5,manual
4,11983,4screws,0.8536,known,4screws,0.0318,0.0,0,5,manual
4,11984,4screws,0.7388,known,4screws,0.0293,0.0,0,5,manual
4,11985,4screws,0.7111,known,4screws,0.027,0.0,0,5,manual
4,11986,4screws,0.8525,known,4screws,0.0248,0.0,0,5,manual
4,11987,4screws,0.8084,known,4screws,0.0228,0.0,0,5,manual
4,11988,4screws,0.7495,known,4screws,0.021,0.0,0,5,manual
4,11989,4screws,0.9151,known,4screws,0.0193,0.0,0,5,manual
4,11990,4screws,0.8158,known,4screws,0.0178,0.0,0,5,manual
4,11991,4screws,0.8148,known,4screws,0.0163,0.0,0,5,manual
4,11992,4screws,0.7779,known,4screws,0.015,0.0,0,5,manual
4,11993,4screws,0.7504,known,4screws,0.0138,0.0,0,5,manual
4,11994,4screws,0.6773,known,4screws,0.0127,0.0,0,5,manual
4,11995,4screws,0.566,known,4screws,0.0117,0.0,0,5,manual
4,11996,4screws,0.6561,known,4screws,0.0108,0.0,0,5,manual
4,11997,4screws,0.8432,known,4screws,0.0099,0.0,0,5,manual
4,11998,4screws,0.7778,known,4screws,0.0091,0.0,0,5,manual
4,11999,4screws,0.8978,known,4screws,0.0084,0.0,0,5,manual
4,12000,4screws,0.8071,known,4screws,0.0077,0.0,0,5,manual
4,12001,4screws,0.9187,known,4screws,0.0071,0.0,0,5,manual
4,12002,4screws,0.8127,known,4screws,0.0065,0.0,0,5,manual
4,12003,4screws,0.6998,known,4screws,0.006,0.0,0,5,manual
4,12004,4screws,0.9425,known,4screws,0.0055,0.0,0,5,manual
4,12005,4screws,0.7633,known,4screws,0.0051,0.0,0,5,manual
4,12006,4screws,0.6959,known,4screws,0.0047,0.0,0,5,manual
4,12007,4screws,0.9962,known,4screws,0.0043,0.0,0,5,manual
4,12008,4screws,0.9825,known,4screws,0.004,0.0,0,5,manual
4,12009,4screws,0.6477,known,4screws,0.0036,0.0,0,5,manual
4,12010,4screws,0.8109,known,4screws,0.0034,0.0,0,5,manual
4,12011,4screws,0.963,known,4screws,0.0031,0.0,0,5,manual
4,12012,4screws,0.6727,known,4screws,0.0028,0.0,0,5,manual
4,12013,4screws,0.7239,known,4screws,0.0026,0.0,0,5,manual
4,12014,4screws,0.74,known,4screws,0.0024,0.0,0,5,manual
4,12015,4screws,0.5882,known,4screws,0.0022,0.0,0,5,manual
4,12016,4screws,0.7025,known,4screws,0.002,0.0,0,5,manual
4,12017,4screws,0.7779,known,4screws,0.0019,0.0,0,5,manual
4,12018,4screws,0.6727,known,4screws,0.0017,0.0,0,5,manual
4,12019,4screws,1.0013,unknown,,0.0816,0.0,0,5,manual
4,12020,4screws,0.7778,known,4screws,0.0751,0.0,0,5,manual
4,12021,4screws,0.9276,known,4screws,0.0691,0.0,0,5,manual
4,12022,4screws,0.6998,known,4screws,0.0635,0.0,0,5,manual
4,12023,4screws,0.7503,known,4screws,0.0584,0.0,0,5,manual
4,12024,4screws,0.7239,known,4screws,0.0538,0.0,0,5,manual
4,12025,4screws,0.9425,known,4screws,0.0495,0.0,0,5,manual
4,12026,4screws,0.8706,known,4screws,0.0455,0.0,0,5,manual
4,12027,4screws,0.7388,known,4screws,0.0419,0.0,0,5,manual
4,12028,4screws,1.012,unknown,,0.1185,0.01,0,5,manual
4,12029,4screws,0.7376,known,4screws,0.109,0.0,0,5,manual
4,12030,4screws,0.8556,known,4screws,0.1003,0.0,0,5,manual
4,12031,4screws,0.957,known,4screws,0.0923,0.0,0,5,manual
4,12032,4screws,0.867,known,4screws,0.0849,0.0,0,5,manual
4,12033,4screws,0.8978,known,4screws,0.0781,0.0,0,5,manual
4,12034,4screws,0.6561,known,4screws,0.0719,0.0,0,5,manual
4,12035,4screws,0.8071,known,4screws,0.0661,0.0,0,5,manual
4,12036,4screws,0.8438,known,4screws,0.0608,0.0,0,5,manual
4,12037,4screws,0.8109,known,4screws,0.056,0.0,0,5,manual
4,12038,4screws,0.7807,known,4screws,0.0515,0.0,0,5,manual
4,12039,4screws,0.6477,known,4screws,0.0474,0.0,0,5,manual
4,12040,4screws,0.8558,known,4screws,0.0436,0.0,0,5,manual
4,12041,4screws,0.9151,known,4screws,0.0401,0.0,0,5,manual
4,12042,4screws,0.7495,known,4screws,0.0369,0.0,0,5,manual
4,12043,4screws,0.9825,known,4screws,0.0339,0.0,0,5,manual
4,12044,4screws,0.5882,known,4screws,0.0312,0.0,0,5,manual
4,12045,4screws,0.6773,known,4screws,0.0287,0.0,0,5,manual
4,12046,4screws,0.8536,known,4screws,0.0264,0.0,0,5,manual
4,12047,4screws,0.925,known,4screws,0.0243,0.0,0,5,manual
4,12048,4screws,0.7499,known,4screws,0.0224,0.0,0,5,manual
4,12049,4screws,0.9497,known,4screws,0.0206,0.0,0,5,manual
4,12050,4screws,0.7039,known,4screws,0.0189,0.0,0,5,manual
4,12051,4screws,0.8148,known,4screws,0.0174,0.0,0,5,manual
4,12052,4screws,0.9187,known,4screws,0.016,0.0,0,5,manual
4,12053,4screws,0.8158,known,4screws,0.0147,0.0,0,5,manual
4,12054,4screws,0.7623,known,4screws,0.0136,0.0,0,5,manual
4,12055,4screws,0.8432,known,4screws,0.0125,0.0,0,5,manual
4,12056,4screws,0.7504,known,4screws,0.0115,0.0,0,5,manual
4,12057,4screws,0.818,known,4screws,0.0106,0.0,0,5,manual
4,12058,4screws,0.566,known,4screws,0.0097,0.0,0,5,manual
4,12059,4screws,0.7025,known,4screws,0.0089,0.0,0,5,manual
4,12060,4screws,0.9962,known,4screws,0.0082,0.0,0,5,manual
4,12061,4screws,0.8525,known,4screws,0.0076,0.0,0,5,manual
4,12062,4screws,0.7111,known,4screws,0.007,0.0,0,5,manual
4,12063,4screws,0.8553,known,4screws,0.0064,0.0,0,5,manual
4,12064,4screws,0.8127,known,4screws,0.0059,0.0,0,5,manual
4,12065,4screws,0.8472,known,4screws,0.0054,0.0,0,5,manual
4,12066,4screws,0.74,known,4screws,0.005,0.0,0,5,manual
4,12067,4screws,0.7065,known,4screws,0.0046,0.0,0,5,manual
4,12068,4screws,0.8298,known,4screws,0.0042,0.0,0,5,manual
4,12069,4screws,0.6959,known,4screws,0.0039,0.0,0,5,manual
4,12070,4screws,0.9,known,4screws,0.0036,0.0,0,5,manual
4,12071,4screws,0.963,known,4screws,0.0033,0.0,0,5,manual
4,12072,4screws,0.8084,known,4screws,0.003,0.0,0,5,manual
4,12073,4screws,0.6619,known,4screws,0.0028,0.0,0,5,manual
4,12074,4screws,0.7633,known,4screws,0.0026,0.0,0,5,manual
4,12075,4screws,0.74,known,4screws,0.0024,0.0,0,5,manual
4,12076,4screws,0.6619,known,4screws,0.0022,0.0,0,5,manual
4,12077,4screws,0.8978,known,4screws,0.002,0.0,0,5,manual
4,12078,4screws,0.7376,known,4screws,0.0018,0.0,0,5,manual
4,12079,4screws,0.9,known,4screws,0.0017,0.0,0,5,manual
4,12080,4screws,0.7807,known,4screws,0.0016,0.0,0,5,manual
4,12081,4screws,0.818,known,4screws,0.0014,0.0,0,5,manual
4,12082,4screws,0.7499,known,4screws,0.0013,0.0,0,5,manual
4,12083,4screws,0.9276,known,4screws,0.0012,0.0,0,5,manual
4,12084,4screws,0.7495,known,4screws,0.0011,0.0,0,5,manual
4,12085,4screws,0.7779,known,4screws,0.001,0.0,0,5,manual
4,12086,4screws,0.9497,known,4screws,0.0009,0.0,0,5,manual
4,12087,4screws,0.925,known,4screws,0.0009,0.0,0,5,manual
4,12088,4screws,0.8558,known,4screws,0.0008,0.0,0,5,manual
4,12089,4screws,0.8536,known,4screws,0.0007,0.0,0,5,manual
4,12090,4screws,0.8158,known,4screws,0.0007,0.0,0,5,manual
4,12091,4screws,0.566,known,4screws,0.0006,0.0,0,5,manual
4,12092,4screws,0.8127,known,4screws,0.0006,0.0,0,5,manual
4,12093,4screws,0.7633,known,4screws,0.0005,0.0,0,5,manual
4,12094,4screws,0.6727,known,4screws,0.0005,0.0,0,5,manual
4,12095,4screws,0.7111,known,4screws,0.0004,0.0,0,5,manual
4,12096,4screws,0.7039,known,4screws,0.0004,0.0,0,5,manual
4,12097,4screws,0.5882,known,4screws,0.0004,0.0,0,5,manual
4,12098,4screws,0.8556,known,4screws,0.0003,0.0,0,5,manual
4,12099,4screws,0.9187,known,4screws,0.0003,0.0,0,5,manual
4,12100,4screws,0.8084,known,4screws,0.0003,0.0,0,5,manual
4,12101,4screws,0.8706,known,4screws,0.0003,0.0,0,5,manual
4,12102,4screws,0.7503,known,4screws,0.0002,0.0,0,5,manual
4,12103,4screws,0.7778,known,4screws,0.0002,0.0,0,5,manual
4,12104,4screws,0.8438,known,4screws,0.0002,0.0,0,5,manual
4,12105,4screws,0.7504,known,4screws,0.0002,0.0,0,5,manual
4,12106,4screws,0.6477,known,4screws,0.0002,0.0,0,5,manual
4,12107,4screws,0.867,known,4screws,0.0002,0.0,0,5,manual
4,12108,4screws,0.7065,known,4screws,0.0002,0.0,0,5,manual
4,12109,4screws,0.7388,known,4screws,0.0001,0.0,0,5,manual
4,12110,4screws,0.9825,known,4screws,0.0001,0.0,0,5,manual
4,12111,4screws,0.8071,known,4screws,0.0001,0.0,0,5,manual
4,12112,4screws,0.7025,known,4screws,0.0001,0.0,0,5,manual
4,12113,4screws,0.6998,known,4screws,0.0001,0.0,0,5,manual
4,12114,4screws,0.8109,known,4screws,0.0001,0.0,0,5,manual
4,12115,4screws,0.8525,known,4screws,0.0001,0.0,0,5,manual
4,12116,4screws,0.6959,known,4screws,0.0001,0.0,0,5,manual
4,12117,4screws,0.7239,known,4screws,0.0001,0.0,0,5,manual
4,12118,4screws,0.8148,known,4screws,0.0001,0.0,0,5,manual
4,12119,4screws,0.6561,known,4screws,0.0001,0.0,0,5,manual
4,12120,4screws,0.8553,known,4screws,0.0001,0.0,0,5,manual
4,12121,4screws,0.9151,known,4screws,0.0001,0.0,0,5,manual
4,12122,4screws,0.7623,known,4screws,0.0,0.0,0,5,manual
4,12123,4screws,1.0013,unknown,,0.08,0.0,0,5,manual
4,12124,4screws,0.963,known,4screws,0.0736,0.0,0,5,manual
4,12125,4screws,0.8298,known,4screws,0.0677,0.0,0,5,manual
4,12126,4screws,0.957,known,4screws,0.0623,0.0,0,5,manual
4,12127,4screws,0.6773,known,4screws,0.0573,0.0,0,5,manual
4,12128,4screws,0.9425,known,4screws,0.0528,0.0,0,5,manual
4,12129,4screws,0.8472,known,4screws,0.0485,0.0,0,5,manual
4,12130,4screws,1.012,unknown,,0.1247,0.01,0,5,manual
4,12131,4screws,0.9962,known,4screws,0.1147,0.01,0,5,manual
4,12132,4screws,0.8432,known,4screws,0.1055,0.0,0,5,manual
4,12133,4screws,0.8109,known,4screws,0.0971,0.0,0,5,manual
4,12134,4screws,0.9825,known,4screws,0.0893,0.0,0,5,manual
4,12135,4screws,0.9497,known,4screws,0.0822,0.0,0,5,manual
4,12136,4screws,0.74,known,4screws,0.0756,0.0,0,5,manual
4,12137,4screws,1.012,unknown,,0.1495,0.01,0,5,manual
4,12138,4screws,0.7623,known,4screws,0.1376,0.0,0,5,manual
4,12139,4screws,0.8553,known,4screws,0.1266,0.0,0,5,manual
4,12140,4screws,0.8438,known,4screws,0.1164,0.0,0,5,manual
4,12141,4screws,0.7039,known,4screws,0.1071,0.0,0,5,manual
4,12142,4screws,0.8432,known,4screws,0.0986,0.0,0,5,manual
4,12143,4screws,0.9151,known,4screws,0.0907,0.0,0,5,manual
4,12144,4screws,0.8706,known,4screws,0.0834,0.0,0,5,manual
4,12145,4screws,0.6727,known,4screws,0.0767,0.0,0,5,manual
4,12146,4screws,0.7778,known,4screws,0.0706,0.0,0,5,manual
4,12147,4screws,0.9276,known,4screws,0.065,0.0,0,5,manual
4,12148,4screws,0.5882,known,4screws,0.0598,0.0,0,5,manual
4,12149,4screws,0.7503,known,4screws,0.055,0.0,0,5,manual
4,12150,4screws,0.7239,known,4screws,0.0506,0.0,0,5,manual
4,12151,4screws,0.8978,known,4screws,0.0465,0.0,0,5,manual
4,12152,4screws,0.8158,known,4screws,0.0428,0.0,0,5,manual
4,12153,4screws,0.7499,known,4screws,0.0394,0.0,0,5,manual
4,12154,4screws,0.7376,known,4screws,0.0362,0.0,0,5,manual
4,12155,4screws,0.8071,known,4screws,0.0333,0.0,0,5,manual
4,12156,4screws,0.8298,known,4screws,0.0307,0.0,0,5,manual
4,12157,4screws,0.7633,known,4screws,0.0282,0.0,0,5,manual
4,12158,4screws,0.8556,known,4screws,0.026,0.0,0,5,manual
4,12159,4screws,0.957,known,4screws,0.0239,0.0,0,5,manual
4,12160,4screws,0.6477,known,4screws,0.022,0.0,0,5,manual
4,12161,4screws,0.8525,known,4screws,0.0202,0.0,0,5,manual
4,12162,4screws,0.8148,known,4screws,0.0186,0.0,0,5,manual
4,12163,4screws,0.6619,known,4screws,0.0171,0.0,0,5,manual
4,12164,4screws,0.7065,known,4screws,0.0157,0.0,0,5,manual
4,12165,4screws,0.8127,known,4screws,0.0145,0.0,0,5,manual
4,12166,4screws,0.9,known,4screws,0.0133,0.0,0,5,manual
4,12167,4screws,0.925,known,4screws,0.0123,0.0,0,5,manual
4,12168,4screws,0.7388,known,4screws,0.0113,0.0,0,5,manual
4,12169,4screws,0.9425,known,4screws,0.0104,0.0,0,5,manual
4,12170,4screws,0.8472,known,4screws,0.0095,0.0,0,5,manual
4,12171,4screws,0.6773,known,4screws,0.0088,0.0,0,5,manual
4,12172,4screws,0.963,known,4screws,0.0081,0.0,0,5,manual
4,12173,4screws,0.6561,known,4screws,0.0074,0.0,0,5,manual
4,12174,4screws,0.7807,known,4screws,0.0068,0.0,0,5,manual
4,12175,4screws,0.7504,known,4screws,0.0063,0.0,0,5,manual
4,12176,4screws,0.8536,known,4screws,0.0058,0.0,0,5,manual
4,12177,4screws,0.867,known,4screws,0.0053,0.0,0,5,manual
4,12178,4screws,0.7025,known,4screws,0.0049,0.0,0,5,manual
4,12179,4screws,1.0013,unknown,,0.0845,0.0,0,5,manual
4,12180,4screws,0.8084,known,4screws,0.0777,0.0,0,5,manual
4,12181,4screws,0.6959,known,4screws,0.0715,0.0,0,5,manual
4,12182,4screws,0.7495,known,4screws,0.0658,0.0,0,5,manual
4,12183,4screws,0.6998,known,4screws,0.0605,0.0,0,5,manual
4,12184,4screws,0.8558,known,4screws,0.0557,0.0,0,5,manual
4,12185,4screws,0.566,known,4screws,0.0512,0.0,0,5,manual
4,12186,4screws,0.7111,known,4screws,0.0471,0.0,0,5,manual
4,12187,4screws,0.9187,known,4screws,0.0434,0.0,0,5,manual
4,12188,4screws,0.818,known,4screws,0.0399,0.0,0,5,manual
4,12189,4screws,0.9962,known,4screws,0.0367,0.0,0,5,manual
4,12190,4screws,0.7779,known,4screws,0.0338,0.0,0,5,manual
4,12191,4screws,0.7495,known,4screws,0.0311,0.0,0,5,manual
4,12192,4screws,0.8071,known,4screws,0.0286,0.0,0,5,manual
4,12193,4screws,0.925,known,4screws,0.0263,0.0,0,5,manual
4,12194,4screws,0.9187,known,4screws,0.0242,0.0,0,5,manual
4,12195,4screws,0.7623,known,4screws,0.0223,0.0,0,5,manual
4,12196,4screws,0.9962,known,4screws,0.0205,0.0,0,5,manual
4,12197,4screws,0.7807,known,4screws,0.0188,0.0,0,5,manual
4,12198,4screws,0.6773,known,4screws,0.0173,0.0,0,5,manual
4,12199,4screws,0.6619,known,4screws,0.0159,0.0,0,5,manual
4,12200,4screws,0.7778,known,4screws,0.0147,0.0,0,5,manual
4,12201,4screws,0.9825,known,4screws,0.0135,0.0,0,5,manual
4,12202,4screws,0.7065,known,4screws,0.0124,0.0,0,5,manual
4,12203,4screws,0.7779,known,4screws,0.0114,0.0,0,5,manual
4,12204,4screws,0.9,known,4screws,0.0105,0.0,0,5,manual
4,12205,4screws,0.7388,known,4screws,0.0097,0.0,0,5,manual
4,12206,4screws,0.8536,known,4screws,0.0089,0.0,0,5,manual
4,12207,4screws,0.6998,known,4screws,0.0082,0.0,0,5,manual
4,12208,4screws,0.8432,known,4screws,0.0075,0.0,0,5,manual
4,12209,4screws,0.8525,known,4screws,0.0069,0.0,0,5,manual
4,12210,4screws,0.8472,known,4screws,0.0064,0.0,0,5,manual
4,12211,4screws,0.9276,known,4screws,0.0059,0.0,0,5,manual
4,12212,4screws,0.8148,known,4screws,0.0054,0.0,0,5,manual
4,12213,4screws,0.9425,known,4screws,0.005,0.0,0,5,manual
4,12214,4screws,0.8158,known,4screws,0.0046,0.0,0,5,manual
4,12215,4screws,0.7111,known,4screws,0.0042,0.0,0,5,manual
4,12216,4screws,0.957,known,4screws,0.0039,0.0,0,5,manual
4,12217,4screws,0.8298,known,4screws,0.0036,0.0,0,5,manual
4,12218,4screws,0.5882,known,4screws,0.0033,0.0,0,5,manual
4,12219,4screws,0.8553,known,4screws,0.003,0.0,0,5,manual
4,12220,4screws,0.9151,known,4screws,0.0028,0.0,0,5,manual
4,12221,4screws,0.6561,known,4screws,0.0025,0.0,0,5,manual
4,12222,4screws,0.566,known,4screws,0.0023,0.0,0,5,manual
4,12223,4screws,1.0013,unknown,,0.0822,0.0,0,5,manual
4,12224,4screws,0.8706,known,4screws,0.0756,0.0,0,5,manual
4,12225,4screws,0.8109,known,4screws,0.0695,0.0,0,5,manual
4,12226,4screws,0.6959,known,4screws,0.064,0.0,0,5,manual
4,12227,4screws,0.7499,known,4screws,0.0589,0.0,0,5,manual
4,12228,4screws,0.9497,known,4screws,0.0541,0.0,0,5,manual
4,12229,4screws,0.8438,known,4screws,0.0498,0.0,0,5,manual
4,12230,4screws,0.6477,known,4screws,0.0458,0.0,0,5,manual
4,12231,4screws,0.7025,known,4screws,0.0422,0.0,0,5,manual
4,12232,4screws,0.7503,known,4screws,0.0388,0.0,0,5,manual
4,12233,4screws,0.8558,known,4screws,0.0357,0.0,0,5,manual
4,12234,4screws,0.74,known,4screws,0.0328,0.0,0,5,manual
4,12235,4screws,0.867,known,4screws,0.0302,0.0,0,5,manual
4,12236,4screws,0.818,known,4screws,0.0278,0.0,0,5,manual
4,12237,4screws,0.8127,known,4screws,0.0256,0.0,0,5,manual
4,12238,4screws,0.963,known,4screws,0.0235,0.0,0,5,manual
4,12239,4screws,0.8556,known,4screws,0.0216,0.0,0,5,manual
4,12240,4screws,0.7039,known,4screws,0.0199,0.0,0,5,manual
4,12241,4screws,0.6727,known,4screws,0.0183,0.0,0,5,manual
4,12242,4screws,0.8978,known,4screws,0.0169,0.0,0,5,manual
4,12243,4screws,0.7239,known,4screws,0.0155,0.0,0,5,manual
4,12244,4screws,0.7376,known,4screws,0.0143,0.0,0,5,manual
4,12245,4screws,0.7504,known,4screws,0.0131,0.0,0,5,manual
4,12246,4screws,1.012,unknown,,0.0921,0.01,0,5,manual
4,12247,4screws,0.8084,known,4screws,0.0847,0.0,0,5,manual
4,12248,4screws,0.7633,known,4screws,0.0779,0.0,0,5,manual
4,12249,4screws,0.9825,known,4screws,0.0717,0.0,0,5,manual
4,12250,4screws,0.8109,known,4screws,0.066,0.0,0,5,manual
4,12251,4screws,0.7239,known,4screws,0.0607,0.0,0,5,manual
4,12252,4screws,0.6561,known,4screws,0.0558,0.0,0,5,manual
4,12253,4screws,0.7111,known,4screws,0.0514,0.0,0,5,manual
4,12254,4screws,0.8978,known,4screws,0.0473,0.0,0,5,manual
4,12255,4screws,0.9425,known,4screws,0.0435,0.0,0,5,manual
4,12256,4screws,0.7388,known,4screws,0.04,0.0,0,5,manual
4,12257,4screws,0.9276,known,4screws,0.0368,0.0,0,5,manual
4,12258,4screws,0.6727,known,4screws,0.0339,0.0,0,5,manual
4,12259,4screws,0.7376,known,4screws,0.0311,0.0,0,5,manual
4,12260,4screws,0.8158,known,4screws,0.0287,0.0,0,5,manual
4,12261,4screws,0.8558,known,4screws,0.0264,0.0,0,5,manual
4,12262,4screws,0.6619,known,4screws,0.0243,0.0,0,5,manual
4,12263,4screws,0.8127,known,4screws,0.0223,0.0,0,5,manual
4,12264,4screws,1.0013,unknown,,0.1005,0.0,0,5,manual
4,12265,4screws,0.6477,known,4screws,0.0925,0.0,0,5,manual
4,12266,4screws,0.8556,known,4screws,0.0851,0.0,0,5,manual
4,12267,4screws,0.8071,known,4screws,0.0783,0.0,0,5,manual
4,12268,4screws,0.8472,known,4screws,0.072,0.0,0,5,manual
4,12269,4screws,0.8525,known,4screws,0.0663,0.0,0,5,manual
4,12270,4screws,0.9497,known,4screws,0.061,0.0,0,5,manual
4,12271,4screws,0.8536,known,4screws,0.0561,0.0,0,5,manual
4,12272,4screws,0.7807,known,4screws,0.0516,0.0,0,5,manual
4,12273,4screws,0.7504,known,4screws,0.0475,0.0,0,5,manual
4,12274,4screws,0.8148,known,4screws,0.0437,0.0,0,5,manual
4,12275,4screws,0.7623,known,4screws,0.0402,0.0,0,5,manual
4,12276,4screws,0.7778,known,4screws,0.037,0.0,0,5,manual
4,12277,4screws,0.8553,known,4screws,0.034,0.0,0,5,manual
4,12278,4screws,0.74,known,4screws,0.0313,0.0,0,5,manual
4,12279,4screws,0.8706,known,4screws,0.0288,0.0,0,5,manual
4,12280,4screws,0.8432,known,4screws,0.0265,0.0,0,5,manual
4,12281,4screws,0.9151,known,4screws,0.0244,0.0,0,5,manual
4,12282,4screws,0.6959,known,4screws,0.0224,0.0,0,5,manual
4,12283,4screws,1.012,unknown,,0.1006,0.01,0,5,manual
4,12284,4screws,0.957,known,4screws,0.0926,0.0,0,5,manual
4,12285,4screws,0.7025,known,4screws,0.0852,0.0,0,5,manual
4,12286,4screws,0.8084,known,4screws,0.0784,0.0,0,5,manual
4,12287,4screws,0.963,known,4screws,0.0721,0.0,0,5,manual
4,12288,4screws,0.867,known,4screws,0.0663,0.0,0,5,manual
4,12289,4screws,0.9962,known,4screws,0.061,0.0,0,5,manual
4,12290,4screws,0.7499,known,4screws,0.0561,0.0,0,5,manual
4,12291,4screws,0.7503,known,4screws,0.0516,0.0,0,5,manual
4,12292,4screws,0.6998,known,4screws,0.0475,0.0,0,5,manual
4,12293,4screws,0.566,known,4screws,0.0437,0.0,0,5,manual
4,12294,4screws,0.7065,known,4screws,0.0402,0.0,0,5,manual
4,12295,4screws,0.7779,known,4screws,0.037,0.0,0,5,manual
4,12296,4screws,0.818,known,4screws,0.034,0.0,0,5,manual
4,12297,4screws,0.8438,known,4screws,0.0313,0.0,0,5,manual
4,12298,4screws,0.925,known,4screws,0.0288,0.0,0,5,manual
4,12299,4screws,0.6773,known,4screws,0.0265,0.0,0,5,manual
4,12300,4screws,0.7633,known,4screws,0.0244,0.0,0,5,manual
4,12301,4screws,0.9,known,4screws,0.0224,0.0,0,5,manual
4,12302,4screws,0.8298,known,4screws,0.0206,0.0,0,5,manual
4,12303,4screws,0.5882,known,4screws,0.019,0.0,0,5,manual
4,12304,4screws,0.9187,known,4screws,0.0175,0.0,0,5,manual
4,12305,4screws,0.7039,known,4screws,0.0161,0.0,0,5,manual
4,12306,4screws,0.7495,known,4screws,0.0148,0.0,0,5,manual
4,12307,4screws,0.7807,known,4screws,0.0136,0.0,0,5,manual
4,12308,4screws,0.8525,known,4screws,0.0125,0.0,0,5,manual
4,12309,4screws,0.9825,known,4screws,0.0115,0.0,0,5,manual
4,12310,4screws,0.5882,known,4screws,0.0106,0.0,0,5,manual
4,12311,4screws,0.9962,known,4screws,0.0097,0.0,0,5,manual
4,12312,4screws,0.8706,known,4screws,0.009,0.0,0,5,manual
4,12313,4screws,0.6727,known,4screws,0.0082,0.0,0,5,manual
4,12314,4screws,0.7239,known,4screws,0.0076,0.0,0,5,manual
4,12315,4screws,0.7779,known,4screws,0.007,0.0,0,5,manual
4,12316,4screws,0.9497,known,4screws,0.0064,0.0,0,5,manual
4,12317,4screws,0.6998,known,4screws,0.0059,0.0,0,5,manual
4,12318,4screws,0.7376,known,4screws,0.0054,0.0,0,5,manual
4,12319,4screws,0.74,known,4screws,0.005,0.0,0,5,manual
4,12320,4screws,0.8084,known,4screws,0.0046,0.0,0,5,manual
4,12321,4screws,0.6959,known,4screws,0.0042,0.0,0,5,manual
4,12322,4screws,0.7778,known,4screws,0.0039,0.0,0,5,manual
4,12323,4screws,0.8536,known,4screws,0.0036,0.0,0,5,manual
4,12324,4screws,0.9151,known,4screws,0.0033,0.0,0,5,manual
4,12325,4screws,0.7111,known,4screws,0.003,0.0,0,5,manual
4,12326,4screws,0.8148,known,4screws,0.0028,0.0,0,5,manual
4,12327,4screws,0.8298,known,4screws,0.0026,0.0,0,5,manual
4,12328,4screws,0.7039,known,4screws,0.0024,0.0,0,5,manual
4,12329,4screws,0.7065,known,4screws,0.0022,0.0,0,5,manual
4,12330,4screws,0.566,known,4screws,0.002,0.0,0,5,manual
4,12331,4screws,0.8472,known,4screws,0.0018,0.0,0,5,manual
4,12332,4screws,0.7499,known,4screws,0.0017,0.0,0,5,manual
4,12333,4screws,0.8109,known,4screws,0.0016,0.0,0,5,manual
4,12334,4screws,0.8158,known,4screws,0.0014,0.0,0,5,manual
4,12335,4screws,0.7503,known,4screws,0.0013,0.0,0,5,manual
4,12336,4screws,1.012,unknown,,0.0812,0.01,0,5,manual
4,12337,4screws,0.8071,known,4screws,0.0747,0.0,0,5,manual
4,12338,4screws,0.8556,known,4screws,0.0687,0.0,0,5,manual
4,12339,4screws,0.9276,known,4screws,0.0632,0.0,0,5,manual
4,12340,4screws,0.818,known,4screws,0.0582,0.0,0,5,manual
4,12341,4screws,0.9425,known,4screws,0.0535,0.0,0,5,manual
4,12342,4screws,0.8432,known,4screws,0.0492,0.0,0,5,manual
4,12343,4screws,0.925,known,4screws,0.0453,0.0,0,5,manual
4,12344,4screws,0.6619,known,4screws,0.0417,0.0,0,5,manual
4,12345,4screws,0.867,known,4screws,0.0383,0.0,0,5,manual
4,12346,4screws,0.8558,known,4screws,0.0353,0.0,0,5,manual
4,12347,4screws,0.7388,known,4screws,0.0325,0.0,0,5,manual
4,12348,4screws,0.957,known,4screws,0.0299,0.0,0,5,manual
4,12349,4screws,0.8553,known,4screws,0.0275,0.0,0,5,manual
4,12350,4screws,0.8127,known,4screws,0.0253,0.0,0,5,manual
4,12351,4screws,0.6477,known,4screws,0.0233,0.0,0,5,manual
4,12352,4screws,0.7633,known,4screws,0.0214,0.0,0,5,manual
4,12353,4screws,0.7025,known,4screws,0.0197,0.0,0,5,manual
4,12354,4screws,0.7504,known,4screws,0.0181,0.0,0,5,manual
4,12355,4screws,0.8978,known,4screws,0.0167,0.0,0,5,manual
4,12356,4screws,0.6773,known,4screws,0.0153,0.0,0,5,manual
4,12357,4screws,0.9187,known,4screws,0.0141,0.0,0,5,manual
4,12358,4screws,1.0013,unknown,,0.093,0.0,0,5,manual
4,12359,4screws,0.6561,known,4screws,0.0855,0.0,0,5,manual
4,12360,4screws,0.963,known,4screws,0.0787,0.0,0,5,manual
4,12361,4screws,0.9,known,4screws,0.0724,0.0,0,5,manual
4,12362,4screws,0.8438,known,4screws,0.0666,0.0,0,5,manual
4,12363,4screws,0.7495,known,4screws,0.0613,0.0,0,5,manual
4,12364,4screws,0.7623,known,4screws,0.0564,0.0,0,5,manual
4,12365,4screws,0.6477,known,4screws,0.0519,0.0,0,5,manual
4,12366,4screws,0.7778,known,4screws,0.0477,0.0,0,5,manual
4,12367,4screws,0.9962,known,4screws,0.0439,0.0,0,5,manual
4,12368,4screws,0.5882,known,4screws,0.0404,0.0,0,5,manual
4,12369,4screws,0.8109,known,4screws,0.0372,0.0,0,5,manual
4,12370,4screws,0.8438,known,4screws,0.0342,0.0,0,5,manual
4,12371,4screws,0.8298,known,4screws,0.0314,0.0,0,5,manual
4,12372,4screws,0.7623,known,4screws,0.0289,0.0,0,5,manual
4,12373,4screws,0.9825,known,4screws,0.0266,0.0,0,5,manual
4,12374,4screws,0.8084,known,4screws,0.0245,0.0,0,5,manual
4,12375,4screws,0.9,known,4screws,0.0225,0.0,0,5,manual
4,12376,4screws,0.7388,known,4screws,0.0207,0.0,0,5,manual
4,12377,4screws,0.9276,known,4screws,0.0191,0.0,0,5,manual
4,12378,4screws,0.8148,known,4screws,0.0175,0.0,0,5,manual
4,12379,4screws,0.7376,known,4screws,0.0161,0.0,0,5,manual
4,12380,4screws,0.8071,known,4screws,0.0148,0.0,0,5,manual
4,12381,4screws,0.957,known,4screws,0.0137,0.0,0,5,manual
4,12382,4screws,0.6773,known,4screws,0.0126,0.0,0,5,manual
4,12383,4screws,0.818,known,4screws,0.0116,0.0,0,5,manual
4,12384,4screws,0.9151,known,4screws,0.0106,0.0,0,5,manual
4,12385,4screws,0.8472,known,4screws,0.0098,0.0,0,5,manual
4,12386,4screws,0.7503,known,4screws,0.009,0.0,0,5,manual
4,12387,4screws,1.0013,unknown,,0.0883,0.0,0,5,manual
4,12388,4screws,0.8706,known,4screws,0.0812,0.0,0,5,manual
4,12389,4screws,0.8558,known,4screws,0.0747,0.0,0,5,manual
4,12390,4screws,0.74,known,4screws,0.0687,0.0,0,5,manual
4,12391,4screws,0.8536,known,4screws,0.0632,0.0,0,5,manual
4,12392,4screws,0.566,known,4screws,0.0582,0.0,0,5,manual
4,12393,4screws,0.8553,known,4screws,0.0535,0.0,0,5,manual
4,12394,4screws,0.9425,known,4screws,0.0492,0.0,0,5,manual
4,12395,4screws,0.7495,known,4screws,0.0453,0.0,0,5,manual
4,12396,4screws,0.7039,known,4screws,0.0417,0.0,0,5,manual
4,12397,4screws,0.7111,known,4screws,0.0383,0.0,0,5,manual
4,12398,4screws,0.9497,known,4screws,0.0353,0.0,0,5,manual
4,12399,4screws,0.7633,known,4screws,0.0325,0.0,0,5,manual
4,12400,4screws,0.8556,known,4screws,0.0299,0.0,0,5,manual
4,12401,4screws,0.8432,known,4screws,0.0275,0.0,0,5,manual
4,12402,4screws,0.8978,known,4screws,0.0253,0.0,0,5,manual
4,12403,4screws,1.012,unknown,,0.1033,0.01,0,5,manual
4,12404,4screws,0.867,known,4screws,0.095,0.0,0,5,manual
4,12405,4screws,0.7239,known,4screws,0.0874,0.0,0,5,manual
4,12406,4screws,0.925,known,4screws,0.0804,0.0,0,5,manual
4,12407,4screws,0.8158,known,4screws,0.074,0.0,0,5,manual
4,12408,4screws,0.7025,known,4screws,0.0681,0.0,0,5,manual
4,12409,4screws,0.6998,known,4screws,0.0626,0.0,0,5,manual
4,12410,4screws,0.8127,known,4screws,0.0576,0.0,0,5,manual
4,12411,4screws,0.8525,known,4screws,0.053,0.0,0,5,manual
4,12412,4screws,0.9187,known,4screws,0.0488,0.0,0,5,manual
4,12413,4screws,0.7065,known,4screws,0.0449,0.0,0,5,manual
4,12414,4screws,0.6561,known,4screws,0.0413,0.0,0,5,manual
4,12415,4screws,0.7504,known,4screws,0.038,0.0,0,5,manual
4,12416,4screws,0.7807,known,4screws,0.0349,0.0,0,5,manual
4,12417,4screws,0.963,known,4screws,0.0321,0.0,0,5,manual
4,12418,4screws,0.7779,known,4screws,0.0296,0.0,0,5,manual
4,12419,4screws,0.6727,known,4screws,0.0272,0.0,0,5,manual
4,12420,4screws,0.6959,known,4screws,0.025,0.0,0,5,manual
4,12421,4screws,0.7499,known,4screws,0.023,0.0,0,5,manual
4,12422,4screws,0.6619,known,4screws,0.0212,0.0,0,5,manual
4,12423,4screws,0.7388,known,4screws,0.0195,0.0,0,5,manual
4,12424,4screws,0.6477,known,4screws,0.0179,0.0,0,5,manual
4,12425,4screws,0.7633,known,4screws,0.0165,0.0,0,5,manual
4,12426,4screws,0.8109,known,4screws,0.0152,0.0,0,5,manual
4,12427,4screws,0.8472,known,4screws,0.014,0.0,0,5,manual
4,12428,4screws,0.5882,known,4screws,0.0128,0.0,0,5,manual
4,12429,4screws,0.9276,known,4screws,0.0118,0.0,0,5,manual
4,12430,4screws,0.7623,known,4screws,0.0109,0.0,0,5,manual
4,12431,4screws,0.9,known,4screws,0.01,0.0,0,5,manual
4,12432,4screws,0.8148,known,4screws,0.0092,0.0,0,5,manual
4,12433,4screws,0.7495,known,4screws,0.0085,0.0,0,5,manual
4,12434,4screws,0.9497,known,4screws,0.0078,0.0,0,5,manual
4,12435,4screws,0.957,known,4screws,0.0072,0.0,0,5,manual
4,12436,4screws,0.867,known,4screws,0.0066,0.0,0,5,manual
4,12437,4screws,0.7039,known,4screws,0.0061,0.0,0,5,manual
4,12438,4screws,0.8525,known,4screws,0.0056,0.0,0,5,manual
4,12439,4screws,0.7499,known,4screws,0.0051,0.0,0,5,manual
4,12440,4screws,0.6619,known,4screws,0.0047,0.0,0,5,manual
4,12441,4screws,0.6773,known,4screws,0.0043,0.0,0,5,manual
4,12442,4screws,0.566,known,4screws,0.004,0.0,0,5,manual
4,12443,4screws,0.8071,known,4screws,0.0037,0.0,0,5,manual
4,12444,4screws,0.7778,known,4screws,0.0034,0.0,0,5,manual
4,12445,4screws,0.7025,known,4screws,0.0031,0.0,0,5,manual
4,12446,4screws,0.8978,known,4screws,0.0029,0.0,0,5,manual
4,12447,4screws,0.6959,known,4screws,0.0026,0.0,0,5,manual
4,12448,4screws,0.8127,known,4screws,0.0024,0.0,0,5,manual
4,12449,4screws,0.8706,known,4screws,0.0022,0.0,0,5,manual
4,12450,4screws,0.7807,known,4screws,0.0021,0.0,0,5,manual
4,12451,4screws,0.7111,known,4screws,0.0019,0.0,0,5,manual
4,12452,4screws,0.7376,known,4screws,0.0017,0.0,0,5,manual
4,12453,4screws,0.74,known,4screws,0.0016,0.0,0,5,manual
4,12454,4screws,0.8553,known,4screws,0.0015,0.0,0,5,manual
4,12455,4screws,0.6998,known,4screws,0.0014,0.0,0,5,manual
4,12456,4screws,0.6561,known,4screws,0.0012,0.0,0,5,manual
4,12457,4screws,0.8298,known,4screws,0.0011,0.0,0,5,manual
4,12458,4screws,0.8084,known,4screws,0.0011,0.0,0,5,manual
4,12459,4screws,0.8432,known,4screws,0.001,0.0,0,5,manual
4,12460,4screws,0.8556,known,4screws,0.0009,0.0,0,5,manual
4,12461,4screws,0.7503,known,4screws,0.0008,0.0,0,5,manual
4,12462,4screws,1.012,unknown,,0.0808,0.01,0,5,manual
4,12463,4screws,0.8536,known,4screws,0.0743,0.0,0,5,manual
4,12464,4screws,0.9962,known,4screws,0.0684,0.0,0,5,manual
4,12465,4screws,0.7065,known,4screws,0.0629,0.0,0,5,manual
4,12466,4screws,0.925,known,4screws,0.0579,0.0,0,5,manual
4,12467,4screws,0.7504,known,4screws,0.0532,0.0,0,5,manual
4,12468,4screws,0.963,known,4screws,0.049,0.0,0,5,manual
4,12469,4screws,0.9825,known,4screws,0.045,0.0,0,5,manual
4,12470,4screws,0.9425,known,4screws,0.0414,0.0,0,5,manual
4,12471,4screws,0.9187,known,4screws,0.0381,0.0,0,5,manual
4,12472,4screws,0.8438,known,4screws,0.0351,0.0,0,5,manual
4,12473,4screws,0.8558,known,4screws,0.0323,0.0,0,5,manual
4,12474,4screws,0.6727,known,4screws,0.0297,0.0,0,5,manual
4,12475,4screws,0.9151,known,4screws,0.0273,0.0,0,5,manual
4,12476,4screws,0.7239,known,4screws,0.0251,0.0,0,5,manual
4,12477,4screws,1.0013,unknown,,0.1031,0.0,0,5,manual
4,12478,4screws,0.8158,known,4screws,0.0949,0.0,0,5,manual
4,12479,4screws,0.7779,known,4screws,0.0873,0.0,0,5,manual
4,12480,4screws,0.818,known,4screws,0.0803,0.0,0,5,manual
4,12481,4screws,0.8472,known,4screws,0.0739,0.0,0,5,manual
4,12482,4screws,0.9825,known,4screws,0.068,0.0,0,5,manual
4,12483,4screws,0.7111,known,4screws,0.0625,0.0,0,5,manual
4,12484,4screws,0.7778,known,4screws,0.0575,0.0,0,5,manual
4,12485,4screws,0.7503,known,4screws,0.0529,0.0,0,5,manual
4,12486,4screws,1.012,unknown,,0.1287,0.01,0,5,manual
4,12487,4screws,0.6998,known,4screws,0.1184,0.0,0,5,manual
4,12488,4screws,0.8148,known,4screws,0.1089,0.0,0,5,manual
4,12489,4screws,0.7039,known,4screws,0.1002,0.0,0,5,manual
4,12490,4screws,0.867,known,4screws,0.0922,0.0,0,5,manual
4,12491,4screws,0.8525,known,4screws,0.0848,0.0,0,5,manual
4,12492,4screws,0.7623,known,4screws,0.078,0.0,0,5,manual
4,12493,4screws,0.9497,known,4screws,0.0718,0.0,0,5,manual
4,12494,4screws,0.7025,known,4screws,0.066,0.0,0,5,manual
4,12495,4screws,0.9,known,4screws,0.0608,0.0,0,5,manual
4,12496,4screws,0.963,known,4screws,0.0559,0.0,0,5,manual
4,12497,4screws,0.566,known,4screws,0.0514,0.0,0,5,manual
4,12498,4screws,0.7388,known,4screws,0.0473,0.0,0,5,manual
4,12499,4screws,0.8109,known,4screws,0.0435,0.0,0,5,manual
4,12500,4screws,0.6959,known,4screws,0.04,0.0,0,5,manual
4,12501,4screws,0.8084,known,4screws,0.0368,0.0,0,5,manual
4,12502,4screws,0.9151,known,4screws,0.0339,0.0,0,5,manual
4,12503,4screws,0.6619,known,4screws,0.0312,0.0,0,5,manual
4,12504,4screws,0.8706,known,4screws,0.0287,0.0,0,5,manual
4,12505,4screws,0.8536,known,4screws,0.0264,0.0,0,5,manual
4,12506,4screws,0.8556,known,4screws,0.0243,0.0,0,5,manual
4,12507,4screws,0.9962,known,4screws,0.0223,0.0,0,5,manual
4,12508,4screws,0.925,known,4screws,0.0206,0.0,0,5,manual
4,12509,4screws,0.7633,known,4screws,0.0189,0.0,0,5,manual
4,12510,4screws,0.8558,known,4screws,0.0174,0.0,0,5,manual
4,12511,4screws,0.818,known,4screws,0.016,0.0,0,5,manual
4,12512,4screws,0.8978,known,4screws,0.0147,0.0,0,5,manual
4,12513,4screws,0.5882,known,4screws,0.0135,0.0,0,5,manual
4,12514,4screws,0.9425,known,4screws,0.0125,0.0,0,5,manual
4,12515,4screws,0.7239,known,4screws,0.0115,0.0,0,5,manual
4,12516,4screws,0.7495,known,4screws,0.0105,0.0,0,5,manual
4,12517,4screws,0.9187,known,4screws,0.0097,0.0,0,5,manual
4,12518,4screws,0.6727,known,4screws,0.0089,0.0,0,5,manual
4,12519,4screws,0.7504,known,4screws,0.0082,0.0,0,5,manual
4,12520,4screws,0.74,known,4screws,0.0076,0.0,0,5,manual
4,12521,4screws,0.8298,known,4screws,0.007,0.0,0,5,manual
4,12522,4screws,0.8432,known,4screws,0.0064,0.0,0,5,manual
4,12523,4screws,0.8127,known,4screws,0.0059,0.0,0,5,manual
4,12524,4screws,0.6773,known,4screws,0.0054,0.0,0,5,manual
4,12525,4screws,0.7065,known,4screws,0.005,0.0,0,5,manual
4,12526,4screws,0.957,known,4screws,0.0046,0.0,0,5,manual
4,12527,4screws,0.7376,known,4screws,0.0042,0.0,0,5,manual
4,12528,4screws,0.8553,known,4screws,0.0039,0.0,0,5,manual
4,12529,4screws,0.9276,known,4screws,0.0036,0.0,0,5,manual
4,12530,4screws,0.8158,known,4screws,0.0033,0.0,0,5,manual
4,12531,4screws,0.8438,known,4screws,0.003,0.0,0,5,manual
4,12532,4screws,0.7807,known,4screws,0.0028,0.0,0,5,manual
4,12533,4screws,0.7499,known,4screws,0.0026,0.0,0,5,manual
4,12534,4screws,1.0013,unknown,,0.0824,0.0,0,5,manual
4,12535,4screws,0.6561,known,4screws,0.0758,0.0,0,5,manual
4,12536,4screws,0.7779,known,4screws,0.0697,0.0,0,5,manual
4,12537,4screws,0.6477,known,4screws,0.0641,0.0,0,5,manual
4,12538,4screws,0.8071,known,4screws,0.059,0.0,0,5,manual
4,12539,4screws,0.957,known,4screws,0.0543,0.0,0,5,manual
4,12540,4screws,0.8148,known,4screws,0.0499,0.0,0,5,manual
4,12541,4screws,0.7778,known,4screws,0.0459,0.0,0,5,manual
4,12542,4screws,0.867,known,4screws,0.0423,0.0,0,5,manual
4,12543,4screws,0.9276,known,4screws,0.0389,0.0,0,5,manual
4,12544,4screws,0.5882,known,4screws,0.0358,0.0,0,5,manual
4,12545,4screws,0.8536,known,4screws,0.0329,0.0,0,5,manual
4,12546,4screws,0.8109,known,4screws,0.0303,0.0,0,5,manual
4,12547,4screws,0.8556,known,4screws,0.0279,0.0,0,5,manual
4,12548,4screws,0.6619,known,4screws,0.0256,0.0,0,5,manual
4,12549,4screws,0.8071,known,4screws,0.0236,0.0,0,5,manual
4,12550,4screws,0.7807,known,4screws,0.0217,0.0,0,5,manual
4,12551,4screws,0.7025,known,4screws,0.02,0.0,0,5,manual
4,12552,4screws,0.8298,known,4screws,0.0184,0.0,0,5,manual
4,12553,4screws,0.7503,known,4screws,0.0169,0.0,0,5,manual
4,12554,4screws,0.9,known,4screws,0.0155,0.0,0,5,manual
4,12555,4screws,0.7779,known,4screws,0.0143,0.0,0,5,manual
4,12556,4screws,0.6773,known,4screws,0.0132,0.0,0,5,manual
4,12557,4screws,0.7111,known,4screws,0.0121,0.0,0,5,manual
4,12558,4screws,0.7239,known,4screws,0.0111,0.0,0,5,manual
4,12559,4screws,0.7495,known,4screws,0.0102,0.0,0,5,manual
4,12560,4screws,0.7039,known,4screws,0.0094,0.0,0,5,manual
4,12561,4screws,0.9187,known,4screws,0.0087,0.0,0,5,manual
4,12562,4screws,0.818,known,4screws,0.008,0.0,0,5,manual
4,12563,4screws,0.9825,known,4screws,0.0073,0.0,0,5,manual
4,12564,4screws,0.8553,known,4screws,0.0068,0.0,0,5,manual
4,12565,4screws,0.6959,known,4screws,0.0062,0.0,0,5,manual
4,12566,4screws,0.6998,known,4screws,0.0057,0.0,0,5,manual
4,12567,4screws,0.7504,known,4screws,0.0053,0.0,0,5,manual
4,12568,4screws,0.8438,known,4screws,0.0048,0.0,0,5,manual
4,12569,4screws,0.7065,known,4screws,0.0044,0.0,0,5,manual
4,12570,4screws,0.7499,known,4screws,0.0041,0.0,0,5,manual
4,12571,4screws,0.8084,known,4screws,0.0038,0.0,0,5,manual
4,12572,4screws,0.8432,known,4screws,0.0035,0.0,0,5,manual
4,12573,4screws,0.6727,known,4screws,0.0032,0.0,0,5,manual
4,12574,4screws,0.7623,known,4screws,0.0029,0.0,0,5,manual
4,12575,4screws,0.9497,known,4screws,0.0027,0.0,0,5,manual
4,12576,4screws,0.9151,known,4screws,0.0025,0.0,0,5,manual
4,12577,4screws,0.7633,known,4screws,0.0023,0.0,0,5,manual
4,12578,4screws,0.74,known,4screws,0.0021,0.0,0,5,manual
4,12579,4screws,0.8558,known,4screws,0.0019,0.0,0,5,manual
4,12580,4screws,0.6561,known,4screws,0.0018,0.0,0,5,manual
4,12581,4screws,0.9425,known,4screws,0.0016,0.0,0,5,manual
4,12582,4screws,0.7388,known,4screws,0.0015,0.0,0,5,manual
4,12583,4screws,0.925,known,4screws,0.0014,0.0,0,5,manual
4,12584,4screws,0.963,known,4screws,0.0013,0.0,0,5,manual
4,12585,4screws,0.8525,known,4screws,0.0012,0.0,0,5,manual
4,12586,4screws,0.9962,known,4screws,0.0011,0.0,0,5,manual
4,12587,4screws,1.0013,unknown,,0.081,0.0,0,5,manual
4,12588,4screws,1.012,unknown,,0.1545,0.01,0,5,manual
4,12589,4screws,0.7376,known,4screws,0.1422,0.0,0,5,manual
4,12590,4screws,0.8472,known,4screws,0.1308,0.0,0,5,manual
4,12591,4screws,0.566,known,4screws,0.1203,0.0,0,5,manual
4,12592,4screws,0.8706,known,4screws,0.1107,0.0,0,5,manual
4,12593,4screws,0.8158,known,4screws,0.1018,0.0,0,5,manual
4,12594,4screws,0.6477,known,4screws,0.0937,0.0,0,5,manual
4,12595,4screws,0.8978,known,4screws,0.0862,0.0,0,5,manual
4,12596,4screws,0.8127,known,4screws,0.0793,0.0,0,5,manual
4,12597,4screws,0.9425,known,4screws,0.073,0.0,0,5,manual
4,12598,4screws,0.8525,known,4screws,0.0671,0.0,0,5,manual
4,12599,4screws,0.6619,known,4screws,0.0617,0.0,0,5,manual
4,12600,4screws,0.6727,known,4screws,0.0568,0.0,0,5,manual
4,12601,4screws,0.9,known,4screws,0.0523,0.0,0,5,manual
4,12602,4screws,0.7025,known,4screws,0.0481,0.0,0,5,manual
4,12603,4screws,0.8084,known,4screws,0.0442,0.0,0,5,manual
4,12604,4screws,0.6773,known,4screws,0.0407,0.0,0,5,manual
4,12605,4screws,0.8071,known,4screws,0.0374,0.0,0,5,manual
4,12606,4screws,0.8438,known,4screws,0.0344,0.0,0,5,manual
4,12607,4screws,0.9276,known,4screws,0.0317,0.0,0,5,manual
4,12608,4screws,0.6561,known,4screws,0.0292,0.0,0,5,manual
4,12609,4screws,0.8432,known,4screws,0.0268,0.0,0,5,manual
4,12610,4screws,0.7111,known,4screws,0.0247,0.0,0,5,manual
4,12611,4screws,0.5882,known,4screws,0.0227,0.0,0,5,manual
4,12612,4screws,0.8558,known,4screws,0.0209,0.0,0,5,manual
4,12613,4screws,0.963,known,4screws,0.0192,0.0,0,5,manual
4,12614,4screws,0.8298,known,4screws,0.0177,0.0,0,5,manual
4,12615,4screws,0.9497,known,4screws,0.0163,0.0,0,5,manual
4,12616,4screws,0.8127,known,4screws,0.015,0.0,0,5,manual
4,12617,4screws,0.8148,known,4screws,0.0138,0.0,0,5,manual
4,12618,4screws,1.012,unknown,,0.0927,0.01,0,5,manual
4,12619,4screws,0.7388,known,4screws,0.0853,0.0,0,5,manual
4,12620,4screws,0.7239,known,4screws,0.0784,0.0,0,5,manual
4,12621,4screws,0.818,known,4screws,0.0722,0.0,0,5,manual
4,12622,4screws,0.9825,known,4screws,0.0664,0.0,0,5,manual
4,12623,4screws,0.7807,known,4screws,0.0611,0.0,0,5,manual
4,12624,4screws,0.7065,known,4screws,0.0562,0.0,0,5,manual
4,12625,4screws,0.957,known,4screws,0.0517,0.0,0,5,manual
4,12626,4screws,0.6959,known,4screws,0.0476,0.0,0,5,manual
4,12627,4screws,0.9187,known,4screws,0.0438,0.0,0,5,manual
4,12628,4screws,0.9151,known,4screws,0.0403,0.0,0,5,manual
4,12629,4screws,0.925,known,4screws,0.037,0.0,0,5,manual
4,12630,4screws,0.7499,known,4screws,0.0341,0.0,0,5,manual
4,12631,4screws,0.867,known,4screws,0.0313,0.0,0,5,manual
4,12632,4screws,0.8706,known,4screws,0.0288,0.0,0,5,manual
4,12633,4screws,0.7779,known,4screws,0.0265,0.0,0,5,manual
4,12634,4screws,0.8553,known,4screws,0.0244,0.0,0,5,manual
4,12635,4screws,0.7504,known,4screws,0.0225,0.0,0,5,manual
4,12636,4screws,0.7633,known,4screws,0.0207,0.0,0,5,manual
4,12637,4screws,0.8536,known,4screws,0.019,0.0,0,5,manual
4,12638,4screws,0.8158,known,4screws,0.0175,0.0,0,5,manual
4,12639,4screws,0.8109,known,4screws,0.0161,0.0,0,5,manual
4,12640,4screws,0.7503,known,4screws,0.0148,0.0,0,5,manual
4,12641,4screws,0.8978,known,4screws,0.0136,0.0,0,5,manual
4,12642,4screws,0.7376,known,4screws,0.0125,0.0,0,5,manual
4,12643,4screws,0.566,known,4screws,0.0115,0.0,0,5,manual
4,12644,4screws,0.7495,known,4screws,0.0106,0.0,0,5,manual
4,12645,4screws,0.6998,known,4screws,0.0098,0.0,0,5,manual
4,12646,4screws,0.7623,known,4screws,0.009,0.0,0,5,manual
4,12647,4screws,0.7778,known,4screws,0.0083,0.0,0,5,manual
4,12648,4screws,0.8472,known,4screws,0.0076,0.0,0,5,manual
4,12649,4screws,0.6477,known,4screws,0.007,0.0,0,5,manual
4,12650,4screws,1.0013,unknown,,0.0864,0.0,0,5,manual
4,12651,4screws,0.7039,known,4screws,0.0795,0.0,0,5,manual
4,12652,4screws,0.8556,known,4screws,0.0732,0.0,0,5,manual
4,12653,4screws,0.9962,known,4screws,0.0673,0.0,0,5,manual
4,12654,4screws,0.74,known,4screws,0.0619,0.0,0,5,manual
4,12655,4screws,0.9151,known,4screws,0.057,0.0,0,5,manual
4,12656,4screws,0.8148,known,4screws,0.0524,0.0,0,5,manual
4,12657,4screws,0.9,known,4screws,0.0482,0.0,0,5,manual
4,12658,4screws,0.9825,known,4screws,0.0444,0.0,0,5,manual
4,12659,4screws,0.7065,known,4screws,0.0408,0.0,0,5,manual
4,12660,4screws,0.8525,known,4screws,0.0375,0.0,0,5,manual
4,12661,4screws,0.8556,known,4screws,0.0345,0.0,0,5,manual
4,12662,4screws,0.6477,known,4screws,0.0318,0.0,0,5,manual
4,12663,4screws,0.867,known,4screws,0.0292,0.0,0,5,manual
4,12664,4screws,0.8298,known,4screws,0.0269,0.0,0,5,manual
4,12665,4screws,0.6727,known,4screws,0.0247,0.0,0,5,manual
4,12666,4screws,0.7503,known,4screws,0.0228,0.0,0,5,manual
4,12667,4screws,0.8432,known,4screws,0.0209,0.0,0,5,manual
4,12668,4screws,0.8472,known,4screws,0.0193,0.0,0,5,manual
4,12669,4screws,0.7623,known,4screws,0.0177,0.0,0,5,manual
4,12670,4screws,0.818,known,4screws,0.0163,0.0,0,5,manual
4,12671,4screws,0.74,known,4screws,0.015,0.0,0,5,manual
4,12672,4screws,0.7111,known,4screws,0.0138,0.0,0,5,manual
4,12673,4screws,0.8071,known,4screws,0.0127,0.0,0,5,manual
4,12674,4screws,0.7376,known,4screws,0.0117,0.0,0,5,manual
4,12675,4screws,0.7504,known,4screws,0.0107,0.0,0,5,manual
4,12676,4screws,0.7807,known,4screws,0.0099,0.0,0,5,manual
4,12677,4screws,0.8536,known,4screws,0.0091,0.0,0,5,manual
4,12678,4screws,0.925,known,4screws,0.0084,0.0,0,5,manual
4,12679,4screws,0.8438,known,4screws,0.0077,0.0,0,5,manual
4,12680,4screws,0.7495,known,4screws,0.0071,0.0,0,5,manual
4,12681,4screws,0.9276,known,4screws,0.0065,0.0,0,5,manual
4,12682,4screws,0.957,known,4screws,0.006,0.0,0,5,manual
4,12683,4screws,0.9497,known,4screws,0.0055,0.0,0,5,manual
4,12684,4screws,0.6959,known,4screws,0.0051,0.0,0,5,manual
4,12685,4screws,0.7239,known,4screws,0.0047,0.0,0,5,manual
4,12686,4screws,0.8558,known,4screws,0.0043,0.0,0,5,manual
4,12687,4screws,0.6998,known,4screws,0.004,0.0,0,5,manual
4,12688,4screws,0.7778,known,4screws,0.0036,0.0,0,5,manual
4,12689,4screws,0.7499,known,4screws,0.0033,0.0,0,5,manual
4,12690,4screws,0.8158,known,4screws,0.0031,0.0,0,5,manual
4,12691,4screws,0.7633,known,4screws,0.0028,0.0,0,5,manual
4,12692,4screws,0.8978,known,4screws,0.0026,0.0,0,5,manual
4,12693,4screws,0.8553,known,4screws,0.0024,0.0,0,5,manual
4,12694,4screws,0.9962,known,4screws,0.0022,0.0,0,5,manual
4,12695,4screws,0.7025,known,4screws,0.002,0.0,0,5,manual
4,12696,4screws,0.7039,known,4screws,0.0019,0.0,0,5,manual
4,12697,4screws,0.8127,known,4screws,0.0017,0.0,0,5,manual
4,12698,4screws,0.7388,known,4screws,0.0016,0.0,0,5,manual
4,12699,4screws,0.6773,known,4screws,0.0015,0.0,0,5,manual
4,12700,4screws,0.566,known,4screws,0.0013,0.0,0,5,manual
4,12701,4screws,0.7779,known,4screws,0.0012,0.0,0,5,manual
4,12702,4screws,1.012,unknown,,0.0811,0.01,0,5,manual
4,12703,4screws,0.6561,known,4screws,0.0746,0.0,0,5,manual
4,12704,4screws,1.0013,unknown,,0.1487,0.0,0,5,manual
4,12705,4screws,0.8084,known,4screws,0.1368,0.0,0,5,manual
4,12706,4screws,0.9425,known,4screws,0.1258,0.0,0,5,manual
4,12707,4screws,0.9187,known,4screws,0.1158,0.0,0,5,manual
4,12708,4screws,0.8706,known,4screws,0.1065,0.0,0,5,manual
4,12709,4screws,0.5882,known,4screws,0.098,0.0,0,5,manual
4,12710,4screws,0.963,known,4screws,0.0901,0.0,0,5,manual
4,12711,4screws,0.6619,known,4screws,0.0829,0.0,0,5,manual
4,12712,4screws,0.8109,known,4screws,0.0763,0.0,0,5,manual
4,12713,4screws,0.7623,known,4screws,0.0702,0.0,0,5,manual
4,12714,4screws,0.8438,known,4screws,0.0646,0.0,0,5,manual
4,12715,4screws,0.8127,known,4screws,0.0594,0.0,0,5,manual
4,12716,4screws,0.963,known,4screws,0.0547,0.0,0,5,manual
4,12717,4screws,0.9825,known,4screws,0.0503,0.0,0,5,manual
4,12718,4screws,0.8158,known,4screws,0.0463,0.0,0,5,manual
4,12719,4screws,0.7504,known,4screws,0.0426,0.0,0,5,manual
4,12720,4screws,0.9187,known,4screws,0.0392,0.0,0,5,manual
4,12721,4screws,0.8558,known,4screws,0.036,0.0,0,5,manual
4,12722,4screws,0.6477,known,4screws,0.0331,0.0,0,5,manual
4,12723,4screws,0.8298,known,4screws,0.0305,0.0,0,5,manual
4,12724,4screws,0.7499,known,4screws,0.0281,0.0,0,5,manual
4,12725,4screws,0.6561,known,4screws,0.0258,0.0,0,5,manual
4,12726,4screws,0.867,known,4screws,0.0237,0.0,0,5,manual
4,12727,4screws,0.7778,known,4screws,0.0218,0.0,0,5,manual
4,12728,4screws,0.8084,known,4screws,0.0201,0.0,0,5,manual
4,12729,4screws,0.9276,known,4screws,0.0185,0.0,0,5,manual
4,12730,4screws,0.7807,known,4screws,0.017,0.0,0,5,manual
4,12731,4screws,0.925,known,4screws,0.0156,0.0,0,5,manual
4,12732,4screws,0.7065,known,4screws,0.0144,0.0,0,5,manual
4,12733,4screws,0.8071,known,4screws,0.0132,0.0,0,5,manual
4,12734,4screws,0.7239,known,4screws,0.0122,0.0,0,5,manual
4,12735,4screws,1.0013,unknown,,0.0912,0.0,0,5,manual
4,12736,4screws,0.8109,known,4screws,0.0839,0.0,0,5,manual
4,12737,4screws,0.8553,known,4screws,0.0772,0.0,0,5,manual
4,12738,4screws,0.8148,known,4screws,0.071,0.0,0,5,manual
4,12739,4screws,0.7633,known,4screws,0.0653,0.0,0,5,manual
4,12740,4screws,0.7111,known,4screws,0.0601,0.0,0,5,manual
4,12741,4screws,0.7495,known,4screws,0.0553,0.0,0,5,manual
4,12742,4screws,0.6727,known,4screws,0.0509,0.0,0,5,manual
4,12743,4screws,0.6959,known,4screws,0.0468,0.0,0,5,manual
4,12744,4screws,0.8556,known,4screws,0.0431,0.0,0,5,manual
4,12745,4screws,0.9497,known,4screws,0.0396,0.0,0,5,manual
4,12746,4screws,0.7388,known,4screws,0.0365,0.0,0,5,manual
4,12747,4screws,0.6619,known,4screws,0.0335,0.0,0,5,manual
4,12748,4screws,0.8706,known,4screws,0.0309,0.0,0,5,manual
4,12749,4screws,0.74,known,4screws,0.0284,0.0,0,5,manual
4,12750,4screws,0.7376,known,4screws,0.0261,0.0,0,5,manual
4,12751,4screws,0.8536,known,4screws,0.024,0.0,0,5,manual
4,12752,4screws,0.9,known,4screws,0.0221,0.0,0,5,manual
4,12753,4screws,0.566,known,4screws,0.0203,0.0,0,5,manual
4,12754,4screws,0.7025,known,4screws,0.0187,0.0,0,5,manual
4,12755,4screws,0.8472,known,4screws,0.0172,0.0,0,5,manual
4,12756,4screws,0.9151,known,4screws,0.0158,0.0,0,5,manual
4,12757,4screws,0.9425,known,4screws,0.0146,0.0,0,5,manual
4,12758,4screws,0.7039,known,4screws,0.0134,0.0,0,5,manual
4,12759,4screws,0.957,known,4screws,0.0123,0.0,0,5,manual
4,12760,4screws,0.5882,known,4screws,0.0113,0.0,0,5,manual
4,12761,4screws,0.7503,known,4screws,0.0104,0.0,0,5,manual
4,12762,4screws,0.9962,known,4screws,0.0096,0.0,0,5,manual
4,12763,4screws,0.8432,known,4screws,0.0088,0.0,0,5,manual
4,12764,4screws,0.6998,known,4screws,0.0081,0.0,0,5,manual
4,12765,4screws,0.7779,known,4screws,0.0075,0.0,0,5,manual
4,12766,4screws,0.6773,known,4screws,0.0069,0.0,0,5,manual
4,12767,4screws,1.012,unknown,,0.0863,0.01,0,5,manual
4,12768,4screws,0.8525,known,4screws,0.0794,0.0,0,5,manual
4,12769,4screws,0.8978,known,4screws,0.0731,0.0,0,5,manual
4,12770,4screws,0.818,known,4screws,0.0672,0.0,0,5,manual
4,12771,4screws,0.818,known,4screws,0.0618,0.0,0,5,manual
4,12772,4screws,0.8438,known,4screws,0.0569,0.0,0,5,manual
4,12773,4screws,0.9962,known,4screws,0.0523,0.0,0,5,manual
4,12774,4screws,0.7499,known,4screws,0.0482,0.0,0,5,manual
4,12775,4screws,0.8706,known,4screws,0.0443,0.0,0,5,manual
4,12776,4screws,0.925,known,4screws,0.0408,0.0,0,5,manual
4,12777,4screws,0.8084,known,4screws,0.0375,0.0,0,5,manual
4,12778,4screws,0.9425,known,4screws,0.0345,0.0,0,5,manual
4,12779,4screws,0.867,known,4screws,0.0317,0.0,0,5,manual
4,12780,4screws,0.9187,known,4screws,0.0292,0.0,0,5,manual
4,12781,4screws,0.8071,known,4screws,0.0269,0.0,0,5,manual
4,12782,4screws,0.7623,known,4screws,0.0247,0.0,0,5,manual
4,12783,4screws,0.7239,known,4screws,0.0227,0.0,0,5,manual
4,12784,4screws,0.74,known,4screws,0.0209,0.0,0,5,manual
4,12785,4screws,0.6727,known,4screws,0.0192,0.0,0,5,manual
4,12786,4screws,0.9497,known,4screws,0.0177,0.0,0,5,manual
4,12787,4screws,0.8536,known,4screws,0.0163,0.0,0,5,manual
4,12788,4screws,0.7039,known,4screws,0.015,0.0,0,5,manual
4,12789,4screws,0.7807,known,4screws,0.0138,0.0,0,5,manual
4,12790,4screws,0.6959,known,4screws,0.0127,0.0,0,5,manual
4,12791,4screws,0.6561,known,4screws,0.0117,0.0,0,5,manual
4,12792,4screws,0.566,known,4screws,0.0107,0.0,0,5,manual
4,12793,4screws,0.8472,known,4screws,0.0099,0.0,0,5,manual
4,12794,4screws,0.963,known,4screws,0.0091,0.0,0,5,manual
4,12795,4screws,0.8127,known,4screws,0.0084,0.0,0,5,manual
4,12796,4screws,0.7495,known,4screws,0.0077,0.0,0,5,manual
4,12797,4screws,0.7025,known,4screws,0.0071,0.0,0,5,manual
4,12798,4screws,0.7503,known,4screws,0.0065,0.0,0,5,manual
4,12799,4screws,0.8525,known,4screws,0.006,0.0,0,5,manual
4,12800,4screws,0.9,known,4screws,0.0055,0.0,0,5,manual
4,12801,4screws,0.8553,known,4screws,0.0051,0.0,0,5,manual
4,12802,4screws,0.5882,known,4screws,0.0047,0.0,0,5,manual
4,12803,4screws,0.8148,known,4screws,0.0043,0.0,0,5,manual
4,12804,4screws,0.8558,known,4screws,0.0039,0.0,0,5,manual
4,12805,4screws,0.8158,known,4screws,0.0036,0.0,0,5,manual
4,12806,4screws,1.0013,unknown,,0.0833,0.0,0,5,manual
4,12807,4screws,0.9825,known,4screws,0.0767,0.0,0,5,manual
4,12808,4screws,0.7779,known,4screws,0.0705,0.0,0,5,manual
4,12809,4screws,0.8109,known,4screws,0.0649,0.0,0,5,manual
4,12810,4screws,0.6998,known,4screws,0.0597,0.0,0,5,manual
4,12811,4screws,0.8978,known,4screws,0.0549,0.0,0,5,manual
4,12812,4screws,0.6477,known,4screws,0.0505,0.0,0,5,manual
4,12813,4screws,0.7065,known,4screws,0.0465,0.0,0,5,manual
4,12814,4screws,0.7778,known,4screws,0.0428,0.0,0,5,manual
4,12815,4screws,0.7111,known,4screws,0.0394,0.0,0,5,manual
4,12816,4screws,0.957,known,4screws,0.0362,0.0,0,5,manual
4,12817,4screws,0.7388,known,4screws,0.0333,0.0,0,5,manual
4,12818,4screws,0.7633,known,4screws,0.0306,0.0,0,5,manual
4,12819,4screws,0.8556,known,4screws,0.0282,0.0,0,5,manual
4,12820,4screws,0.6619,known,4screws,0.0259,0.0,0,5,manual
4,12821,4screws,0.9151,known,4screws,0.0239,0.0,0,5,manual
4,12822,4screws,0.6773,known,4screws,0.022,0.0,0,5,manual
4,12823,4screws,1.012,unknown,,0.1002,0.01,0,5,manual
4,12824,4screws,0.9276,known,4screws,0.0922,0.0,0,5,manual
4,12825,4screws,0.7376,known,4screws,0.0848,0.0,0,5,manual
4,12826,4screws,0.7504,known,4screws,0.078,0.0,0,5,manual
4,12827,4screws,0.8298,known,4screws,0.0718,0.0,0,5,manual
4,12828,4screws,0.8432,known,4screws,0.066,0.0,0,5,manual
4,12829,4screws,0.925,known,4screws,0.0608,0.0,0,5,manual
4,12830,4screws,0.8978,known,4screws,0.0559,0.0,0,5,manual
4,12831,4screws,0.6998,known,4screws,0.0514,0.0,0,5,manual
4,12832,4screws,0.74,known,4screws,0.0473,0.0,0,5,manual
4,12833,4screws,0.867,known,4screws,0.0435,0.0,0,5,manual
4,12834,4screws,0.8298,known,4screws,0.04,0.0,0,5,manual
4,12835,4screws,0.8158,known,4screws,0.0368,0.0,0,5,manual
4,12836,4screws,0.5882,known,4screws,0.0339,0.0,0,5,manual
4,12837,4screws,0.7025,known,4screws,0.0312,0.0,0,5,manual
4,12838,4screws,0.8525,known,4screws,0.0287,0.0,0,5,manual
4,12839,4screws,0.7503,known,4screws,0.0264,0.0,0,5,manual
4,12840,4screws,0.8148,known,4screws,0.0243,0.0,0,5,manual
4,12841,4screws,0.566,known,4screws,0.0223,0.0,0,5,manual
4,12842,4screws,0.8438,known,4screws,0.0206,0.0,0,5,manual
4,12843,4screws,0.8071,known,4screws,0.0189,0.0,0,5,manual
4,12844,4screws,0.7499,known,4screws,0.0174,0.0,0,5,manual
4,12845,4screws,0.7504,known,4screws,0.016,0.0,0,5,manual
4,12846,4screws,0.7623,known,4screws,0.0147,0.0,0,5,manual
4,12847,4screws,0.7495,known,4screws,0.0135,0.0,0,5,manual
4,12848,4screws,0.8536,known,4screws,0.0125,0.0,0,5,manual
4,12849,4screws,0.6727,known,4screws,0.0115,0.0,0,5,manual
4,12850,4screws,0.8706,known,4screws,0.0105,0.0,0,5,manual
4,12851,4screws,1.0013,unknown,,0.0897,0.0,0,5,manual
4,12852,4screws,0.8558,known,4screws,0.0825,0.0,0,5,manual
4,12853,4screws,0.6959,known,4screws,0.0759,0.0,0,5,manual
4,12854,4screws,0.9187,known,4screws,0.0699,0.0,0,5,manual
4,12855,4screws,0.957,known,4screws,0.0643,0.0,0,5,manual
4,12856,4screws,0.7633,known,4screws,0.0591,0.0,0,5,manual
4,12857,4screws,0.7388,known,4screws,0.0544,0.0,0,5,manual
4,12858,4screws,0.9151,known,4screws,0.05,0.0,0,5,manual
4,12859,4screws,0.9,known,4screws,0.046,0.0,0,5,manual
4,12860,4screws,0.8553,known,4screws,0.0424,0.0,0,5,manual
4,12861,4screws,0.7779,known,4screws,0.039,0.0,0,5,manual
4,12862,4screws,0.6773,known,4screws,0.0358,0.0,0,5,manual
4,12863,4screws,0.7111,known,4screws,0.033,0.0,0,5,manual
4,12864,4screws,0.6619,known,4screws,0.0303,0.0,0,5,manual
4,12865,4screws,0.8472,known,4screws,0.0279,0.0,0,5,manual
4,12866,4screws,0.6477,known,4screws,0.0257,0.0,0,5,manual
4,12867,4screws,0.8432,known,4screws,0.0236,0.0,0,5,manual
4,12868,4screws,0.8109,known,4screws,0.0217,0.0,0,5,manual
4,12869,4screws,0.8127,known,4screws,0.02,0.0,0,5,manual
4,12870,4screws,0.8556,known,4screws,0.0184,0.0,0,5,manual
4,12871,4screws,0.8084,known,4screws,0.0169,0.0,0,5,manual
4,12872,4screws,0.7239,known,4screws,0.0156,0.0,0,5,manual
4,12873,4screws,0.7807,known,4screws,0.0143,0.0,0,5,manual
4,12874,4screws,0.963,known,4screws,0.0132,0.0,0,5,manual
4,12875,4screws,0.6561,known,4screws,0.0121,0.0,0,5,manual
4,12876,4screws,0.9962,known,4screws,0.0112,0.0,0,5,manual
4,12877,4screws,0.9825,known,4screws,0.0103,0.0,0,5,manual
4,12878,4screws,0.9497,known,4screws,0.0094,0.0,0,5,manual
4,12879,4screws,0.818,known,4screws,0.0087,0.0,0,5,manual
4,12880,4screws,1.012,unknown,,0.088,0.01,0,5,manual
4,12881,4screws,0.7039,known,4screws,0.081,0.0,0,5,manual
4,12882,4screws,0.9425,known,4screws,0.0745,0.0,0,5,manual
4,12883,4screws,0.7065,known,4screws,0.0685,0.0,0,5,manual
4,12884,4screws,0.7778,known,4screws,0.063,0.0,0,5,manual
4,12885,4screws,0.7376,known,4screws,0.058,0.0,0,5,manual
4,12886,4screws,0.9276,known,4screws,0.0534,0.0,0,5,manual
4,12887,4screws,0.867,known,4screws,0.0491,0.0,0,5,manual
4,12888,4screws,0.7503,known,4screws,0.0452,0.0,0,5,manual
4,12889,4screws,0.8127,known,4screws,0.0415,0.0,0,5,manual
4,12890,4screws,0.6477,known,4screws,0.0382,0.0,0,5,manual
4,12891,4screws,0.7499,known,4screws,0.0352,0.0,0,5,manual
4,12892,4screws,0.963,known,4screws,0.0324,0.0,0,5,manual
4,12893,4screws,0.7111,known,4screws,0.0298,0.0,0,5,manual
4,12894,4screws,0.9962,known,4screws,0.0274,0.0,0,5,manual
4,12895,4screws,0.9,known,4screws,0.0252,0.0,0,5,manual
4,12896,4screws,0.8978,known,4screws,0.0232,0.0,0,5,manual
4,12897,4screws,0.8084,known,4screws,0.0213,0.0,0,5,manual
4,12898,4screws,1.012,unknown,,0.0996,0.01,0,5,manual
4,12899,4screws,0.6561,known,4screws,0.0916,0.0,0,5,manual
4,12900,4screws,0.6959,known,4screws,0.0843,0.0,0,5,manual
4,12901,4screws,0.8706,known,4screws,0.0776,0.0,0,5,manual
4,12902,4screws,0.7039,known,4screws,0.0714,0.0,0,5,manual
4,12903,4screws,0.818,known,4screws,0.0657,0.0,0,5,manual
4,12904,4screws,0.8298,known,4screws,0.0604,0.0,0,5,manual
4,12905,4screws,0.7778,known,4screws,0.0556,0.0,0,5,manual
4,12906,4screws,0.7633,known,4screws,0.0511,0.0,0,5,manual
4,12907,4screws,0.8438,known,4screws,0.047,0.0,0,5,manual
4,12908,4screws,1.0013,unknown,,0.1233,0.0,0,5,manual
4,12909,4screws,0.7388,known,4screws,0.1134,0.0,0,5,manual
4,12910,4screws,0.9151,known,4screws,0.1043,0.0,0,5,manual
4,12911,4screws,0.74,known,4screws,0.096,0.0,0,5,manual
4,12912,4screws,0.8558,known,4screws,0.0883,0.0,0,5,manual
4,12913,4screws,0.9187,known,4screws,0.0812,0.0,0,5,manual
4,12914,4screws,0.8553,known,4screws,0.0747,0.0,0,5,manual
4,12915,4screws,0.9497,known,4screws,0.0688,0.0,0,5,manual
4,12916,4screws,0.5882,known,4screws,0.0633,0.0,0,5,manual
4,12917,4screws,0.8071,known,4screws,0.0582,0.0,0,5,manual
4,12918,4screws,0.7376,known,4screws,0.0535,0.0,0,5,manual
4,12919,4screws,0.957,known,4screws,0.0493,0.0,0,5,manual
4,12920,4screws,0.6727,known,4screws,0.0453,0.0,0,5,manual
4,12921,4screws,0.8525,known,4screws,0.0417,0.0,0,5,manual
4,12922,4screws,0.7504,known,4screws,0.0384,0.0,0,5,manual
4,12923,4screws,0.7495,known,4screws,0.0353,0.0,0,5,manual
4,12924,4screws,0.9425,known,4screws,0.0325,0.0,0,5,manual
4,12925,4screws,0.925,known,4screws,0.0299,0.0,0,5,manual
4,12926,4screws,0.7779,known,4screws,0.0275,0.0,0,5,manual
4,12927,4screws,0.8556,known,4screws,0.0253,0.0,0,5,manual
4,12928,4screws,0.8472,known,4screws,0.0233,0.0,0,5,manual
4,12929,4screws,0.8148,known,4screws,0.0214,0.0,0,5,manual
4,12930,4screws,0.7623,known,4screws,0.0197,0.0,0,5,manual
4,12931,4screws,0.566,known,4screws,0.0181,0.0,0,5,manual
4,12932,4screws,0.8536,known,4screws,0.0167,0.0,0,5,manual
4,12933,4screws,0.8432,known,4screws,0.0153,0.0,0,5,manual
4,12934,4screws,0.7239,known,4screws,0.0141,0.0,0,5,manual
4,12935,4screws,0.8109,known,4screws,0.013,0.0,0,5,manual
4,12936,4screws,0.7025,known,4screws,0.0119,0.0,0,5,manual
4,12937,4screws,0.9825,known,4screws,0.011,0.0,0,5,manual
4,12938,4screws,0.6619,known,4screws,0.0101,0.0,0,5,manual
4,12939,4screws,0.9276,known,4screws,0.0093,0.0,0,5,manual
4,12940,4screws,0.7807,known,4screws,0.0086,0.0,0,5,manual
4,12941,4screws,0.6773,known,4screws,0.0079,0.0,0,5,manual
4,12942,4screws,0.6998,known,4screws,0.0072,0.0,0,5,manual
4,12943,4screws,0.7065,known,4screws,0.0067,0.0,0,5,manual
4,12944,4screws,0.8158,known,4screws,0.0061,0.0,0,5,manual
4,12945,4screws,0.8525,known,4screws,0.0056,0.0,0,5,manual
4,12946,4screws,0.8556,known,4screws,0.0052,0.0,0,5,manual
4,12947,4screws,0.7495,known,4screws,0.0048,0.0,0,5,manual
4,12948,4screws,0.7388,known,4screws,0.0044,0.0,0,5,manual
4,12949,4screws,0.8536,known,4screws,0.004,0.0,0,5,manual
4,12950,4screws,0.7504,known,4screws,0.0037,0.0,0,5,manual
4,12951,4screws,0.8158,known,4screws,0.0034,0.0,0,5,manual
4,12952,4screws,0.8553,known,4screws,0.0031,0.0,0,5,manual
4,12953,4screws,0.6561,known,4screws,0.0029,0.0,0,5,manual
4,12954,4screws,0.9151,known,4screws,0.0027,0.0,0,5,manual
4,12955,4screws,0.8706,known,4screws,0.0024,0.0,0,5,manual
4,12956,4screws,1.0013,unknown,,0.0823,0.0,0,5,manual
4,12957,4screws,0.9425,known,4screws,0.0757,0.0,0,5,manual
4,12958,4screws,0.7499,known,4screws,0.0696,0.0,0,5,manual
4,12959,4screws,0.8148,known,4screws,0.064,0.0,0,5,manual
4,12960,4screws,0.7025,known,4screws,0.0589,0.0,0,5,manual
4,12961,4screws,0.8084,known,4screws,0.0542,0.0,0,5,manual
4,12962,4screws,0.6773,known,4screws,0.0499,0.0,0,5,manual
4,12963,4screws,0.7039,known,4screws,0.0459,0.0,0,5,manual
4,12964,4screws,0.7779,known,4screws,0.0422,0.0,0,5,manual
4,12965,4screws,0.9497,known,4screws,0.0388,0.0,0,5,manual
4,12966,4screws,0.9187,known,4screws,0.0357,0.0,0,5,manual
4,12967,4screws,0.925,known,4screws,0.0329,0.0,0,5,manual
4,12968,4screws,0.7778,known,4screws,0.0302,0.0,0,5,manual
4,12969,4screws,0.8438,known,4screws,0.0278,0.0,0,5,manual
4,12970,4screws,0.8978,known,4screws,0.0256,0.0,0,5,manual
4,12971,4screws,0.9,known,4screws,0.0235,0.0,0,5,manual
4,12972,4screws,0.7111,known,4screws,0.0217,0.0,0,5,manual
4,12973,4screws,0.9825,known,4screws,0.0199,0.0,0,5,manual
4,12974,4screws,0.957,known,4screws,0.0183,0.0,0,5,manual
4,12975,4screws,0.6619,known,4screws,0.0169,0.0,0,5,manual
4,12976,4screws,0.7065,known,4screws,0.0155,0.0,0,5,manual
4,12977,4screws,0.566,known,4screws,0.0143,0.0,0,5,manual
4,12978,4screws,0.8127,known,4screws,0.0131,0.0,0,5,manual
4,12979,4screws,0.867,known,4screws,0.0121,0.0,0,5,manual
4,12980,4screws,0.8472,known,4screws,0.0111,0.0,0,5,manual
4,12981,4screws,0.7623,known,4screws,0.0102,0.0,0,5,manual
4,12982,4screws,0.9962,known,4screws,0.0094,0.0,0,5,manual
4,12983,4screws,0.6477,known,4screws,0.0087,0.0,0,5,manual
4,12984,4screws,0.8071,known,4screws,0.008,0.0,0,5,manual
4,12985,4screws,0.9276,known,4screws,0.0073,0.0,0,5,manual
4,12986,4screws,0.963,known,4screws,0.0067,0.0,0,5,manual
4,12987,4screws,0.7807,known,4screws,0.0062,0.0,0,5,manual
4,12988,4screws,0.7503,known,4screws,0.0057,0.0,0,5,manual
4,12989,4screws,0.6727,known,4screws,0.0052,0.0,0,5,manual
4,12990,4screws,0.6998,known,4screws,0.0048,0.0,0,5,manual
4,12991,4screws,0.5882,known,4screws,0.0044,0.0,0,5,manual
4,12992,4screws,0.818,known,4screws,0.0041,0.0,0,5,manual
4,12993,4screws,0.8298,known,4screws,0.0038,0.0,0,5,manual
4,12994,4screws,0.7376,known,4screws,0.0035,0.0,0,5,manual
4,12995,4screws,0.8432,known,4screws,0.0032,0.0,0,5,manual
4,12996,4screws,0.7239,known,4screws,0.0029,0.0,0,5,manual
4,12997,4screws,0.8109,known,4screws,0.0027,0.0,0,5,manual
4,12998,4screws,0.7633,known,4screws,0.0025,0.0,0,5,manual
4,12999,4screws,0.6959,known,4screws,0.0023,0.0,0,5,manual
4,13000,4screws,1.012,unknown,,0.0821,0.01,0,5,manual
4,13001,4screws,0.74,known,4screws,0.0755,0.0,0,5,manual
4,13002,4screws,0.8558,known,4screws,0.0695,0.0,0,5,manual
4,13003,4screws,0.7376,known,4screws,0.0639,0.0,0,5,manual
4,13004,4screws,0.9187,known,4screws,0.0588,0.0,0,5,manual
4,13005,4screws,0.7503,known,4screws,0.0541,0.0,0,5,manual
4,13006,4screws,0.8558,known,4screws,0.0498,0.0,0,5,manual
4,13007,4screws,0.7779,known,4screws,0.0458,0.0,0,5,manual
4,13008,4screws,0.9425,known,4screws,0.0421,0.0,0,5,manual
4,13009,4screws,0.8536,known,4screws,0.0388,0.0,0,5,manual
4,13010,4screws,0.7633,known,4screws,0.0357,0.0,0,5,manual
4,13011,4screws,0.9962,known,4screws,0.0328,0.0,0,5,manual
4,13012,4screws,0.7039,known,4screws,0.0302,0.0,0,5,manual
4,13013,4screws,0.8071,known,4screws,0.0278,0.0,0,5,manual
4,13014,4screws,0.9497,known,4screws,0.0255,0.0,0,5,manual
4,13015,4screws,0.8148,known,4screws,0.0235,0.0,0,5,manual
4,13016,4screws,0.9151,known,4screws,0.0216,0.0,0,5,manual
4,13017,4screws,0.5882,known,4screws,0.0199,0.0,0,5,manual
4,13018,4screws,0.8127,known,4screws,0.0183,0.0,0,5,manual
4,13019,4screws,0.867,known,4screws,0.0168,0.0,0,5,manual
4,13020,4screws,0.8109,known,4screws,0.0155,0.0,0,5,manual
4,13021,4screws,0.7388,known,4screws,0.0143,0.0,0,5,manual
4,13022,4screws,0.6561,known,4screws,0.0131,0.0,0,5,manual
4,13023,4screws,0.7499,known,4screws,0.0121,0.0,0,5,manual
4,13024,4screws,0.8158,known,4screws,0.0111,0.0,0,5,manual
4,13025,4screws,0.8978,known,4screws,0.0102,0.0,0,5,manual
4,13026,4screws,0.818,known,4screws,0.0094,0.0,0,5,manual
4,13027,4screws,0.8553,known,4screws,0.0086,0.0,0,5,manual
4,13028,4screws,0.7778,known,4screws,0.008,0.0,0,5,manual
4,13029,4screws,0.9825,known,4screws,0.0073,0.0,0,5,manual
4,13030,4screws,0.7111,known,4screws,0.0067,0.0,0,5,manual
4,13031,4screws,0.9,known,4screws,0.0062,0.0,0,5,manual
4,13032,4screws,0.7495,known,4screws,0.0057,0.0,0,5,manual
4,13033,4screws,0.7239,known,4screws,0.0052,0.0,0,5,manual
4,13034,4screws,0.8525,known,4screws,0.0048,0.0,0,5,manual
4,13035,4screws,0.957,known,4screws,0.0044,0.0,0,5,manual
4,13036,4screws,0.6773,known,4screws,0.0041,0.0,0,5,manual
4,13037,4screws,0.566,known,4screws,0.0038,0.0,0,5,manual
4,13038,4screws,1.012,unknown,,0.0835,0.01,0,5,manual
4,13039,4screws,0.963,known,4screws,0.0768,0.0,0,5,manual
4,13040,4screws,0.8472,known,4screws,0.0706,0.0,0,5,manual
4,13041,4screws,0.8298,known,4screws,0.065,0.0,0,5,manual
4,13042,4screws,0.8706,known,4screws,0.0598,0.0,0,5,manual
4,13043,4screws,1.0013,unknown,,0.135,0.0,0,5,manual
4,13044,4screws,0.6477,known,4screws,0.1242,0.0,0,5,manual
4,13045,4screws,0.7065,known,4screws,0.1143,0.0,0,5,manual
4,13046,4screws,0.7623,known,4screws,0.1051,0.0,0,5,manual
4,13047,4screws,0.8438,known,4screws,0.0967,0.0,0,5,manual
4,13048,4screws,0.6619,known,4screws,0.089,0.0,0,5,manual
4,13049,4screws,0.9276,known,4screws,0.0819,0.0,0,5,manual
4,13050,4screws,0.925,known,4screws,0.0753,0.0,0,5,manual
4,13051,4screws,0.8084,known,4screws,0.0693,0.0,0,5,manual
4,13052,4screws,0.7025,known,4screws,0.0637,0.0,0,5,manual
4,13053,4screws,0.74,known,4screws,0.0586,0.0,0,5,manual
4,13054,4screws,0.6998,known,4screws,0.054,0.0,0,5,manual
4,13055,4screws,0.7807,known,4screws,0.0496,0.0,0,5,manual
4,13056,4screws,0.7504,known,4screws,0.0457,0.0,0,5,manual
4,13057,4screws,0.6727,known,4screws,0.042,0.0,0,5,manual
4,13058,4screws,0.8432,known,4screws,0.0387,0.0,0,5,manual
4,13059,4screws,0.6959,known,4screws,0.0356,0.0,0,5,manual
4,13060,4screws,0.8556,known,4screws,0.0327,0.0,0,5,manual
4,13061,4screws,0.8432,known,4screws,0.0301,0.0,0,5,manual
4,13062,4screws,0.6727,known,4screws,0.0277,0.0,0,5,manual
4,13063,4screws,0.8127,known,4screws,0.0255,0.0,0,5,manual
4,13064,4screws,0.9276,known,4screws,0.0234,0.0,0,5,manual
4,13065,4screws,0.8148,known,4screws,0.0216,0.0,0,5,manual
4,13066,4screws,0.8438,known,4screws,0.0198,0.0,0,5,manual
4,13067,4screws,0.7778,known,4screws,0.0182,0.0,0,5,manual
4,13068,4screws,0.8556,known,4screws,0.0168,0.0,0,5,manual
4,13069,4screws,0.7039,known,4screws,0.0154,0.0,0,5,manual
4,13070,4screws,0.8298,known,4screws,0.0142,0.0,0,5,manual
4,13071,4screws,0.6998,known,4screws,0.0131,0.0,0,5,manual
4,13072,4screws,0.8071,known,4screws,0.012,0.0,0,5,manual
4,13073,4screws,0.7025,known,4screws,0.0111,0.0,0,5,manual
4,13074,4screws,0.7065,known,4screws,0.0102,0.0,0,5,manual
4,13075,4screws,0.8084,known,4screws,0.0094,0.0,0,5,manual
4,13076,4screws,0.74,known,4screws,0.0086,0.0,0,5,manual
4,13077,4screws,0.6773,known,4screws,0.0079,0.0,0,5,manual
4,13078,4screws,0.8525,known,4screws,0.0073,0.0,0,5,manual
4,13079,4screws,0.7499,known,4screws,0.0067,0.0,0,5,manual
4,13080,4screws,0.7633,known,4screws,0.0062,0.0,0,5,manual
4,13081,4screws,0.9825,known,4screws,0.0057,0.0,0,5,manual
4,13082,4screws,0.925,known,4screws,0.0052,0.0,0,5,manual
4,13083,4screws,1.012,unknown,,0.0848,0.01,0,5,manual
4,13084,4screws,0.7503,known,4screws,0.078,0.0,0,5,manual
4,13085,4screws,0.7376,known,4screws,0.0718,0.0,0,5,manual
4,13086,4screws,0.8978,known,4screws,0.066,0.0,0,5,manual
4,13087,4screws,0.7779,known,4screws,0.0608,0.0,0,5,manual
4,13088,4screws,0.8558,known,4screws,0.0559,0.0,0,5,manual
4,13089,4screws,0.6477,known,4screws,0.0514,0.0,0,5,manual
4,13090,4screws,0.8158,known,4screws,0.0473,0.0,0,5,manual
4,13091,4screws,0.6619,known,4screws,0.0435,0.0,0,5,manual
4,13092,4screws,0.6959,known,4screws,0.04,0.0,0,5,manual
4,13093,4screws,0.7239,known,4screws,0.0368,0.0,0,5,manual
4,13094,4screws,0.8553,known,4screws,0.0339,0.0,0,5,manual
4,13095,4screws,0.9425,known,4screws,0.0312,0.0,0,5,manual
4,13096,4screws,0.8706,known,4screws,0.0287,0.0,0,5,manual
4,13097,4screws,0.9151,known,4screws,0.0264,0.0,0,5,manual
4,13098,4screws,0.6561,known,4screws,0.0243,0.0,0,5,manual
4,13099,4screws,0.7807,known,4screws,0.0223,0.0,0,5,manual
4,13100,4screws,0.566,known,4screws,0.0206,0.0,0,5,manual
4,13101,4screws,0.9187,known,4screws,0.0189,0.0,0,5,manual
4,13102,4screws,0.7623,known,4screws,0.0174,0.0,0,5,manual
4,13103,4screws,0.7111,known,4screws,0.016,0.0,0,5,manual
4,13104,4screws,0.963,known,4screws,0.0147,0.0,0,5,manual
4,13105,4screws,0.8109,known,4screws,0.0135,0.0,0,5,manual
4,13106,4screws,0.8536,known,4screws,0.0125,0.0,0,5,manual
4,13107,4screws,0.9962,known,4screws,0.0115,0.0,0,5,manual
4,13108,4screws,0.5882,known,4screws,0.0105,0.0,0,5,manual
4,13109,4screws,0.9,known,4screws,0.0097,0.0,0,5,manual
4,13110,4screws,1.0013,unknown,,0.0889,0.0,0,5,manual
4,13111,4screws,0.9497,known,4screws,0.0818,0.0,0,5,manual
4,13112,4screws,0.957,known,4screws,0.0753,0.0,0,5,manual
4,13113,4screws,0.7495,known,4screws,0.0692,0.0,0,5,manual
4,13114,4screws,0.7504,known,4screws,0.0637,0.0,0,5,manual
4,13115,4screws,0.818,known,4screws,0.0586,0.0,0,5,manual
4,13116,4screws,0.7388,known,4screws,0.0539,0.0,0,5,manual
4,13117,4screws,0.8472,known,4screws,0.0496,0.0,0,5,manual
4,13118,4screws,0.867,known,4screws,0.0456,0.0,0,5,manual
4,13119,4screws,0.7807,known,4screws,0.042,0.0,0,5,manual
4,13120,4screws,0.8978,known,4screws,0.0386,0.0,0,5,manual
4,13121,4screws,0.7025,known,4screws,0.0355,0.0,0,5,manual
4,13122,4screws,0.8472,known,4screws,0.0327,0.0,0,5,manual
4,13123,4screws,0.7499,known,4screws,0.0301,0.0,0,5,manual
4,13124,4screws,0.8071,known,4screws,0.0277,0.0,0,5,manual
4,13125,4screws,0.8084,known,4screws,0.0255,0.0,0,5,manual
4,13126,4screws,0.9187,known,4screws,0.0234,0.0,0,5,manual
4,13127,4screws,0.7503,known,4screws,0.0215,0.0,0,5,manual
4,13128,4screws,0.8109,known,4screws,0.0198,0.0,0,5,manual
4,13129,4screws,0.7779,known,4screws,0.0182,0.0,0,5,manual
4,13130,4screws,0.7039,known,4screws,0.0168,0.0,0,5,manual
4,13131,4screws,0.9497,known,4screws,0.0154,0.0,0,5,manual
4,13132,4screws,0.8525,known,4screws,0.0142,0.0,0,5,manual
4,13133,4screws,0.867,known,4screws,0.0131,0.0,0,5,manual
4,13134,4screws,0.9825,known,4screws,0.012,0.0,0,5,manual
4,13135,4screws,0.74,known,4screws,0.0111,0.0,0,5,manual
4,13136,4screws,0.6727,known,4screws,0.0102,0.0,0,5,manual
4,13137,4screws,0.7065,known,4screws,0.0094,0.0,0,5,manual
4,13138,4screws,0.8438,known,4screws,0.0086,0.0,0,5,manual
4,13139,4screws,0.8148,known,4screws,0.0079,0.0,0,5,manual
4,13140,4screws,0.8298,known,4screws,0.0073,0.0,0,5,manual
4,13141,4screws,0.566,known,4screws,0.0067,0.0,0,5,manual
4,13142,4screws,0.8558,known,4screws,0.0062,0.0,0,5,manual
4,13143,4screws,0.6998,known,4screws,0.0057,0.0,0,5,manual
4,13144,4screws,0.963,known,4screws,0.0052,0.0,0,5,manual
4,13145,4screws,0.7623,known,4screws,0.0048,0.0,0,5,manual
4,13146,4screws,1.0013,unknown,,0.0844,0.0,0,5,manual
4,13147,4screws,0.6959,known,4screws,0.0777,0.0,0,5,manual
4,13148,4screws,0.8556,known,4screws,0.0715,0.0,0,5,manual
4,13149,4screws,0.5882,known,4screws,0.0657,0.0,0,5,manual
4,13150,4screws,0.925,known,4screws,0.0605,0.0,0,5,manual
4,13151,4screws,0.8127,known,4screws,0.0556,0.0,0,5,manual
4,13152,4screws,0.7495,known,4screws,0.0512,0.0,0,5,manual
4,13153,4screws,0.8536,known,4screws,0.0471,0.0,0,5,manual
4,13154,4screws,0.8706,known,4screws,0.0433,0.0,0,5,manual
4,13155,4screws,0.9276,known,4screws,0.0399,0.0,0,5,manual
4,13156,4screws,0.7778,known,4screws,0.0367,0.0,0,5,manual
4,13157,4screws,0.7239,known,4screws,0.0337,0.0,0,5,manual
4,13158,4screws,0.818,known,4screws,0.031,0.0,0,5,manual
4,13159,4screws,0.6561,known,4screws,0.0286,0.0,0,5,manual
4,13160,4screws,0.9151,known,4screws,0.0263,0.0,0,5,manual
4,13161,4screws,1.012,unknown,,0.1042,0.01,0,5,manual
4,13162,4screws,0.6773,known,4screws,0.0958,0.0,0,5,manual
4,13163,4screws,0.7633,known,4screws,0.0882,0.0,0,5,manual
4,13164,4screws,0.957,known,4screws,0.0811,0.0,0,5,manual
4,13165,4screws,0.7376,known,4screws,0.0746,0.0,0,5,manual
4,13166,4screws,0.8432,known,4screws,0.0687,0.0,0,5,manual
4,13167,4screws,0.6477,known,4screws,0.0632,0.0,0,5,manual
4,13168,4screws,0.7388,known,4screws,0.0581,0.0,0,5,manual
4,13169,4screws,0.8553,known,4screws,0.0535,0.0,0,5,manual
4,13170,4screws,0.7504,known,4screws,0.0492,0.0,0,5,manual
4,13171,4screws,0.8158,known,4screws,0.0452,0.0,0,5,manual
4,13172,4screws,0.9962,known,4screws,0.0416,0.0,0,5,manual
4,13173,4screws,0.9425,known,4screws,0.0383,0.0,0,5,manual
4,13174,4screws,0.6619,known,4screws,0.0352,0.0,0,5,manual
4,13175,4screws,0.7111,known,4screws,0.0324,0.0,0,5,manual
4,13176,4screws,0.9,known,4screws,0.0298,0.0,0,5,manual
4,13177,4screws,0.818,known,4screws,0.0274,0.0,0,5,manual
4,13178,4screws,0.7499,known,4screws,0.0252,0.0,0,5,manual
4,13179,4screws,0.7025,known,4screws,0.0232,0.0,0,5,manual
4,13180,4screws,0.8071,known,4screws,0.0214,0.0,0,5,manual
4,13181,4screws,0.7779,known,4screws,0.0197,0.0,0,5,manual
4,13182,4screws,0.8127,known,4screws,0.0181,0.0,0,5,manual
4,13183,4screws,0.7239,known,4screws,0.0166,0.0,0,5,manual
4,13184,4screws,0.6959,known,4screws,0.0153,0.0,0,5,manual
4,13185,4screws,0.9825,known,4screws,0.0141,0.0,0,5,manual
4,13186,4screws,0.8438,known,4screws,0.013,0.0,0,5,manual
4,13187,4screws,0.9,known,4screws,0.0119,0.0,0,5,manual
4,13188,4screws,1.012,unknown,,0.091,0.01,0,5,manual
4,13189,4screws,0.925,known,4screws,0.0837,0.0,0,5,manual
4,13190,4screws,0.8536,known,4screws,0.077,0.0,0,5,manual
4,13191,4screws,0.6619,known,4screws,0.0708,0.0,0,5,manual
4,13192,4screws,0.7623,known,4screws,0.0652,0.0,0,5,manual
4,13193,4screws,0.6727,known,4screws,0.06,0.0,0,5,manual
4,13194,4screws,0.8706,known,4screws,0.0552,0.0,0,5,manual
4,13195,4screws,0.9497,known,4screws,0.0507,0.0,0,5,manual
4,13196,4screws,0.9187,known,4screws,0.0467,0.0,0,5,manual
4,13197,4screws,0.7504,known,4screws,0.043,0.0,0,5,manual
4,13198,4screws,0.566,known,4screws,0.0395,0.0,0,5,manual
4,13199,4screws,0.7376,known,4screws,0.0364,0.0,0,5,manual
4,13200,4screws,0.7778,known,4screws,0.0334,0.0,0,5,manual
4,13201,4screws,0.6477,known,4screws,0.0308,0.0,0,5,manual
4,13202,4screws,0.7039,known,4screws,0.0283,0.0,0,5,manual
4,13203,4screws,0.8472,known,4screws,0.026,0.0,0,5,manual
4,13204,4screws,0.8525,known,4screws,0.024,0.0,0,5,manual
4,13205,4screws,0.8148,known,4screws,0.022,0.0,0,5,manual
4,13206,4screws,0.963,known,4screws,0.0203,0.0,0,5,manual
4,13207,4screws,0.6998,known,4screws,0.0187,0.0,0,5,manual
4,13208,4screws,0.8109,known,4screws,0.0172,0.0,0,5,manual
4,13209,4screws,0.7065,known,4screws,0.0158,0.0,0,5,manual
4,13210,4screws,0.7503,known,4screws,0.0145,0.0,0,5,manual
4,13211,4screws,0.8556,known,4screws,0.0134,0.0,0,5,manual
4,13212,4screws,0.8084,known,4screws,0.0123,0.0,0,5,manual
4,13213,4screws,0.7807,known,4screws,0.0113,0.0,0,5,manual
4,13214,4screws,0.8978,known,4screws,0.0104,0.0,0,5,manual
4,13215,4screws,0.5882,known,4screws,0.0096,0.0,0,5,manual
4,13216,4screws,0.8298,known,4screws,0.0088,0.0,0,5,manual
4,13217,4screws,0.7495,known,4screws,0.0081,0.0,0,5,manual
4,13218,4screws,0.7388,known,4screws,0.0075,0.0,0,5,manual
4,13219,4screws,0.8432,known,4screws,0.0069,0.0,0,5,manual
4,13220,4screws,0.9425,known,4screws,0.0063,0.0,0,5,manual
4,13221,4screws,0.9962,known,4screws,0.0058,0.0,0,5,manual
4,13222,4screws,0.9151,known,4screws,0.0053,0.0,0,5,manual
4,13223,4screws,0.8553,known,4screws,0.0049,0.0,0,5,manual
4,13224,4screws,0.8558,known,4screws,0.0045,0.0,0,5,manual
4,13225,4screws,0.6773,known,4screws,0.0042,0.0,0,5,manual
4,13226,4screws,0.7111,known,4screws,0.0038,0.0,0,5,manual
4,13227,4screws,1.0013,unknown,,0.0835,0.0,0,5,manual
4,13228,4screws,0.9276,known,4screws,0.0768,0.0,0,5,manual
4,13229,4screws,0.8158,known,4screws,0.0707,0.0,0,5,manual
4,13230,4screws,0.957,known,4screws,0.065,0.0,0,5,manual
4,13231,4screws,0.867,known,4screws,0.0598,0.0,0,5,manual
4,13232,4screws,0.7633,known,4screws,0.055,0.0,0,5,manual
4,13233,4screws,0.74,known,4screws,0.0506,0.0,0,5,manual
4,13234,4screws,0.6561,known,4screws,0.0466,0.0,0,5,manual
4,13235,4screws,0.957,known,4screws,0.0429,0.0,0,5,manual
4,13236,4screws,0.8438,known,4screws,0.0394,0.0,0,5,manual
4,13237,4screws,0.7025,known,4screws,0.0363,0.0,0,5,manual
4,13238,4screws,0.7039,known,4screws,0.0334,0.0,0,5,manual
4,13239,4screws,0.566,known,4screws,0.0307,0.0,0,5,manual
4,13240,4screws,0.9962,known,4screws,0.0283,0.0,0,5,manual
4,13241,4screws,0.9425,known,4screws,0.026,0.0,0,5,manual
4,13242,4screws,0.8158,known,4screws,0.0239,0.0,0,5,manual
4,13243,4screws,0.8525,known,4screws,0.022,0.0,0,5,manual
4,13244,4screws,0.867,known,4screws,0.0202,0.0,0,5,manual
4,13245,4screws,0.5882,known,4screws,0.0186,0.0,0,5,manual
4,13246,4screws,0.7623,known,4screws,0.0171,0.0,0,5,manual
4,13247,4screws,0.9276,known,4screws,0.0158,0.0,0,5,manual
4,13248,4screws,0.8556,known,4screws,0.0145,0.0,0,5,manual
4,13249,4screws,0.9825,known,4screws,0.0133,0.0,0,5,manual
4,13250,4screws,0.7388,known,4screws,0.0123,0.0,0,5,manual
4,13251,4screws,0.8084,known,4screws,0.0113,0.0,0,5,manual
4,13252,4screws,0.7778,known,4screws,0.0104,0.0,0,5,manual
4,13253,4screws,0.6998,known,4screws,0.0096,0.0,0,5,manual
4,13254,4screws,0.963,known,4screws,0.0088,0.0,0,5,manual
4,13255,4screws,0.7504,known,4screws,0.0081,0.0,0,5,manual
4,13256,4screws,0.9,known,4screws,0.0074,0.0,0,5,manual
4,13257,4screws,0.7111,known,4screws,0.0068,0.0,0,5,manual
4,13258,4screws,0.74,known,4screws,0.0063,0.0,0,5,manual
4,13259,4screws,0.8298,known,4screws,0.0058,0.0,0,5,manual
4,13260,4screws,1.0013,unknown,,0.0853,0.0,0,5,manual
4,13261,4screws,0.9151,known,4screws,0.0785,0.0,0,5,manual
4,13262,4screws,0.8071,known,4screws,0.0722,0.0,0,5,manual
4,13263,4screws,0.8558,known,4screws,0.0664,0.0,0,5,manual
4,13264,4screws,0.9187,known,4screws,0.0611,0.0,0,5,manual
4,13265,4screws,0.7807,known,4screws,0.0562,0.0,0,5,manual
4,13266,4screws,0.7376,known,4screws,0.0517,0.0,0,5,manual
4,13267,4screws,0.7503,known,4screws,0.0476,0.0,0,5,manual
4,13268,4screws,0.6727,known,4screws,0.0438,0.0,0,5,manual
4,13269,4screws,0.925,known,4screws,0.0403,0.0,0,5,manual
4,13270,4screws,0.6561,known,4screws,0.0371,0.0,0,5,manual
4,13271,4screws,0.6619,known,4screws,0.0341,0.0,0,5,manual
4,13272,4screws,0.7495,known,4screws,0.0314,0.0,0,5,manual
4,13273,4screws,0.7065,known,4screws,0.0289,0.0,0,5,manual
4,13274,4screws,0.9497,known,4screws,0.0266,0.0,0,5,manual
4,13275,4screws,0.6773,known,4screws,0.0244,0.0,0,5,manual
4,13276,4screws,0.8536,known,4screws,0.0225,0.0,0,5,manual
4,13277,4screws,0.7633,known,4screws,0.0207,0.0,0,5,manual
4,13278,4screws,0.8706,known,4screws,0.019,0.0,0,5,manual
4,13279,4screws,1.012,unknown,,0.0975,0.01,0,5,manual
4,13280,4screws,0.8148,known,4screws,0.0897,0.0,0,5,manual
4,13281,4screws,0.8127,known,4screws,0.0825,0.0,0,5,manual
4,13282,4screws,0.6959,known,4screws,0.0759,0.0,0,5,manual
4,13283,4screws,0.8472,known,4screws,0.0698,0.0,0,5,manual
4,13284,4screws,0.7779,known,4screws,0.0643,0.0,0,5,manual
4,13285,4screws,0.7499,known,4screws,0.0591,0.0,0,5,manual
4,13286,4screws,0.8432,known,4screws,0.0544,0.0,0,5,manual
4,13287,4screws,0.7239,known,4screws,0.05,0.0,0,5,manual
4,13288,4screws,0.8109,known,4screws,0.046,0.0,0,5,manual
4,13289,4screws,0.6477,known,4screws,0.0424,0.0,0,5,manual
4,13290,4screws,0.8553,known,4screws,0.039,0.0,0,5,manual
4,13291,4screws,0.818,known,4screws,0.0358,0.0,0,5,manual
4,13292,4screws,0.8978,known,4screws,0.033,0.0,0,5,manual
4,13293,4screws,0.7807,known,4screws,0.0303,0.0,0,5,manual
4,13294,4screws,0.7779,known,4screws,0.0279,0.0,0,5,manual
4,13295,4screws,0.8536,known,4screws,0.0257,0.0,0,5,manual
4,13296,4screws,0.8553,known,4screws,0.0236,0.0,0,5,manual
4,13297,4screws,0.8127,known,4screws,0.0217,0.0,0,5,manual
4,13298,4screws,1.0013,unknown,,0.1,0.0,0,5,manual
4,13299,4screws,0.8109,known,4screws,0.092,0.0,0,5,manual
4,13300,4screws,0.6561,known,4screws,0.0846,0.0,0,5,manual
4,13301,4screws,0.9151,known,4screws,0.0779,0.0,0,5,manual
4,13302,4screws,0.7376,known,4screws,0.0716,0.0,0,5,manual
4,13303,4screws,0.8525,known,4screws,0.0659,0.0,0,5,manual
4,13304,4screws,0.8298,known,4screws,0.0606,0.0,0,5,manual
4,13305,4screws,0.9825,known,4screws,0.0558,0.0,0,5,manual
4,13306,4screws,0.9425,known,4screws,0.0513,0.0,0,5,manual
4,13307,4screws,0.7111,known,4screws,0.0472,0.0,0,5,manual
4,13308,4screws,0.7778,known,4screws,0.0434,0.0,0,5,manual
4,13309,4screws,0.8978,known,4screws,0.04,0.0,0,5,manual
4,13310,4screws,0.7504,known,4screws,0.0368,0.0,0,5,manual
4,13311,4screws,0.6619,known,4screws,0.0338,0.0,0,5,manual
4,13312,4screws,0.8706,known,4screws,0.0311,0.0,0,5,manual
4,13313,4screws,0.7025,known,4screws,0.0286,0.0,0,5,manual
4,13314,4screws,0.9962,known,4screws,0.0263,0.0,0,5,manual
4,13315,4screws,0.7239,known,4screws,0.0242,0.0,0,5,manual
4,13316,4screws,0.6998,known,4screws,0.0223,0.0,0,5,manual
4,13317,4screws,0.963,known,4screws,0.0205,0.0,0,5,manual
4,13318,4screws,0.6727,known,4screws,0.0189,0.0,0,5,manual
4,13319,4screws,0.8158,known,4screws,0.0174,0.0,0,5,manual
4,13320,4screws,0.8148,known,4screws,0.016,0.0,0,5,manual
4,13321,4screws,0.8084,known,4screws,0.0147,0.0,0,5,manual
4,13322,4screws,0.7503,known,4screws,0.0135,0.0,0,5,manual
4,13323,4screws,0.7039,known,4screws,0.0124,0.0,0,5,manual
4,13324,4screws,0.6959,known,4screws,0.0114,0.0,0,5,manual
4,13325,4screws,0.9,known,4screws,0.0105,0.0,0,5,manual
4,13326,4screws,0.7388,known,4screws,0.0097,0.0,0,5,manual
4,13327,4screws,0.8472,known,4screws,0.0089,0.0,0,5,manual
4,13328,4screws,0.5882,known,4screws,0.0082,0.0,0,5,manual
4,13329,4screws,0.8432,known,4screws,0.0075,0.0,0,5,manual
4,13330,4screws,0.7623,known,4screws,0.0069,0.0,0,5,manual
4,13331,4screws,0.6477,known,4screws,0.0064,0.0,0,5,manual
4,13332,4screws,0.957,known,4screws,0.0059,0.0,0,5,manual
4,13333,4screws,0.8558,known,4screws,0.0054,0.0,0,5,manual
4,13334,4screws,0.867,known,4screws,0.005,0.0,0,5,manual
4,13335,4screws,0.9497,known,4screws,0.0046,0.0,0,5,manual
4,13336,4screws,0.8071,known,4screws,0.0042,0.0,0,5,manual
4,13337,4screws,0.7495,known,4screws,0.0039,0.0,0,5,manual
4,13338,4screws,0.7499,known,4screws,0.0036,0.0,0,5,manual
4,13339,4screws,0.6773,known,4screws,0.0033,0.0,0,5,manual
4,13340,4screws,0.9276,known,4screws,0.003,0.0,0,5,manual
4,13341,4screws,1.012,unknown,,0.0828,0.01,0,5,manual
4,13342,4screws,0.818,known,4screws,0.0762,0.0,0,5,manual
4,13343,4screws,0.74,known,4screws,0.0701,0.0,0,5,manual
4,13344,4screws,0.925,known,4screws,0.0645,0.0,0,5,manual
4,13345,4screws,0.8438,known,4screws,0.0593,0.0,0,5,manual
4,13346,4screws,0.566,known,4screws,0.0546,0.0,0,5,manual
4,13347,4screws,0.8556,known,4screws,0.0502,0.0,0,5,manual
4,13348,4screws,0.7633,known,4screws,0.0462,0.0,0,5,manual
4,13349,4screws,0.9187,known,4screws,0.0425,0.0,0,5,manual
4,13350,4screws,0.7065,known,4screws,0.0391,0.0,0,5,manual
4,13351,4screws,0.7025,known,4screws,0.036,0.0,0,5,manual
4,13352,4screws,0.8084,known,4screws,0.0331,0.0,0,5,manual
4,13353,4screws,0.7065,known,4screws,0.0304,0.0,0,5,manual
4,13354,4screws,0.7807,known,4screws,0.028,0.0,0,5,manual
4,13355,4screws,0.8438,known,4screws,0.0258,0.0,0,5,manual
4,13356,4screws,0.7388,known,4screws,0.0237,0.0,0,5,manual
4,13357,4screws,0.7778,known,4screws,0.0218,0.0,0,5,manual
4,13358,4screws,1.012,unknown,,0.1001,0.01,0,5,manual
4,13359,4screws,0.7623,known,4screws,0.0921,0.0,0,5,manual
4,13360,4screws,0.6727,known,4screws,0.0847,0.0,0,5,manual
4,13361,4screws,0.7499,known,4screws,0.0779,0.0,0,5,manual
4,13362,4screws,0.9276,known,4screws,0.0717,0.0,0,5,manual
4,13363,4screws,0.8432,known,4screws,0.0659,0.0,0,5,manual
4,13364,4screws,0.6561,known,4screws,0.0607,0.0,0,5,manual
4,13365,4screws,0.8158,known,4screws,0.0558,0.0,0,5,manual
4,13366,4screws,0.8556,known,4screws,0.0514,0.0,0,5,manual
4,13367,4screws,0.7503,known,4screws,0.0472,0.0,0,5,manual
4,13368,4screws,0.8536,known,4screws,0.0435,0.0,0,5,manual
4,13369,4screws,0.957,known,4screws,0.04,0.0,0,5,manual
4,13370,4screws,0.9425,known,4screws,0.0368,0.0,0,5,manual
4,13371,4screws,0.7376,known,4screws,0.0338,0.0,0,5,manual
4,13372,4screws,0.8525,known,4screws,0.0311,0.0,0,5,manual
4,13373,4screws,0.7239,known,4screws,0.0286,0.0,0,5,manual
4,13374,4screws,0.7504,known,4screws,0.0264,0.0,0,5,manual
4,13375,4screws,0.7633,known,4screws,0.0242,0.0,0,5,manual
4,13376,4screws,0.6773,known,4screws,0.0223,0.0,0,5,manual
4,13377,4screws,0.9187,known,4screws,0.0205,0.0,0,5,manual
4,13378,4screws,1.0013,unknown,,0.0989,0.0,0,5,manual
4,13379,4screws,0.9825,known,4screws,0.091,0.0,0,5,manual
4,13380,4screws,0.9962,known,4screws,0.0837,0.0,0,5,manual
4,13381,4screws,0.9151,known,4screws,0.077,0.0,0,5,manual
4,13382,4screws,0.7039,known,4screws,0.0708,0.0,0,5,manual
4,13383,4screws,0.8148,known,4screws,0.0652,0.0,0,5,manual
4,13384,4screws,0.74,known,4screws,0.06,0.0,0,5,manual
4,13385,4screws,0.9,known,4screws,0.0552,0.0,0,5,manual
4,13386,4screws,0.566,known,4screws,0.0507,0.0,0,5,manual
4,13387,4screws,0.8706,known,4screws,0.0467,0.0,0,5,manual
4,13388,4screws,0.5882,known,4screws,0.043,0.0,0,5,manual
4,13389,4screws,0.6619,known,4screws,0.0395,0.0,0,5,manual
4,13390,4screws,0.8298,known,4screws,0.0364,0.0,0,5,manual
4,13391,4screws,0.9497,known,4screws,0.0334,0.0,0,5,manual
4,13392,4screws,0.7495,known,4screws,0.0308,0.0,0,5,manual
4,13393,4screws,0.8472,known,4screws,0.0283,0.0,0,5,manual
4,13394,4screws,0.818,known,4screws,0.026,0.0,0,5,manual
4,13395,4screws,0.6959,known,4screws,0.024,0.0,0,5,manual
4,13396,4screws,0.963,known,4screws,0.022,0.0,0,5,manual
4,13397,4screws,0.7111,known,4screws,0.0203,0.0,0,5,manual
4,13398,4screws,0.8109,known,4screws,0.0187,0.0,0,5,manual
4,13399,4screws,0.8127,known,4screws,0.0172,0.0,0,5,manual
4,13400,4screws,0.6998,known,4screws,0.0158,0.0,0,5,manual
4,13401,4screws,0.8071,known,4screws,0.0145,0.0,0,5,manual
4,13402,4screws,0.867,known,4screws,0.0134,0.0,0,5,manual
4,13403,4screws,0.8553,known,4screws,0.0123,0.0,0,5,manual
4,13404,4screws,0.8978,known,4screws,0.0113,0.0,0,5,manual
4,13405,4screws,0.925,known,4screws,0.0104,0.0,0,5,manual
4,13406,4screws,0.7779,known,4screws,0.0096,0.0,0,5,manual
4,13407,4screws,0.8558,known,4screws,0.0088,0.0,0,5,manual
4,13408,4screws,0.6477,known,4screws,0.0081,0.0,0,5,manual
4,13409,4screws,0.8525,known,4screws,0.0075,0.0,0,5,manual
4,13410,4screws,0.9,known,4screws,0.0069,0.0,0,5,manual
4,13411,4screws,0.9151,known,4screws,0.0063,0.0,0,5,manual
4,13412,4screws,0.9425,known,4screws,0.0058,0.0,0,5,manual
4,13413,4screws,0.7239,known,4screws,0.0053,0.0,0,5,manual
4,13414,4screws,0.8109,known,4screws,0.0049,0.0,0,5,manual
4,13415,4screws,0.9187,known,4screws,0.0045,0.0,0,5,manual
4,13416,4screws,0.9497,known,4screws,0.0042,0.0,0,5,manual
4,13417,4screws,0.8432,known,4screws,0.0038,0.0,0,5,manual
4,13418,4screws,0.8556,known,4screws,0.0035,0.0,0,5,manual
4,13419,4screws,0.7025,known,4screws,0.0032,0.0,0,5,manual
4,13420,4screws,0.7499,known,4screws,0.003,0.0,0,5,manual
4,13421,4screws,0.818,known,4screws,0.0027,0.0,0,5,manual
4,13422,4screws,0.6998,known,4screws,0.0025,0.0,0,5,manual
4,13423,4screws,0.7807,known,4screws,0.0023,0.0,0,5,manual
4,13424,4screws,0.957,known,4screws,0.0021,0.0,0,5,manual
4,13425,4screws,0.5882,known,4screws,0.002,0.0,0,5,manual
4,13426,4screws,0.7778,known,4screws,0.0018,0.0,0,5,manual
4,13427,4screws,0.8158,known,4screws,0.0017,0.0,0,5,manual
4,13428,4screws,0.6959,known,4screws,0.0015,0.0,0,5,manual
4,13429,4screws,0.8071,known,4screws,0.0014,0.0,0,5,manual
4,13430,4screws,0.8084,known,4screws,0.0013,0.0,0,5,manual
4,13431,4screws,0.6561,known,4screws,0.0012,0.0,0,5,manual
4,13432,4screws,0.7504,known,4screws,0.0011,0.0,0,5,manual
4,13433,4screws,1.012,unknown,,0.081,0.01,0,5,manual
4,13434,4screws,0.8978,known,4screws,0.0745,0.0,0,5,manual
4,13435,4screws,1.0013,unknown,,0.1486,0.0,0,5,manual
4,13436,4screws,0.8536,known,4screws,0.1367,0.0,0,5,manual
4,13437,4screws,0.7633,known,4screws,0.1257,0.0,0,5,manual
4,13438,4screws,0.8148,known,4screws,0.1157,0.0,0,5,manual
4,13439,4screws,0.7779,known,4screws,0.1064,0.0,0,5,manual
4,13440,4screws,0.7065,known,4screws,0.0979,0.0,0,5,manual
4,13441,4screws,0.74,known,4screws,0.0901,0.0,0,5,manual
4,13442,4screws,0.6619,known,4screws,0.0829,0.0,0,5,manual
4,13443,4screws,0.7623,known,4screws,0.0762,0.0,0,5,manual
4,13444,4screws,0.7376,known,4screws,0.0701,0.0,0,5,manual
4,13445,4screws,0.9825,known,4screws,0.0645,0.0,0,5,manual
4,13446,4screws,0.6727,known,4screws,0.0594,0.0,0,5,manual
4,13447,4screws,0.8558,known,4screws,0.0546,0.0,0,5,manual
4,13448,4screws,0.9962,known,4screws,0.0503,0.0,0,5,manual
4,13449,4screws,0.7039,known,4screws,0.0462,0.0,0,5,manual
4,13450,4screws,0.8127,known,4screws,0.0425,0.0,0,5,manual
4,13451,4screws,0.9276,known,4screws,0.0391,0.0,0,5,manual
4,13452,4screws,0.8472,known,4screws,0.036,0.0,0,5,manual
4,13453,4screws,0.6773,known,4screws,0.0331,0.0,0,5,manual
4,13454,4screws,0.8553,known,4screws,0.0305,0.0,0,5,manual
4,13455,4screws,0.925,known,4screws,0.028,0.0,0,5,manual
4,13456,4screws,0.566,known,4screws,0.0258,0.0,0,5,manual
4,13457,4screws,0.8298,known,4screws,0.0237,0.0,0,5,manual
4,13458,4screws,0.7495,known,4screws,0.0218,0.0,0,5,manual
4,13459,4screws,0.8706,known,4screws,0.0201,0.0,0,5,manual
4,13460,4screws,0.6477,known,4screws,0.0185,0.0,0,5,manual
4,13461,4screws,0.963,known,4screws,0.017,0.0,0,5,manual
4,13462,4screws,0.867,known,4screws,0.0156,0.0,0,5,manual
4,13463,4screws,0.7111,known,4screws,0.0144,0.0,0,5,manual
4,13464,4screws,0.7503,known,4screws,0.0132,0.0,0,5,manual
4,13465,4screws,0.7388,known,4screws,0.0122,0.0,0,5,manual
4,13466,4screws,0.8438,known,4screws,0.0112,0.0,0,5,manual
4,13467,4screws,0.818,known,4screws,0.0103,0.0,0,5,manual
4,13468,4screws,0.8084,known,4screws,0.0095,0.0,0,5,manual
4,13469,4screws,0.6959,known,4screws,0.0087,0.0,0,5,manual
4,13470,4screws,0.8158,known,4screws,0.008,0.0,0,5,manual
4,13471,4screws,0.9425,known,4screws,0.0074,0.0,0,5,manual
4,13472,4screws,0.6477,known,4screws,0.0068,0.0,0,5,manual
4,13473,4screws,0.957,known,4screws,0.0062,0.0,0,5,manual
4,13474,4screws,0.7807,known,4screws,0.0057,0.0,0,5,manual
4,13475,4screws,0.9187,known,4screws,0.0053,0.0,0,5,manual
4,13476,4screws,0.8558,known,4screws,0.0049,0.0,0,5,manual
4,13477,4screws,0.7633,known,4screws,0.0045,0.0,0,5,manual
4,13478,4screws,0.7065,known,4screws,0.0041,0.0,0,5,manual
4,13479,4screws,0.8556,known,4screws,0.0038,0.0,0,5,manual
4,13480,4screws,0.9825,known,4screws,0.0035,0.0,0,5,manual
4,13481,4screws,0.8525,known,4screws,0.0032,0.0,0,5,manual
4,13482,4screws,0.7504,known,4screws,0.003,0.0,0,5,manual
4,13483,4screws,0.8536,known,4screws,0.0027,0.0,0,5,manual
4,13484,4screws,0.8978,known,4screws,0.0025,0.0,0,5,manual
4,13485,4screws,0.7495,known,4screws,0.0023,0.0,0,5,manual
4,13486,4screws,0.9962,known,4screws,0.0021,0.0,0,5,manual
4,13487,4screws,0.963,known,4screws,0.0019,0.0,0,5,manual
4,13488,4screws,0.6561,known,4screws,0.0018,0.0,0,5,manual
4,13489,4screws,0.7779,known,4screws,0.0016,0.0,0,5,manual
4,13490,4screws,0.7623,known,4screws,0.0015,0.0,0,5,manual
4,13491,4screws,0.9497,known,4screws,0.0014,0.0,0,5,manual
4,13492,4screws,0.7499,known,4screws,0.0013,0.0,0,5,manual
4,13493,4screws,0.5882,known,4screws,0.0012,0.0,0,5,manual
4,13494,4screws,0.7388,known,4screws,0.0011,0.0,0,5,manual
4,13495,4screws,0.8148,known,4screws,0.001,0.0,0,5,manual
4,13496,4screws,0.7111,known,4screws,0.0009,0.0,0,5,manual
4,13497,4screws,0.7239,known,4screws,0.0008,0.0,0,5,manual
4,13498,4screws,0.74,known,4screws,0.0008,0.0,0,5,manual
4,13499,4screws,0.7503,known,4screws,0.0007,0.0,0,5,manual
4,13500,4screws,0.8127,known,4screws,0.0007,0.0,0,5,manual
4,13501,4screws,0.7376,known,4screws,0.0006,0.0,0,5,manual
4,13502,4screws,0.8472,known,4screws,0.0006,0.0,0,5,manual
4,13503,4screws,0.867,known,4screws,0.0005,0.0,0,5,manual
4,13504,4screws,0.6727,known,4screws,0.0005,0.0,0,5,manual
4,13505,4screws,1.012,unknown,,0.0804,0.01,0,5,manual
4,13506,4screws,0.7039,known,4screws,0.074,0.0,0,5,manual
4,13507,4screws,0.8553,known,4screws,0.0681,0.0,0,5,manual
4,13508,4screws,0.9151,known,4screws,0.0626,0.0,0,5,manual
4,13509,4screws,0.6619,known,4screws,0.0576,0.0,0,5,manual
4,13510,4screws,1.0013,unknown,,0.133,0.0,0,5,manual
4,13511,4screws,0.8438,known,4screws,0.1224,0.0,0,5,manual
4,13512,4screws,0.566,known,4screws,0.1126,0.0,0,5,manual
4,13513,4screws,0.7025,known,4screws,0.1036,0.0,0,5,manual
4,13514,4screws,0.8432,known,4screws,0.0953,0.0,0,5,manual
4,13515,4screws,0.8706,known,4screws,0.0877,0.0,0,5,manual
4,13516,4screws,0.8071,known,4screws,0.0807,0.0,0,5,manual
4,13517,4screws,0.8109,known,4screws,0.0742,0.0,0,5,manual
4,13518,4screws,0.9,known,4screws,0.0683,0.0,0,5,manual
4,13519,4screws,0.6773,known,4screws,0.0628,0.0,0,5,manual
4,13520,4screws,0.6998,known,4screws,0.0578,0.0,0,5,manual
4,13521,4screws,0.8298,known,4screws,0.0532,0.0,0,5,manual
4,13522,4screws,0.7778,known,4screws,0.0489,0.0,0,5,manual
4,13523,4screws,0.925,known,4screws,0.045,0.0,0,5,manual
4,13524,4screws,0.9276,known,4screws,0.0414,0.0,0,5,manual
4,13525,4screws,0.8472,known,4screws,0.0381,0.0,0,5,manual
4,13526,4screws,0.925,known,4screws,0.035,0.0,0,5,manual
4,13527,4screws,0.9276,known,4screws,0.0322,0.0,0,5,manual
4,13528,4screws,0.7503,known,4screws,0.0297,0.0,0,5,manual
4,13529,4screws,0.963,known,4screws,0.0273,0.0,0,5,manual
4,13530,4screws,0.9,known,4screws,0.0251,0.0,0,5,manual
4,13531,4screws,1.0013,unknown,,0.1031,0.0,0,5,manual
4,13532,4screws,0.7376,known,4screws,0.0948,0.0,0,5,manual
4,13533,4screws,0.8553,known,4screws,0.0873,0.0,0,5,manual
4,13534,4screws,0.8438,known,4screws,0.0803,0.0,0,5,manual
4,13535,4screws,0.7504,known,4screws,0.0739,0.0,0,5,manual
4,13536,4screws,0.6773,known,4screws,0.0679,0.0,0,5,manual
4,13537,4screws,0.7239,known,4screws,0.0625,0.0,0,5,manual
4,13538,4screws,0.8556,known,4screws,0.0575,0.0,0,5,manual
4,13539,4screws,0.8148,known,4screws,0.0529,0.0,0,5,manual
4,13540,4screws,0.5882,known,4screws,0.0487,0.0,0,5,manual
4,13541,4screws,0.7388,known,4screws,0.0448,0.0,0,5,manual
4,13542,4screws,0.9187,known,4screws,0.0412,0.0,0,5,manual
4,13543,4screws,0.8158,known,4screws,0.0379,0.0,0,5,manual
4,13544,4screws,0.8071,known,4screws,0.0349,0.0,0,5,manual
4,13545,4screws,0.818,known,4screws,0.0321,0.0,0,5,manual
4,13546,4screws,0.8432,known,4screws,0.0295,0.0,0,5,manual
4,13547,4screws,0.7499,known,4screws,0.0272,0.0,0,5,manual
4,13548,4screws,0.9962,known,4screws,0.025,0.0,0,5,manual
4,13549,4screws,0.9425,known,4screws,0.023,0.0,0,5,manual
4,13550,4screws,0.8109,known,4screws,0.0211,0.0,0,5,manual
4,13551,4screws,0.566,known,4screws,0.0195,0.0,0,5,manual
4,13552,4screws,0.8084,known,4screws,0.0179,0.0,0,5,manual
4,13553,4screws,0.7495,known,4screws,0.0165,0.0,0,5,manual
4,13554,4screws,0.6727,known,4screws,0.0151,0.0,0,5,manual
4,13555,4screws,0.9825,known,4screws,0.0139,0.0,0,5,manual
4,13556,4screws,0.74,known,4screws,0.0128,0.0,0,5,manual
4,13557,4screws,0.6561,known,4screws,0.0118,0.0,0,5,manual
4,13558,4screws,0.6959,known,4screws,0.0109,0.0,0,5,manual
4,13559,4screws,0.7779,known,4screws,0.01,0.0,0,5,manual
4,13560,4screws,0.7633,known,4screws,0.0092,0.0,0,5,manual
4,13561,4screws,0.8525,known,4screws,0.0084,0.0,0,5,manual
4,13562,4screws,0.8558,known,4screws,0.0078,0.0,0,5,manual
4,13563,4screws,0.7025,known,4screws,0.0072,0.0,0,5,manual
4,13564,4screws,0.8978,known,4screws,0.0066,0.0,0,5,manual
4,13565,4screws,0.8706,known,4screws,0.0061,0.0,0,5,manual
4,13566,4screws,0.7778,known,4screws,0.0056,0.0,0,5,manual
4,13567,4screws,0.957,known,4screws,0.0051,0.0,0,5,manual
4,13568,4screws,0.7623,known,4screws,0.0047,0.0,0,5,manual
4,13569,4screws,0.8298,known,4screws,0.0043,0.0,0,5,manual
4,13570,4screws,0.6477,known,4screws,0.004,0.0,0,5,manual
4,13571,4screws,0.8127,known,4screws,0.0037,0.0,0,5,manual
4,13572,4screws,0.7111,known,4screws,0.0034,0.0,0,5,manual
4,13573,4screws,0.7807,known,4screws,0.0031,0.0,0,5,manual
4,13574,4screws,0.9151,known,4screws,0.0029,0.0,0,5,manual
4,13575,4screws,1.012,unknown,,0.0826,0.01,0,5,manual
4,13576,4screws,0.7039,known,4screws,0.076,0.0,0,5,manual
4,13577,4screws,0.7065,known,4screws,0.0699,0.0,0,5,manual
4,13578,4screws,0.6619,known,4screws,0.0643,0.0,0,5,manual
4,13579,4screws,0.867,known,4screws,0.0592,0.0,0,5,manual
4,13580,4screws,0.8536,known,4screws,0.0545,0.0,0,5,manual
4,13581,4screws,0.9497,known,4screws,0.0501,0.0,0,5,manual
4,13582,4screws,0.6998,known,4screws,0.0461,0.0,0,5,manual
4,13583,4screws,0.8558,known,4screws,0.0424,0.0,0,5,manual
4,13584,4screws,0.7376,known,4screws,0.039,0.0,0,5,manual
4,13585,4screws,0.7623,known,4screws,0.0359,0.0,0,5,manual
4,13586,4screws,0.8536,known,4screws,0.033,0.0,0,5,manual
4,13587,4screws,0.8978,known,4screws,0.0304,0.0,0,5,manual
4,13588,4screws,0.9825,known,4screws,0.0279,0.0,0,5,manual
4,13589,4screws,0.8553,known,4screws,0.0257,0.0,0,5,manual
4,13590,4screws,0.6561,known,4screws,0.0237,0.0,0,5,manual
4,13591,4screws,0.7503,known,4screws,0.0218,0.0,0,5,manual
4,13592,4screws,0.867,known,4screws,0.02,0.0,0,5,manual
4,13593,4screws,0.566,known,4screws,0.0184,0.0,0,5,manual
4,13594,4screws,0.8109,known,4screws,0.0169,0.0,0,5,manual
4,13595,4screws,0.8071,known,4screws,0.0156,0.0,0,5,manual
4,13596,4screws,0.8432,known,4screws,0.0143,0.0,0,5,manual
4,13597,4screws,0.9151,known,4screws,0.0132,0.0,0,5,manual
4,13598,4screws,0.9497,known,4screws,0.0121,0.0,0,5,manual
4,13599,4screws,0.7495,known,4screws,0.0112,0.0,0,5,manual
4,13600,4screws,0.8148,known,4screws,0.0103,0.0,0,5,manual
4,13601,4screws,0.7504,known,4screws,0.0095,0.0,0,5,manual
4,13602,4screws,0.9425,known,4screws,0.0087,0.0,0,5,manual
4,13603,4screws,0.9187,known,4screws,0.008,0.0,0,5,manual
4,13604,4screws,0.6773,known,4screws,0.0074,0.0,0,5,manual
4,13605,4screws,0.818,known,4screws,0.0068,0.0,0,5,manual
4,13606,4screws,0.957,known,4screws,0.0062,0.0,0,5,manual
4,13607,4screws,0.9962,known,4screws,0.0057,0.0,0,5,manual
4,13608,4screws,0.8084,known,4screws,0.0053,0.0,0,5,manual
4,13609,4screws,0.8438,known,4screws,0.0049,0.0,0,5,manual
4,13610,4screws,0.7807,known,4screws,0.0045,0.0,0,5,manual
4,13611,4screws,0.7065,known,4screws,0.0041,0.0,0,5,manual
4,13612,4screws,0.7633,known,4screws,0.0038,0.0,0,5,manual
4,13613,4screws,0.7239,known,4screws,0.0035,0.0,0,5,manual
4,13614,4screws,0.8472,known,4screws,0.0032,0.0,0,5,manual
4,13615,4screws,0.7025,known,4screws,0.0029,0.0,0,5,manual
4,13616,4screws,0.7039,known,4screws,0.0027,0.0,0,5,manual
4,13617,4screws,0.6619,known,4screws,0.0025,0.0,0,5,manual
4,13618,4screws,0.963,known,4screws,0.0023,0.0,0,5,manual
4,13619,4screws,0.9276,known,4screws,0.0021,0.0,0,5,manual
4,13620,4screws,0.8158,known,4screws,0.0019,0.0,0,5,manual
4,13621,4screws,1.012,unknown,,0.0818,0.01,0,5,manual
4,13622,4screws,0.7499,known,4screws,0.0752,0.0,0,5,manual
4,13623,4screws,1.0013,unknown,,0.1492,0.0,0,5,manual
4,13624,4screws,0.6959,known,4screws,0.1373,0.0,0,5,manual
4,13625,4screws,0.8556,known,4screws,0.1263,0.0,0,5,manual
4,13626,4screws,0.7111,known,4screws,0.1162,0.0,0,5,manual
4,13627,4screws,0.6998,known,4screws,0.1069,0.0,0,5,manual
4,13628,4screws,0.5882,known,4screws,0.0983,0.0,0,5,manual
4,13629,4screws,0.6477,known,4screws,0.0905,0.0,0,5,manual
4,13630,4screws,0.74,known,4screws,0.0832,0.0,0,5,manual
4,13631,4screws,0.7779,known,4screws,0.0766,0.0,0,5,manual
4,13632,4screws,0.9,known,4screws,0.0705,0.0,0,5,manual
4,13633,4screws,0.8298,known,4screws,0.0648,0.0,0,5,manual
4,13634,4screws,0.8127,known,4screws,0.0596,0.0,0,5,manual
4,13635,4screws,0.8706,known,4screws,0.0549,0.0,0,5,manual
4,13636,4screws,0.925,known,4screws,0.0505,0.0,0,5,manual
4,13637,4screws,0.7388,known,4screws,0.0464,0.0,0,5,manual
4,13638,4screws,0.8525,known,4screws,0.0427,0.0,0,5,manual
4,13639,4screws,0.7778,known,4screws,0.0393,0.0,0,5,manual
4,13640,4screws,0.6727,known,4screws,0.0362,0.0,0,5,manual
4,13641,4screws,0.8298,known,4screws,0.0333,0.0,0,5,manual
4,13642,4screws,0.8127,known,4screws,0.0306,0.0,0,5,manual
4,13643,4screws,0.9962,known,4screws,0.0282,0.0,0,5,manual
4,13644,4screws,0.7779,known,4screws,0.0259,0.0,0,5,manual
4,13645,4screws,0.6619,known,4screws,0.0238,0.0,0,5,manual
4,13646,4screws,0.7499,known,4screws,0.0219,0.0,0,5,manual
4,13647,4screws,0.8432,known,4screws,0.0202,0.0,0,5,manual
4,13648,4screws,0.8438,known,4screws,0.0186,0.0,0,5,manual
4,13649,4screws,0.8706,known,4screws,0.0171,0.0,0,5,manual
4,13650,4screws,0.7025,known,4screws,0.0157,0.0,0,5,manual
4,13651,4screws,0.8553,known,4screws,0.0145,0.0,0,5,manual
4,13652,4screws,0.7239,known,4screws,0.0133,0.0,0,5,manual
4,13653,4screws,0.9187,known,4screws,0.0122,0.0,0,5,manual
4,13654,4screws,1.0013,unknown,,0.0913,0.0,0,5,manual
4,13655,4screws,0.8536,known,4screws,0.084,0.0,0,5,manual
4,13656,4screws,0.8978,known,4screws,0.0772,0.0,0,5,manual
4,13657,4screws,0.566,known,4screws,0.0711,0.0,0,5,manual
4,13658,4screws,0.8109,known,4screws,0.0654,0.0,0,5,manual
4,13659,4screws,0.74,known,4screws,0.0601,0.0,0,5,manual
4,13660,4screws,0.5882,known,4screws,0.0553,0.0,0,5,manual
4,13661,4screws,0.6727,known,4screws,0.0509,0.0,0,5,manual
4,13662,4screws,0.8158,known,4screws,0.0468,0.0,0,5,manual
4,13663,4screws,0.8472,known,4screws,0.0431,0.0,0,5,manual
4,13664,4screws,0.925,known,4screws,0.0396,0.0,0,5,manual
4,13665,4screws,1.012,unknown,,0.1165,0.01,0,5,manual
4,13666,4screws,0.9276,known,4screws,0.1072,0.0,0,5,manual
4,13667,4screws,0.6959,known,4screws,0.0986,0.0,0,5,manual
4,13668,4screws,0.8525,known,4screws,0.0907,0.0,0,5,manual
4,13669,4screws,0.7388,known,4screws,0.0834,0.0,0,5,manual
4,13670,4screws,0.7503,known,4screws,0.0768,0.0,0,5,manual
4,13671,4screws,0.7807,known,4screws,0.0706,0.0,0,5,manual
4,13672,4screws,0.8084,known,4screws,0.065,0.0,0,5,manual
4,13673,4screws,0.8071,known,4screws,0.0598,0.0,0,5,manual
4,13674,4screws,0.7111,known,4screws,0.055,0.0,0,5,manual
4,13675,4screws,0.6477,known,4screws,0.0506,0.0,0,5,manual
4,13676,4screws,0.6773,known,4screws,0.0465,0.0,0,5,manual
4,13677,4screws,0.9425,known,4screws,0.0428,0.0,0,5,manual
4,13678,4screws,0.6998,known,4screws,0.0394,0.0,0,5,manual
4,13679,4screws,0.7065,known,4screws,0.0362,0.0,0,5,manual
4,13680,4screws,0.9825,known,4screws,0.0333,0.0,0,5,manual
4,13681,4screws,0.7778,known,4screws,0.0307,0.0,0,5,manual
4,13682,4screws,0.7039,known,4screws,0.0282,0.0,0,5,manual
4,13683,4screws,0.7623,known,4screws,0.026,0.0,0,5,manual
4,13684,4screws,0.7504,known,4screws,0.0239,0.0,0,5,manual
4,13685,4screws,0.818,known,4screws,0.022,0.0,0,5,manual
4,13686,4screws,0.9,known,4screws,0.0202,0.0,0,5,manual
4,13687,4screws,0.8558,known,4screws,0.0186,0.0,0,5,manual
4,13688,4screws,0.9497,known,4screws,0.0171,0.0,0,5,manual
4,13689,4screws,0.6561,known,4screws,0.0157,0.0,0,5,manual
4,13690,4screws,0.9151,known,4screws,0.0145,0.0,0,5,manual
4,13691,4screws,0.7633,known,4screws,0.0133,0.0,0,5,manual
4,13692,4screws,0.8556,known,4screws,0.0123,0.0,0,5,manual
4,13693,4screws,0.957,known,4screws,0.0113,0.0,0,5,manual
4,13694,4screws,0.7495,known,4screws,0.0104,0.0,0,5,manual
4,13695,4screws,0.867,known,4screws,0.0095,0.0,0,5,manual
4,13696,4screws,0.7376,known,4screws,0.0088,0.0,0,5,manual
4,13697,4screws,0.963,known,4screws,0.0081,0.0,0,5,manual
4,13698,4screws,0.8148,known,4screws,0.0074,0.0,0,5,manual
4,13699,4screws,0.7807,known,4screws,0.0068,0.0,0,5,manual
4,13700,4screws,0.963,known,4screws,0.0063,0.0,0,5,manual
4,13701,4screws,0.957,known,4screws,0.0058,0.0,0,5,manual
4,13702,4screws,0.7495,known,4screws,0.0053,0.0,0,5,manual
4,13703,4screws,0.7633,known,4screws,0.0049,0.0,0,5,manual
4,13704,4screws,1.0013,unknown,,0.0845,0.0,0,5,manual
4,13705,4screws,0.9497,known,4screws,0.0777,0.0,0,5,manual
4,13706,4screws,0.9187,known,4screws,0.0715,0.0,0,5,manual
4,13707,4screws,0.8071,known,4screws,0.0658,0.0,0,5,manual
4,13708,4screws,0.9962,known,4screws,0.0605,0.0,0,5,manual
4,13709,4screws,0.7388,known,4screws,0.0557,0.0,0,5,manual
4,13710,4screws,0.7623,known,4screws,0.0512,0.0,0,5,manual
4,13711,4screws,0.6959,known,4screws,0.0471,0.0,0,5,manual
4,13712,4screws,0.8109,known,4screws,0.0434,0.0,0,5,manual
4,13713,4screws,0.7503,known,4screws,0.0399,0.0,0,5,manual
4,13714,4screws,0.8438,known,4screws,0.0367,0.0,0,5,manual
4,13715,4screws,0.9151,known,4screws,0.0338,0.0,0,5,manual
4,13716,4screws,0.74,known,4screws,0.0311,0.0,0,5,manual
4,13717,4screws,0.818,known,4screws,0.0286,0.0,0,5,manual
4,13718,4screws,0.8472,known,4screws,0.0263,0.0,0,5,manual
4,13719,4screws,0.6773,known,4screws,0.0242,0.0,0,5,manual
4,13720,4screws,0.566,known,4screws,0.0223,0.0,0,5,manual
4,13721,4screws,0.8084,known,4screws,0.0205,0.0,0,5,manual
4,13722,4screws,0.7025,known,4screws,0.0188,0.0,0,5,manual
4,13723,4screws,0.8556,known,4screws,0.0173,0.0,0,5,manual
4,13724,4screws,0.5882,known,4screws,0.0159,0.0,0,5,manual
4,13725,4screws,0.6998,known,4screws,0.0147,0.0,0,5,manual
4,13726,4screws,0.7376,known,4screws,0.0135,0.0,0,5,manual
4,13727,4screws,0.6561,known,4screws,0.0124,0.0,0,5,manual
4,13728,4screws,0.8553,known,4screws,0.0114,0.0,0,5,manual
4,13729,4screws,0.8432,known,4screws,0.0105,0.0,0,5,manual
4,13730,4screws,0.8978,known,4screws,0.0097,0.0,0,5,manual
4,13731,4screws,0.8158,known,4screws,0.0089,0.0,0,5,manual
4,13732,4screws,0.8298,known,4screws,0.0082,0.0,0,5,manual
4,13733,4screws,0.7039,known,4screws,0.0075,0.0,0,5,manual
4,13734,4screws,0.8706,known,4screws,0.0069,0.0,0,5,manual
4,13735,4screws,0.925,known,4screws,0.0064,0.0,0,5,manual
4,13736,4screws,0.7065,known,4screws,0.0059,0.0,0,5,manual
4,13737,4screws,0.7778,known,4screws,0.0054,0.0,0,5,manual
4,13738,4screws,0.6477,known,4screws,0.005,0.0,0,5,manual
4,13739,4screws,1.012,unknown,,0.0846,0.01,0,5,manual
4,13740,4screws,0.9,known,4screws,0.0778,0.0,0,5,manual
4,13741,4screws,0.8148,known,4screws,0.0716,0.0,0,5,manual
4,13742,4screws,0.867,known,4screws,0.0658,0.0,0,5,manual
4,13743,4screws,0.8536,known,4screws,0.0606,0.0,0,5,manual
4,13744,4screws,0.7504,known,4screws,0.0557,0.0,0,5,manual
4,13745,4screws,0.6727,known,4screws,0.0513,0.0,0,5,manual
4,13746,4screws,0.8558,known,4screws,0.0472,0.0,0,5,manual
4,13747,4screws,0.8525,known,4screws,0.0434,0.0,0,5,manual
4,13748,4screws,0.6619,known,4screws,0.0399,0.0,0,5,manual
4,13749,4screws,0.7499,known,4screws,0.0367,0.0,0,5,manual
4,13750,4screws,0.9425,known,4screws,0.0338,0.0,0,5,manual
4,13751,4screws,0.7111,known,4screws,0.0311,0.0,0,5,manual
4,13752,4screws,0.9276,known,4screws,0.0286,0.0,0,5,manual
4,13753,4screws,0.8127,known,4screws,0.0263,0.0,0,5,manual
4,13754,4screws,0.7779,known,4screws,0.0242,0.0,0,5,manual
4,13755,4screws,0.7239,known,4screws,0.0223,0.0,0,5,manual
4,13756,4screws,0.9825,known,4screws,0.0205,0.0,0,5,manual
4,13757,4screws,0.8525,known,4screws,0.0189,0.0,0,5,manual
4,13758,4screws,0.9276,known,4screws,0.0173,0.0,0,5,manual
4,13759,4screws,0.6727,known,4screws,0.016,0.0,0,5,manual
4,13760,4screws,0.7807,known,4screws,0.0147,0.0,0,5,manual
4,13761,4screws,0.7376,known,4screws,0.0135,0.0,0,5,manual
4,13762,4screws,0.9497,known,4screws,0.0124,0.0,0,5,manual
4,13763,4screws,0.9825,known,4screws,0.0114,0.0,0,5,manual
4,13764,4screws,0.6773,known,4screws,0.0105,0.0,0,5,manual
4,13765,4screws,0.8084,known,4screws,0.0097,0.0,0,5,manual
4,13766,4screws,0.9187,known,4screws,0.0089,0.0,0,5,manual
4,13767,4screws,0.8438,known,4screws,0.0082,0.0,0,5,manual
4,13768,4screws,0.6959,known,4screws,0.0075,0.0,0,5,manual
4,13769,4screws,0.5882,known,4screws,0.0069,0.0,0,5,manual
4,13770,4screws,0.8978,known,4screws,0.0064,0.0,0,5,manual
4,13771,4screws,0.6477,known,4screws,0.0059,0.0,0,5,manual
4,13772,4screws,0.8109,known,4screws,0.0054,0.0,0,5,manual
4,13773,4screws,0.9151,known,4screws,0.005,0.0,0,5,manual
4,13774,4screws,0.7065,known,4screws,0.0046,0.0,0,5,manual
4,13775,4screws,0.8127,known,4screws,0.0042,0.0,0,5,manual
4,13776,4screws,0.8071,known,4screws,0.0039,0.0,0,5,manual
4,13777,4screws,1.012,unknown,,0.0836,0.01,0,5,manual
4,13778,4screws,0.7778,known,4screws,0.0769,0.0,0,5,manual
4,13779,4screws,0.6561,known,4screws,0.0707,0.0,0,5,manual
4,13780,4screws,0.9962,known,4screws,0.0651,0.0,0,5,manual
4,13781,4screws,0.7623,known,4screws,0.0599,0.0,0,5,manual
4,13782,4screws,0.7495,known,4screws,0.0551,0.0,0,5,manual
4,13783,4screws,0.8148,known,4screws,0.0507,0.0,0,5,manual
4,13784,4screws,0.7633,known,4screws,0.0466,0.0,0,5,manual
4,13785,4screws,0.7779,known,4screws,0.0429,0.0,0,5,manual
4,13786,4screws,0.7025,known,4screws,0.0395,0.0,0,5,manual
4,13787,4screws,0.8298,known,4screws,0.0363,0.0,0,5,manual
4,13788,4screws,0.6998,known,4screws,0.0334,0.0,0,5,manual
4,13789,4screws,0.7111,known,4screws,0.0307,0.0,0,5,manual
4,13790,4screws,0.925,known,4screws,0.0283,0.0,0,5,manual
4,13791,4screws,0.8472,known,4screws,0.026,0.0,0,5,manual
4,13792,4screws,0.7503,known,4screws,0.0239,0.0,0,5,manual
4,13793,4screws,0.7499,known,4screws,0.022,0.0,0,5,manual
4,13794,4screws,0.8706,known,4screws,0.0202,0.0,0,5,manual
4,13795,4screws,0.8558,known,4screws,0.0186,0.0,0,5,manual
4,13796,4screws,0.74,known,4screws,0.0171,0.0,0,5,manual
4,13797,4screws,0.8553,known,4screws,0.0158,0.0,0,5,manual
4,13798,4screws,0.957,known,4screws,0.0145,0.0,0,5,manual
4,13799,4screws,0.566,known,4screws,0.0133,0.0,0,5,manual
4,13800,4screws,0.818,known,4screws,0.0123,0.0,0,5,manual
4,13801,4screws,0.963,known,4screws,0.0113,0.0,0,5,manual
4,13802,4screws,0.7504,known,4screws,0.0104,0.0,0,5,manual
4,13803,4screws,1.0013,unknown,,0.0896,0.0,0,5,manual
4,13804,4screws,0.867,known,4screws,0.0824,0.0,0,5,manual
4,13805,4screws,0.7039,known,4screws,0.0758,0.0,0,5,manual
4,13806,4screws,0.9,known,4screws,0.0697,0.0,0,5,manual
4,13807,4screws,0.8556,known,4screws,0.0642,0.0,0,5,manual
4,13808,4screws,0.7388,known,4screws,0.059,0.0,0,5,manual
4,13809,4screws,0.6619,known,4screws,0.0543,0.0,0,5,manual
4,13810,4screws,0.8432,known,4screws,0.05,0.0,0,5,manual
4,13811,4screws,0.7239,known,4screws,0.046,0.0,0,5,manual
4,13812,4screws,0.8158,known,4screws,0.0423,0.0,0,5,manual
4,13813,4screws,0.9425,known,4screws,0.0389,0.0,0,5,manual
4,13814,4screws,0.8536,known,4screws,0.0358,0.0,0,5,manual
4,13815,4screws,0.7025,known,4screws,0.0329,0.0,0,5,manual
4,13816,4screws,1.012,unknown,,0.1103,0.01,0,5,manual
4,13817,4screws,0.8071,known,4screws,0.1015,0.0,0,5,manual
4,13818,4screws,0.8127,known,4screws,0.0934,0.0,0,5,manual
4,13819,4screws,0.9425,known,4screws,0.0859,0.0,0,5,manual
4,13820,4screws,0.9187,known,4screws,0.079,0.0,0,5,manual
4,13821,4screws,0.963,known,4screws,0.0727,0.0,0,5,manual
4,13822,4screws,0.8558,known,4screws,0.0669,0.0,0,5,manual
4,13823,4screws,0.8109,known,4screws,0.0615,0.0,0,5,manual
4,13824,4screws,0.566,known,4screws,0.0566,0.0,0,5,manual
4,13825,4screws,0.9,known,4screws,0.0521,0.0,0,5,manual
4,13826,4screws,0.9151,known,4screws,0.0479,0.0,0,5,manual
4,13827,4screws,0.8158,known,4screws,0.0441,0.0,0,5,manual
4,13828,4screws,0.7376,known,4screws,0.0406,0.0,0,5,manual
4,13829,4screws,0.7779,known,4screws,0.0373,0.0,0,5,manual
4,13830,4screws,0.957,known,4screws,0.0343,0.0,0,5,manual
4,13831,4screws,0.9962,known,4screws,0.0316,0.0,0,5,manual
4,13832,4screws,0.7633,known,4screws,0.0291,0.0,0,5,manual
4,13833,4screws,0.818,known,4screws,0.0267,0.0,0,5,manual
4,13834,4screws,0.9825,known,4screws,0.0246,0.0,0,5,manual
4,13835,4screws,0.7039,known,4screws,0.0226,0.0,0,5,manual
4,13836,4screws,0.867,known,4screws,0.0208,0.0,0,5,manual
4,13837,4screws,0.7504,known,4screws,0.0191,0.0,0,5,manual
4,13838,4screws,0.6727,known,4screws,0.0176,0.0,0,5,manual
4,13839,4screws,1.0013,unknown,,0.0962,0.0,0,5,manual
4,13840,4screws,0.8553,known,4screws,0.0885,0.0,0,5,manual
4,13841,4screws,0.74,known,4screws,0.0814,0.0,0,5,manual
4,13842,4screws,0.8472,known,4screws,0.0749,0.0,0,5,manual
4,13843,4screws,0.7388,known,4screws,0.0689,0.0,0,5,manual
4,13844,4screws,0.9497,known,4screws,0.0634,0.0,0,5,manual
4,13845,4screws,0.8978,known,4screws,0.0583,0.0,0,5,manual
4,13846,4screws,0.6477,known,4screws,0.0537,0.0,0,5,manual
4,13847,4screws,0.7065,known,4screws,0.0494,0.0,0,5,manual
4,13848,4screws,0.8298,known,4screws,0.0454,0.0,0,5,manual
4,13849,4screws,0.6998,known,4screws,0.0418,0.0,0,5,manual
4,13850,4screws,0.8084,known,4screws,0.0384,0.0,0,5,manual
4,13851,4screws,0.8148,known,4screws,0.0354,0.0,0,5,manual
4,13852,4screws,0.925,known,4screws,0.0325,0.0,0,5,manual
4,13853,4screws,0.6959,known,4screws,0.0299,0.0,0,5,manual
4,13854,4screws,0.8556,known,4screws,0.0275,0.0,0,5,manual
4,13855,4screws,0.7623,known,4screws,0.0253,0.0,0,5,manual
4,13856,4screws,0.7111,known,4screws,0.0233,0.0,0,5,manual
4,13857,4screws,0.5882,known,4screws,0.0214,0.0,0,5,manual
4,13858,4screws,0.9276,known,4screws,0.0197,0.0,0,5,manual
4,13859,4screws,0.8536,known,4screws,0.0182,0.0,0,5,manual
4,13860,4screws,0.8432,known,4screws,0.0167,0.0,0,5,manual
4,13861,4screws,0.7499,known,4screws,0.0154,0.0,0,5,manual
4,13862,4screws,0.8525,known,4screws,0.0141,0.0,0,5,manual
4,13863,4screws,0.8438,known,4screws,0.013,0.0,0,5,manual
4,13864,4screws,0.6561,known,4screws,0.012,0.0,0,5,manual
4,13865,4screws,0.6773,known,4screws,0.011,0.0,0,5,manual
4,13866,4screws,0.6619,known,4screws,0.0101,0.0,0,5,manual
4,13867,4screws,0.7495,known,4screws,0.0093,0.0,0,5,manual
4,13868,4screws,0.7503,known,4screws,0.0086,0.0,0,5,manual
4,13869,4screws,0.7807,known,4screws,0.0079,0.0,0,5,manual
4,13870,4screws,0.7239,known,4screws,0.0073,0.0,0,5,manual
4,13871,4screws,0.7778,known,4screws,0.0067,0.0,0,5,manual
4,13872,4screws,0.8706,known,4screws,0.0061,0.0,0,5,manual
4,13873,4screws,0.74,known,4screws,0.0056,0.0,0,5,manual
4,13874,4screws,0.6959,known,4screws,0.0052,0.0,0,5,manual
4,13875,4screws,1.012,unknown,,0.0848,0.01,0,5,manual
4,13876,4screws,0.8553,known,4screws,0.078,0.0,0,5,manual
4,13877,4screws,0.7633,known,4screws,0.0718,0.0,0,5,manual
4,13878,4screws,0.7503,known,4screws,0.066,0.0,0,5,manual
4,13879,4screws,0.867,known,4screws,0.0607,0.0,0,5,manual
4,13880,4screws,0.7025,known,4screws,0.0559,0.0,0,5,manual
4,13881,4screws,0.9825,known,4screws,0.0514,0.0,0,5,manual
4,13882,4screws,0.8084,known,4screws,0.0473,0.0,0,5,manual
4,13883,4screws,0.6727,known,4screws,0.0435,0.0,0,5,manual
4,13884,4screws,0.963,known,4screws,0.04,0.0,0,5,manual
4,13885,4screws,0.9425,known,4screws,0.0368,0.0,0,5,manual
4,13886,4screws,0.7376,known,4screws,0.0339,0.0,0,5,manual
4,13887,4screws,0.8472,known,4screws,0.0312,0.0,0,5,manual
4,13888,4screws,0.7499,known,4screws,0.0287,0.0,0,5,manual
4,13889,4screws,0.6561,known,4screws,0.0264,0.0,0,5,manual
4,13890,4screws,0.7779,known,4screws,0.0243,0.0,0,5,manual
4,13891,4screws,0.925,known,4screws,0.0223,0.0,0,5,manual
4,13892,4screws,0.7065,known,4screws,0.0205,0.0,0,5,manual
4,13893,4screws,0.7388,known,4screws,0.0189,0.0,0,5,manual
4,13894,4screws,0.8298,known,4screws,0.0174,0.0,0,5,manual
4,13895,4screws,0.9276,known,4screws,0.016,0.0,0,5,manual
4,13896,4screws,0.7239,known,4screws,0.0147,0.0,0,5,manual
4,13897,4screws,0.6998,known,4screws,0.0135,0.0,0,5,manual
4,13898,4screws,0.7111,known,4screws,0.0125,0.0,0,5,manual
4,13899,4screws,0.8558,known,4screws,0.0115,0.0,0,5,manual
4,13900,4screws,0.9187,known,4screws,0.0105,0.0,0,5,manual
4,13901,4screws,0.8071,known,4screws,0.0097,0.0,0,5,manual
4,13902,4screws,0.7623,known,4screws,0.0089,0.0,0,5,manual
4,13903,4screws,0.6619,known,4screws,0.0082,0.0,0,5,manual
4,13904,4screws,0.6477,known,4screws,0.0076,0.0,0,5,manual
4,13905,4screws,0.8706,known,4screws,0.0069,0.0,0,5,manual
4,13906,4screws,0.8158,known,4screws,0.0064,0.0,0,5,manual
4,13907,4screws,0.8525,known,4screws,0.0059,0.0,0,5,manual
4,13908,4screws,0.957,known,4screws,0.0054,0.0,0,5,manual
4,13909,4screws,0.566,known,4screws,0.005,0.0,0,5,manual
4,13910,4screws,0.8432,known,4screws,0.0046,0.0,0,5,manual
4,13911,4screws,0.8148,known,4screws,0.0042,0.0,0,5,manual
4,13912,4screws,0.7495,known,4screws,0.0039,0.0,0,5,manual
4,13913,4screws,0.5882,known,4screws,0.0036,0.0,0,5,manual
4,13914,4screws,0.818,known,4screws,0.0033,0.0,0,5,manual
4,13915,4screws,0.9,known,4screws,0.003,0.0,0,5,manual
4,13916,4screws,0.9151,known,4screws,0.0028,0.0,0,5,manual
4,13917,4screws,0.8438,known,4screws,0.0026,0.0,0,5,manual
4,13918,4screws,0.7039,known,4screws,0.0024,0.0,0,5,manual
4,13919,4screws,0.7778,known,4screws,0.0022,0.0,0,5,manual
4,13920,4screws,0.8127,known,4screws,0.002,0.0,0,5,manual
4,13921,4screws,0.9962,known,4screws,0.0018,0.0,0,5,manual
4,13922,4screws,0.6773,known,4screws,0.0017,0.0,0,5,manual
4,13923,4screws,0.8536,known,4screws,0.0015,0.0,0,5,manual
4,13924,4screws,1.0013,unknown,,0.0814,0.0,0,5,manual
4,13925,4screws,0.7807,known,4screws,0.0749,0.0,0,5,manual
4,13926,4screws,0.8109,known,4screws,0.0689,0.0,0,5,manual
4,13927,4screws,0.9497,known,4screws,0.0634,0.0,0,5,manual
4,13928,4screws,0.8978,known,4screws,0.0583,0.0,0,5,manual
4,13929,4screws,0.7504,known,4screws,0.0537,0.0,0,5,manual
4,13930,4screws,0.8556,known,4screws,0.0494,0.0,0,5,manual
4,13931,4screws,0.9187,known,4screws,0.0454,0.0,0,5,manual
4,13932,4screws,0.6477,known,4screws,0.0418,0.0,0,5,manual
4,13933,4screws,0.8432,known,4screws,0.0384,0.0,0,5,manual
4,13934,4screws,0.6727,known,4screws,0.0354,0.0,0,5,manual
4,13935,4screws,0.6561,known,4screws,0.0325,0.0,0,5,manual
4,13936,4screws,0.9425,known,4screws,0.0299,0.0,0,5,manual
4,13937,4screws,0.8706,known,4screws,0.0275,0.0,0,5,manual
4,13938,4screws,0.867,known,4screws,0.0253,0.0,0,5,manual
4,13939,4screws,0.7623,known,4screws,0.0233,0.0,0,5,manual
4,13940,4screws,0.7633,known,4screws,0.0214,0.0,0,5,manual
4,13941,4screws,0.8556,known,4screws,0.0197,0.0,0,5,manual
4,13942,4screws,0.8071,known,4screws,0.0182,0.0,0,5,manual
4,13943,4screws,0.7778,known,4screws,0.0167,0.0,0,5,manual
4,13944,4screws,0.7807,known,4screws,0.0154,0.0,0,5,manual
4,13945,4screws,0.8158,known,4screws,0.0141,0.0,0,5,manual
4,13946,4screws,0.9,known,4screws,0.013,0.0,0,5,manual
4,13947,4screws,1.0013,unknown,,0.092,0.0,0,5,manual
4,13948,4screws,0.9151,known,4screws,0.0846,0.0,0,5,manual
4,13949,4screws,0.8472,known,4screws,0.0778,0.0,0,5,manual
4,13950,4screws,0.8438,known,4screws,0.0716,0.0,0,5,manual
4,13951,4screws,0.957,known,4screws,0.0659,0.0,0,5,manual
4,13952,4screws,0.7503,known,4screws,0.0606,0.0,0,5,manual
4,13953,4screws,0.6998,known,4screws,0.0558,0.0,0,5,manual
4,13954,4screws,0.7376,known,4screws,0.0513,0.0,0,5,manual
4,13955,4screws,0.566,known,4screws,0.0472,0.0,0,5,manual
4,13956,4screws,0.8109,known,4screws,0.0434,0.0,0,5,manual
4,13957,4screws,0.7039,known,4screws,0.0399,0.0,0,5,manual
4,13958,4screws,0.6959,known,4screws,0.0368,0.0,0,5,manual
4,13959,4screws,0.7779,known,4screws,0.0338,0.0,0,5,manual
4,13960,4screws,0.8127,known,4screws,0.0311,0.0,0,5,manual
4,13961,4screws,0.9825,known,4screws,0.0286,0.0,0,5,manual
4,13962,4screws,0.9497,known,4screws,0.0263,0.0,0,5,manual
4,13963,4screws,0.7065,known,4screws,0.0242,0.0,0,5,manual
4,13964,4screws,0.8084,known,4screws,0.0223,0.0,0,5,manual
4,13965,4screws,0.963,known,4screws,0.0205,0.0,0,5,manual
4,13966,4screws,0.74,known,4screws,0.0189,0.0,0,5,manual
4,13967,4screws,0.8553,known,4screws,0.0174,0.0,0,5,manual
4,13968,4screws,0.9962,known,4screws,0.016,0.0,0,5,manual
4,13969,4screws,0.9276,known,4screws,0.0147,0.0,0,5,manual
4,13970,4screws,0.7499,known,4screws,0.0135,0.0,0,5,manual
4,13971,4screws,0.7495,known,4screws,0.0124,0.0,0,5,manual
4,13972,4screws,0.8148,known,4screws,0.0114,0.0,0,5,manual
4,13973,4screws,0.6619,known,4screws,0.0105,0.0,0,5,manual
4,13974,4screws,1.012,unknown,,0.0897,0.01,0,5,manual
4,13975,4screws,0.7504,known,4screws,0.0825,0.0,0,5,manual
4,13976,4screws,0.8298,known,4screws,0.0759,0.0,0,5,manual
4,13977,4screws,0.7111,known,4screws,0.0698,0.0,0,5,manual
4,13978,4screws,0.7239,known,4screws,0.0642,0.0,0,5,manual
4,13979,4screws,0.8536,known,4screws,0.0591,0.0,0,5,manual
4,13980,4screws,0.818,known,4screws,0.0544,0.0,0,5,manual
4,13981,4screws,0.7025,known,4screws,0.05,0.0,0,5,manual
4,13982,4screws,0.8978,known,4screws,0.046,0.0,0,5,manual
4,13983,4screws,0.8558,known,4screws,0.0423,0.0,0,5,manual
4,13984,4screws,0.8525,known,4screws,0.039,0.0,0,5,manual
4,13985,4screws,0.925,known,4screws,0.0358,0.0,0,5,manual
4,13986,4screws,0.7388,known,4screws,0.033,0.0,0,5,manual
4,13987,4screws,0.6773,known,4screws,0.0303,0.0,0,5,manual
4,13988,4screws,0.5882,known,4screws,0.0279,0.0,0,5,manual
4,13989,4screws,0.74,known,4screws,0.0257,0.0,0,5,manual
4,13990,4screws,0.7025,known,4screws,0.0236,0.0,0,5,manual
4,13991,4screws,0.9151,known,4screws,0.0217,0.0,0,5,manual
4,13992,4screws,0.566,known,4screws,0.02,0.0,0,5,manual
4,13993,4screws,0.6477,known,4screws,0.0184,0.0,0,5,manual
4,13994,4screws,0.7039,known,4screws,0.0169,0.0,0,5,manual
4,13995,4screws,0.6773,known,4screws,0.0156,0.0,0,5,manual
4,13996,4screws,0.6619,known,4screws,0.0143,0.0,0,5,manual
4,13997,4screws,0.8706,known,4screws,0.0132,0.0,0,5,manual
4,13998,4screws,0.8556,known,4screws,0.0121,0.0,0,5,manual
4,13999,4screws,0.8148,known,4screws,0.0112,0.0,0,5,manual
4,14000,4screws,0.8472,known,4screws,0.0103,0.0,0,5,manual
4,14001,4screws,0.8298,known,4screws,0.0094,0.0,0,5,manual
4,14002,4screws,0.5882,known,4screws,0.0087,0.0,0,5,manual
4,14003,4screws,0.7376,known,4screws,0.008,0.0,0,5,manual
4,14004,4screws,0.7495,known,4screws,0.0074,0.0,0,5,manual
4,14005,4screws,0.963,known,4screws,0.0068,0.0,0,5,manual
4,14006,4screws,0.8127,known,4screws,0.0062,0.0,0,5,manual
4,14007,4screws,0.8158,known,4screws,0.0057,0.0,0,5,manual
4,14008,4screws,0.867,known,4screws,0.0053,0.0,0,5,manual
4,14009,4screws,0.7633,known,4screws,0.0048,0.0,0,5,manual
4,14010,4screws,0.8071,known,4screws,0.0045,0.0,0,5,manual
4,14011,4screws,0.6727,known,4screws,0.0041,0.0,0,5,manual
4,14012,4screws,0.7779,known,4screws,0.0038,0.0,0,5,manual
4,14013,4screws,0.8438,known,4screws,0.0035,0.0,0,5,manual
4,14014,4screws,0.8432,known,4screws,0.0032,0.0,0,5,manual
4,14015,4screws,0.7499,known,4screws,0.0029,0.0,0,5,manual
4,14016,4screws,0.957,known,4screws,0.0027,0.0,0,5,manual
4,14017,4screws,0.925,known,4screws,0.0025,0.0,0,5,manual
4,14018,4screws,0.8558,known,4screws,0.0023,0.0,0,5,manual
4,14019,4screws,0.7239,known,4screws,0.0021,0.0,0,5,manual
4,14020,4screws,0.8525,known,4screws,0.0019,0.0,0,5,manual
4,14021,4screws,0.9497,known,4screws,0.0018,0.0,0,5,manual
4,14022,4screws,0.8084,known,4screws,0.0016,0.0,0,5,manual
4,14023,4screws,0.9,known,4screws,0.0015,0.0,0,5,manual
4,14024,4screws,0.7778,known,4screws,0.0014,0.0,0,5,manual
4,14025,4screws,0.7623,known,4screws,0.0013,0.0,0,5,manual
4,14026,4screws,0.9187,known,4screws,0.0012,0.0,0,5,manual
4,14027,4screws,0.818,known,4screws,0.0011,0.0,0,5,manual
4,14028,4screws,1.012,unknown,,0.081,0.01,0,5,manual
4,14029,4screws,0.9825,known,4screws,0.0745,0.0,0,5,manual
4,14030,4screws,0.6561,known,4screws,0.0686,0.0,0,5,manual
4,14031,4screws,0.7065,known,4screws,0.0631,0.0,0,5,manual
4,14032,4screws,0.6959,known,4screws,0.058,0.0,0,5,manual
4,14033,4screws,0.8536,known,4screws,0.0534,0.0,0,5,manual
4,14034,4screws,1.0013,unknown,,0.1291,0.0,0,5,manual
4,14035,4screws,0.7807,known,4screws,0.1188,0.0,0,5,manual
4,14036,4screws,0.8978,known,4screws,0.1093,0.0,0,5,manual
4,14037,4screws,0.8109,known,4screws,0.1005,0.0,0,5,manual
4,14038,4screws,0.8553,known,4screws,0.0925,0.0,0,5,manual
4,14039,4screws,0.9425,known,4screws,0.0851,0.0,0,5,manual
4,14040,4screws,0.7504,known,4screws,0.0783,0.0,0,5,manual
4,14041,4screws,0.9276,known,4screws,0.072,0.0,0,5,manual
4,14042,4screws,0.6998,known,4screws,0.0663,0.0,0,5,manual
4,14043,4screws,0.7503,known,4screws,0.061,0.0,0,5,manual
4,14044,4screws,0.7388,known,4screws,0.0561,0.0,0,5,manual
4,14045,4screws,0.7111,known,4screws,0.0516,0.0,0,5,manual
4,14046,4screws,0.9962,known,4screws,0.0475,0.0,0,5,manual
4,14047,4screws,0.9276,known,4screws,0.0437,0.0,0,5,manual
4,14048,4screws,0.7039,known,4screws,0.0402,0.0,0,5,manual
4,14049,4screws,0.6727,known,4screws,0.037,0.0,0,5,manual
4,14050,4screws,0.7807,known,4screws,0.034,0.0,0,5,manual
4,14051,4screws,0.9497,known,4screws,0.0313,0.0,0,5,manual
4,14052,4screws,0.8525,known,4screws,0.0288,0.0,0,5,manual
4,14053,4screws,0.6561,known,4screws,0.0265,0.0,0,5,manual
4,14054,4screws,0.8978,known,4screws,0.0244,0.0,0,5,manual
4,14055,4screws,1.012,unknown,,0.1024,0.01,0,5,manual
4,14056,4screws,0.7025,known,4screws,0.0942,0.0,0,5,manual
4,14057,4screws,0.7495,known,4screws,0.0867,0.0,0,5,manual
4,14058,4screws,0.7376,known,4screws,0.0797,0.0,0,5,manual
4,14059,4screws,0.8438,known,4screws,0.0734,0.0,0,5,manual
4,14060,4screws,0.8127,known,4screws,0.0675,0.0,0,5,manual
4,14061,4screws,0.7778,known,4screws,0.0621,0.0,0,5,manual
4,14062,4screws,1.0013,unknown,,0.1371,0.0,0,5,manual
4,14063,4screws,0.7239,known,4screws,0.1262,0.0,0,5,manual
4,14064,4screws,0.566,known,4screws,0.1161,0.0,0,5,manual
4,14065,4screws,0.957,known,4screws,0.1068,0.0,0,5,manual
4,14066,4screws,0.9825,known,4screws,0.0982,0.0,0,5,manual
4,14067,4screws,0.818,known,4screws,0.0904,0.0,0,5,manual
4,14068,4screws,0.6477,known,4screws,0.0832,0.0,0,5,manual
4,14069,4screws,0.867,known,4screws,0.0765,0.0,0,5,manual
4,14070,4screws,0.8298,known,4screws,0.0704,0.0,0,5,manual
4,14071,4screws,0.7779,known,4screws,0.0647,0.0,0,5,manual
4,14072,4screws,0.8556,known,4screws,0.0596,0.0,0,5,manual
4,14073,4screws,0.7065,known,4screws,0.0548,0.0,0,5,manual
4,14074,4screws,0.7388,known,4screws,0.0504,0.0,0,5,manual
4,14075,4screws,0.8706,known,4screws,0.0464,0.0,0,5,manual
4,14076,4screws,0.7503,known,4screws,0.0427,0.0,0,5,manual
4,14077,4screws,0.8158,known,4screws,0.0393,0.0,0,5,manual
4,14078,4screws,0.9962,known,4screws,0.0361,0.0,0,5,manual
4,14079,4screws,0.5882,known,4screws,0.0332,0.0,0,5,manual
4,14080,4screws,0.6773,known,4screws,0.0306,0.0,0,5,manual
4,14081,4screws,0.8071,known,4screws,0.0281,0.0,0,5,manual
4,14082,4screws,0.7504,known,4screws,0.0259,0.0,0,5,manual
4,14083,4screws,0.74,known,4screws,0.0238,0.0,0,5,manual
4,14084,4screws,0.8536,known,4screws,0.0219,0.0,0,5,manual
4,14085,4screws,0.8553,known,4screws,0.0201,0.0,0,5,manual
4,14086,4screws,0.8109,known,4screws,0.0185,0.0,0,5,manual
4,14087,4screws,0.8084,known,4screws,0.0171,0.0,0,5,manual
4,14088,4screws,0.8472,known,4screws,0.0157,0.0,0,5,manual
4,14089,4screws,0.6998,known,4screws,0.0144,0.0,0,5,manual
4,14090,4screws,0.9425,known,4screws,0.0133,0.0,0,5,manual
4,14091,4screws,0.6619,known,4screws,0.0122,0.0,0,5,manual
4,14092,4screws,0.9187,known,4screws,0.0112,0.0,0,5,manual
4,14093,4screws,0.8148,known,4screws,0.0103,0.0,0,5,manual
4,14094,4screws,0.8558,known,4screws,0.0095,0.0,0,5,manual
4,14095,4screws,0.9151,known,4screws,0.0088,0.0,0,5,manual
4,14096,4screws,0.963,known,4screws,0.0081,0.0,0,5,manual
4,14097,4screws,0.8432,known,4screws,0.0074,0.0,0,5,manual
4,14098,4screws,0.9,known,4screws,0.0068,0.0,0,5,manual
4,14099,4screws,0.7633,known,4screws,0.0063,0.0,0,5,manual
4,14100,4screws,0.7623,known,4screws,0.0058,0.0,0,5,manual
4,14101,4screws,0.925,known,4screws,0.0053,0.0,0,5,manual
4,14102,4screws,0.6959,known,4screws,0.0049,0.0,0,5,manual
4,14103,4screws,0.7499,known,4screws,0.0045,0.0,0,5,manual
4,14104,4screws,0.7111,known,4screws,0.0041,0.0,0,5,manual
4,14105,4screws,0.9425,known,4screws,0.0038,0.0,0,5,manual
4,14106,4screws,0.7388,known,4screws,0.0035,0.0,0,5,manual
4,14107,4screws,0.8109,known,4screws,0.0032,0.0,0,5,manual
4,14108,4screws,0.566,known,4screws,0.003,0.0,0,5,manual
4,14109,4screws,0.6477,known,4screws,0.0027,0.0,0,5,manual
4,14110,4screws,0.8127,known,4screws,0.0025,0.0,0,5,manual
4,14111,4screws,0.8706,known,4screws,0.0023,0.0,0,5,manual
4,14112,4screws,0.963,known,4screws,0.0021,0.0,0,5,manual
4,14113,4screws,0.7499,known,4screws,0.002,0.0,0,5,manual
4,14114,4screws,1.012,unknown,,0.0818,0.01,0,5,manual
4,14115,4screws,0.8525,known,4screws,0.0753,0.0,0,5,manual
4,14116,4screws,0.7376,known,4screws,0.0692,0.0,0,5,manual
4,14117,4screws,0.8432,known,4screws,0.0637,0.0,0,5,manual
4,14118,4screws,0.8472,known,4screws,0.0586,0.0,0,5,manual
4,14119,4screws,0.8558,known,4screws,0.0539,0.0,0,5,manual
4,14120,4screws,0.8553,known,4screws,0.0496,0.0,0,5,manual
4,14121,4screws,0.6561,known,4screws,0.0456,0.0,0,5,manual
4,14122,4screws,0.7807,known,4screws,0.042,0.0,0,5,manual
4,14123,4screws,0.5882,known,4screws,0.0386,0.0,0,5,manual
4,14124,4screws,0.8158,known,4screws,0.0355,0.0,0,5,manual
4,14125,4screws,0.7025,known,4screws,0.0327,0.0,0,5,manual
4,14126,4screws,0.8556,known,4screws,0.0301,0.0,0,5,manual
4,14127,4screws,0.7239,known,4screws,0.0277,0.0,0,5,manual
4,14128,4screws,0.9962,known,4screws,0.0255,0.0,0,5,manual
4,14129,4screws,0.9187,known,4screws,0.0234,0.0,0,5,manual
4,14130,4screws,0.8071,known,4screws,0.0215,0.0,0,5,manual
4,14131,4screws,0.7065,known,4screws,0.0198,0.0,0,5,manual
4,14132,4screws,0.9,known,4screws,0.0182,0.0,0,5,manual
4,14133,4screws,0.6998,known,4screws,0.0168,0.0,0,5,manual
4,14134,4screws,0.74,known,4screws,0.0154,0.0,0,5,manual
4,14135,4screws,1.0013,unknown,,0.0942,0.0,0,5,manual
4,14136,4screws,0.7633,known,4screws,0.0867,0.0,0,5,manual
4,14137,4screws,0.867,known,4screws,0.0797,0.0,0,5,manual
4,14138,4screws,0.7503,known,4screws,0.0734,0.0,0,5,manual
4,14139,4screws,0.9825,known,4screws,0.0675,0.0,0,5,manual
4,14140,4screws,0.8298,known,4screws,0.0621,0.0,0,5,manual
4,14141,4screws,0.9276,known,4screws,0.0571,0.0,0,5,manual
4,14142,4screws,0.8978,known,4screws,0.0525,0.0,0,5,manual
4,14143,4screws,0.7504,known,4screws,0.0483,0.0,0,5,manual
4,14144,4screws,0.7623,known,4screws,0.0445,0.0,0,5,manual
4,14145,4screws,0.818,known,4screws,0.0409,0.0,0,5,manual
4,14146,4screws,0.8536,known,4screws,0.0376,0.0,0,5,manual
4,14147,4screws,0.925,known,4screws,0.0346,0.0,0,5,manual
4,14148,4screws,0.7111,known,4screws,0.0319,0.0,0,5,manual
4,14149,4screws,0.8148,known,4screws,0.0293,0.0,0,5,manual
4,14150,4screws,0.9151,known,4screws,0.027,0.0,0,5,manual
4,14151,4screws,0.6773,known,4screws,0.0248,0.0,0,5,manual
4,14152,4screws,0.7039,known,4screws,0.0228,0.0,0,5,manual
4,14153,4screws,0.6727,known,4screws,0.021,0.0,0,5,manual
4,14154,4screws,0.6959,known,4screws,0.0193,0.0,0,5,manual
4,14155,4screws,0.8084,known,4screws,0.0178,0.0,0,5,manual
4,14156,4screws,0.7495,known,4screws,0.0164,0.0,0,5,manual
4,14157,4screws,0.6619,known,4screws,0.015,0.0,0,5,manual
4,14158,4screws,0.8438,known,4screws,0.0138,0.0,0,5,manual
4,14159,4screws,0.957,known,4screws,0.0127,0.0,0,5,manual
4,14160,4screws,0.9497,known,4screws,0.0117,0.0,0,5,manual
4,14161,4screws,0.7779,known,4screws,0.0108,0.0,0,5,manual
4,14162,4screws,0.7778,known,4screws,0.0099,0.0,0,5,manual
4,14163,4screws,0.7807,known,4screws,0.0091,0.0,0,5,manual
4,14164,4screws,0.7239,known,4screws,0.0084,0.0,0,5,manual
4,14165,4screws,0.8558,known,4screws,0.0077,0.0,0,5,manual
4,14166,4screws,1.012,unknown,,0.0871,0.01,0,5,manual
4,14167,4screws,0.7039,known,4screws,0.0801,0.0,0,5,manual
4,14168,4screws,0.9497,known,4screws,0.0737,0.0,0,5,manual
4,14169,4screws,0.9425,known,4screws,0.0678,0.0,0,5,manual
4,14170,4screws,0.8432,known,4screws,0.0624,0.0,0,5,manual
4,14171,4screws,0.8158,known,4screws,0.0574,0.0,0,5,manual
4,14172,4screws,0.6619,known,4screws,0.0528,0.0,0,5,manual
4,14173,4screws,0.8536,known,4screws,0.0486,0.0,0,5,manual
4,14174,4screws,0.7376,known,4screws,0.0447,0.0,0,5,manual
4,14175,4screws,0.8553,known,4screws,0.0411,0.0,0,5,manual
4,14176,4screws,0.8148,known,4screws,0.0378,0.0,0,5,manual
4,14177,4screws,0.6998,known,4screws,0.0348,0.0,0,5,manual
4,14178,4screws,0.6561,known,4screws,0.032,0.0,0,5,manual
4,14179,4screws,0.867,known,4screws,0.0295,0.0,0,5,manual
4,14180,4screws,0.7778,known,4screws,0.0271,0.0,0,5,manual
4,14181,4screws,0.8298,known,4screws,0.0249,0.0,0,5,manual
4,14182,4screws,0.7623,known,4screws,0.0229,0.0,0,5,manual
4,14183,4screws,0.9187,known,4screws,0.0211,0.0,0,5,manual
4,14184,4screws,0.7025,known,4screws,0.0194,0.0,0,5,manual
4,14185,4screws,0.6477,known,4screws,0.0179,0.0,0,5,manual
4,14186,4screws,1.0013,unknown,,0.0964,0.0,0,5,manual
4,14187,4screws,0.8556,known,4screws,0.0887,0.0,0,5,manual
4,14188,4screws,0.6727,known,4screws,0.0816,0.0,0,5,manual
4,14189,4screws,0.8438,known,4screws,0.0751,0.0,0,5,manual
4,14190,4screws,0.7503,known,4screws,0.0691,0.0,0,5,manual
4,14191,4screws,0.7495,known,4screws,0.0636,0.0,0,5,manual
4,14192,4screws,0.7633,known,4screws,0.0585,0.0,0,5,manual
4,14193,4screws,0.818,known,4screws,0.0538,0.0,0,5,manual
4,14194,4screws,0.6959,known,4screws,0.0495,0.0,0,5,manual
4,14195,4screws,0.8525,known,4screws,0.0455,0.0,0,5,manual
4,14196,4screws,0.8978,known,4screws,0.0419,0.0,0,5,manual
4,14197,4screws,0.9825,known,4screws,0.0385,0.0,0,5,manual
4,14198,4screws,0.5882,known,4screws,0.0355,0.0,0,5,manual
4,14199,4screws,0.8084,known,4screws,0.0326,0.0,0,5,manual
4,14200,4screws,0.7499,known,4screws,0.03,0.0,0,5,manual
4,14201,4screws,0.963,known,4screws,0.0276,0.0,0,5,manual
4,14202,4screws,0.7779,known,4screws,0.0254,0.0,0,5,manual
4,14203,4screws,0.925,known,4screws,0.0234,0.0,0,5,manual
4,14204,4screws,0.6773,known,4screws,0.0215,0.0,0,5,manual
4,14205,4screws,0.566,known,4screws,0.0198,0.0,0,5,manual
4,14206,4screws,0.9,known,4screws,0.0182,0.0,0,5,manual
4,14207,4screws,0.7065,known,4screws,0.0167,0.0,0,5,manual
4,14208,4screws,0.8472,known,4screws,0.0154,0.0,0,5,manual
4,14209,4screws,0.8071,known,4screws,0.0142,0.0,0,5,manual
4,14210,4screws,0.7504,known,4screws,0.013,0.0,0,5,manual
4,14211,4screws,0.7111,known,4screws,0.012,0.0,0,5,manual
4,14212,4screws,0.9151,known,4screws,0.011,0.0,0,5,manual
4,14213,4screws,0.957,known,4screws,0.0102,0.0,0,5,manual
4,14214,4screws,0.74,known,4screws,0.0093,0.0,0,5,manual
4,14215,4screws,0.8127,known,4screws,0.0086,0.0,0,5,manual
4,14216,4screws,0.8109,known,4screws,0.0079,0.0,0,5,manual
4,14217,4screws,0.9962,known,4screws,0.0073,0.0,0,5,manual
4,14218,4screws,0.9276,known,4screws,0.0067,0.0,0,5,manual
4,14219,4screws,0.7388,known,4screws,0.0062,0.0,0,5,manual
4,14220,4screws,0.8706,known,4screws,0.0057,0.0,0,5,manual
4,14221,4screws,0.8472,known,4screws,0.0052,0.0,0,5,manual
4,14222,4screws,0.7778,known,4screws,0.0048,0.0,0,5,manual
4,14223,4screws,0.9497,known,4screws,0.0044,0.0,0,5,manual
4,14224,4screws,0.7504,known,4screws,0.0041,0.0,0,5,manual
4,14225,4screws,0.7623,known,4screws,0.0037,0.0,0,5,manual
4,14226,4screws,0.8298,known,4screws,0.0034,0.0,0,5,manual
4,14227,4screws,0.9187,known,4screws,0.0032,0.0,0,5,manual
4,14228,4screws,0.9276,known,4screws,0.0029,0.0,0,5,manual
4,14229,4screws,0.8536,known,4screws,0.0027,0.0,0,5,manual
4,14230,4screws,0.7239,known,4screws,0.0025,0.0,0,5,manual
4,14231,4screws,0.9,known,4screws,0.0023,0.0,0,5,manual
4,14232,4screws,0.8978,known,4screws,0.0021,0.0,0,5,manual
4,14233,4screws,0.6998,known,4screws,0.0019,0.0,0,5,manual
4,14234,4screws,0.8432,known,4screws,0.0018,0.0,0,5,manual
4,14235,4screws,0.6477,known,4screws,0.0016,0.0,0,5,manual
4,14236,4screws,0.7039,known,4screws,0.0015,0.0,0,5,manual
4,14237,4screws,0.7376,known,4screws,0.0014,0.0,0,5,manual
4,14238,4screws,0.8706,known,4screws,0.0013,0.0,0,5,manual
4,14239,4screws,0.867,known,4screws,0.0012,0.0,0,5,manual
4,14240,4screws,0.925,known,4screws,0.0011,0.0,0,5,manual
4,14241,4screws,0.8525,known,4screws,0.001,0.0,0,5,manual
4,14242,4screws,0.74,known,4screws,0.0009,0.0,0,5,manual
4,14243,4screws,0.6773,known,4screws,0.0008,0.0,0,5,manual
4,14244,4screws,0.8109,known,4screws,0.0008,0.0,0,5,manual
4,14245,4screws,0.8084,known,4screws,0.0007,0.0,0,5,manual
4,14246,4screws,0.963,known,4screws,0.0006,0.0,0,5,manual
4,14247,4screws,0.7025,known,4screws,0.0006,0.0,0,5,manual
4,14248,4screws,0.7779,known,4screws,0.0005,0.0,0,5,manual
4,14249,4screws,0.9825,known,4screws,0.0005,0.0,0,5,manual
4,14250,4screws,0.9425,known,4screws,0.0005,0.0,0,5,manual
4,14251,4screws,0.6619,known,4screws,0.0004,0.0,0,5,manual
4,14252,4screws,0.7499,known,4screws,0.0004,0.0,0,5,manual
4,14253,4screws,0.7065,known,4screws,0.0004,0.0,0,5,manual
4,14254,4screws,0.6959,known,4screws,0.0003,0.0,0,5,manual
4,14255,4screws,0.8553,known,4screws,0.0003,0.0,0,5,manual
4,14256,4screws,0.8556,known,4screws,0.0003,0.0,0,5,manual
4,14257,4screws,0.7388,known,4screws,0.0003,0.0,0,5,manual
4,14258,4screws,0.8158,known,4screws,0.0002,0.0,0,5,manual
4,14259,4screws,0.9151,known,4screws,0.0002,0.0,0,5,manual
4,14260,4screws,1.012,unknown,,0.0802,0.01,0,5,manual
4,14261,4screws,0.818,known,4screws,0.0738,0.0,0,5,manual
4,14262,4screws,0.957,known,4screws,0.0679,0.0,0,5,manual
4,14263,4screws,0.8558,known,4screws,0.0625,0.0,0,5,manual
4,14264,4screws,0.6727,known,4screws,0.0575,0.0,0,5,manual
4,14265,4screws,0.9962,known,4screws,0.0529,0.0,0,5,manual
4,14266,4screws,0.7495,known,4screws,0.0486,0.0,0,5,manual
4,14267,4screws,0.566,known,4screws,0.0447,0.0,0,5,manual
4,14268,4screws,0.8071,known,4screws,0.0412,0.0,0,5,manual
4,14269,4screws,1.0013,unknown,,0.1179,0.0,0,5,manual
4,14270,4screws,0.7503,known,4screws,0.1084,0.0,0,5,manual
4,14271,4screws,0.5882,known,4screws,0.0998,0.0,0,5,manual
4,14272,4screws,0.7807,known,4screws,0.0918,0.0,0,5,manual
4,14273,4screws,0.8127,known,4screws,0.0844,0.0,0,5,manual
4,14274,4screws,0.6561,known,4screws,0.0777,0.0,0,5,manual
4,14275,4screws,0.8438,known,4screws,0.0715,0.0,0,5,manual
4,14276,4screws,0.7111,known,4screws,0.0658,0.0,0,5,manual
4,14277,4screws,0.8148,known,4screws,0.0605,0.0,0,5,manual
4,14278,4screws,0.7633,known,4screws,0.0557,0.0,0,5,manual
4,14279,4screws,0.8071,known,4screws,0.0512,0.0,0,5,manual
4,14280,4screws,0.6959,known,4screws,0.0471,0.0,0,5,manual
4,14281,4screws,0.8706,known,4screws,0.0433,0.0,0,5,manual
4,14282,4screws,0.7388,known,4screws,0.0399,0.0,0,5,manual
4,14283,4screws,0.6998,known,4screws,0.0367,0.0,0,5,manual
4,14284,4screws,0.8536,known,4screws,0.0337,0.0,0,5,manual
4,14285,4screws,0.8525,known,4screws,0.031,0.0,0,5,manual
4,14286,4screws,0.9,known,4screws,0.0286,0.0,0,5,manual
4,14287,4screws,0.963,known,4screws,0.0263,0.0,0,5,manual
4,14288,4screws,0.6773,known,4screws,0.0242,0.0,0,5,manual
4,14289,4screws,0.7779,known,4screws,0.0222,0.0,0,5,manual
4,14290,4screws,0.957,known,4screws,0.0205,0.0,0,5,manual
4,14291,4screws,0.6727,known,4screws,0.0188,0.0,0,5,manual
4,14292,4screws,0.867,known,4screws,0.0173,0.0,0,5,manual
4,14293,4screws,0.8556,known,4screws,0.0159,0.0,0,5,manual
4,14294,4screws,0.8158,known,4screws,0.0147,0.0,0,5,manual
4,14295,4screws,0.7504,known,4screws,0.0135,0.0,0,5,manual
4,14296,4screws,0.7039,known,4screws,0.0124,0.0,0,5,manual
4,14297,4screws,0.8438,known,4screws,0.0114,0.0,0,5,manual
4,14298,4screws,0.8127,known,4screws,0.0105,0.0,0,5,manual
4,14299,4screws,0.7111,known,4screws,0.0097,0.0,0,5,manual
4,14300,4screws,0.74,known,4screws,0.0089,0.0,0,5,manual
4,14301,4screws,0.7025,known,4screws,0.0082,0.0,0,5,manual
4,14302,4screws,0.9276,known,4screws,0.0075,0.0,0,5,manual
4,14303,4screws,0.9825,known,4screws,0.0069,0.0,0,5,manual
4,14304,4screws,1.0013,unknown,,0.0864,0.0,0,5,manual
4,14305,4screws,0.9151,known,4screws,0.0795,0.0,0,5,manual
4,14306,4screws,0.8084,known,4screws,0.0731,0.0,0,5,manual
4,14307,4screws,0.6561,known,4screws,0.0673,0.0,0,5,manual
4,14308,4screws,0.7503,known,4screws,0.0619,0.0,0,5,manual
4,14309,4screws,0.8148,known,4screws,0.0569,0.0,0,5,manual
4,14310,4screws,0.7499,known,4screws,0.0524,0.0,0,5,manual
4,14311,4screws,1.012,unknown,,0.1282,0.01,0,5,manual
4,14312,4screws,0.9425,known,4screws,0.1179,0.0,0,5,manual
4,14313,4screws,0.7778,known,4screws,0.1085,0.0,0,5,manual
4,14314,4screws,0.8978,known,4screws,0.0998,0.0,0,5,manual
4,14315,4screws,0.5882,known,4screws,0.0918,0.0,0,5,manual
4,14316,4screws,0.8298,known,4screws,0.0845,0.0,0,5,manual
4,14317,4screws,0.7633,known,4screws,0.0777,0.0,0,5,manual
4,14318,4screws,0.8432,known,4screws,0.0715,0.0,0,5,manual
4,14319,4screws,0.7065,known,4screws,0.0658,0.0,0,5,manual
4,14320,4screws,0.6619,known,4screws,0.0605,0.0,0,5,manual
4,14321,4screws,0.9497,known,4screws,0.0557,0.0,0,5,manual
4,14322,4screws,0.7807,known,4screws,0.0512,0.0,0,5,manual
4,14323,4screws,0.925,known,4screws,0.0471,0.0,0,5,manual
4,14324,4screws,0.7239,known,4screws,0.0434,0.0,0,5,manual
4,14325,4screws,0.9962,known,4screws,0.0399,0.0,0,5,manual
4,14326,4screws,0.6477,known,4screws,0.0367,0.0,0,5,manual
4,14327,4screws,0.7495,known,4screws,0.0338,0.0,0,5,manual
4,14328,4screws,0.9187,known,4screws,0.0311,0.0,0,5,manual
4,14329,4screws,0.8553,known,4screws,0.0286,0.0,0,5,manual
4,14330,4screws,0.566,known,4screws,0.0263,0.0,0,5,manual
4,14331,4screws,0.7623,known,4screws,0.0242,0.0,0,5,manual
4,14332,4screws,0.8472,known,4screws,0.0223,0.0,0,5,manual
4,14333,4screws,0.8109,known,4screws,0.0205,0.0,0,5,manual
4,14334,4screws,0.8558,known,4screws,0.0188,0.0,0,5,manual
4,14335,4screws,0.818,known,4screws,0.0173,0.0,0,5,manual
4,14336,4screws,0.7376,known,4screws,0.0159,0.0,0,5,manual
4,14337,4screws,0.6998,known,4screws,0.0147,0.0,0,5,manual
4,14338,4screws,0.6619,known,4screws,0.0135,0.0,0,5,manual
4,14339,4screws,0.9497,known,4screws,0.0124,0.0,0,5,manual
4,14340,4screws,0.9425,known,4screws,0.0114,0.0,0,5,manual
4,14341,4screws,0.6773,known,4screws,0.0105,0.0,0,5,manual
4,14342,4screws,0.9151,known,4screws,0.0097,0.0,0,5,manual
4,14343,4screws,0.9962,known,4screws,0.0089,0.0,0,5,manual
4,14344,4screws,0.74,known,4screws,0.0082,0.0,0,5,manual
4,14345,4screws,0.957,known,4screws,0.0075,0.0,0,5,manual
4,14346,4screws,0.6727,known,4screws,0.0069,0.0,0,5,manual
4,14347,4screws,0.8071,known,4screws,0.0064,0.0,0,5,manual
4,14348,4screws,0.7779,known,4screws,0.0059,0.0,0,5,manual
4,14349,4screws,0.8525,known,4screws,0.0054,0.0,0,5,manual
4,14350,4screws,0.8438,known,4screws,0.005,0.0,0,5,manual
4,14351,4screws,0.7623,known,4screws,0.0046,0.0,0,5,manual
4,14352,4screws,0.7388,known,4screws,0.0042,0.0,0,5,manual
4,14353,4screws,0.8553,known,4screws,0.0039,0.0,0,5,manual
4,14354,4screws,0.7239,known,4screws,0.0036,0.0,0,5,manual
4,14355,4screws,0.8432,known,4screws,0.0033,0.0,0,5,manual
4,14356,4screws,0.7065,known,4screws,0.003,0.0,0,5,manual
4,14357,4screws,0.566,known,4screws,0.0028,0.0,0,5,manual
4,14358,4screws,0.963,known,4screws,0.0025,0.0,0,5,manual
4,14359,4screws,0.8536,known,4screws,0.0023,0.0,0,5,manual
4,14360,4screws,0.8706,known,4screws,0.0022,0.0,0,5,manual
4,14361,4screws,0.7503,known,4screws,0.002,0.0,0,5,manual
4,14362,4screws,0.818,known,4screws,0.0018,0.0,0,5,manual
4,14363,4screws,0.7633,known,4screws,0.0017,0.0,0,5,manual
4,14364,4screws,0.9,known,4screws,0.0015,0.0,0,5,manual
4,14365,4screws,1.0013,unknown,,0.0814,0.0,0,5,manual
4,14366,4screws,0.9276,known,4screws,0.0749,0.0,0,5,manual
4,14367,4screws,0.8472,known,4screws,0.0689,0.0,0,5,manual
4,14368,4screws,0.8109,known,4screws,0.0634,0.0,0,5,manual
4,14369,4screws,0.867,known,4screws,0.0583,0.0,0,5,manual
4,14370,4screws,0.7495,known,4screws,0.0537,0.0,0,5,manual
4,14371,4screws,0.9825,known,4screws,0.0494,0.0,0,5,manual
4,14372,4screws,0.7376,known,4screws,0.0454,0.0,0,5,manual
4,14373,4screws,0.6959,known,4screws,0.0418,0.0,0,5,manual
4,14374,4screws,0.8298,known,4screws,0.0384,0.0,0,5,manual
4,14375,4screws,0.7778,known,4screws,0.0354,0.0,0,5,manual
4,14376,4screws,0.5882,known,4screws,0.0325,0.0,0,5,manual
4,14377,4screws,0.6561,known,4screws,0.0299,0.0,0,5,manual
4,14378,4screws,0.8158,known,4screws,0.0275,0.0,0,5,manual
4,14379,4screws,0.8148,known,4screws,0.0253,0.0,0,5,manual
4,14380,4screws,0.7504,known,4screws,0.0233,0.0,0,5,manual
4,14381,4screws,1.012,unknown,,0.1014,0.01,0,5,manual
4,14382,4screws,0.8127,known,4screws,0.0933,0.0,0,5,manual
4,14383,4screws,0.8558,known,4screws,0.0859,0.0,0,5,manual
4,14384,4screws,0.7807,known,4screws,0.079,0.0,0,5,manual
4,14385,4screws,0.8978,known,4screws,0.0727,0.0,0,5,manual
4,14386,4screws,0.7025,known,4screws,0.0669,0.0,0,5,manual
4,14387,4screws,0.9187,known,4screws,0.0615,0.0,0,5,manual
4,14388,4screws,0.7111,known,4screws,0.0566,0.0,0,5,manual
4,14389,4screws,0.925,known,4screws,0.0521,0.0,0,5,manual
4,14390,4screws,0.8556,known,4screws,0.0479,0.0,0,5,manual
4,14391,4screws,0.6477,known,4screws,0.0441,0.0,0,5,manual
4,14392,4screws,0.7499,known,4screws,0.0405,0.0,0,5,manual
4,14393,4screws,0.7039,known,4screws,0.0373,0.0,0,5,manual
4,14394,4screws,0.8084,known,4screws,0.0343,0.0,0,5,manual
4,14395,4screws,0.963,known,4screws,0.0316,0.0,0,5,manual
4,14396,4screws,0.925,known,4screws,0.029,0.0,0,5,manual
4,14397,4screws,0.8525,known,4screws,0.0267,0.0,0,5,manual
4,14398,4screws,0.7239,known,4screws,0.0246,0.0,0,5,manual
4,14399,4screws,0.74,known,4screws,0.0226,0.0,0,5,manual
4,14400,4screws,0.7779,known,4screws,0.0208,0.0,0,5,manual
4,14401,4screws,0.7504,known,4screws,0.0191,0.0,0,5,manual
4,14402,4screws,0.7503,known,4screws,0.0176,0.0,0,5,manual
4,14403,4screws,0.8556,known,4screws,0.0162,0.0,0,5,manual
4,14404,4screws,0.8148,known,4screws,0.0149,0.0,0,5,manual
4,14405,4screws,1.0013,unknown,,0.0937,0.0,0,5,manual
4,14406,4screws,0.957,known,4screws,0.0862,0.0,0,5,manual
4,14407,4screws,0.8706,known,4screws,0.0793,0.0,0,5,manual
4,14408,4screws,0.6773,known,4screws,0.073,0.0,0,5,manual
4,14409,4screws,0.8438,known,4screws,0.0671,0.0,0,5,manual
4,14410,4screws,0.6998,known,4screws,0.0618,0.0,0,5,manual
4,14411,4screws,0.6619,known,4screws,0.0568,0.0,0,5,manual
4,14412,4screws,0.7499,known,4screws,0.0523,0.0,0,5,manual
4,14413,4screws,0.9825,known,4screws,0.0481,0.0,0,5,manual
4,14414,4screws,0.7376,known,4screws,0.0442,0.0,0,5,manual
4,14415,4screws,0.9151,known,4screws,0.0407,0.0,0,5,manual
4,14416,4screws,0.6959,known,4screws,0.0375,0.0,0,5,manual
4,14417,4screws,0.7065,known,4screws,0.0345,0.0,0,5,manual
4,14418,4screws,1.012,unknown,,0.1117,0.01,0,5,manual
4,14419,4screws,0.9962,known,4screws,0.1028,0.01,0,5,manual
4,14420,4screws,0.7025,known,4screws,0.0945,0.0,0,5,manual
4,14421,4screws,0.8158,known,4screws,0.087,0.0,0,5,manual
4,14422,4screws,0.8084,known,4screws,0.08,0.0,0,5,manual
4,14423,4screws,0.7623,known,4screws,0.0736,0.0,0,5,manual
4,14424,4screws,0.867,known,4screws,0.0677,0.0,0,5,manual
4,14425,4screws,0.8109,known,4screws,0.0623,0.0,0,5,manual
4,14426,4screws,0.818,known,4screws,0.0573,0.0,0,5,manual
4,14427,4screws,0.8978,known,4screws,0.0527,0.0,0,5,manual
4,14428,4screws,0.6561,known,4screws,0.0485,0.0,0,5,manual
4,14429,4screws,0.8536,known,4screws,0.0446,0.0,0,5,manual
4,14430,4screws,0.9497,known,4screws,0.0411,0.0,0,5,manual
4,14431,4screws,0.8553,known,4screws,0.0378,0.0,0,5,manual
4,14432,4screws,0.8298,known,4screws,0.0348,0.0,0,5,manual
4,14433,4screws,0.6727,known,4screws,0.032,0.0,0,5,manual
4,14434,4screws,0.8558,known,4screws,0.0294,0.0,0,5,manual
4,14435,4screws,0.7388,known,4screws,0.0271,0.0,0,5,manual
4,14436,4screws,0.5882,known,4screws,0.0249,0.0,0,5,manual
4,14437,4screws,0.8127,known,4screws,0.0229,0.0,0,5,manual
4,14438,4screws,0.9,known,4screws,0.0211,0.0,0,5,manual
4,14439,4screws,0.7495,known,4screws,0.0194,0.0,0,5,manual
4,14440,4screws,0.7633,known,4screws,0.0178,0.0,0,5,manual
4,14441,4screws,0.9425,known,4screws,0.0164,0.0,0,5,manual
4,14442,4screws,0.566,known,4screws,0.0151,0.0,0,5,manual
4,14443,4screws,0.7111,known,4screws,0.0139,0.0,0,5,manual
4,14444,4screws,0.8071,known,4screws,0.0128,0.0,0,5,manual
4,14445,4screws,0.7807,known,4screws,0.0118,0.0,0,5,manual
4,14446,4screws,0.6477,known,4screws,0.0108,0.0,0,5,manual
4,14447,4screws,0.8472,known,4screws,0.01,0.0,0,5,manual
4,14448,4screws,0.8432,known,4screws,0.0092,0.0,0,5,manual
4,14449,4screws,0.9187,known,4screws,0.0084,0.0,0,5,manual
4,14450,4screws,0.9276,known,4screws,0.0077,0.0,0,5,manual
4,14451,4screws,0.7778,known,4screws,0.0071,0.0,0,5,manual
4,14452,4screws,0.7039,known,4screws,0.0066,0.0,0,5,manual
4,14453,4screws,0.8148,known,4screws,0.006,0.0,0,5,manual
4,14454,4screws,0.8556,known,4screws,0.0056,0.0,0,5,manual
4,14455,4screws,0.7065,known,4screws,0.0051,0.0,0,5,manual
4,14456,4screws,0.6773,known,4screws,0.0047,0.0,0,5,manual
4,14457,4screws,0.6561,known,4screws,0.0043,0.0,0,5,manual
4,14458,4screws,0.9425,known,4screws,0.004,0.0,0,5,manual
4,14459,4screws,0.957,known,4screws,0.0037,0.0,0,5,manual
4,14460,4screws,1.012,unknown,,0.0834,0.01,0,5,manual
4,14461,4screws,1.0013,unknown,,0.1567,0.01,0,5,manual
4,14462,4screws,0.7504,known,4screws,0.1442,0.0,0,5,manual
4,14463,4screws,0.6727,known,4screws,0.1326,0.0,0,5,manual
4,14464,4screws,0.566,known,4screws,0.122,0.0,0,5,manual
4,14465,4screws,0.8553,known,4screws,0.1123,0.0,0,5,manual
4,14466,4screws,0.963,known,4screws,0.1033,0.0,0,5,manual
4,14467,4screws,0.7503,known,4screws,0.095,0.0,0,5,manual
4,14468,4screws,0.6959,known,4screws,0.0874,0.0,0,5,manual
4,14469,4screws,0.8109,known,4screws,0.0804,0.0,0,5,manual
4,14470,4screws,0.925,known,4screws,0.074,0.0,0,5,manual
4,14471,4screws,0.7039,known,4screws,0.0681,0.0,0,5,manual
4,14472,4screws,0.8298,known,4screws,0.0626,0.0,0,5,manual
4,14473,4screws,0.9276,known,4screws,0.0576,0.0,0,5,manual
4,14474,4screws,0.7633,known,4screws,0.053,0.0,0,5,manual
4,14475,4screws,0.7495,known,4screws,0.0488,0.0,0,5,manual
4,14476,4screws,0.8158,known,4screws,0.0449,0.0,0,5,manual
4,14477,4screws,0.6619,known,4screws,0.0413,0.0,0,5,manual
4,14478,4screws,0.7778,known,4screws,0.038,0.0,0,5,manual
4,14479,4screws,0.74,known,4screws,0.0349,0.0,0,5,manual
4,14480,4screws,0.8127,known,4screws,0.0321,0.0,0,5,manual
4,14481,4screws,0.7376,known,4screws,0.0296,0.0,0,5,manual
4,14482,4screws,0.8978,known,4screws,0.0272,0.0,0,5,manual
4,14483,4screws,0.9962,known,4screws,0.025,0.0,0,5,manual
4,14484,4screws,0.7111,known,4screws,0.023,0.0,0,5,manual
4,14485,4screws,0.8536,known,4screws,0.0212,0.0,0,5,manual
4,14486,4screws,0.8525,known,4screws,0.0195,0.0,0,5,manual
4,14487,4screws,0.6477,known,4screws,0.0179,0.0,0,5,manual
4,14488,4screws,0.7499,known,4screws,0.0165,0.0,0,5,manual
4,14489,4screws,0.9151,known,4screws,0.0152,0.0,0,5,manual
4,14490,4screws,0.8071,known,4screws,0.014,0.0,0,5,manual
4,14491,4screws,0.9187,known,4screws,0.0128,0.0,0,5,manual
4,14492,4screws,0.867,known,4screws,0.0118,0.0,0,5,manual
4,14493,4screws,0.8472,known,4screws,0.0109,0.0,0,5,manual
4,14494,4screws,0.7388,known,4screws,0.01,0.0,0,5,manual
4,14495,4screws,0.7807,known,4screws,0.0092,0.0,0,5,manual
4,14496,4screws,0.9497,known,4screws,0.0085,0.0,0,5,manual
4,14497,4screws,0.8706,known,4screws,0.0078,0.0,0,5,manual
4,14498,4screws,0.9825,known,4screws,0.0072,0.0,0,5,manual
4,14499,4screws,0.5882,known,4screws,0.0066,0.0,0,5,manual
4,14500,4screws,0.9,known,4screws,0.0061,0.0,0,5,manual
4,14501,4screws,0.7623,known,4screws,0.0056,0.0,0,5,manual
4,14502,4screws,0.7025,known,4screws,0.0051,0.0,0,5,manual
4,14503,4screws,0.8084,known,4screws,0.0047,0.0,0,5,manual
4,14504,4screws,0.6998,known,4screws,0.0043,0.0,0,5,manual
4,14505,4screws,0.7239,known,4screws,0.004,0.0,0,5,manual
4,14506,4screws,0.818,known,4screws,0.0037,0.0,0,5,manual
4,14507,4screws,0.8438,known,4screws,0.0034,0.0,0,5,manual
4,14508,4screws,0.7779,known,4screws,0.0031,0.0,0,5,manual
4,14509,4screws,0.8432,known,4screws,0.0029,0.0,0,5,manual
4,14510,4screws,0.8558,known,4screws,0.0026,0.0,0,5,manual
4,14511,4screws,0.7039,known,4screws,0.0024,0.0,0,5,manual
4,14512,4screws,0.818,known,4screws,0.0022,0.0,0,5,manual
4,14513,4screws,0.8158,known,4screws,0.0021,0.0,0,5,manual
4,14514,4screws,0.7633,known,4screws,0.0019,0.0,0,5,manual
4,14515,4screws,0.8556,known,4screws,0.0017,0.0,0,5,manual
4,14516,4screws,0.8432,known,4screws,0.0016,0.0,0,5,manual
4,14517,4screws,0.9,known,4screws,0.0015,0.0,0,5,manual
4,14518,4screws,0.6998,known,4screws,0.0014,0.0,0,5,manual
4,14519,4screws,0.7388,known,4screws,0.0012,0.0,0,5,manual
4,14520,4screws,0.8525,known,4screws,0.0011,0.0,0,5,manual
4,14521,4screws,0.8127,known,4screws,0.0011,0.0,0,5,manual
4,14522,4screws,0.7623,known,4screws,0.001,0.0,0,5,manual
4,14523,4screws,0.9187,known,4screws,0.0009,0.0,0,5,manual
4,14524,4screws,0.8298,known,4screws,0.0008,0.0,0,5,manual
4,14525,4screws,0.8553,known,4screws,0.0008,0.0,0,5,manual
4,14526,4screws,0.7376,known,4screws,0.0007,0.0,0,5,manual
4,14527,4screws,0.7807,known,4screws,0.0006,0.0,0,5,manual
4,14528,4screws,0.8084,known,4screws,0.0006,0.0,0,5,manual
4,14529,4screws,0.9151,known,4screws,0.0005,0.0,0,5,manual
4,14530,4screws,0.7065,known,4screws,0.0005,0.0,0,5,manual
4,14531,4screws,0.925,known,4screws,0.0005,0.0,0,5,manual
4,14532,4screws,0.7025,known,4screws,0.0004,0.0,0,5,manual
4,14533,4screws,0.9825,known,4screws,0.0004,0.0,0,5,manual
4,14534,4screws,0.9425,known,4screws,0.0004,0.0,0,5,manual
4,14535,4screws,0.6773,known,4screws,0.0003,0.0,0,5,manual
4,14536,4screws,1.0013,unknown,,0.0803,0.0,0,5,manual
4,14537,4screws,0.5882,known,4screws,0.0739,0.0,0,5,manual
4,14538,4screws,0.7111,known,4screws,0.068,0.0,0,5,manual
4,14539,4screws,0.7499,known,4screws,0.0625,0.0,0,5,manual
4,14540,4screws,0.957,known,4screws,0.0575,0.0,0,5,manual
4,14541,4screws,0.7495,known,4screws,0.0529,0.0,0,5,manual
4,14542,4screws,0.566,known,4screws,0.0487,0.0,0,5,manual
4,14543,4screws,0.8472,known,4screws,0.0448,0.0,0,5,manual
4,14544,4screws,0.6959,known,4screws,0.0412,0.0,0,5,manual
4,14545,4screws,1.012,unknown,,0.1179,0.01,0,5,manual
4,14546,4screws,0.6727,known,4screws,0.1085,0.0,0,5,manual
4,14547,4screws,0.7779,known,4screws,0.0998,0.0,0,5,manual
4,14548,4screws,0.7778,known,4screws,0.0918,0.0,0,5,manual
4,14549,4screws,0.8438,known,4screws,0.0845,0.0,0,5,manual
4,14550,4screws,0.867,known,4screws,0.0777,0.0,0,5,manual
4,14551,4screws,0.8071,known,4screws,0.0715,0.0,0,5,manual
4,14552,4screws,0.74,known,4screws,0.0658,0.0,0,5,manual
4,14553,4screws,0.963,known,4screws,0.0605,0.0,0,5,manual
4,14554,4screws,0.8706,known,4screws,0.0557,0.0,0,5,manual
4,14555,4screws,0.9497,known,4screws,0.0512,0.0,0,5,manual
4,14556,4screws,0.8148,known,4screws,0.0471,0.0,0,5,manual
4,14557,4screws,0.6561,known,4screws,0.0434,0.0,0,5,manual
4,14558,4screws,0.8109,known,4screws,0.0399,0.0,0,5,manual
4,14559,4screws,0.7503,known,4screws,0.0367,0.0,0,5,manual
4,14560,4screws,0.8558,known,4screws,0.0338,0.0,0,5,manual
4,14561,4screws,0.9962,known,4screws,0.0311,0.0,0,5,manual
4,14562,4screws,0.7239,known,4screws,0.0286,0.0,0,5,manual
4,14563,4screws,0.8978,known,4screws,0.0263,0.0,0,5,manual
4,14564,4screws,0.9276,known,4screws,0.0242,0.0,0,5,manual
4,14565,4screws,0.7504,known,4screws,0.0222,0.0,0,5,manual
4,14566,4screws,0.6477,known,4screws,0.0205,0.0,0,5,manual
4,14567,4screws,0.6619,known,4screws,0.0188,0.0,0,5,manual
4,14568,4screws,0.8536,known,4screws,0.0173,0.0,0,5,manual
4,14569,4screws,0.9276,known,4screws,0.0159,0.0,0,5,manual
4,14570,4screws,0.6998,known,4screws,0.0147,0.0,0,5,manual
4,14571,4screws,0.7039,known,4screws,0.0135,0.0,0,5,manual
4,14572,4screws,0.7503,known,4screws,0.0124,0.0,0,5,manual
4,14573,4screws,0.6619,known,4screws,0.0114,0.0,0,5,manual
4,14574,4screws,0.7239,known,4screws,0.0105,0.0,0,5,manual
4,14575,4screws,0.8298,known,4screws,0.0097,0.0,0,5,manual
4,14576,4screws,0.6561,known,4screws,0.0089,0.0,0,5,manual
4,14577,4screws,0.7778,known,4screws,0.0082,0.0,0,5,manual
4,14578,4screws,0.8558,known,4screws,0.0075,0.0,0,5,manual
4,14579,4screws,0.7065,known,4screws,0.0069,0.0,0,5,manual
4,14580,4screws,0.8438,known,4screws,0.0064,0.0,0,5,manual
4,14581,4screws,0.9825,known,4screws,0.0059,0.0,0,5,manual
4,14582,4screws,0.8158,known,4screws,0.0054,0.0,0,5,manual
4,14583,4screws,0.8084,known,4screws,0.005,0.0,0,5,manual
4,14584,4screws,0.6727,known,4screws,0.0046,0.0,0,5,manual
4,14585,4screws,0.9962,known,4screws,0.0042,0.0,0,5,manual
4,14586,4screws,0.6773,known,4screws,0.0039,0.0,0,5,manual
4,14587,4screws,0.7025,known,4screws,0.0036,0.0,0,5,manual
4,14588,4screws,0.7633,known,4screws,0.0033,0.0,0,5,manual
4,14589,4screws,0.867,known,4screws,0.003,0.0,0,5,manual
4,14590,4screws,0.925,known,4screws,0.0028,0.0,0,5,manual
4,14591,4screws,0.8706,known,4screws,0.0025,0.0,0,5,manual
4,14592,4screws,0.7376,known,4screws,0.0023,0.0,0,5,manual
4,14593,4screws,0.8553,known,4screws,0.0022,0.0,0,5,manual
4,14594,4screws,0.8109,known,4screws,0.002,0.0,0,5,manual
4,14595,4screws,0.9425,known,4screws,0.0018,0.0,0,5,manual
4,14596,4screws,0.8148,known,4screws,0.0017,0.0,0,5,manual
4,14597,4screws,0.6959,known,4screws,0.0015,0.0,0,5,manual
4,14598,4screws,0.566,known,4screws,0.0014,0.0,0,5,manual
4,14599,4screws,0.5882,known,4screws,0.0013,0.0,0,5,manual
4,14600,4screws,0.8071,known,4screws,0.0012,0.0,0,5,manual
4,14601,4screws,0.7807,known,4screws,0.0011,0.0,0,5,manual
4,14602,4screws,0.818,known,4screws,0.001,0.0,0,5,manual
4,14603,4screws,0.7499,known,4screws,0.0009,0.0,0,5,manual
4,14604,4screws,0.8556,known,4screws,0.0009,0.0,0,5,manual
4,14605,4screws,0.7388,known,4screws,0.0008,0.0,0,5,manual
4,14606,4screws,0.74,known,4screws,0.0007,0.0,0,5,manual
4,14607,4screws,0.7111,known,4screws,0.0007,0.0,0,5,manual
4,14608,4screws,0.9,known,4screws,0.0006,0.0,0,5,manual
4,14609,4screws,0.7623,known,4screws,0.0006,0.0,0,5,manual
4,14610,4screws,0.7504,known,4screws,0.0005,0.0,0,5,manual
4,14611,4screws,0.8127,known,4screws,0.0005,0.0,0,5,manual
4,14612,4screws,0.8525,known,4screws,0.0004,0.0,0,5,manual
4,14613,4screws,0.7779,known,4screws,0.0004,0.0,0,5,manual
4,14614,4screws,0.8432,known,4screws,0.0004,0.0,0,5,manual
4,14615,4screws,0.8536,known,4screws,0.0003,0.0,0,5,manual
4,14616,4screws,0.963,known,4screws,0.0003,0.0,0,5,manual
4,14617,4screws,0.8978,known,4screws,0.0003,0.0,0,5,manual
4,14618,4screws,0.7495,known,4screws,0.0003,0.0,0,5,manual
4,14619,4screws,1.012,unknown,,0.0802,0.01,0,5,manual
4,14620,4screws,0.9187,known,4screws,0.0738,0.0,0,5,manual
4,14621,4screws,1.0013,unknown,,0.1479,0.0,0,5,manual
4,14622,4screws,0.8472,known,4screws,0.1361,0.0,0,5,manual
4,14623,4screws,0.9497,known,4screws,0.1252,0.0,0,5,manual
4,14624,4screws,0.957,known,4screws,0.1152,0.0,0,5,manual
4,14625,4screws,0.6477,known,4screws,0.106,0.0,0,5,manual
4,14626,4screws,0.9151,known,4screws,0.0975,0.0,0,5,manual
4,14627,4screws,0.963,known,4screws,0.0897,0.0,0,5,manual
4,14628,4screws,0.8109,known,4screws,0.0825,0.0,0,5,manual
4,14629,4screws,0.9962,known,4screws,0.0759,0.0,0,5,manual
4,14630,4screws,0.7499,known,4screws,0.0698,0.0,0,5,manual
4,14631,4screws,0.8525,known,4screws,0.0643,0.0,0,5,manual
4,14632,4screws,0.6477,known,4screws,0.0591,0.0,0,5,manual
4,14633,4screws,0.6561,known,4screws,0.0544,0.0,0,5,manual
4,14634,4screws,0.7779,known,4screws,0.05,0.0,0,5,manual
4,14635,4screws,0.7504,known,4screws,0.046,0.0,0,5,manual
4,14636,4screws,0.6998,known,4screws,0.0423,0.0,0,5,manual
4,14637,4screws,0.7239,known,4screws,0.039,0.0,0,5,manual
4,14638,4screws,1.0013,unknown,,0.1158,0.0,0,5,manual
4,14639,4screws,0.8148,known,4screws,0.1066,0.0,0,5,manual
4,14640,4screws,0.7111,known,4screws,0.0981,0.0,0,5,manual
4,14641,4screws,0.6727,known,4screws,0.0902,0.0,0,5,manual
4,14642,4screws,0.8084,known,4screws,0.083,0.0,0,5,manual
4,14643,4screws,0.9187,known,4screws,0.0764,0.0,0,5,manual
4,14644,4screws,0.566,known,4screws,0.0702,0.0,0,5,manual
4,14645,4screws,0.7503,known,4screws,0.0646,0.0,0,5,manual
4,14646,4screws,0.8558,known,4screws,0.0595,0.0,0,5,manual
4,14647,4screws,0.8556,known,4screws,0.0547,0.0,0,5,manual
4,14648,4screws,1.012,unknown,,0.1303,0.01,0,5,manual
4,14649,4screws,0.7388,known,4screws,0.1199,0.0,0,5,manual
4,14650,4screws,0.7065,known,4screws,0.1103,0.0,0,5,manual
4,14651,4screws,0.8472,known,4screws,0.1015,0.0,0,5,manual
4,14652,4screws,0.6959,known,4screws,0.0934,0.0,0,5,manual
4,14653,4screws,0.6619,known,4screws,0.0859,0.0,0,5,manual
4,14654,4screws,0.9151,known,4screws,0.079,0.0,0,5,manual
4,14655,4screws,0.8071,known,4screws,0.0727,0.0,0,5,manual
4,14656,4screws,0.9276,known,4screws,0.0669,0.0,0,5,manual
4,14657,4screws,0.7633,known,4screws,0.0615,0.0,0,5,manual
4,14658,4screws,0.818,known,4screws,0.0566,0.0,0,5,manual
4,14659,4screws,0.8536,known,4screws,0.0521,0.0,0,5,manual
4,14660,4screws,0.8127,known,4screws,0.0479,0.0,0,5,manual
4,14661,4screws,0.9497,known,4screws,0.0441,0.0,0,5,manual
4,14662,4screws,0.7623,known,4screws,0.0406,0.0,0,5,manual
4,14663,4screws,0.925,known,4screws,0.0373,0.0,0,5,manual
4,14664,4screws,0.7807,known,4screws,0.0343,0.0,0,5,manual
4,14665,4screws,0.7376,known,4screws,0.0316,0.0,0,5,manual
4,14666,4screws,0.8158,known,4screws,0.0291,0.0,0,5,manual
4,14667,4screws,0.5882,known,4screws,0.0267,0.0,0,5,manual
4,14668,4screws,0.8553,known,4screws,0.0246,0.0,0,5,manual
4,14669,4screws,0.9,known,4screws,0.0226,0.0,0,5,manual
4,14670,4screws,0.9425,known,4screws,0.0208,0.0,0,5,manual
4,14671,4screws,0.8438,known,4screws,0.0191,0.0,0,5,manual
4,14672,4screws,0.7778,known,4screws,0.0176,0.0,0,5,manual
4,14673,4screws,0.8432,known,4screws,0.0162,0.0,0,5,manual
4,14674,4screws,0.9825,known,4screws,0.0149,0.0,0,5,manual
4,14675,4screws,0.7025,known,4screws,0.0137,0.0,0,5,manual
4,14676,4screws,0.8978,known,4screws,0.0126,0.0,0,5,manual
4,14677,4screws,0.6773,known,4screws,0.0116,0.0,0,5,manual
4,14678,4screws,0.74,known,4screws,0.0107,0.0,0,5,manual
4,14679,4screws,0.7495,known,4screws,0.0098,0.0,0,5,manual
4,14680,4screws,0.8298,known,4screws,0.009,0.0,0,5,manual
4,14681,4screws,0.8706,known,4screws,0.0083,0.0,0,5,manual
4,14682,4screws,0.957,known,4screws,0.0077,0.0,0,5,manual
4,14683,4screws,0.7039,known,4screws,0.007,0.0,0,5,manual
4,14684,4screws,0.867,known,4screws,0.0065,0.0,0,5,manual
4,14685,4screws,0.7039,known,4screws,0.006,0.0,0,5,manual
4,14686,4screws,1.012,unknown,,0.0855,0.01,0,5,manual
4,14687,4screws,0.8158,known,4screws,0.0786,0.0,0,5,manual
4,14688,4screws,0.7807,known,4screws,0.0724,0.0,0,5,manual
4,14689,4screws,0.9276,known,4screws,0.0666,0.0,0,5,manual
4,14690,4screws,0.7633,known,4screws,0.0612,0.0,0,5,manual
4,14691,4screws,0.8127,known,4screws,0.0563,0.0,0,5,manual
4,14692,4screws,0.9497,known,4screws,0.0518,0.0,0,5,manual
4,14693,4screws,0.957,known,4screws,0.0477,0.0,0,5,manual
4,14694,4screws,0.7239,known,4screws,0.0439,0.0,0,5,manual
4,14695,4screws,0.566,known,4screws,0.0404,0.0,0,5,manual
4,14696,4screws,0.8536,known,4screws,0.0371,0.0,0,5,manual
4,14697,4screws,0.8432,known,4screws,0.0342,0.0,0,5,manual
4,14698,4screws,0.8553,known,4screws,0.0314,0.0,0,5,manual
4,14699,4screws,0.8558,known,4screws,0.0289,0.0,0,5,manual
4,14700,4screws,0.6959,known,4screws,0.0266,0.0,0,5,manual
4,14701,4screws,0.8148,known,4screws,0.0245,0.0,0,5,manual
4,14702,4screws,0.8109,known,4screws,0.0225,0.0,0,5,manual
4,14703,4screws,0.9962,known,4screws,0.0207,0.0,0,5,manual
4,14704,4screws,0.963,known,4screws,0.0191,0.0,0,5,manual
4,14705,4screws,0.8298,known,4screws,0.0175,0.0,0,5,manual
4,14706,4screws,0.7065,known,4screws,0.0161,0.0,0,5,manual
4,14707,4screws,0.7778,known,4screws,0.0148,0.0,0,5,manual
4,14708,4screws,0.8084,known,4screws,0.0137,0.0,0,5,manual
4,14709,4screws,0.8706,known,4screws,0.0126,0.0,0,5,manual
4,14710,4screws,0.7025,known,4screws,0.0116,0.0,0,5,manual
4,14711,4screws,0.6561,known,4screws,0.0106,0.0,0,5,manual
4,14712,4screws,0.8438,known,4screws,0.0098,0.0,0,5,manual
4,14713,4screws,0.7376,known,4screws,0.009,0.0,0,5,manual
4,14714,4screws,1.0013,unknown,,0.0883,0.0,0,5,manual
4,14715,4screws,0.9151,known,4screws,0.0812,0.0,0,5,manual
4,14716,4screws,0.6998,known,4screws,0.0747,0.0,0,5,manual
4,14717,4screws,0.8525,known,4screws,0.0687,0.0,0,5,manual
4,14718,4screws,0.5882,known,4screws,0.0632,0.0,0,5,manual
4,14719,4screws,0.9187,known,4screws,0.0582,0.0,0,5,manual
4,14720,4screws,0.818,known,4screws,0.0535,0.0,0,5,manual
4,14721,4screws,0.867,known,4screws,0.0492,0.0,0,5,manual
4,14722,4screws,0.7504,known,4screws,0.0453,0.0,0,5,manual
4,14723,4screws,0.7499,known,4screws,0.0417,0.0,0,5,manual
4,14724,4screws,0.6477,known,4screws,0.0383,0.0,0,5,manual
4,14725,4screws,0.925,known,4screws,0.0353,0.0,0,5,manual
4,14726,4screws,0.74,known,4screws,0.0325,0.0,0,5,manual
4,14727,4screws,0.8978,known,4screws,0.0299,0.0,0,5,manual
4,14728,4screws,0.6773,known,4screws,0.0275,0.0,0,5,manual
4,14729,4screws,0.9825,known,4screws,0.0253,0.0,0,5,manual
4,14730,4screws,0.7388,known,4screws,0.0233,0.0,0,5,manual
4,14731,4screws,0.7503,known,4screws,0.0214,0.0,0,5,manual
4,14732,4screws,0.7623,known,4screws,0.0197,0.0,0,5,manual
4,14733,4screws,0.9,known,4screws,0.0181,0.0,0,5,manual
4,14734,4screws,0.8472,known,4screws,0.0167,0.0,0,5,manual
4,14735,4screws,0.7495,known,4screws,0.0153,0.0,0,5,manual
4,14736,4screws,0.9425,known,4screws,0.0141,0.0,0,5,manual
4,14737,4screws,0.7779,known,4screws,0.013,0.0,0,5,manual
4,14738,4screws,0.7111,known,4screws,0.0119,0.0,0,5,manual
4,14739,4screws,0.6727,known,4screws,0.011,0.0,0,5,manual
4,14740,4screws,0.6619,known,4screws,0.0101,0.0,0,5,manual
4,14741,4screws,0.8071,known,4screws,0.0093,0.0,0,5,manual
4,14742,4screws,0.8556,known,4screws,0.0085,0.0,0,5,manual
4,14743,4screws,0.9187,known,4screws,0.0079,0.0,0,5,manual
4,14744,4screws,0.9276,known,4screws,0.0072,0.0,0,5,manual
4,14745,4screws,0.8158,known,4screws,0.0067,0.0,0,5,manual
4,14746,4screws,0.7623,known,4screws,0.0061,0.0,0,5,manual
4,14747,4screws,0.8298,known,4screws,0.0056,0.0,0,5,manual
4,14748,4screws,0.7633,known,4screws,0.0052,0.0,0,5,manual
4,14749,4screws,0.6959,known,4screws,0.0048,0.0,0,5,manual
4,14750,4screws,0.8472,known,4screws,0.0044,0.0,0,5,manual
4,14751,4screws,0.8109,known,4screws,0.004,0.0,0,5,manual
4,14752,4screws,1.012,unknown,,0.0837,0.01,0,5,manual
4,14753,4screws,0.8084,known,4screws,0.077,0.0,0,5,manual
4,14754,4screws,0.8553,known,4screws,0.0709,0.0,0,5,manual
4,14755,4screws,0.6561,known,4screws,0.0652,0.0,0,5,manual
4,14756,4screws,0.6727,known,4screws,0.06,0.0,0,5,manual
4,14757,4screws,0.9151,known,4screws,0.0552,0.0,0,5,manual
4,14758,4screws,0.7388,known,4screws,0.0508,0.0,0,5,manual
4,14759,4screws,0.8438,known,4screws,0.0467,0.0,0,5,manual
4,14760,4screws,0.867,known,4screws,0.043,0.0,0,5,manual
4,14761,4screws,0.7807,known,4screws,0.0395,0.0,0,5,manual
4,14762,4screws,0.8071,known,4screws,0.0364,0.0,0,5,manual
4,14763,4screws,0.7039,known,4screws,0.0335,0.0,0,5,manual
4,14764,4screws,0.7779,known,4screws,0.0308,0.0,0,5,manual
4,14765,4screws,0.818,known,4screws,0.0283,0.0,0,5,manual
4,14766,4screws,0.7495,known,4screws,0.0261,0.0,0,5,manual
4,14767,4screws,0.7025,known,4screws,0.024,0.0,0,5,manual
4,14768,4screws,0.6773,known,4screws,0.022,0.0,0,5,manual
4,14769,4screws,0.9425,known,4screws,0.0203,0.0,0,5,manual
4,14770,4screws,0.6998,known,4screws,0.0187,0.0,0,5,manual
4,14771,4screws,0.8525,known,4screws,0.0172,0.0,0,5,manual
4,14772,4screws,0.7499,known,4screws,0.0158,0.0,0,5,manual
4,14773,4screws,0.5882,known,4screws,0.0145,0.0,0,5,manual
4,14774,4screws,0.8556,known,4screws,0.0134,0.0,0,5,manual
4,14775,4screws,0.957,known,4screws,0.0123,0.0,0,5,manual
4,14776,4screws,0.7065,known,4screws,0.0113,0.0,0,5,manual
4,14777,4screws,0.8706,known,4screws,0.0104,0.0,0,5,manual
4,14778,4screws,0.6619,known,4screws,0.0096,0.0,0,5,manual
4,14779,4screws,0.8148,known,4screws,0.0088,0.0,0,5,manual
4,14780,4screws,0.8127,known,4screws,0.0081,0.0,0,5,manual
4,14781,4screws,0.566,known,4screws,0.0075,0.0,0,5,manual
4,14782,4screws,0.7503,known,4screws,0.0069,0.0,0,5,manual
4,14783,4screws,0.8558,known,4screws,0.0063,0.0,0,5,manual
4,14784,4screws,0.8978,known,4screws,0.0058,0.0,0,5,manual
4,14785,4screws,0.6477,known,4screws,0.0053,0.0,0,5,manual
4,14786,4screws,0.9825,known,4screws,0.0049,0.0,0,5,manual
4,14787,4screws,0.7111,known,4screws,0.0045,0.0,0,5,manual
4,14788,4screws,0.925,known,4screws,0.0042,0.0,0,5,manual
4,14789,4screws,0.8432,known,4screws,0.0038,0.0,0,5,manual
4,14790,4screws,0.9,known,4screws,0.0035,0.0,0,5,manual
4,14791,4screws,1.0013,unknown,,0.0832,0.0,0,5,manual
4,14792,4screws,0.8536,known,4screws,0.0766,0.0,0,5,manual
4,14793,4screws,0.9497,known,4screws,0.0705,0.0,0,5,manual
4,14794,4screws,0.9962,known,4screws,0.0648,0.0,0,5,manual
4,14795,4screws,0.7778,known,4screws,0.0596,0.0,0,5,manual
4,14796,4screws,0.74,known,4screws,0.0549,0.0,0,5,manual
4,14797,4screws,0.7504,known,4screws,0.0505,0.0,0,5,manual
4,14798,4screws,0.7239,known,4screws,0.0464,0.0,0,5,manual
4,14799,4screws,0.7376,known,4screws,0.0427,0.0,0,5,manual
4,14800,4screws,0.963,known,4screws,0.0393,0.0,0,5,manual
4,14801,4screws,0.74,known,4screws,0.0362,0.0,0,5,manual
4,14802,4screws,0.8558,known,4screws,0.0333,0.0,0,5,manual
4,14803,4screws,0.6619,known,4screws,0.0306,0.0,0,5,manual
4,14804,4screws,0.6477,known,4screws,0.0282,0.0,0,5,manual
4,14805,4screws,0.9187,known,4screws,0.0259,0.0,0,5,manual
4,14806,4screws,0.7623,known,4screws,0.0238,0.0,0,5,manual
4,14807,4screws,0.6998,known,4screws,0.0219,0.0,0,5,manual
4,14808,4screws,0.8525,known,4screws,0.0202,0.0,0,5,manual
4,14809,4screws,0.6561,known,4screws,0.0186,0.0,0,5,manual
4,14810,4screws,0.9151,known,4screws,0.0171,0.0,0,5,manual
4,14811,4screws,0.7376,known,4screws,0.0157,0.0,0,5,manual
4,14812,4screws,0.7111,known,4screws,0.0145,0.0,0,5,manual
4,14813,4screws,0.8432,known,4screws,0.0133,0.0,0,5,manual
4,14814,4screws,0.7503,known,4screws,0.0122,0.0,0,5,manual
4,14815,4screws,0.7779,known,4screws,0.0113,0.0,0,5,manual
4,14816,4screws,0.867,known,4screws,0.0104,0.0,0,5,manual
4,14817,4screws,0.8071,known,4screws,0.0095,0.0,0,5,manual
4,14818,4screws,0.9825,known,4screws,0.0088,0.0,0,5,manual
4,14819,4screws,0.7025,known,4screws,0.0081,0.0,0,5,manual
4,14820,4screws,0.9425,known,4screws,0.0074,0.0,0,5,manual
4,14821,4screws,0.9962,known,4screws,0.0068,0.0,0,5,manual
4,14822,4screws,0.9497,known,4screws,0.0063,0.0,0,5,manual
4,14823,4screws,0.8158,known,4screws,0.0058,0.0,0,5,manual
4,14824,4screws,0.7807,known,4screws,0.0053,0.0,0,5,manual
4,14825,4screws,0.8472,known,4screws,0.0049,0.0,0,5,manual
4,14826,4screws,1.0013,unknown,,0.0845,0.0,0,5,manual
4,14827,4screws,0.925,known,4screws,0.0777,0.0,0,5,manual
4,14828,4screws,0.8536,known,4screws,0.0715,0.0,0,5,manual
4,14829,4screws,0.8706,known,4screws,0.0658,0.0,0,5,manual
4,14830,4screws,0.7039,known,4screws,0.0605,0.0,0,5,manual
4,14831,4screws,0.963,known,4screws,0.0557,0.0,0,5,manual
4,14832,4screws,1.012,unknown,,0.1312,0.01,0,5,manual
4,14833,4screws,0.9276,known,4screws,0.1207,0.0,0,5,manual
4,14834,4screws,0.8298,known,4screws,0.1111,0.0,0,5,manual
4,14835,4screws,0.8978,known,4screws,0.1022,0.0,0,5,manual
4,14836,4screws,0.957,known,4screws,0.094,0.0,0,5,manual
4,14837,4screws,0.7495,known,4screws,0.0865,0.0,0,5,manual
4,14838,4screws,0.6959,known,4screws,0.0796,0.0,0,5,manual
4,14839,4screws,0.8556,known,4screws,0.0732,0.0,0,5,manual
4,14840,4screws,0.7504,known,4screws,0.0674,0.0,0,5,manual
4,14841,4screws,0.7499,known,4screws,0.062,0.0,0,5,manual
4,14842,4screws,0.8553,known,4screws,0.057,0.0,0,5,manual
4,14843,4screws,0.7239,known,4screws,0.0524,0.0,0,5,manual
4,14844,4screws,0.818,known,4screws,0.0483,0.0,0,5,manual
4,14845,4screws,0.7065,known,4screws,0.0444,0.0,0,5,manual
4,14846,4screws,0.9,known,4screws,0.0408,0.0,0,5,manual
4,14847,4screws,0.8438,known,4screws,0.0376,0.0,0,5,manual
4,14848,4screws,0.6773,known,4screws,0.0346,0.0,0,5,manual
4,14849,4screws,0.7778,known,4screws,0.0318,0.0,0,5,manual
4,14850,4screws,0.6727,known,4screws,0.0293,0.0,0,5,manual
4,14851,4screws,0.5882,known,4screws,0.0269,0.0,0,5,manual
4,14852,4screws,0.7388,known,4screws,0.0248,0.0,0,5,manual
4,14853,4screws,0.8127,known,4screws,0.0228,0.0,0,5,manual
4,14854,4screws,0.8148,known,4screws,0.021,0.0,0,5,manual
4,14855,4screws,0.8109,known,4screws,0.0193,0.0,0,5,manual
4,14856,4screws,0.8084,known,4screws,0.0177,0.0,0,5,manual
4,14857,4screws,0.7633,known,4screws,0.0163,0.0,0,5,manual
4,14858,4screws,0.566,known,4screws,0.015,0.0,0,5,manual
4,14859,4screws,0.7499,known,4screws,0.0138,0.0,0,5,manual
4,14860,4screws,0.9825,known,4screws,0.0127,0.0,0,5,manual
4,14861,4screws,0.7039,known,4screws,0.0117,0.0,0,5,manual
4,14862,4screws,0.8084,known,4screws,0.0108,0.0,0,5,manual
4,14863,4screws,0.7633,known,4screws,0.0099,0.0,0,5,manual
4,14864,4screws,0.8536,known,4screws,0.0091,0.0,0,5,manual
4,14865,4screws,0.8706,known,4screws,0.0084,0.0,0,5,manual
4,14866,4screws,0.74,known,4screws,0.0077,0.0,0,5,manual
4,14867,4screws,0.8553,known,4screws,0.0071,0.0,0,5,manual
4,14868,4screws,0.9276,known,4screws,0.0065,0.0,0,5,manual
4,14869,4screws,0.5882,known,4screws,0.006,0.0,0,5,manual
4,14870,4screws,0.8472,known,4screws,0.0055,0.0,0,5,manual
4,14871,4screws,0.8556,known,4screws,0.0051,0.0,0,5,manual
4,14872,4screws,0.9962,known,4screws,0.0047,0.0,0,5,manual
4,14873,4screws,0.9151,known,4screws,0.0043,0.0,0,5,manual
4,14874,4screws,0.7376,known,4screws,0.004,0.0,0,5,manual
4,14875,4screws,0.818,known,4screws,0.0036,0.0,0,5,manual
4,14876,4screws,0.9425,known,4screws,0.0033,0.0,0,5,manual
4,14877,4screws,0.8978,known,4screws,0.0031,0.0,0,5,manual
4,14878,4screws,0.8298,known,4screws,0.0028,0.0,0,5,manual
4,14879,4screws,0.7388,known,4screws,0.0026,0.0,0,5,manual
4,14880,4screws,0.8071,known,4screws,0.0024,0.0,0,5,manual
4,14881,4screws,0.6998,known,4screws,0.0022,0.0,0,5,manual
4,14882,4screws,0.7025,known,4screws,0.002,0.0,0,5,manual
4,14883,4screws,0.8158,known,4screws,0.0019,0.0,0,5,manual
4,14884,4screws,0.8525,known,4screws,0.0017,0.0,0,5,manual
4,14885,4screws,0.6477,known,4screws,0.0016,0.0,0,5,manual
4,14886,4screws,0.9187,known,4screws,0.0015,0.0,0,5,manual
4,14887,4screws,0.8438,known,4screws,0.0013,0.0,0,5,manual
4,14888,4screws,0.8432,known,4screws,0.0012,0.0,0,5,manual
4,14889,4screws,1.0013,unknown,,0.0811,0.0,0,5,manual
4,14890,4screws,0.957,known,4screws,0.0746,0.0,0,5,manual
4,14891,4screws,0.963,known,4screws,0.0687,0.0,0,5,manual
4,14892,4screws,0.6773,known,4screws,0.0632,0.0,0,5,manual
4,14893,4screws,0.6959,known,4screws,0.0581,0.0,0,5,manual
4,14894,4screws,0.7807,known,4screws,0.0535,0.0,0,5,manual
4,14895,4screws,0.7779,known,4screws,0.0492,0.0,0,5,manual
4,14896,4screws,0.7623,known,4screws,0.0453,0.0,0,5,manual
4,14897,4screws,0.6561,known,4screws,0.0416,0.0,0,5,manual
4,14898,4screws,0.7778,known,4screws,0.0383,0.0,0,5,manual
4,14899,4screws,0.9,known,4screws,0.0352,0.0,0,5,manual
4,14900,4screws,0.8148,known,4screws,0.0324,0.0,0,5,manual
4,14901,4screws,0.9497,known,4screws,0.0298,0.0,0,5,manual
4,14902,4screws,0.8109,known,4screws,0.0274,0.0,0,5,manual
4,14903,4screws,0.7239,known,4screws,0.0252,0.0,0,5,manual
4,14904,4screws,0.867,known,4screws,0.0232,0.0,0,5,manual
4,14905,4screws,0.8558,known,4screws,0.0214,0.0,0,5,manual
4,14906,4screws,1.012,unknown,,0.0997,0.01,0,5,manual
4,14907,4screws,0.8127,known,4screws,0.0917,0.0,0,5,manual
4,14908,4screws,0.566,known,4screws,0.0844,0.0,0,5,manual
4,14909,4screws,0.925,known,4screws,0.0776,0.0,0,5,manual
4,14910,4screws,0.7065,known,4screws,0.0714,0.0,0,5,manual
4,14911,4screws,0.7495,known,4screws,0.0657,0.0,0,5,manual
4,14912,4screws,0.7111,known,4screws,0.0604,0.0,0,5,manual
4,14913,4screws,0.7503,known,4screws,0.0556,0.0,0,5,manual
4,14914,4screws,0.6619,known,4screws,0.0511,0.0,0,5,manual
4,14915,4screws,0.7504,known,4screws,0.0471,0.0,0,5,manual
4,14916,4screws,0.6727,known,4screws,0.0433,0.0,0,5,manual
4,14917,4screws,0.7504,known,4screws,0.0398,0.0,0,5,manual
4,14918,4screws,0.7039,known,4screws,0.0366,0.0,0,5,manual
4,14919,4screws,0.7065,known,4screws,0.0337,0.0,0,5,manual
4,14920,4screws,0.8553,known,4screws,0.031,0.0,0,5,manual
4,14921,4screws,0.957,known,4screws,0.0285,0.0,0,5,manual
4,14922,4screws,0.6773,known,4screws,0.0262,0.0,0,5,manual
4,14923,4screws,0.8525,known,4screws,0.0241,0.0,0,5,manual
4,14924,4screws,0.7778,known,4screws,0.0222,0.0,0,5,manual
4,14925,4screws,0.8298,known,4screws,0.0204,0.0,0,5,manual
4,14926,4screws,0.8127,known,4screws,0.0188,0.0,0,5,manual
4,14927,4screws,0.9151,known,4screws,0.0173,0.0,0,5,manual
4,14928,4screws,0.7111,known,4screws,0.0159,0.0,0,5,manual
4,14929,4screws,0.9425,known,4screws,0.0146,0.0,0,5,manual
4,14930,4screws,0.9187,known,4screws,0.0135,0.0,0,5,manual
4,14931,4screws,0.867,known,4screws,0.0124,0.0,0,5,manual
4,14932,4screws,0.8472,known,4screws,0.0114,0.0,0,5,manual
4,14933,4screws,0.9276,known,4screws,0.0105,0.0,0,5,manual
4,14934,4screws,0.6959,known,4screws,0.0097,0.0,0,5,manual
4,14935,4screws,0.9497,known,4screws,0.0089,0.0,0,5,manual
4,14936,4screws,0.7503,known,4screws,0.0082,0.0,0,5,manual
4,14937,4screws,0.8084,known,4screws,0.0075,0.0,0,5,manual
4,14938,4screws,0.9,known,4screws,0.0069,0.0,0,5,manual
4,14939,4screws,0.6561,known,4screws,0.0064,0.0,0,5,manual
4,14940,4screws,0.8109,known,4screws,0.0059,0.0,0,5,manual
4,14941,4screws,0.7779,known,4screws,0.0054,0.0,0,5,manual
4,14942,4screws,0.6619,known,4screws,0.005,0.0,0,5,manual
4,14943,4screws,0.7499,known,4screws,0.0046,0.0,0,5,manual
4,14944,4screws,0.566,known,4screws,0.0042,0.0,0,5,manual
4,14945,4screws,0.9825,known,4screws,0.0039,0.0,0,5,manual
4,14946,4screws,0.8978,known,4screws,0.0035,0.0,0,5,manual
4,14947,4screws,0.7807,known,4screws,0.0033,0.0,0,5,manual
4,14948,4screws,1.0013,unknown,,0.083,0.0,0,5,manual
4,14949,4screws,0.7376,known,4screws,0.0764,0.0,0,5,manual
4,14950,4screws,0.8432,known,4screws,0.0703,0.0,0,5,manual
4,14951,4screws,0.7623,known,4screws,0.0646,0.0,0,5,manual
4,14952,4screws,0.6727,known,4screws,0.0595,0.0,0,5,manual
4,14953,4screws,0.818,known,4screws,0.0547,0.0,0,5,manual
4,14954,4screws,0.8556,known,4screws,0.0503,0.0,0,5,manual
4,14955,4screws,0.6477,known,4screws,0.0463,0.0,0,5,manual
4,14956,4screws,0.6998,known,4screws,0.0426,0.0,0,5,manual
4,14957,4screws,0.7239,known,4screws,0.0392,0.0,0,5,manual
4,14958,4screws,0.8158,known,4screws,0.0361,0.0,0,5,manual
4,14959,4screws,0.8558,known,4screws,0.0332,0.0,0,5,manual
4,14960,4screws,0.9962,known,4screws,0.0305,0.0,0,5,manual
4,14961,4screws,0.8148,known,4screws,0.0281,0.0,0,5,manual
4,14962,4screws,0.8536,known,4screws,0.0258,0.0,0,5,manual
4,14963,4screws,0.74,known,4screws,0.0238,0.0,0,5,manual
4,14964,4screws,0.7025,known,4screws,0.0219,0.0,0,5,manual
4,14965,4screws,0.8071,known,4screws,0.0201,0.0,0,5,manual
4,14966,4screws,0.7388,known,4screws,0.0185,0.0,0,5,manual
4,14967,4screws,0.7495,known,4screws,0.017,0.0,0,5,manual
4,14968,4screws,0.7633,known,4screws,0.0157,0.0,0,5,manual
4,14969,4screws,0.8706,known,4screws,0.0144,0.0,0,5,manual
4,14970,4screws,0.8438,known,4screws,0.0133,0.0,0,5,manual
4,14971,4screws,0.925,known,4screws,0.0122,0.0,0,5,manual
4,14972,4screws,1.012,unknown,,0.0912,0.01,0,5,manual
4,14973,4screws,0.5882,known,4screws,0.0839,0.0,0,5,manual
4,14974,4screws,0.963,known,4screws,0.0772,0.0,0,5,manual
4,14975,4screws,0.6727,known,4screws,0.071,0.0,0,5,manual
4,14976,4screws,0.7779,known,4screws,0.0653,0.0,0,5,manual
4,14977,4screws,0.8071,known,4screws,0.0601,0.0,0,5,manual
4,14978,4screws,0.6959,known,4screws,0.0553,0.0,0,5,manual
4,14979,4screws,0.9425,known,4screws,0.0509,0.0,0,5,manual
4,14980,4screws,0.7807,known,4screws,0.0468,0.0,0,5,manual
4,14981,4screws,0.7039,known,4screws,0.0431,0.0,0,5,manual
4,14982,4screws,0.8298,known,4screws,0.0396,0.0,0,5,manual
4,14983,4screws,0.8536,known,4screws,0.0365,0.0,0,5,manual
4,14984,4screws,0.8148,known,4screws,0.0335,0.0,0,5,manual
4,14985,4screws,0.5882,known,4screws,0.0309,0.0,0,5,manual
4,14986,4screws,0.7065,known,4screws,0.0284,0.0,0,5,manual
4,14987,4screws,0.8432,known,4screws,0.0261,0.0,0,5,manual
4,14988,4screws,0.9825,known,4screws,0.024,0.0,0,5,manual
4,14989,4screws,0.9,known,4screws,0.0221,0.0,0,5,manual
4,14990,4screws,0.7376,known,4screws,0.0203,0.0,0,5,manual
4,14991,4screws,0.7111,known,4screws,0.0187,0.0,0,5,manual
4,14992,4screws,1.0013,unknown,,0.0972,0.0,0,5,manual
4,14993,4screws,0.8553,known,4screws,0.0894,0.0,0,5,manual
4,14994,4screws,0.867,known,4screws,0.0823,0.0,0,5,manual
4,14995,4screws,0.8525,known,4screws,0.0757,0.0,0,5,manual
4,14996,4screws,0.8558,known,4screws,0.0696,0.0,0,5,manual
4,14997,4screws,0.9497,known,4screws,0.0641,0.0,0,5,manual
4,14998,4screws,0.566,known,4screws,0.0589,0.0,0,5,manual
4,14999,4screws,0.7388,known,4screws,0.0542,0.0,0,5,manual
4,15000,4screws,0.818,known,4screws,0.0499,0.0,0,5,manual
4,15001,4screws,0.7503,known,4screws,0.0459,0.0,0,5,manual
4,15002,4screws,1.012,unknown,,0.1222,0.01,0,5,manual
4,15003,4screws,0.957,known,4screws,0.1124,0.0,0,5,manual
4,15004,4screws,0.9187,known,4screws,0.1035,0.0,0,5,manual
4,15005,4screws,0.6561,known,4screws,0.0952,0.0,0,5,manual
4,15006,4screws,0.6619,known,4screws,0.0876,0.0,0,5,manual
4,15007,4screws,0.7499,known,4screws,0.0806,0.0,0,5,manual
4,15008,4screws,0.925,known,4screws,0.0741,0.0,0,5,manual
4,15009,4screws,0.6998,known,4screws,0.0682,0.0,0,5,manual
4,15010,4screws,0.7504,known,4screws,0.0627,0.0,0,5,manual
4,15011,4screws,0.8472,known,4screws,0.0577,0.0,0,5,manual
4,15012,4screws,0.963,known,4screws,0.0531,0.0,0,5,manual
4,15013,4screws,0.7633,known,4screws,0.0488,0.0,0,5,manual
4,15014,4screws,0.9962,known,4screws,0.0449,0.0,0,5,manual
4,15015,4screws,0.9151,known,4screws,0.0413,0.0,0,5,manual
4,15016,4screws,0.8556,known,4screws,0.038,0.0,0,5,manual
4,15017,4screws,0.8978,known,4screws,0.035,0.0,0,5,manual
4,15018,4screws,0.8109,known,4screws,0.0322,0.0,0,5,manual
4,15019,4screws,0.8127,known,4screws,0.0296,0.0,0,5,manual
4,15020,4screws,0.7623,known,4screws,0.0272,0.0,0,5,manual
4,15021,4screws,0.6773,known,4screws,0.0251,0.0,0,5,manual
4,15022,4screws,0.6477,known,4screws,0.0231,0.0,0,5,manual
4,15023,4screws,0.8084,known,4screws,0.0212,0.0,0,5,manual
4,15024,4screws,0.8706,known,4screws,0.0195,0.0,0,5,manual
4,15025,4screws,0.7239,known,4screws,0.018,0.0,0,5,manual
4,15026,4screws,0.9276,known,4screws,0.0165,0.0,0,5,manual
4,15027,4screws,0.8438,known,4screws,0.0152,0.0,0,5,manual
4,15028,4screws,0.8158,known,4screws,0.014,0.0,0,5,manual
4,15029,4screws,0.7495,known,4screws,0.0129,0.0,0,5,manual
4,15030,4screws,0.7025,known,4screws,0.0118,0.0,0,5,manual
4,15031,4screws,0.74,known,4screws,0.0109,0.0,0,5,manual
4,15032,4screws,0.7778,known,4screws,0.01,0.0,0,5,manual
4,15033,4screws,0.9276,known,4screws,0.0092,0.0,0,5,manual
4,15034,4screws,0.6561,known,4screws,0.0085,0.0,0,5,manual
4,15035,4screws,0.9962,known,4screws,0.0078,0.0,0,5,manual
4,15036,4screws,0.8556,known,4screws,0.0072,0.0,0,5,manual
4,15037,4screws,0.7039,known,4screws,0.0066,0.0,0,5,manual
4,15038,4screws,0.6998,known,4screws,0.0061,0.0,0,5,manual
4,15039,4screws,0.8084,known,4screws,0.0056,0.0,0,5,manual
4,15040,4screws,0.9497,known,4screws,0.0051,0.0,0,5,manual
4,15041,4screws,0.7495,known,4screws,0.0047,0.0,0,5,manual
4,15042,4screws,0.8432,known,4screws,0.0044,0.0,0,5,manual
4,15043,4screws,0.9825,known,4screws,0.004,0.0,0,5,manual
4,15044,4screws,0.566,known,4screws,0.0037,0.0,0,5,manual
4,15045,4screws,0.7504,known,4screws,0.0034,0.0,0,5,manual
4,15046,4screws,0.7779,known,4screws,0.0031,0.0,0,5,manual
4,15047,4screws,0.8109,known,4screws,0.0029,0.0,0,5,manual
4,15048,4screws,0.7388,known,4screws,0.0026,0.0,0,5,manual
4,15049,4screws,0.8472,known,4screws,0.0024,0.0,0,5,manual
4,15050,4screws,0.9151,known,4screws,0.0022,0.0,0,5,manual
4,15051,4screws,0.9,known,4screws,0.0021,0.0,0,5,manual
4,15052,4screws,0.8706,known,4screws,0.0019,0.0,0,5,manual
4,15053,4screws,0.7239,known,4screws,0.0017,0.0,0,5,manual
4,15054,4screws,0.8978,known,4screws,0.0016,0.0,0,5,manual
4,15055,4screws,0.7633,known,4screws,0.0015,0.0,0,5,manual
4,15056,4screws,0.963,known,4screws,0.0014,0.0,0,5,manual
4,15057,4screws,0.74,known,4screws,0.0012,0.0,0,5,manual
4,15058,4screws,0.8158,known,4screws,0.0011,0.0,0,5,manual
4,15059,4screws,0.6727,known,4screws,0.0011,0.0,0,5,manual
4,15060,4screws,1.0013,unknown,,0.081,0.0,0,5,manual
4,15061,4screws,0.7499,known,4screws,0.0745,0.0,0,5,manual
4,15062,4screws,0.8438,known,4screws,0.0685,0.0,0,5,manual
4,15063,4screws,0.7376,known,4screws,0.0631,0.0,0,5,manual
4,15064,4screws,0.7111,known,4screws,0.058,0.0,0,5,manual
4,15065,4screws,0.8536,known,4screws,0.0534,0.0,0,5,manual
4,15066,4screws,0.8525,known,4screws,0.0491,0.0,0,5,manual
4,15067,4screws,0.8071,known,4screws,0.0452,0.0,0,5,manual
4,15068,4screws,0.9425,known,4screws,0.0416,0.0,0,5,manual
4,15069,4screws,0.6959,known,4screws,0.0382,0.0,0,5,manual
4,15070,4screws,0.8553,known,4screws,0.0352,0.0,0,5,manual
4,15071,4screws,1.012,unknown,,0.1124,0.01,0,5,manual
4,15072,4screws,0.7778,known,4screws,0.1034,0.0,0,5,manual
4,15073,4screws,0.7807,known,4screws,0.0951,0.0,0,5,manual
4,15074,4screws,0.7065,known,4screws,0.0875,0.0,0,5,manual
4,15075,4screws,0.6619,known,4screws,0.0805,0.0,0,5,manual
4,15076,4screws,0.8148,known,4screws,0.0741,0.0,0,5,manual
4,15077,4screws,0.925,known,4screws,0.0681,0.0,0,5,manual
4,15078,4screws,0.7025,known,4screws,0.0627,0.0,0,5,manual
4,15079,4screws,0.9187,known,4screws,0.0577,0.0,0,5,manual
4,15080,4screws,0.8558,known,4screws,0.0531,0.0,0,5,manual
4,15081,4screws,0.8127,known,4screws,0.0488,0.0,0,5,manual
4,15082,4screws,0.8298,known,4screws,0.0449,0.0,0,5,manual
4,15083,4screws,0.5882,known,4screws,0.0413,0.0,0,5,manual
4,15084,4screws,0.7623,known,4screws,0.038,0.0,0,5,manual
4,15085,4screws,0.818,known,4screws,0.035,0.0,0,5,manual
4,15086,4screws,0.6477,known,4screws,0.0322,0.0,0,5,manual
4,15087,4screws,0.7503,known,4screws,0.0296,0.0,0,5,manual
4,15088,4screws,0.867,known,4screws,0.0272,0.0,0,5,manual
4,15089,4screws,0.6773,known,4screws,0.025,0.0,0,5,manual
4,15090,4screws,0.957,known,4screws,0.023,0.0,0,5,manual
4,15091,4screws,0.9,known,4screws,0.0212,0.0,0,5,manual
4,15092,4screws,0.8158,known,4screws,0.0195,0.0,0,5,manual
4,15093,4screws,0.8978,known,4screws,0.0179,0.0,0,5,manual
4,15094,4screws,0.8558,known,4screws,0.0165,0.0,0,5,manual
4,15095,4screws,0.9825,known,4screws,0.0152,0.0,0,5,manual
4,15096,4screws,0.9276,known,4screws,0.014,0.0,0,5,manual
4,15097,4screws,1.0013,unknown,,0.0929,0.0,0,5,manual
4,15098,4screws,0.925,known,4screws,0.0854,0.0,0,5,manual
4,15099,4screws,0.8148,known,4screws,0.0786,0.0,0,5,manual
4,15100,4screws,0.6959,known,4screws,0.0723,0.0,0,5,manual
4,15101,4screws,0.7376,known,4screws,0.0665,0.0,0,5,manual
4,15102,4screws,1.012,unknown,,0.1412,0.01,0,5,manual
4,15103,4screws,0.963,known,4screws,0.1299,0.0,0,5,manual
4,15104,4screws,0.8472,known,4screws,0.1195,0.0,0,5,manual
4,15105,4screws,0.7239,known,4screws,0.11,0.0,0,5,manual
4,15106,4screws,0.8438,known,4screws,0.1012,0.0,0,5,manual
4,15107,4screws,0.6477,known,4screws,0.0931,0.0,0,5,manual
4,15108,4screws,0.7025,known,4screws,0.0856,0.0,0,5,manual
4,15109,4screws,0.7779,known,4screws,0.0788,0.0,0,5,manual
4,15110,4screws,0.7633,known,4screws,0.0725,0.0,0,5,manual
4,15111,4screws,0.8298,known,4screws,0.0667,0.0,0,5,manual
4,15112,4screws,0.9151,known,4screws,0.0613,0.0,0,5,manual
4,15113,4screws,0.8071,known,4screws,0.0564,0.0,0,5,manual
4,15114,4screws,0.8553,known,4screws,0.0519,0.0,0,5,manual
4,15115,4screws,0.8706,known,4screws,0.0478,0.0,0,5,manual
4,15116,4screws,0.7623,known,4screws,0.0439,0.0,0,5,manual
4,15117,4screws,0.818,known,4screws,0.0404,0.0,0,5,manual
4,15118,4screws,0.8536,known,4screws,0.0372,0.0,0,5,manual
4,15119,4screws,0.7388,known,4screws,0.0342,0.0,0,5,manual
4,15120,4screws,0.7065,known,4screws,0.0315,0.0,0,5,manual
4,15121,4screws,0.566,known,4screws,0.029,0.0,0,5,manual
4,15122,4screws,0.9425,known,4screws,0.0266,0.0,0,5,manual
4,15123,4screws,0.7499,known,4screws,0.0245,0.0,0,5,manual
4,15124,4screws,0.7807,known,4screws,0.0226,0.0,0,5,manual
4,15125,4screws,0.6998,known,4screws,0.0207,0.0,0,5,manual
4,15126,4screws,0.5882,known,4screws,0.0191,0.0,0,5,manual
4,15127,4screws,0.8109,known,4screws,0.0176,0.0,0,5,manual
4,15128,4screws,0.8556,known,4screws,0.0162,0.0,0,5,manual
4,15129,4screws,0.6773,known,4screws,0.0149,0.0,0,5,manual
4,15130,4screws,0.7778,known,4screws,0.0137,0.0,0,5,manual
4,15131,4screws,0.8084,known,4screws,0.0126,0.0,0,5,manual
4,15132,4screws,0.9962,known,4screws,0.0116,0.0,0,5,manual
4,15133,4screws,0.8432,known,4screws,0.0106,0.0,0,5,manual
4,15134,4screws,0.7503,known,4screws,0.0098,0.0,0,5,manual
4,15135,4screws,0.6619,known,4screws,0.009,0.0,0,5,manual
4,15136,4screws,0.6561,known,4screws,0.0083,0.0,0,5,manual
4,15137,4screws,0.8127,known,4screws,0.0076,0.0,0,5,manual
4,15138,4screws,0.7111,known,4screws,0.007,0.0,0,5,manual
4,15139,4screws,0.6727,known,4screws,0.0065,0.0,0,5,manual
4,15140,4screws,0.7504,known,4screws,0.0059,0.0,0,5,manual
4,15141,4screws,0.74,known,4screws,0.0055,0.0,0,5,manual
4,15142,4screws,0.9187,known,4screws,0.005,0.0,0,5,manual
4,15143,4screws,0.8525,known,4screws,0.0046,0.0,0,5,manual
4,15144,4screws,0.7039,known,4screws,0.0043,0.0,0,5,manual
4,15145,4screws,0.7495,known,4screws,0.0039,0.0,0,5,manual
4,15146,4screws,0.957,known,4screws,0.0036,0.0,0,5,manual
4,15147,4screws,0.867,known,4screws,0.0033,0.0,0,5,manual
4,15148,4screws,0.9497,known,4screws,0.003,0.0,0,5,manual
4,15149,4screws,0.7779,known,4screws,0.0028,0.0,0,5,manual
4,15150,4screws,0.9425,known,4screws,0.0026,0.0,0,5,manual
4,15151,4screws,0.8298,known,4screws,0.0024,0.0,0,5,manual
4,15152,4screws,0.8472,known,4screws,0.0022,0.0,0,5,manual
4,15153,4screws,0.6619,known,4screws,0.002,0.0,0,5,manual
4,15154,4screws,0.6998,known,4screws,0.0018,0.0,0,5,manual
4,15155,4screws,0.8127,known,4screws,0.0017,0.0,0,5,manual
4,15156,4screws,0.74,known,4screws,0.0016,0.0,0,5,manual
4,15157,4screws,0.7623,known,4screws,0.0014,0.0,0,5,manual
4,15158,4screws,0.7778,known,4screws,0.0013,0.0,0,5,manual
4,15159,4screws,0.7388,known,4screws,0.0012,0.0,0,5,manual
4,15160,4screws,0.8706,known,4screws,0.0011,0.0,0,5,manual
4,15161,4screws,0.8536,known,4screws,0.001,0.0,0,5,manual
4,15162,4screws,0.6727,known,4screws,0.0009,0.0,0,5,manual
4,15163,4screws,0.818,known,4screws,0.0009,0.0,0,5,manual
4,15164,4screws,0.8084,known,4screws,0.0008,0.0,0,5,manual
4,15165,4screws,0.8158,known,4screws,0.0007,0.0,0,5,manual
4,15166,4screws,0.8978,known,4screws,0.0007,0.0,0,5,manual
4,15167,4screws,0.7376,known,4screws,0.0006,0.0,0,5,manual
4,15168,4screws,0.957,known,4screws,0.0006,0.0,0,5,manual
4,15169,4screws,1.012,unknown,,0.0805,0.01,0,5,manual
4,15170,4screws,1.0013,unknown,,0.1541,0.01,0,5,manual
4,15171,4screws,0.7807,known,4screws,0.1418,0.0,0,5,manual
4,15172,4screws,0.9276,known,4screws,0.1304,0.0,0,5,manual
4,15173,4screws,0.9497,known,4screws,0.12,0.0,0,5,manual
4,15174,4screws,0.8109,known,4screws,0.1104,0.0,0,5,manual
4,15175,4screws,0.6561,known,4screws,0.1016,0.0,0,5,manual
4,15176,4screws,0.7495,known,4screws,0.0934,0.0,0,5,manual
4,15177,4screws,0.7039,known,4screws,0.086,0.0,0,5,manual
4,15178,4screws,0.8438,known,4screws,0.0791,0.0,0,5,manual
4,15179,4screws,0.7504,known,4screws,0.0728,0.0,0,5,manual
4,15180,4screws,0.8553,known,4screws,0.0669,0.0,0,5,manual
4,15181,4screws,0.6477,known,4screws,0.0616,0.0,0,5,manual
4,15182,4screws,0.8148,known,4screws,0.0567,0.0,0,5,manual
4,15183,4screws,0.9187,known,4screws,0.0521,0.0,0,5,manual
4,15184,4screws,0.9825,known,4screws,0.048,0.0,0,5,manual
4,15185,4screws,0.8432,known,4screws,0.0441,0.0,0,5,manual
4,15186,4screws,0.8558,known,4screws,0.0406,0.0,0,5,manual
4,15187,4screws,0.963,known,4screws,0.0373,0.0,0,5,manual
4,15188,4screws,0.7499,known,4screws,0.0344,0.0,0,5,manual
4,15189,4screws,0.9151,known,4screws,0.0316,0.0,0,5,manual
4,15190,4screws,0.8556,known,4screws,0.0291,0.0,0,5,manual
4,15191,4screws,0.9,known,4screws,0.0267,0.0,0,5,manual
4,15192,4screws,0.7239,known,4screws,0.0246,0.0,0,5,manual
4,15193,4screws,0.8525,known,4screws,0.0226,0.0,0,5,manual
4,15194,4screws,0.867,known,4screws,0.0208,0.0,0,5,manual
4,15195,4screws,0.7111,known,4screws,0.0192,0.0,0,5,manual
4,15196,4screws,0.9962,known,4screws,0.0176,0.0,0,5,manual
4,15197,4screws,0.5882,known,4screws,0.0162,0.0,0,5,manual
4,15198,4screws,0.8071,known,4screws,0.0149,0.0,0,5,manual
4,15199,4screws,0.6773,known,4screws,0.0137,0.0,0,5,manual
4,15200,4screws,0.7503,known,4screws,0.0126,0.0,0,5,manual
4,15201,4screws,0.566,known,4screws,0.0116,0.0,0,5,manual
4,15202,4screws,0.6959,known,4screws,0.0107,0.0,0,5,manual
4,15203,4screws,0.7633,known,4screws,0.0098,0.0,0,5,manual
4,15204,4screws,0.925,known,4screws,0.009,0.0,0,5,manual
4,15205,4screws,0.7065,known,4screws,0.0083,0.0,0,5,manual
4,15206,4screws,0.7025,known,4screws,0.0077,0.0,0,5,manual
4,15207,4screws,0.818,known,4screws,0.007,0.0,0,5,manual
4,15208,4screws,0.6477,known,4screws,0.0065,0.0,0,5,manual
4,15209,4screws,0.8706,known,4screws,0.006,0.0,0,5,manual
4,15210,4screws,1.012,unknown,,0.0855,0.01,0,5,manual
4,15211,4screws,0.8071,known,4screws,0.0786,0.0,0,5,manual
4,15212,4screws,0.9425,known,4screws,0.0724,0.0,0,5,manual
4,15213,4screws,0.9962,known,4screws,0.0666,0.0,0,5,manual
4,15214,4screws,0.7633,known,4screws,0.0612,0.0,0,5,manual
4,15215,4screws,0.8148,known,4screws,0.0563,0.0,0,5,manual
4,15216,4screws,0.6727,known,4screws,0.0518,0.0,0,5,manual
4,15217,4screws,0.8978,known,4screws,0.0477,0.0,0,5,manual
4,15218,4screws,0.963,known,4screws,0.0439,0.0,0,5,manual
4,15219,4screws,0.7025,known,4screws,0.0404,0.0,0,5,manual
4,15220,4screws,0.8558,known,4screws,0.0371,0.0,0,5,manual
4,15221,4screws,0.9,known,4screws,0.0342,0.0,0,5,manual
4,15222,4screws,0.7779,known,4screws,0.0314,0.0,0,5,manual
4,15223,4screws,0.9497,known,4screws,0.0289,0.0,0,5,manual
4,15224,4screws,0.8556,known,4screws,0.0266,0.0,0,5,manual
4,15225,4screws,1.0013,unknown,,0.1045,0.0,0,5,manual
4,15226,4screws,0.8525,known,4screws,0.0961,0.0,0,5,manual
4,15227,4screws,0.9276,known,4screws,0.0884,0.0,0,5,manual
4,15228,4screws,0.8472,known,4screws,0.0814,0.0,0,5,manual
4,15229,4screws,0.7039,known,4screws,0.0748,0.0,0,5,manual
4,15230,4screws,0.7807,known,4screws,0.0689,0.0,0,5,manual
4,15231,4screws,0.6619,known,4screws,0.0633,0.0,0,5,manual
4,15232,4screws,0.6561,known,4screws,0.0583,0.0,0,5,manual
4,15233,4screws,0.7376,known,4screws,0.0536,0.0,0,5,manual
4,15234,4screws,0.7778,known,4screws,0.0493,0.0,0,5,manual
4,15235,4screws,0.8127,known,4screws,0.0454,0.0,0,5,manual
4,15236,4screws,0.9151,known,4screws,0.0418,0.0,0,5,manual
4,15237,4screws,0.7388,known,4screws,0.0384,0.0,0,5,manual
4,15238,4screws,0.6773,known,4screws,0.0353,0.0,0,5,manual
4,15239,4screws,0.566,known,4screws,0.0325,0.0,0,5,manual
4,15240,4screws,0.8084,known,4screws,0.0299,0.0,0,5,manual
4,15241,4screws,0.7504,known,4screws,0.0275,0.0,0,5,manual
4,15242,4screws,0.8298,known,4screws,0.0253,0.0,0,5,manual
4,15243,4screws,0.7495,known,4screws,0.0233,0.0,0,5,manual
4,15244,4screws,0.9825,known,4screws,0.0214,0.0,0,5,manual
4,15245,4screws,0.8553,known,4screws,0.0197,0.0,0,5,manual
4,15246,4screws,0.6998,known,4screws,0.0181,0.0,0,5,manual
4,15247,4screws,0.9187,known,4screws,0.0167,0.0,0,5,manual
4,15248,4screws,0.7111,known,4screws,0.0154,0.0,0,5,manual
4,15249,4screws,0.867,known,4screws,0.0141,0.0,0,5,manual
4,15250,4screws,0.8536,known,4screws,0.013,0.0,0,5,manual
4,15251,4screws,0.74,known,4screws,0.012,0.0,0,5,manual
4,15252,4screws,0.7503,known,4screws,0.011,0.0,0,5,manual
4,15253,4screws,0.8158,known,4screws,0.0101,0.0,0,5,manual
4,15254,4screws,0.957,known,4screws,0.0093,0.0,0,5,manual
4,15255,4screws,0.8109,known,4screws,0.0086,0.0,0,5,manual
4,15256,4screws,0.925,known,4screws,0.0079,0.0,0,5,manual
4,15257,4screws,0.8432,known,4screws,0.0072,0.0,0,5,manual
4,15258,4screws,0.7065,known,4screws,0.0067,0.0,0,5,manual
4,15259,4screws,0.7499,known,4screws,0.0061,0.0,0,5,manual
4,15260,4screws,0.5882,known,4screws,0.0056,0.0,0,5,manual
4,15261,4screws,0.7239,known,4screws,0.0052,0.0,0,5,manual
4,15262,4screws,0.6959,known,4screws,0.0048,0.0,0,5,manual
4,15263,4screws,0.8438,known,4screws,0.0044,0.0,0,5,manual
4,15264,4screws,0.7623,known,4screws,0.004,0.0,0,5,manual
4,15265,4screws,0.7633,known,4screws,0.0037,0.0,0,5,manual
4,15266,4screws,0.867,known,4screws,0.0034,0.0,0,5,manual
4,15267,4screws,0.6561,known,4screws,0.0031,0.0,0,5,manual
4,15268,4screws,0.7388,known,4screws,0.0029,0.0,0,5,manual
4,15269,4screws,0.8109,known,4screws,0.0027,0.0,0,5,manual
4,15270,4screws,0.963,known,4screws,0.0025,0.0,0,5,manual
