"repository","branch","commit_sha","path","filename","extension","object_type","mode","blob_or_tree_sha","size","analysis_status","candidate_category","lfs_pointer","dvc_metadata","notes"
"Drone-Motors-Unknown-Faults-Detection/Ancestor","main","1ef4a891ae02dc95910f747a5163bb2edd608f28",".gitignore",".gitignore",".gitignore","blob","100644","d62ac124e6cc532815556218952abb0b4def477f","4998","read","F_IRRELEVANT","False","False",""
"Drone-Motors-Unknown-Faults-Detection/Ancestor","main","1ef4a891ae02dc95910f747a5163bb2edd608f28","Differents.md","Differents.md",".md","blob","100644","56ac414b59c9e28567edde6ef3ad39ef82d6152f","18784","read","F_IRRELEVANT","False","False",""
"Drone-Motors-Unknown-Faults-Detection/Ancestor","main","1ef4a891ae02dc95910f747a5163bb2edd608f28","GPU-Test.ipynb","GPU-Test.ipynb",".ipynb","blob","100644","01316c5d3dc40b8787e629bf1b2d9a462d5803c0","5053","read","F_IRRELEVANT","False","False",""
"Drone-Motors-Unknown-Faults-Detection/Ancestor","main","1ef4a891ae02dc95910f747a5163bb2edd608f28","GPU.sh","GPU.sh",".sh","blob","100755","d33ca82ff3d918243bc424e320071e43fbac882c","362","read","F_IRRELEVANT","False","False",""
"Drone-Motors-Unknown-Faults-Detection/Ancestor","main","1ef4a891ae02dc95910f747a5163bb2edd608f28","README.html","README.html",".html","blob","100644","26b4662176c0ca86e4f1a8155b78a1969c96c926","51287","read","F_IRRELEVANT","False","False",""
"Drone-Motors-Unknown-Faults-Detection/Ancestor","main","1ef4a891ae02dc95910f747a5163bb2edd608f28","README.md","README.md",".md","blob","100644","718060c02b079de8f7a7d5b06e59774faf5520c9","37497","read","F_IRRELEVANT","False","False",""
"Drone-Motors-Unknown-Faults-Detection/Ancestor","main","1ef4a891ae02dc95910f747a5163bb2edd608f28","Step1_Data_Preprocessing.sh","Step1_Data_Preprocessing.sh",".sh","blob","100755","520bdc75ef31414a8035b269bfbf973d60d0e119","976","read","F_IRRELEVANT","False","False",""
"Drone-Motors-Unknown-Faults-Detection/Ancestor","main","1ef4a891ae02dc95910f747a5163bb2edd608f28","Step1_Data_Preprocessing_11000.sh","Step1_Data_Preprocessing_11000.sh",".sh","blob","100755","271276e35880714d58f41e621e4ec02ad3bf3705","624","read","F_IRRELEVANT","False","False",""
"Drone-Motors-Unknown-Faults-Detection/Ancestor","main","1ef4a891ae02dc95910f747a5163bb2edd608f28","Step1_Data_Preprocessing_6000.sh","Step1_Data_Preprocessing_6000.sh",".sh","blob","100755","d7fa84549f851353785c6634e998a7140596be86","620","read","F_IRRELEVANT","False","False",""
"Drone-Motors-Unknown-Faults-Detection/Ancestor","main","1ef4a891ae02dc95910f747a5163bb2edd608f28","Step1_Data_Preprocessing_8000.sh","Step1_Data_Preprocessing_8000.sh",".sh","blob","100755","64157ce6575970e234b1f9fe193418b9faf99428","620","read","F_IRRELEVANT","False","False",""
"Drone-Motors-Unknown-Faults-Detection/Ancestor","main","1ef4a891ae02dc95910f747a5163bb2edd608f28","Step1_Data_Preprocessing_figure_11000.py","Step1_Data_Preprocessing_figure_11000.py",".py","blob","100644","eba2cb326a1aa72bf81a2c6b4e709e7afced8dc9","5453","read","F_IRRELEVANT","False","False",""
"Drone-Motors-Unknown-Faults-Detection/Ancestor","main","1ef4a891ae02dc95910f747a5163bb2edd608f28","Step1_Data_Preprocessing_figure_6000.py","Step1_Data_Preprocessing_figure_6000.py",".py","blob","100644","c532878aa1abaf77076d352aa199f902eef800c1","5481","read","F_IRRELEVANT","False","False",""
"Drone-Motors-Unknown-Faults-Detection/Ancestor","main","1ef4a891ae02dc95910f747a5163bb2edd608f28","Step1_Data_Preprocessing_figure_8000.py","Step1_Data_Preprocessing_figure_8000.py",".py","blob","100644","12bc3de3410dd026f8e7bc6972b6c96208279c53","5482","read","F_IRRELEVANT","False","False",""
"Drone-Motors-Unknown-Faults-Detection/Ancestor","main","1ef4a891ae02dc95910f747a5163bb2edd608f28","Step1_Data_Preprocessing_save_11000_1.py","Step1_Data_Preprocessing_save_11000_1.py",".py","blob","100644","0f9fce2d3e3a17a289ee92430e61542b0b993c65","4358","read","F_IRRELEVANT","False","False",""
"Drone-Motors-Unknown-Faults-Detection/Ancestor","main","1ef4a891ae02dc95910f747a5163bb2edd608f28","Step1_Data_Preprocessing_save_11000_2.py","Step1_Data_Preprocessing_save_11000_2.py",".py","blob","100644","40f986dc3b9ea7a660622002bc2748c6a0a3c426","4291","read","F_IRRELEVANT","False","False",""
"Drone-Motors-Unknown-Faults-Detection/Ancestor","main","1ef4a891ae02dc95910f747a5163bb2edd608f28","Step1_Data_Preprocessing_save_11000_3.py","Step1_Data_Preprocessing_save_11000_3.py",".py","blob","100644","645edd12f4b08a1cc6bde24604f1697375310ff7","4291","read","F_IRRELEVANT","False","False",""
"Drone-Motors-Unknown-Faults-Detection/Ancestor","main","1ef4a891ae02dc95910f747a5163bb2edd608f28","Step1_Data_Preprocessing_save_6000_1.py","Step1_Data_Preprocessing_save_6000_1.py",".py","blob","100644","3314dedf239dcb23c1fc5247d1e11a68ce9fb2f0","4356","read","F_IRRELEVANT","False","False",""
"Drone-Motors-Unknown-Faults-Detection/Ancestor","main","1ef4a891ae02dc95910f747a5163bb2edd608f28","Step1_Data_Preprocessing_save_6000_2.py","Step1_Data_Preprocessing_save_6000_2.py",".py","blob","100644","9f9f9e937f9337271e6636dd96e9e4c8230a4c06","4288","read","F_IRRELEVANT","False","False",""
"Drone-Motors-Unknown-Faults-Detection/Ancestor","main","1ef4a891ae02dc95910f747a5163bb2edd608f28","Step1_Data_Preprocessing_save_6000_3.py","Step1_Data_Preprocessing_save_6000_3.py",".py","blob","100644","38aad6b8cd76fc5b57fdf1dbad2a982b258386a8","4288","read","F_IRRELEVANT","False","False",""
"Drone-Motors-Unknown-Faults-Detection/Ancestor","main","1ef4a891ae02dc95910f747a5163bb2edd608f28","Step1_Data_Preprocessing_save_8000_1.py","Step1_Data_Preprocessing_save_8000_1.py",".py","blob","100644","7dd4ee02fe2e4603ae6deea6111271007c73c625","4357","read","F_IRRELEVANT","False","False",""
"Drone-Motors-Unknown-Faults-Detection/Ancestor","main","1ef4a891ae02dc95910f747a5163bb2edd608f28","Step1_Data_Preprocessing_save_8000_2.py","Step1_Data_Preprocessing_save_8000_2.py",".py","blob","100644","d8e9661c06d4376043b4d71b30cc6c901ed3e8ae","4287","read","F_IRRELEVANT","False","False",""
"Drone-Motors-Unknown-Faults-Detection/Ancestor","main","1ef4a891ae02dc95910f747a5163bb2edd608f28","Step1_Data_Preprocessing_save_8000_3.py","Step1_Data_Preprocessing_save_8000_3.py",".py","blob","100644","66681ba63f35d4c80acaff47c757a0dfe0421a4f","4288","read","F_IRRELEVANT","False","False",""
"Drone-Motors-Unknown-Faults-Detection/Ancestor","main","1ef4a891ae02dc95910f747a5163bb2edd608f28","Step2_Feature_Extraction.sh","Step2_Feature_Extraction.sh",".sh","blob","100755","95ccdfd7d537b8d53c2b1f963822206f17c85732","798","read","F_IRRELEVANT","False","False",""
"Drone-Motors-Unknown-Faults-Detection/Ancestor","main","1ef4a891ae02dc95910f747a5163bb2edd608f28","Step2_Feature_Extraction_11000_1.py","Step2_Feature_Extraction_11000_1.py",".py","blob","100644","62062df9d7a399d4d424c4fb1056cd9013480517","13899","read","F_IRRELEVANT","False","False",""
"Drone-Motors-Unknown-Faults-Detection/Ancestor","main","1ef4a891ae02dc95910f747a5163bb2edd608f28","Step2_Feature_Extraction_11000_2.py","Step2_Feature_Extraction_11000_2.py",".py","blob","100644","ecda7dcebc65c328a6cb7baa6cbb0e610641ae4a","13353","read","F_IRRELEVANT","False","False",""
"Drone-Motors-Unknown-Faults-Detection/Ancestor","main","1ef4a891ae02dc95910f747a5163bb2edd608f28","Step2_Feature_Extraction_11000_3.py","Step2_Feature_Extraction_11000_3.py",".py","blob","100644","94a155821350b2418790867dd1ceb4013f023e3a","13353","read","F_IRRELEVANT","False","False",""
"Drone-Motors-Unknown-Faults-Detection/Ancestor","main","1ef4a891ae02dc95910f747a5163bb2edd608f28","Step2_Feature_Extraction_6000_1.py","Step2_Feature_Extraction_6000_1.py",".py","blob","100644","84d2545c89504915c2afd68d4174c009638abbd3","13953","read","F_IRRELEVANT","False","False",""
"Drone-Motors-Unknown-Faults-Detection/Ancestor","main","1ef4a891ae02dc95910f747a5163bb2edd608f28","Step2_Feature_Extraction_6000_2.py","Step2_Feature_Extraction_6000_2.py",".py","blob","100644","f5e19476fef067aedc2705981b7d09f02286ae48","13687","read","F_IRRELEVANT","False","False",""
"Drone-Motors-Unknown-Faults-Detection/Ancestor","main","1ef4a891ae02dc95910f747a5163bb2edd608f28","Step2_Feature_Extraction_6000_3.py","Step2_Feature_Extraction_6000_3.py",".py","blob","100644","31cdc6dcb99ce376cb887c2d3bad42de50fd23c8","13339","read","F_IRRELEVANT","False","False",""
"Drone-Motors-Unknown-Faults-Detection/Ancestor","main","1ef4a891ae02dc95910f747a5163bb2edd608f28","Step2_Feature_Extraction_8000_1.py","Step2_Feature_Extraction_8000_1.py",".py","blob","100644","d1d286b34f2a00d0c40f585bc22d099424052210","15746","read","F_IRRELEVANT","False","False",""
"Drone-Motors-Unknown-Faults-Detection/Ancestor","main","1ef4a891ae02dc95910f747a5163bb2edd608f28","Step2_Feature_Extraction_8000_2.py","Step2_Feature_Extraction_8000_2.py",".py","blob","100644","9473637d525bfa0bd2e241c6d2a694d4930b20f5","13347","read","F_IRRELEVANT","False","False",""
"Drone-Motors-Unknown-Faults-Detection/Ancestor","main","1ef4a891ae02dc95910f747a5163bb2edd608f28","Step2_Feature_Extraction_8000_3.py","Step2_Feature_Extraction_8000_3.py",".py","blob","100644","db61a83412552c5e64965b3d56e590324bc60a7c","13681","read","F_IRRELEVANT","False","False",""
"Drone-Motors-Unknown-Faults-Detection/Ancestor","main","1ef4a891ae02dc95910f747a5163bb2edd608f28","Step3_Model.sh","Step3_Model.sh",".sh","blob","100755","893d1a3b266bbd6917f303b45d9b01bb092a5dd0","2225","read","F_IRRELEVANT","False","False",""
"Drone-Motors-Unknown-Faults-Detection/Ancestor","main","1ef4a891ae02dc95910f747a5163bb2edd608f28","Step3_Model_01.ipynb","Step3_Model_01.ipynb",".ipynb","blob","100644","c5381c9bf6a1ae47206a372dc72e3cd5ec838d01","156206","read","F_IRRELEVANT","False","False",""
"Drone-Motors-Unknown-Faults-Detection/Ancestor","main","1ef4a891ae02dc95910f747a5163bb2edd608f28","Step3_Model_02.ipynb","Step3_Model_02.ipynb",".ipynb","blob","100644","bc77adce23735c1cac9b958cbc4d697efe5e4132","505503","read","F_IRRELEVANT","False","False",""
"Drone-Motors-Unknown-Faults-Detection/Ancestor","main","1ef4a891ae02dc95910f747a5163bb2edd608f28","Step3_Model_03.ipynb","Step3_Model_03.ipynb",".ipynb","blob","100644","ac249f69f8f967c6ed8a341f01e570123125599a","13455","read","F_IRRELEVANT","False","False",""
"Drone-Motors-Unknown-Faults-Detection/Ancestor","main","1ef4a891ae02dc95910f747a5163bb2edd608f28","Step3_Model_04.ipynb","Step3_Model_04.ipynb",".ipynb","blob","100644","8c6c65d9dc60dda6351d3560666999da6cd904dc","12549","read","F_IRRELEVANT","False","False",""
"Drone-Motors-Unknown-Faults-Detection/Ancestor","main","1ef4a891ae02dc95910f747a5163bb2edd608f28","Step3_Model_05.ipynb","Step3_Model_05.ipynb",".ipynb","blob","100644","238a1b139033001d630aea58e43040abddc2bd06","10095","read","F_IRRELEVANT","False","False",""
"Drone-Motors-Unknown-Faults-Detection/Ancestor","main","1ef4a891ae02dc95910f747a5163bb2edd608f28","Step3_Model_06.ipynb","Step3_Model_06.ipynb",".ipynb","blob","100644","dbb9c2a7acb22f62d57e9d077dc0e0498eddf40d","12519","read","F_IRRELEVANT","False","False",""
"Drone-Motors-Unknown-Faults-Detection/Ancestor","main","1ef4a891ae02dc95910f747a5163bb2edd608f28","Step3_Model_07.ipynb","Step3_Model_07.ipynb",".ipynb","blob","100644","0917cfa21bc74b106d228373e210fd6dbe24af87","9830","read","F_IRRELEVANT","False","False",""
"Drone-Motors-Unknown-Faults-Detection/Ancestor","main","1ef4a891ae02dc95910f747a5163bb2edd608f28","Step3_Model_08.ipynb","Step3_Model_08.ipynb",".ipynb","blob","100644","dc871a6cd436d3c41ec4af4c0a5a739d887bf403","10098","read","F_IRRELEVANT","False","False",""
"Drone-Motors-Unknown-Faults-Detection/Ancestor","main","1ef4a891ae02dc95910f747a5163bb2edd608f28","Step3_Model_09.ipynb","Step3_Model_09.ipynb",".ipynb","blob","100644","8728e80ff360d368360da2627a84cc774dd3f5d8","9828","read","F_IRRELEVANT","False","False",""
"Drone-Motors-Unknown-Faults-Detection/Ancestor","main","1ef4a891ae02dc95910f747a5163bb2edd608f28","Step3_Model_10_OneStage.ipynb","Step3_Model_10_OneStage.ipynb",".ipynb","blob","100644","00510e06f77a131c321a9fa34f04a06a598ee13a","9884","read","F_IRRELEVANT","False","False",""
"Drone-Motors-Unknown-Faults-Detection/Ancestor","main","1ef4a891ae02dc95910f747a5163bb2edd608f28","Step3_Model_10_TwoStage.ipynb","Step3_Model_10_TwoStage.ipynb",".ipynb","blob","100644","f90be12aabf2d6b57aea638204a04b98fcae82fc","10097","read","F_IRRELEVANT","False","False",""
"Drone-Motors-Unknown-Faults-Detection/Ancestor","main","1ef4a891ae02dc95910f747a5163bb2edd608f28","Step3_Model_11_OneStage.ipynb","Step3_Model_11_OneStage.ipynb",".ipynb","blob","100644","db665d45aa3055fb8baae3c0eac1c5c9bdd9f041","10138","read","F_IRRELEVANT","False","False",""
"Drone-Motors-Unknown-Faults-Detection/Ancestor","main","1ef4a891ae02dc95910f747a5163bb2edd608f28","Step3_Model_11_TwoStage.ipynb","Step3_Model_11_TwoStage.ipynb",".ipynb","blob","100644","34776200950c39156e5ac1f03c59cd91155e96a9","10151","read","F_IRRELEVANT","False","False",""
"Drone-Motors-Unknown-Faults-Detection/Ancestor","main","1ef4a891ae02dc95910f747a5163bb2edd608f28","Step3_Model_12_OneStage.ipynb","Step3_Model_12_OneStage.ipynb",".ipynb","blob","100644","d6cf2661e4653d553c0bd96ed5b63fa2a9c3dead","9882","read","F_IRRELEVANT","False","False",""
"Drone-Motors-Unknown-Faults-Detection/Ancestor","main","1ef4a891ae02dc95910f747a5163bb2edd608f28","Step3_Model_12_TwoStage.ipynb","Step3_Model_12_TwoStage.ipynb",".ipynb","blob","100644","e525c0d0e48ce26e2a46b5165192288c57ff9940","9880","read","F_IRRELEVANT","False","False",""
"Drone-Motors-Unknown-Faults-Detection/Ancestor","main","1ef4a891ae02dc95910f747a5163bb2edd608f28","Step3_Model_13_OneStage.ipynb","Step3_Model_13_OneStage.ipynb",".ipynb","blob","100644","f004ba8b75886b379e50772ca8c2c42141e336ba","9884","read","F_IRRELEVANT","False","False",""
"Drone-Motors-Unknown-Faults-Detection/Ancestor","main","1ef4a891ae02dc95910f747a5163bb2edd608f28","Step3_Model_13_TwoStage.ipynb","Step3_Model_13_TwoStage.ipynb",".ipynb","blob","100644","5dcd095abe8367347e7390782f9830c68861d782","10101","read","F_IRRELEVANT","False","False",""
"Drone-Motors-Unknown-Faults-Detection/Ancestor","main","1ef4a891ae02dc95910f747a5163bb2edd608f28","Step3_Model_14_OneStage.ipynb","Step3_Model_14_OneStage.ipynb",".ipynb","blob","100644","fdfd42378c854fda47e56c65abbe845fb33d1c66","10138","read","F_IRRELEVANT","False","False",""
"Drone-Motors-Unknown-Faults-Detection/Ancestor","main","1ef4a891ae02dc95910f747a5163bb2edd608f28","Step3_Model_14_TwoStage.ipynb","Step3_Model_14_TwoStage.ipynb",".ipynb","blob","100644","2f146b939a2a73e6a369437472bc3851c33f4fd6","10168","read","F_IRRELEVANT","False","False",""
"Drone-Motors-Unknown-Faults-Detection/Ancestor","main","1ef4a891ae02dc95910f747a5163bb2edd608f28","Step3_Model_15_OneStage.ipynb","Step3_Model_15_OneStage.ipynb",".ipynb","blob","100644","d490eb3b11e11171e9c4d3d1b63023b1c87c1393","9908","read","F_IRRELEVANT","False","False",""
"Drone-Motors-Unknown-Faults-Detection/Ancestor","main","1ef4a891ae02dc95910f747a5163bb2edd608f28","Step3_Model_15_TwoStage.ipynb","Step3_Model_15_TwoStage.ipynb",".ipynb","blob","100644","559c0a43ce97c4e944350a10e91dcd848730a415","9879","read","F_IRRELEVANT","False","False",""
"Drone-Motors-Unknown-Faults-Detection/Ancestor","main","1ef4a891ae02dc95910f747a5163bb2edd608f28","Step3_Model_16_OneStage.ipynb","Step3_Model_16_OneStage.ipynb",".ipynb","blob","100644","e5abc056e258afe0a90d5c9487ff2f569427826e","9887","read","F_IRRELEVANT","False","False",""
"Drone-Motors-Unknown-Faults-Detection/Ancestor","main","1ef4a891ae02dc95910f747a5163bb2edd608f28","Step3_Model_16_TwoStage.ipynb","Step3_Model_16_TwoStage.ipynb",".ipynb","blob","100644","6df1f4329455bfe45db5d933a30c6558e59ba175","10103","read","F_IRRELEVANT","False","False",""
"Drone-Motors-Unknown-Faults-Detection/Ancestor","main","1ef4a891ae02dc95910f747a5163bb2edd608f28","Step3_Model_17_OneStage.ipynb","Step3_Model_17_OneStage.ipynb",".ipynb","blob","100644","09a3f6cbd771245799c0d2f968b95e23127ce6e0","10141","read","F_IRRELEVANT","False","False",""
"Drone-Motors-Unknown-Faults-Detection/Ancestor","main","1ef4a891ae02dc95910f747a5163bb2edd608f28","Step3_Model_17_TwoStage.ipynb","Step3_Model_17_TwoStage.ipynb",".ipynb","blob","100644","29a0dbfb594b92583bd41de1ed5e65d4b7616d31","10171","read","F_IRRELEVANT","False","False",""
"Drone-Motors-Unknown-Faults-Detection/Ancestor","main","1ef4a891ae02dc95910f747a5163bb2edd608f28","Step3_Model_18_OneStage.ipynb","Step3_Model_18_OneStage.ipynb",".ipynb","blob","100644","9a682fc9c0b28541c625f726bec6322bffc45fab","9885","read","F_IRRELEVANT","False","False",""
"Drone-Motors-Unknown-Faults-Detection/Ancestor","main","1ef4a891ae02dc95910f747a5163bb2edd608f28","Step3_Model_18_TwoStage.ipynb","Step3_Model_18_TwoStage.ipynb",".ipynb","blob","100644","e0d29b3fb671bd39eeddf721cf518e0a4df58dab","9898","read","F_IRRELEVANT","False","False",""
"Drone-Motors-Unknown-Faults-Detection/Ancestor","main","1ef4a891ae02dc95910f747a5163bb2edd608f28","Step3_Model_19_OneStage.ipynb","Step3_Model_19_OneStage.ipynb",".ipynb","blob","100644","6fd240091ac03c90f79892587fc96e4a28fff6d9","9884","read","F_IRRELEVANT","False","False",""
"Drone-Motors-Unknown-Faults-Detection/Ancestor","main","1ef4a891ae02dc95910f747a5163bb2edd608f28","Step3_Model_19_TwoStage.ipynb","Step3_Model_19_TwoStage.ipynb",".ipynb","blob","100644","368fe948d7fa1331c1fdee54fe93fcdf8aaaa940","10097","read","F_IRRELEVANT","False","False",""
"Drone-Motors-Unknown-Faults-Detection/Ancestor","main","1ef4a891ae02dc95910f747a5163bb2edd608f28","Step3_Model_20_OneStage.ipynb","Step3_Model_20_OneStage.ipynb",".ipynb","blob","100644","f1f9b5ffbda1eeb3ed6af421106ca9ca214e4384","10138","read","F_IRRELEVANT","False","False",""
"Drone-Motors-Unknown-Faults-Detection/Ancestor","main","1ef4a891ae02dc95910f747a5163bb2edd608f28","Step3_Model_20_TwoStage.ipynb","Step3_Model_20_TwoStage.ipynb",".ipynb","blob","100644","d962c5bf930803b9a8e8ec8899094385985f4528","10137","read","F_IRRELEVANT","False","False",""
"Drone-Motors-Unknown-Faults-Detection/Ancestor","main","1ef4a891ae02dc95910f747a5163bb2edd608f28","Step3_Model_21_OneStage.ipynb","Step3_Model_21_OneStage.ipynb",".ipynb","blob","100644","efdae5dc6d318abf3cc50876d1912679e6f2cc51","9881","read","F_IRRELEVANT","False","False",""
"Drone-Motors-Unknown-Faults-Detection/Ancestor","main","1ef4a891ae02dc95910f747a5163bb2edd608f28","Step3_Model_21_TwoStage.ipynb","Step3_Model_21_TwoStage.ipynb",".ipynb","blob","100644","ccb7bb87edf8e4f792c031fa2ac433e6b659b35a","9880","read","F_IRRELEVANT","False","False",""
"Drone-Motors-Unknown-Faults-Detection/Ancestor","main","1ef4a891ae02dc95910f747a5163bb2edd608f28","Step3_Model_22_OneStage.ipynb","Step3_Model_22_OneStage.ipynb",".ipynb","blob","100644","5cfb826ff28fde6b07b507e69e76f9f5323a7b55","9884","read","F_IRRELEVANT","False","False",""
"Drone-Motors-Unknown-Faults-Detection/Ancestor","main","1ef4a891ae02dc95910f747a5163bb2edd608f28","Step3_Model_22_TwoStage.ipynb","Step3_Model_22_TwoStage.ipynb",".ipynb","blob","100644","d8dbaf6e11cd88ecf6d22e167bc33778de3f79ed","10100","read","F_IRRELEVANT","False","False",""
"Drone-Motors-Unknown-Faults-Detection/Ancestor","main","1ef4a891ae02dc95910f747a5163bb2edd608f28","Step3_Model_23_OneStage.ipynb","Step3_Model_23_OneStage.ipynb",".ipynb","blob","100644","ea974f46d4d1d36d276cdc44dccb5e83757a3369","10152","read","F_IRRELEVANT","False","False",""
"Drone-Motors-Unknown-Faults-Detection/Ancestor","main","1ef4a891ae02dc95910f747a5163bb2edd608f28","Step3_Model_23_TwoStage.ipynb","Step3_Model_23_TwoStage.ipynb",".ipynb","blob","100644","00f85366cec50033eb9b09a21d1a5fe4411df8df","10168","read","F_IRRELEVANT","False","False",""
"Drone-Motors-Unknown-Faults-Detection/Ancestor","main","1ef4a891ae02dc95910f747a5163bb2edd608f28","Step3_Model_24_OneStage.ipynb","Step3_Model_24_OneStage.ipynb",".ipynb","blob","100644","f0ac5db5277ef7c72a7cf7875e040bb3e0ed7ecd","9881","read","F_IRRELEVANT","False","False",""
"Drone-Motors-Unknown-Faults-Detection/Ancestor","main","1ef4a891ae02dc95910f747a5163bb2edd608f28","Step3_Model_24_TwoStage.ipynb","Step3_Model_24_TwoStage.ipynb",".ipynb","blob","100644","38add1d0dada4c5f55b2573dfea4e49eefb39f3b","9883","read","F_IRRELEVANT","False","False",""
"Drone-Motors-Unknown-Faults-Detection/Ancestor","main","1ef4a891ae02dc95910f747a5163bb2edd608f28","Step3_Model_25_OneStage.ipynb","Step3_Model_25_OneStage.ipynb",".ipynb","blob","100644","57e52705b3d35f4f78352fbb540b93fa7cd84b4c","9887","read","F_IRRELEVANT","False","False",""
"Drone-Motors-Unknown-Faults-Detection/Ancestor","main","1ef4a891ae02dc95910f747a5163bb2edd608f28","Step3_Model_25_TwoStage.ipynb","Step3_Model_25_TwoStage.ipynb",".ipynb","blob","100644","6b2552f8582cb3bf8c6b52de1a5678242f8d6af1","10103","read","F_IRRELEVANT","False","False",""
"Drone-Motors-Unknown-Faults-Detection/Ancestor","main","1ef4a891ae02dc95910f747a5163bb2edd608f28","Step3_Model_26_OneStage.ipynb","Step3_Model_26_OneStage.ipynb",".ipynb","blob","100644","5768bfa0e418c8f5f14de559d566a03da54e537e","10141","read","F_IRRELEVANT","False","False",""
"Drone-Motors-Unknown-Faults-Detection/Ancestor","main","1ef4a891ae02dc95910f747a5163bb2edd608f28","Step3_Model_26_TwoStage.ipynb","Step3_Model_26_TwoStage.ipynb",".ipynb","blob","100644","4ae8c3d191551b75c65cea6d564bfdfc38608c14","10171","read","F_IRRELEVANT","False","False",""
"Drone-Motors-Unknown-Faults-Detection/Ancestor","main","1ef4a891ae02dc95910f747a5163bb2edd608f28","Step3_Model_27_OneStage.ipynb","Step3_Model_27_OneStage.ipynb",".ipynb","blob","100644","c47908e4398728275d7e9d569c3896f9720cf38e","9884","read","F_IRRELEVANT","False","False",""
"Drone-Motors-Unknown-Faults-Detection/Ancestor","main","1ef4a891ae02dc95910f747a5163bb2edd608f28","Step3_Model_27_TwoStage.ipynb","Step3_Model_27_TwoStage.ipynb",".ipynb","blob","100644","6205b71f4fe912d28f5f4a477207079291116da4","9885","read","F_IRRELEVANT","False","False",""
"Drone-Motors-Unknown-Faults-Detection/Ancestor","main","1ef4a891ae02dc95910f747a5163bb2edd608f28","Step4_Model_01_Detecting.ipynb","Step4_Model_01_Detecting.ipynb",".ipynb","blob","100644","71f99ecd5ff8db867ed6402be5a34f1eb85d734e","17232","read","F_IRRELEVANT","False","False",""
"Drone-Motors-Unknown-Faults-Detection/Ancestor","main","1ef4a891ae02dc95910f747a5163bb2edd608f28","Step4_Model_02_Detecting.ipynb","Step4_Model_02_Detecting.ipynb",".ipynb","blob","100644","ac0b7efd066cccb80cb1535e9de12fded4879385","10423","read","F_IRRELEVANT","False","False",""
"Drone-Motors-Unknown-Faults-Detection/Ancestor","main","1ef4a891ae02dc95910f747a5163bb2edd608f28","Step4_Model_03_Detecting.ipynb","Step4_Model_03_Detecting.ipynb",".ipynb","blob","100644","93be217df4608734a2bc612ddc80e29990cb7259","10451","read","F_IRRELEVANT","False","False",""
"Drone-Motors-Unknown-Faults-Detection/Ancestor","main","1ef4a891ae02dc95910f747a5163bb2edd608f28","Step4_Model_04_Detecting.ipynb","Step4_Model_04_Detecting.ipynb",".ipynb","blob","100644","46b3a5def42947604560928e34a10fdcb8def78e","10441","read","F_IRRELEVANT","False","False",""
"Drone-Motors-Unknown-Faults-Detection/Ancestor","main","1ef4a891ae02dc95910f747a5163bb2edd608f28","Step4_Model_05_Detecting.ipynb","Step4_Model_05_Detecting.ipynb",".ipynb","blob","100644","c3935b8e298bf2f512a2982b9566864ffb721735","10439","read","F_IRRELEVANT","False","False",""
"Drone-Motors-Unknown-Faults-Detection/Ancestor","main","1ef4a891ae02dc95910f747a5163bb2edd608f28","Step4_Model_06_Detecting.ipynb","Step4_Model_06_Detecting.ipynb",".ipynb","blob","100644","e99a9c3b31e0fe73de1d6422508acfa26b76c8fa","10438","read","F_IRRELEVANT","False","False",""
"Drone-Motors-Unknown-Faults-Detection/Ancestor","main","1ef4a891ae02dc95910f747a5163bb2edd608f28","Step4_Model_07_Detecting.ipynb","Step4_Model_07_Detecting.ipynb",".ipynb","blob","100644","7fc626bdbcf3392cfdddbbb23b47227a764fe472","10446","read","F_IRRELEVANT","False","False",""
"Drone-Motors-Unknown-Faults-Detection/Ancestor","main","1ef4a891ae02dc95910f747a5163bb2edd608f28","Step4_Model_08_Detecting.ipynb","Step4_Model_08_Detecting.ipynb",".ipynb","blob","100644","add19f162a7b343a7d8593acdc5e113f8297257d","10442","read","F_IRRELEVANT","False","False",""
"Drone-Motors-Unknown-Faults-Detection/Ancestor","main","1ef4a891ae02dc95910f747a5163bb2edd608f28","Step4_Model_09_Detecting.ipynb","Step4_Model_09_Detecting.ipynb",".ipynb","blob","100644","0431ca2ea485ab8532943edbe6ee4f811cc96d43","10442","read","F_IRRELEVANT","False","False",""
"Drone-Motors-Unknown-Faults-Detection/Ancestor","main","1ef4a891ae02dc95910f747a5163bb2edd608f28","Step4_Model_10_Detecting.ipynb","Step4_Model_10_Detecting.ipynb",".ipynb","blob","100644","2b319b373ddd1368d1cb7ade21fc9a1bbde2d444","10441","read","F_IRRELEVANT","False","False",""
"Drone-Motors-Unknown-Faults-Detection/Ancestor","main","1ef4a891ae02dc95910f747a5163bb2edd608f28","Step4_Model_11_Detecting.ipynb","Step4_Model_11_Detecting.ipynb",".ipynb","blob","100644","4d65d553d5a56cb4d7e6ed24cb3e64c457d66911","10438","read","F_IRRELEVANT","False","False",""
"Drone-Motors-Unknown-Faults-Detection/Ancestor","main","1ef4a891ae02dc95910f747a5163bb2edd608f28","Step4_Model_12_Detecting.ipynb","Step4_Model_12_Detecting.ipynb",".ipynb","blob","100644","382900eab739b09261e038dd7fce7507698259a1","10437","read","F_IRRELEVANT","False","False",""
"Drone-Motors-Unknown-Faults-Detection/Ancestor","main","1ef4a891ae02dc95910f747a5163bb2edd608f28","Step4_Model_13_Detecting.ipynb","Step4_Model_13_Detecting.ipynb",".ipynb","blob","100644","dfd41ded9522c63e4dc24388b9060af0f4056d54","10441","read","F_IRRELEVANT","False","False",""
"Drone-Motors-Unknown-Faults-Detection/Ancestor","main","1ef4a891ae02dc95910f747a5163bb2edd608f28","Step4_Model_14_Detecting.ipynb","Step4_Model_14_Detecting.ipynb",".ipynb","blob","100644","7dd1dc985b9b6d368d44e530d5f1c7ea89f50b95","10438","read","F_IRRELEVANT","False","False",""
"Drone-Motors-Unknown-Faults-Detection/Ancestor","main","1ef4a891ae02dc95910f747a5163bb2edd608f28","Step4_Model_15_Detecting.ipynb","Step4_Model_15_Detecting.ipynb",".ipynb","blob","100644","c47d017366661fa51b282e28cb14cc5a2c3067a7","10437","read","F_IRRELEVANT","False","False",""
"Drone-Motors-Unknown-Faults-Detection/Ancestor","main","1ef4a891ae02dc95910f747a5163bb2edd608f28","Step4_Model_16_Detecting.ipynb","Step4_Model_16_Detecting.ipynb",".ipynb","blob","100644","75c68579477abb0acc014c582ef187f04538a25f","10445","read","F_IRRELEVANT","False","False",""
"Drone-Motors-Unknown-Faults-Detection/Ancestor","main","1ef4a891ae02dc95910f747a5163bb2edd608f28","Step4_Model_17_Detecting.ipynb","Step4_Model_17_Detecting.ipynb",".ipynb","blob","100644","aa09ad4899484fa6371fcb622794fd8909ac6772","10442","read","F_IRRELEVANT","False","False",""
"Drone-Motors-Unknown-Faults-Detection/Ancestor","main","1ef4a891ae02dc95910f747a5163bb2edd608f28","Step4_Model_18_Detecting.ipynb","Step4_Model_18_Detecting.ipynb",".ipynb","blob","100644","b02431f8c2429f93f9750d3f270f6729fc607fbb","10441","read","F_IRRELEVANT","False","False",""
"Drone-Motors-Unknown-Faults-Detection/Ancestor","main","1ef4a891ae02dc95910f747a5163bb2edd608f28","Step4_Model_19_Detecting.ipynb","Step4_Model_19_Detecting.ipynb",".ipynb","blob","100644","fd10aead21a0099f3630a68faefde9c2ca7f395e","10441","read","F_IRRELEVANT","False","False",""
"Drone-Motors-Unknown-Faults-Detection/Ancestor","main","1ef4a891ae02dc95910f747a5163bb2edd608f28","Step4_Model_20_Detecting.ipynb","Step4_Model_20_Detecting.ipynb",".ipynb","blob","100644","a10cab1fd40d65534df9e2b018927776165101ac","10438","read","F_IRRELEVANT","False","False",""
"Drone-Motors-Unknown-Faults-Detection/Ancestor","main","1ef4a891ae02dc95910f747a5163bb2edd608f28","Step4_Model_21_Detecting.ipynb","Step4_Model_21_Detecting.ipynb",".ipynb","blob","100644","ecfbbf008eabcd4e19bfd92ae6094bf323789a1f","10437","read","F_IRRELEVANT","False","False",""
"Drone-Motors-Unknown-Faults-Detection/Ancestor","main","1ef4a891ae02dc95910f747a5163bb2edd608f28","Step4_Model_22_Detecting.ipynb","Step4_Model_22_Detecting.ipynb",".ipynb","blob","100644","0c3c6d360438b8a06090a5f0b25b57b4a51746d9","10441","read","F_IRRELEVANT","False","False",""
"Drone-Motors-Unknown-Faults-Detection/Ancestor","main","1ef4a891ae02dc95910f747a5163bb2edd608f28","Step4_Model_23_Detecting.ipynb","Step4_Model_23_Detecting.ipynb",".ipynb","blob","100644","c79fcdd6112a63975b9845a5f4433fde758ae49f","10438","read","F_IRRELEVANT","False","False",""
"Drone-Motors-Unknown-Faults-Detection/Ancestor","main","1ef4a891ae02dc95910f747a5163bb2edd608f28","Step4_Model_24_Detecting.ipynb","Step4_Model_24_Detecting.ipynb",".ipynb","blob","100644","ce87ff546bd88d8d7b25d2c9c5a788c3f89beb5b","10437","read","F_IRRELEVANT","False","False",""
"Drone-Motors-Unknown-Faults-Detection/Ancestor","main","1ef4a891ae02dc95910f747a5163bb2edd608f28","Step4_Model_25_Detecting.ipynb","Step4_Model_25_Detecting.ipynb",".ipynb","blob","100644","fda7f08bc745e3b0573debd0373353698cf81d7f","10445","read","F_IRRELEVANT","False","False",""
"Drone-Motors-Unknown-Faults-Detection/Ancestor","main","1ef4a891ae02dc95910f747a5163bb2edd608f28","Step4_Model_26_Detecting.ipynb","Step4_Model_26_Detecting.ipynb",".ipynb","blob","100644","4c8fb832c6053d1d707c5c0d92a3227bcc486728","10442","read","F_IRRELEVANT","False","False",""
"Drone-Motors-Unknown-Faults-Detection/Ancestor","main","1ef4a891ae02dc95910f747a5163bb2edd608f28","Step4_Model_27_Detecting.ipynb","Step4_Model_27_Detecting.ipynb",".ipynb","blob","100644","54165c5a6126a5646aad78cb934c202d22c3f872","10441","read","F_IRRELEVANT","False","False",""
"Drone-Motors-Unknown-Faults-Detection/Ancestor","main","1ef4a891ae02dc95910f747a5163bb2edd608f28","Step4_Model_Detecting.sh","Step4_Model_Detecting.sh",".sh","blob","100755","552505508fc15655ee9063d106e4a2c41adb08db","1601","read","F_IRRELEVANT","False","False",""
"Drone-Motors-Unknown-Faults-Detection/Ancestor","main","1ef4a891ae02dc95910f747a5163bb2edd608f28","Step5_Model_01_Random_Detecting.ipynb","Step5_Model_01_Random_Detecting.ipynb",".ipynb","blob","100644","88b899ca88df5f26cc407d502330e50ed970bba5","20079","read","F_IRRELEVANT","False","False",""
"Drone-Motors-Unknown-Faults-Detection/Ancestor","main","1ef4a891ae02dc95910f747a5163bb2edd608f28","Step5_Model_02_Random_Detecting.ipynb","Step5_Model_02_Random_Detecting.ipynb",".ipynb","blob","100644","8b8b722b690baf4bdbf2ea78fd394f7ca083503c","20076","read","F_IRRELEVANT","False","False",""
"Drone-Motors-Unknown-Faults-Detection/Ancestor","main","1ef4a891ae02dc95910f747a5163bb2edd608f28","Step5_Model_03_Random_Detecting.ipynb","Step5_Model_03_Random_Detecting.ipynb",".ipynb","blob","100644","906c7b6bc682182ef4fe261abd417bc7215390d2","20075","read","F_IRRELEVANT","False","False",""
"Drone-Motors-Unknown-Faults-Detection/Ancestor","main","1ef4a891ae02dc95910f747a5163bb2edd608f28","Step5_Model_04_Random_Detecting.ipynb","Step5_Model_04_Random_Detecting.ipynb",".ipynb","blob","100644","5bbd1884bbb3e99557dfd27d12a3b5b126935c44","20081","read","F_IRRELEVANT","False","False",""
"Drone-Motors-Unknown-Faults-Detection/Ancestor","main","1ef4a891ae02dc95910f747a5163bb2edd608f28","Step5_Model_05_Random_Detecting.ipynb","Step5_Model_05_Random_Detecting.ipynb",".ipynb","blob","100644","7ddf82199b13df93d066d21451e5ded37c196d1c","20078","read","F_IRRELEVANT","False","False",""
"Drone-Motors-Unknown-Faults-Detection/Ancestor","main","1ef4a891ae02dc95910f747a5163bb2edd608f28","Step5_Model_06_Random_Detecting.ipynb","Step5_Model_06_Random_Detecting.ipynb",".ipynb","blob","100644","c42d0de88e212a70b5740fc6624dbe5d87957410","20077","read","F_IRRELEVANT","False","False",""
"Drone-Motors-Unknown-Faults-Detection/Ancestor","main","1ef4a891ae02dc95910f747a5163bb2edd608f28","Step5_Model_07_Random_Detecting.ipynb","Step5_Model_07_Random_Detecting.ipynb",".ipynb","blob","100644","9e046a92c20f6545ddd6497a4a9ce4e101a0ece2","20085","read","F_IRRELEVANT","False","False",""
"Drone-Motors-Unknown-Faults-Detection/Ancestor","main","1ef4a891ae02dc95910f747a5163bb2edd608f28","Step5_Model_08_Random_Detecting.ipynb","Step5_Model_08_Random_Detecting.ipynb",".ipynb","blob","100644","578921a5057637d51da6a5f2cf62960164785fdc","20082","read","F_IRRELEVANT","False","False",""
"Drone-Motors-Unknown-Faults-Detection/Ancestor","main","1ef4a891ae02dc95910f747a5163bb2edd608f28","Step5_Model_09_Random_Detecting.ipynb","Step5_Model_09_Random_Detecting.ipynb",".ipynb","blob","100644","47efcb8b3bd6b3125e1812b67b4f82bac05dd888","20131","read","F_IRRELEVANT","False","False",""
"Drone-Motors-Unknown-Faults-Detection/Ancestor","main","1ef4a891ae02dc95910f747a5163bb2edd608f28","Step5_Model_10_Random_Detecting.ipynb","Step5_Model_10_Random_Detecting.ipynb",".ipynb","blob","100644","7a7c230e28246d0c2b3462278e3b21852d283110","20081","read","F_IRRELEVANT","False","False",""
"Drone-Motors-Unknown-Faults-Detection/Ancestor","main","1ef4a891ae02dc95910f747a5163bb2edd608f28","Step5_Model_11_Random_Detecting.ipynb","Step5_Model_11_Random_Detecting.ipynb",".ipynb","blob","100644","9a93201fc09b4ab018c7c211e64d645ada668d79","20078","read","F_IRRELEVANT","False","False",""
"Drone-Motors-Unknown-Faults-Detection/Ancestor","main","1ef4a891ae02dc95910f747a5163bb2edd608f28","Step5_Model_12_Random_Detecting.ipynb","Step5_Model_12_Random_Detecting.ipynb",".ipynb","blob","100644","9ad94f84cc3d683a8093759c85da6b3072abe7a3","20077","read","F_IRRELEVANT","False","False",""
"Drone-Motors-Unknown-Faults-Detection/Ancestor","main","1ef4a891ae02dc95910f747a5163bb2edd608f28","Step5_Model_13_Random_Detecting.ipynb","Step5_Model_13_Random_Detecting.ipynb",".ipynb","blob","100644","73c04e74006e1257ee5b58795cffe38289d1d7d2","20081","read","F_IRRELEVANT","False","False",""
"Drone-Motors-Unknown-Faults-Detection/Ancestor","main","1ef4a891ae02dc95910f747a5163bb2edd608f28","Step5_Model_14_Random_Detecting.ipynb","Step5_Model_14_Random_Detecting.ipynb",".ipynb","blob","100644","fb1ef34c4e7acf1dc716ec94aa6c0ccae3bdff38","20078","read","F_IRRELEVANT","False","False",""
"Drone-Motors-Unknown-Faults-Detection/Ancestor","main","1ef4a891ae02dc95910f747a5163bb2edd608f28","Step5_Model_15_Random_Detecting.ipynb","Step5_Model_15_Random_Detecting.ipynb",".ipynb","blob","100644","ec519047e332c5796b9e73c8a6af6cf4285f3216","20077","read","F_IRRELEVANT","False","False",""
"Drone-Motors-Unknown-Faults-Detection/Ancestor","main","1ef4a891ae02dc95910f747a5163bb2edd608f28","Step5_Model_16_Random_Detecting.ipynb","Step5_Model_16_Random_Detecting.ipynb",".ipynb","blob","100644","c73c13f0e2b5456824d4a4625ed86ba659292e97","20085","read","F_IRRELEVANT","False","False",""
"Drone-Motors-Unknown-Faults-Detection/Ancestor","main","1ef4a891ae02dc95910f747a5163bb2edd608f28","Step5_Model_17_Random_Detecting.ipynb","Step5_Model_17_Random_Detecting.ipynb",".ipynb","blob","100644","49f24d8f799c9b2b05b6cf847f4f58ad18c74987","20082","read","F_IRRELEVANT","False","False",""
"Drone-Motors-Unknown-Faults-Detection/Ancestor","main","1ef4a891ae02dc95910f747a5163bb2edd608f28","Step5_Model_18_Random_Detecting.ipynb","Step5_Model_18_Random_Detecting.ipynb",".ipynb","blob","100644","fe1faa9ab2b2b6e002c1bb7269ef84bd86cdc1de","20081","read","F_IRRELEVANT","False","False",""
"Drone-Motors-Unknown-Faults-Detection/Ancestor","main","1ef4a891ae02dc95910f747a5163bb2edd608f28","Step5_Model_19_Random_Detecting.ipynb","Step5_Model_19_Random_Detecting.ipynb",".ipynb","blob","100644","619390434464bfdc5ce15ba93e83533b28b6a4f1","20081","read","F_IRRELEVANT","False","False",""
"Drone-Motors-Unknown-Faults-Detection/Ancestor","main","1ef4a891ae02dc95910f747a5163bb2edd608f28","Step5_Model_20_Random_Detecting.ipynb","Step5_Model_20_Random_Detecting.ipynb",".ipynb","blob","100644","ebe3dd7c0bfb30c4dc319715da3f748cb1482b92","20078","read","F_IRRELEVANT","False","False",""
"Drone-Motors-Unknown-Faults-Detection/Ancestor","main","1ef4a891ae02dc95910f747a5163bb2edd608f28","Step5_Model_21_Random_Detecting.ipynb","Step5_Model_21_Random_Detecting.ipynb",".ipynb","blob","100644","234d2cb5d21ebfc5273906342426d2a4c375c782","20077","read","F_IRRELEVANT","False","False",""
"Drone-Motors-Unknown-Faults-Detection/Ancestor","main","1ef4a891ae02dc95910f747a5163bb2edd608f28","Step5_Model_22_Random_Detecting.ipynb","Step5_Model_22_Random_Detecting.ipynb",".ipynb","blob","100644","613bd9f13d0dc3c8f2875373d366c45720d36507","20081","read","F_IRRELEVANT","False","False",""
"Drone-Motors-Unknown-Faults-Detection/Ancestor","main","1ef4a891ae02dc95910f747a5163bb2edd608f28","Step5_Model_23_Random_Detecting.ipynb","Step5_Model_23_Random_Detecting.ipynb",".ipynb","blob","100644","4a6694d41428b5c93a6d968f8c79ff3dec44dfed","20078","read","F_IRRELEVANT","False","False",""
"Drone-Motors-Unknown-Faults-Detection/Ancestor","main","1ef4a891ae02dc95910f747a5163bb2edd608f28","Step5_Model_24_Random_Detecting.ipynb","Step5_Model_24_Random_Detecting.ipynb",".ipynb","blob","100644","0d6c03338e2ee9a85794848fb0ef1ccb97f104b7","20077","read","F_IRRELEVANT","False","False",""
"Drone-Motors-Unknown-Faults-Detection/Ancestor","main","1ef4a891ae02dc95910f747a5163bb2edd608f28","Step5_Model_25_Random_Detecting.ipynb","Step5_Model_25_Random_Detecting.ipynb",".ipynb","blob","100644","8dda496ef5b8515f0b387f89913b98363b308e96","20085","read","F_IRRELEVANT","False","False",""
"Drone-Motors-Unknown-Faults-Detection/Ancestor","main","1ef4a891ae02dc95910f747a5163bb2edd608f28","Step5_Model_26_Random_Detecting.ipynb","Step5_Model_26_Random_Detecting.ipynb",".ipynb","blob","100644","7cf858a7e752a82a36c7bb6b6cb694103d7a69b5","20082","read","F_IRRELEVANT","False","False",""
"Drone-Motors-Unknown-Faults-Detection/Ancestor","main","1ef4a891ae02dc95910f747a5163bb2edd608f28","Step5_Model_27_Random_Detecting.ipynb","Step5_Model_27_Random_Detecting.ipynb",".ipynb","blob","100644","ae500e39a6ee3dfd942d0e71b5c1149f75a1b1b3","20081","read","F_IRRELEVANT","False","False",""
"Drone-Motors-Unknown-Faults-Detection/Ancestor","main","1ef4a891ae02dc95910f747a5163bb2edd608f28","Step5_Model_Random_Detecting.sh","Step5_Model_Random_Detecting.sh",".sh","blob","100755","acf66c685242cd6accae78b21e558fdbedc01ba3","1797","read","F_IRRELEVANT","False","False",""
"Drone-Motors-Unknown-Faults-Detection/Ancestor","main","1ef4a891ae02dc95910f747a5163bb2edd608f28","Step6_Model_01_Retrain.ipynb","Step6_Model_01_Retrain.ipynb",".ipynb","blob","100644","e3c603d2770ae1b83a5558c7e9a0cca004cd51aa","11041","read","F_IRRELEVANT","False","False",""
"Drone-Motors-Unknown-Faults-Detection/Ancestor","main","1ef4a891ae02dc95910f747a5163bb2edd608f28","Step6_Model_02_Retrain.ipynb","Step6_Model_02_Retrain.ipynb",".ipynb","blob","100644","4282f372bee535ac1bb5fd9d4da9bc94f0515d03","12496","read","F_IRRELEVANT","False","False",""
"Drone-Motors-Unknown-Faults-Detection/Ancestor","main","1ef4a891ae02dc95910f747a5163bb2edd608f28","Step6_Model_03_Retrain.ipynb","Step6_Model_03_Retrain.ipynb",".ipynb","blob","100644","0833a155958d141b68a83cc953daa6188886282b","15033","read","F_IRRELEVANT","False","False",""
"Drone-Motors-Unknown-Faults-Detection/Ancestor","main","1ef4a891ae02dc95910f747a5163bb2edd608f28","Step6_Model_04_Retrain.ipynb","Step6_Model_04_Retrain.ipynb",".ipynb","blob","100644","a63bdcaf78e07d019d09566726769213dc32d74a","11041","read","F_IRRELEVANT","False","False",""
"Drone-Motors-Unknown-Faults-Detection/Ancestor","main","1ef4a891ae02dc95910f747a5163bb2edd608f28","Step6_Model_05_Retrain.ipynb","Step6_Model_05_Retrain.ipynb",".ipynb","blob","100644","1a2362604bb1a9837d0188f956a75643a329bbd4","12428","read","F_IRRELEVANT","False","False",""
"Drone-Motors-Unknown-Faults-Detection/Ancestor","main","1ef4a891ae02dc95910f747a5163bb2edd608f28","Step6_Model_06_Retrain.ipynb","Step6_Model_06_Retrain.ipynb",".ipynb","blob","100644","2b056f58e7ad4e149a283ba5f2405af2aa7311d5","15033","read","F_IRRELEVANT","False","False",""
"Drone-Motors-Unknown-Faults-Detection/Ancestor","main","1ef4a891ae02dc95910f747a5163bb2edd608f28","Step6_Model_07_Retrain.ipynb","Step6_Model_07_Retrain.ipynb",".ipynb","blob","100644","ad498d9eea07e46f6c5b131a468bad973e6d6701","11051","read","F_IRRELEVANT","False","False",""
"Drone-Motors-Unknown-Faults-Detection/Ancestor","main","1ef4a891ae02dc95910f747a5163bb2edd608f28","Step6_Model_08_Retrain.ipynb","Step6_Model_08_Retrain.ipynb",".ipynb","blob","100644","13c72e9a36cd0b2e696b3f55aba3beb284b3a9e5","12432","read","F_IRRELEVANT","False","False",""
"Drone-Motors-Unknown-Faults-Detection/Ancestor","main","1ef4a891ae02dc95910f747a5163bb2edd608f28","Step6_Model_09_Retrain.ipynb","Step6_Model_09_Retrain.ipynb",".ipynb","blob","100644","c1a1d98fdd68c690bd5002003a3fba01c894a255","15105","read","F_IRRELEVANT","False","False",""
"Drone-Motors-Unknown-Faults-Detection/Ancestor","main","1ef4a891ae02dc95910f747a5163bb2edd608f28","Step6_Model_10_Retrain.ipynb","Step6_Model_10_Retrain.ipynb",".ipynb","blob","100644","0568677720877d3e96e0e25dbf1e1d1d3cb5d767","10878","read","F_IRRELEVANT","False","False",""
"Drone-Motors-Unknown-Faults-Detection/Ancestor","main","1ef4a891ae02dc95910f747a5163bb2edd608f28","Step6_Model_11_Retrain.ipynb","Step6_Model_11_Retrain.ipynb",".ipynb","blob","100644","97033b468649430d51f18400648cff3509728893","14960","read","F_IRRELEVANT","False","False",""
"Drone-Motors-Unknown-Faults-Detection/Ancestor","main","1ef4a891ae02dc95910f747a5163bb2edd608f28","Step6_Model_12_Retrain.ipynb","Step6_Model_12_Retrain.ipynb",".ipynb","blob","100644","dae25da1f5b520872d8daf578645ff6fc83eab03","15034","read","F_IRRELEVANT","False","False",""
"Drone-Motors-Unknown-Faults-Detection/Ancestor","main","1ef4a891ae02dc95910f747a5163bb2edd608f28","Step6_Model_13_Retrain.ipynb","Step6_Model_13_Retrain.ipynb",".ipynb","blob","100644","3ea0925f2944a785427f134331ff1677b4582779","11043","read","F_IRRELEVANT","False","False",""
"Drone-Motors-Unknown-Faults-Detection/Ancestor","main","1ef4a891ae02dc95910f747a5163bb2edd608f28","Step6_Model_14_Retrain.ipynb","Step6_Model_14_Retrain.ipynb",".ipynb","blob","100644","469c635830464298da92647f629423765d8a2fd8","12429","read","F_IRRELEVANT","False","False",""
"Drone-Motors-Unknown-Faults-Detection/Ancestor","main","1ef4a891ae02dc95910f747a5163bb2edd608f28","Step6_Model_15_Retrain.ipynb","Step6_Model_15_Retrain.ipynb",".ipynb","blob","100644","4f8b347f34a85f0c18f12ce25455929a91882ee4","15034","read","F_IRRELEVANT","False","False",""
"Drone-Motors-Unknown-Faults-Detection/Ancestor","main","1ef4a891ae02dc95910f747a5163bb2edd608f28","Step6_Model_16_Retrain.ipynb","Step6_Model_16_Retrain.ipynb",".ipynb","blob","100644","cb391895331da1f97470a0713896989ec741e215","11046","read","F_IRRELEVANT","False","False",""
"Drone-Motors-Unknown-Faults-Detection/Ancestor","main","1ef4a891ae02dc95910f747a5163bb2edd608f28","Step6_Model_17_Retrain.ipynb","Step6_Model_17_Retrain.ipynb",".ipynb","blob","100644","657a7fcd49e9cd0d64db4a20170bfcbd8de590bc","14964","read","F_IRRELEVANT","False","False",""
"Drone-Motors-Unknown-Faults-Detection/Ancestor","main","1ef4a891ae02dc95910f747a5163bb2edd608f28","Step6_Model_18_Retrain.ipynb","Step6_Model_18_Retrain.ipynb",".ipynb","blob","100644","3cd227ea2864a50c10920f26ff7cbd6bd7ea7b03","15038","read","F_IRRELEVANT","False","False",""
"Drone-Motors-Unknown-Faults-Detection/Ancestor","main","1ef4a891ae02dc95910f747a5163bb2edd608f28","Step6_Model_19_Retrain.ipynb","Step6_Model_19_Retrain.ipynb",".ipynb","blob","100644","64d417a4a2b3b87044111c4c7990a9d3ce36bc64","11042","read","F_IRRELEVANT","False","False",""
"Drone-Motors-Unknown-Faults-Detection/Ancestor","main","1ef4a891ae02dc95910f747a5163bb2edd608f28","Step6_Model_20_Retrain.ipynb","Step6_Model_20_Retrain.ipynb",".ipynb","blob","100644","4f56b9c1d02768371d47348c1151d1dc0aae5980","14487","read","F_IRRELEVANT","False","False",""
"Drone-Motors-Unknown-Faults-Detection/Ancestor","main","1ef4a891ae02dc95910f747a5163bb2edd608f28","Step6_Model_21_Retrain.ipynb","Step6_Model_21_Retrain.ipynb",".ipynb","blob","100644","a402883d98c7c552a41ce5a2e55831705875d9e4","15034","read","F_IRRELEVANT","False","False",""
"Drone-Motors-Unknown-Faults-Detection/Ancestor","main","1ef4a891ae02dc95910f747a5163bb2edd608f28","Step6_Model_22_Retrain.ipynb","Step6_Model_22_Retrain.ipynb",".ipynb","blob","100644","57ee783b088dd46dc7bddca1834e571540464415","11042","read","F_IRRELEVANT","False","False",""
"Drone-Motors-Unknown-Faults-Detection/Ancestor","main","1ef4a891ae02dc95910f747a5163bb2edd608f28","Step6_Model_23_Retrain.ipynb","Step6_Model_23_Retrain.ipynb",".ipynb","blob","100644","bb3a5aa54bb9e40497ee47e2605b2b07423e5f98","12429","read","F_IRRELEVANT","False","False",""
"Drone-Motors-Unknown-Faults-Detection/Ancestor","main","1ef4a891ae02dc95910f747a5163bb2edd608f28","Step6_Model_24_Retrain.ipynb","Step6_Model_24_Retrain.ipynb",".ipynb","blob","100644","0c9828babdacb835037b77639e38953e93165a69","15011","read","F_IRRELEVANT","False","False",""
"Drone-Motors-Unknown-Faults-Detection/Ancestor","main","1ef4a891ae02dc95910f747a5163bb2edd608f28","Step6_Model_25_Retrain.ipynb","Step6_Model_25_Retrain.ipynb",".ipynb","blob","100644","2d141ba23d2c3e2c8d94e2ec82688b2728715ee7","11046","read","F_IRRELEVANT","False","False",""
"Drone-Motors-Unknown-Faults-Detection/Ancestor","main","1ef4a891ae02dc95910f747a5163bb2edd608f28","Step6_Model_26_Retrain.ipynb","Step6_Model_26_Retrain.ipynb",".ipynb","blob","100644","f417c8f45207abeaa113053fb23766b4b2f76e10","14479","read","F_IRRELEVANT","False","False",""
"Drone-Motors-Unknown-Faults-Detection/Ancestor","main","1ef4a891ae02dc95910f747a5163bb2edd608f28","Step6_Model_27_Retrain.ipynb","Step6_Model_27_Retrain.ipynb",".ipynb","blob","100644","14f75eeb1932e7f28224224a1ef586523b2ff47f","15038","read","F_IRRELEVANT","False","False",""
"Drone-Motors-Unknown-Faults-Detection/Ancestor","main","1ef4a891ae02dc95910f747a5163bb2edd608f28","Step6_Model_Retrain.sh","Step6_Model_Retrain.sh",".sh","blob","100755","e2f600bb9048b08b417c6cb63043a70996c70259","1545","read","F_IRRELEVANT","False","False",""
"Drone-Motors-Unknown-Faults-Detection/Ancestor","main","1ef4a891ae02dc95910f747a5163bb2edd608f28","T1_T2_T3.ipynb","T1_T2_T3.ipynb",".ipynb","blob","100644","583a6e17530ed44e0b138f97643cac94f52ca469","5692","read","F_IRRELEVANT","False","False",""
"Drone-Motors-Unknown-Faults-Detection/Ancestor","main","1ef4a891ae02dc95910f747a5163bb2edd608f28","build_uv.sh","build_uv.sh",".sh","blob","100755","a2a11d5990bc229e4633cd988793e491d9c822af","654","read","F_IRRELEVANT","False","False",""
"Drone-Motors-Unknown-Faults-Detection/Ancestor","main","1ef4a891ae02dc95910f747a5163bb2edd608f28","build_uv_mac.sh","build_uv_mac.sh",".sh","blob","100755","739a4f8814fab88d6fffbf10671461d5cacf6119","652","read","F_IRRELEVANT","False","False",""
"Drone-Motors-Unknown-Faults-Detection/Ancestor","main","1ef4a891ae02dc95910f747a5163bb2edd608f28","build_venv.sh","build_venv.sh",".sh","blob","100755","34b435de0e509905ef72a1cfde50c4b430c8b584","584","read","F_IRRELEVANT","False","False",""
"Drone-Motors-Unknown-Faults-Detection/Ancestor","main","1ef4a891ae02dc95910f747a5163bb2edd608f28","docs","docs","","tree","040000","59bf1d6e4f19fb169d55238d4922ecefbaaf1c82","","unknown","F_IRRELEVANT","False","False",""
"Drone-Motors-Unknown-Faults-Detection/Ancestor","main","1ef4a891ae02dc95910f747a5163bb2edd608f28","docs/Step1_Data_Preprocessing.html","Step1_Data_Preprocessing.html",".html","blob","100644","c7976fe1557c4e844a9300d4de3036e6355567a4","9607","read","F_IRRELEVANT","False","False",""
"Drone-Motors-Unknown-Faults-Detection/Ancestor","main","1ef4a891ae02dc95910f747a5163bb2edd608f28","docs/Step1_Data_Preprocessing.md","Step1_Data_Preprocessing.md",".md","blob","100644","a32d6051fd66dcf6a2e03bdb16fa1038bc37c511","5611","read","F_IRRELEVANT","False","False",""
"Drone-Motors-Unknown-Faults-Detection/Ancestor","main","1ef4a891ae02dc95910f747a5163bb2edd608f28","docs/Step2_Feature_Extraction.html","Step2_Feature_Extraction.html",".html","blob","100644","1b32bea7ddd5d68cfe802e6a4e6e15b2c62afc38","13067","read","F_IRRELEVANT","False","False",""
"Drone-Motors-Unknown-Faults-Detection/Ancestor","main","1ef4a891ae02dc95910f747a5163bb2edd608f28","docs/Step2_Feature_Extraction.md","Step2_Feature_Extraction.md",".md","blob","100644","17498685580512fffb4be4bd164892005bd7599b","8284","read","F_IRRELEVANT","False","False",""
"Drone-Motors-Unknown-Faults-Detection/Ancestor","main","1ef4a891ae02dc95910f747a5163bb2edd608f28","docs/Step3_Model_Training.html","Step3_Model_Training.html",".html","blob","100644","b05b7e40b7e3be2ba994d58a3f0d42473af1138f","13691","read","F_IRRELEVANT","False","False",""
"Drone-Motors-Unknown-Faults-Detection/Ancestor","main","1ef4a891ae02dc95910f747a5163bb2edd608f28","docs/Step3_Model_Training.md","Step3_Model_Training.md",".md","blob","100644","c0dd409bf91eee91179b88e497bd0b8aaec05bcd","9467","read","F_IRRELEVANT","False","False",""
"Drone-Motors-Unknown-Faults-Detection/Ancestor","main","1ef4a891ae02dc95910f747a5163bb2edd608f28","docs/Step4_Unknown_Detection.html","Step4_Unknown_Detection.html",".html","blob","100644","8975785539ec61316d95edd0bab798fee1a60d31","7894","read","F_IRRELEVANT","False","False",""
"Drone-Motors-Unknown-Faults-Detection/Ancestor","main","1ef4a891ae02dc95910f747a5163bb2edd608f28","docs/Step4_Unknown_Detection.md","Step4_Unknown_Detection.md",".md","blob","100644","88d39c40b35bf7e8ce704d739e699ed410f0fbe6","4391","read","F_IRRELEVANT","False","False",""
"Drone-Motors-Unknown-Faults-Detection/Ancestor","main","1ef4a891ae02dc95910f747a5163bb2edd608f28","docs/Step5_Random_Sampling_Detection.html","Step5_Random_Sampling_Detection.html",".html","blob","100644","d5956f241d5ee75c35a2444cfc22f0af3089935d","7874","read","F_IRRELEVANT","False","False",""
"Drone-Motors-Unknown-Faults-Detection/Ancestor","main","1ef4a891ae02dc95910f747a5163bb2edd608f28","docs/Step5_Random_Sampling_Detection.md","Step5_Random_Sampling_Detection.md",".md","blob","100644","be13825a940070daa02224930bd187c267b5d0fa","4470","read","F_IRRELEVANT","False","False",""
"Drone-Motors-Unknown-Faults-Detection/Ancestor","main","1ef4a891ae02dc95910f747a5163bb2edd608f28","docs/Step6_Model_Retraining.html","Step6_Model_Retraining.html",".html","blob","100644","b088a04ac8764e77fd6cd8c90079fdbd4bc36d1d","8508","read","F_IRRELEVANT","False","False",""
"Drone-Motors-Unknown-Faults-Detection/Ancestor","main","1ef4a891ae02dc95910f747a5163bb2edd608f28","docs/Step6_Model_Retraining.md","Step6_Model_Retraining.md",".md","blob","100644","d314eb5f91924098e4d46aec04b1479c5455fa7f","4564","read","F_IRRELEVANT","False","False",""
"Drone-Motors-Unknown-Faults-Detection/Ancestor","main","1ef4a891ae02dc95910f747a5163bb2edd608f28","docs/Tensorflow.html","Tensorflow.html",".html","blob","100644","6eeea910f2e91f354c59d960acb3b61b49d7d7f2","30847","read","F_IRRELEVANT","False","False",""
"Drone-Motors-Unknown-Faults-Detection/Ancestor","main","1ef4a891ae02dc95910f747a5163bb2edd608f28","docs/Tensorflow.md","Tensorflow.md",".md","blob","100644","f93085675715b77d90916bdfcb095970a76a3145","21959","read","F_IRRELEVANT","False","False",""
"Drone-Motors-Unknown-Faults-Detection/Ancestor","main","1ef4a891ae02dc95910f747a5163bb2edd608f28","logs","logs","","tree","040000","fe869451d2ba51282023c4354de1ef677e2e4985","","unknown","F_IRRELEVANT","False","False",""
"Drone-Motors-Unknown-Faults-Detection/Ancestor","main","1ef4a891ae02dc95910f747a5163bb2edd608f28","logs/Step1_Data_Preprocessing_figure_11000","Step1_Data_Preprocessing_figure_11000","","tree","040000","a3b976b01b6eab6451cf77e810222bb82b21d2ce","","unknown","F_IRRELEVANT","False","False",""
"Drone-Motors-Unknown-Faults-Detection/Ancestor","main","1ef4a891ae02dc95910f747a5163bb2edd608f28","logs/Step1_Data_Preprocessing_figure_11000/2026-06-13-03-46-55.log","2026-06-13-03-46-55.log",".log","blob","100644","f788d825da5521592bf7a086e14a153c7fa9a9d9","3612","metadata","F_IRRELEVANT","False","False",""
"Drone-Motors-Unknown-Faults-Detection/Ancestor","main","1ef4a891ae02dc95910f747a5163bb2edd608f28","logs/Step1_Data_Preprocessing_figure_6000","Step1_Data_Preprocessing_figure_6000","","tree","040000","9001ccc418df4e18073d9f6dd6bff457e4a59094","","unknown","F_IRRELEVANT","False","False",""
"Drone-Motors-Unknown-Faults-Detection/Ancestor","main","1ef4a891ae02dc95910f747a5163bb2edd608f28","logs/Step1_Data_Preprocessing_figure_6000/2026-06-13-03-19-32.log","2026-06-13-03-19-32.log",".log","blob","100644","bfbe0e3083e490d5c1b89360654b6b235202b15b","3590","metadata","F_IRRELEVANT","False","False",""
"Drone-Motors-Unknown-Faults-Detection/Ancestor","main","1ef4a891ae02dc95910f747a5163bb2edd608f28","logs/Step1_Data_Preprocessing_figure_8000","Step1_Data_Preprocessing_figure_8000","","tree","040000","6c6684989c4b68397dca1b201a8b289c68409f4c","","unknown","F_IRRELEVANT","False","False",""
"Drone-Motors-Unknown-Faults-Detection/Ancestor","main","1ef4a891ae02dc95910f747a5163bb2edd608f28","logs/Step1_Data_Preprocessing_figure_8000/2026-06-13-03-33-19.log","2026-06-13-03-33-19.log",".log","blob","100644","93ea2aebce8db8159b0194c633e18cd95cbe1f69","3590","metadata","F_IRRELEVANT","False","False",""
"Drone-Motors-Unknown-Faults-Detection/Ancestor","main","1ef4a891ae02dc95910f747a5163bb2edd608f28","logs/Step1_Data_Preprocessing_save_11000_1","Step1_Data_Preprocessing_save_11000_1","","tree","040000","a081d1611caea43d9634880ec73d374eab227c3e","","unknown","F_IRRELEVANT","False","False",""
"Drone-Motors-Unknown-Faults-Detection/Ancestor","main","1ef4a891ae02dc95910f747a5163bb2edd608f28","logs/Step1_Data_Preprocessing_save_11000_1/2026-06-13-03-59-52.log","2026-06-13-03-59-52.log",".log","blob","100644","ba0f4efe0dd6fe3657e234138246e2694d06bd45","2536","metadata","F_IRRELEVANT","False","False",""
"Drone-Motors-Unknown-Faults-Detection/Ancestor","main","1ef4a891ae02dc95910f747a5163bb2edd608f28","logs/Step1_Data_Preprocessing_save_11000_2","Step1_Data_Preprocessing_save_11000_2","","tree","040000","86b6c6731a8041152ea01dd92c28858c28ef1316","","unknown","F_IRRELEVANT","False","False",""
"Drone-Motors-Unknown-Faults-Detection/Ancestor","main","1ef4a891ae02dc95910f747a5163bb2edd608f28","logs/Step1_Data_Preprocessing_save_11000_2/2026-06-13-03-59-53.log","2026-06-13-03-59-53.log",".log","blob","100644","ebb4e9ded6789b94d8bb0a05a959031cdbd6adf1","2536","metadata","F_IRRELEVANT","False","False",""
"Drone-Motors-Unknown-Faults-Detection/Ancestor","main","1ef4a891ae02dc95910f747a5163bb2edd608f28","logs/Step1_Data_Preprocessing_save_11000_3","Step1_Data_Preprocessing_save_11000_3","","tree","040000","20e6daa6a20fa7c001d5728c4f86ae638eb273c5","","unknown","F_IRRELEVANT","False","False",""
"Drone-Motors-Unknown-Faults-Detection/Ancestor","main","1ef4a891ae02dc95910f747a5163bb2edd608f28","logs/Step1_Data_Preprocessing_save_11000_3/2026-06-13-03-59-53.log","2026-06-13-03-59-53.log",".log","blob","100644","17b429a1599223341c8bc72630b335afdf2958ff","2536","metadata","F_IRRELEVANT","False","False",""
"Drone-Motors-Unknown-Faults-Detection/Ancestor","main","1ef4a891ae02dc95910f747a5163bb2edd608f28","logs/Step1_Data_Preprocessing_save_6000_1","Step1_Data_Preprocessing_save_6000_1","","tree","040000","3e73dc7aa15f2a7c1b1ef4b9fcc14945770dc5e0","","unknown","F_IRRELEVANT","False","False",""
"Drone-Motors-Unknown-Faults-Detection/Ancestor","main","1ef4a891ae02dc95910f747a5163bb2edd608f28","logs/Step1_Data_Preprocessing_save_6000_1/2026-06-13-03-59-49.log","2026-06-13-03-59-49.log",".log","blob","100644","638bd8342c5c90ed9384f632d7c5cf0e64d83e60","2514","metadata","F_IRRELEVANT","False","False",""
"Drone-Motors-Unknown-Faults-Detection/Ancestor","main","1ef4a891ae02dc95910f747a5163bb2edd608f28","logs/Step1_Data_Preprocessing_save_6000_2","Step1_Data_Preprocessing_save_6000_2","","tree","040000","a059c2f33c599973517726b29add9fa6d15db28c","","unknown","F_IRRELEVANT","False","False",""
"Drone-Motors-Unknown-Faults-Detection/Ancestor","main","1ef4a891ae02dc95910f747a5163bb2edd608f28","logs/Step1_Data_Preprocessing_save_6000_2/2026-06-13-03-59-50.log","2026-06-13-03-59-50.log",".log","blob","100644","7b1071634b86d51f0acdd61bd05f8ee87865a71d","2514","metadata","F_IRRELEVANT","False","False",""
"Drone-Motors-Unknown-Faults-Detection/Ancestor","main","1ef4a891ae02dc95910f747a5163bb2edd608f28","logs/Step1_Data_Preprocessing_save_6000_3","Step1_Data_Preprocessing_save_6000_3","","tree","040000","78d2c7e863d966f683e5d50871c135c45aa41e26","","unknown","F_IRRELEVANT","False","False",""
"Drone-Motors-Unknown-Faults-Detection/Ancestor","main","1ef4a891ae02dc95910f747a5163bb2edd608f28","logs/Step1_Data_Preprocessing_save_6000_3/2026-06-13-03-59-50.log","2026-06-13-03-59-50.log",".log","blob","100644","20dacd90be399835bd85b893eeedbf1fc8379ccd","2514","metadata","F_IRRELEVANT","False","False",""
"Drone-Motors-Unknown-Faults-Detection/Ancestor","main","1ef4a891ae02dc95910f747a5163bb2edd608f28","logs/Step1_Data_Preprocessing_save_8000_1","Step1_Data_Preprocessing_save_8000_1","","tree","040000","5d5b62935fb108ee2d020d460b5cb99dcfc22851","","unknown","F_IRRELEVANT","False","False",""
"Drone-Motors-Unknown-Faults-Detection/Ancestor","main","1ef4a891ae02dc95910f747a5163bb2edd608f28","logs/Step1_Data_Preprocessing_save_8000_1/2026-06-13-03-59-51.log","2026-06-13-03-59-51.log",".log","blob","100644","a5d7510c3b3b6175152ed1c8c79f03ab35903add","2514","metadata","F_IRRELEVANT","False","False",""
"Drone-Motors-Unknown-Faults-Detection/Ancestor","main","1ef4a891ae02dc95910f747a5163bb2edd608f28","logs/Step1_Data_Preprocessing_save_8000_2","Step1_Data_Preprocessing_save_8000_2","","tree","040000","63a6e1fbc89a8a7e8fddcaa44ab964f549002cc0","","unknown","F_IRRELEVANT","False","False",""
"Drone-Motors-Unknown-Faults-Detection/Ancestor","main","1ef4a891ae02dc95910f747a5163bb2edd608f28","logs/Step1_Data_Preprocessing_save_8000_2/2026-06-13-03-59-51.log","2026-06-13-03-59-51.log",".log","blob","100644","89243000db91d6eb5e517b80cbcf9d466e9abc00","2514","metadata","F_IRRELEVANT","False","False",""
"Drone-Motors-Unknown-Faults-Detection/Ancestor","main","1ef4a891ae02dc95910f747a5163bb2edd608f28","logs/Step1_Data_Preprocessing_save_8000_3","Step1_Data_Preprocessing_save_8000_3","","tree","040000","90ebf2c3cc35fa4b7f0497641d52b30b1124c554","","unknown","F_IRRELEVANT","False","False",""
"Drone-Motors-Unknown-Faults-Detection/Ancestor","main","1ef4a891ae02dc95910f747a5163bb2edd608f28","logs/Step1_Data_Preprocessing_save_8000_3/2026-06-13-03-59-52.log","2026-06-13-03-59-52.log",".log","blob","100644","e2499cf1a4def210e6ac9ad109f75f89f4b976cc","2514","metadata","F_IRRELEVANT","False","False",""
"Drone-Motors-Unknown-Faults-Detection/Ancestor","main","1ef4a891ae02dc95910f747a5163bb2edd608f28","logs/Step2_Feature_Extraction_11000_1","Step2_Feature_Extraction_11000_1","","tree","040000","8d01d302e379cedb4e8f8a139c75ec33d6e7a81e","","unknown","F_IRRELEVANT","False","False",""
"Drone-Motors-Unknown-Faults-Detection/Ancestor","main","1ef4a891ae02dc95910f747a5163bb2edd608f28","logs/Step2_Feature_Extraction_11000_1/2026-08-05-15-14-18.log","2026-08-05-15-14-18.log",".log","blob","100644","179601fa2152bf9a22b2c0481db0cf2895bc9ab8","7746","metadata","F_IRRELEVANT","False","False",""
"Drone-Motors-Unknown-Faults-Detection/Ancestor","main","1ef4a891ae02dc95910f747a5163bb2edd608f28","logs/Step2_Feature_Extraction_11000_2","Step2_Feature_Extraction_11000_2","","tree","040000","07dc8cd98dce4e728aa608a9a4099356484b3e77","","unknown","F_IRRELEVANT","False","False",""
"Drone-Motors-Unknown-Faults-Detection/Ancestor","main","1ef4a891ae02dc95910f747a5163bb2edd608f28","logs/Step2_Feature_Extraction_11000_2/2026-08-05-15-15-49.log","2026-08-05-15-15-49.log",".log","blob","100644","5f2510a779e7dec03c7c1cfd0a999984854ceff7","7746","metadata","F_IRRELEVANT","False","False",""
"Drone-Motors-Unknown-Faults-Detection/Ancestor","main","1ef4a891ae02dc95910f747a5163bb2edd608f28","logs/Step2_Feature_Extraction_11000_3","Step2_Feature_Extraction_11000_3","","tree","040000","d03e434c3bff6fd180aeac6bff7995bbb87945ab","","unknown","F_IRRELEVANT","False","False",""
"Drone-Motors-Unknown-Faults-Detection/Ancestor","main","1ef4a891ae02dc95910f747a5163bb2edd608f28","logs/Step2_Feature_Extraction_11000_3/2026-08-05-15-17-19.log","2026-08-05-15-17-19.log",".log","blob","100644","1f9ad0bfa8d14e34d3eb6a02aaabfeb04f6add65","7746","metadata","F_IRRELEVANT","False","False",""
"Drone-Motors-Unknown-Faults-Detection/Ancestor","main","1ef4a891ae02dc95910f747a5163bb2edd608f28","logs/Step2_Feature_Extraction_6000_1","Step2_Feature_Extraction_6000_1","","tree","040000","4c1fdbbdb351475c5e6b1ba5bd376adb7910a864","","unknown","F_IRRELEVANT","False","False",""
"Drone-Motors-Unknown-Faults-Detection/Ancestor","main","1ef4a891ae02dc95910f747a5163bb2edd608f28","logs/Step2_Feature_Extraction_6000_1/2026-08-05-15-06-41.log","2026-08-05-15-06-41.log",".log","blob","100644","7cc087d435dd3994fc883b854e1a74b446a9070c","7694","metadata","F_IRRELEVANT","False","False",""
"Drone-Motors-Unknown-Faults-Detection/Ancestor","main","1ef4a891ae02dc95910f747a5163bb2edd608f28","logs/Step2_Feature_Extraction_6000_2","Step2_Feature_Extraction_6000_2","","tree","040000","e629e5e6d986f8af66298569c9d2e33d9adf5e25","","unknown","F_IRRELEVANT","False","False",""
"Drone-Motors-Unknown-Faults-Detection/Ancestor","main","1ef4a891ae02dc95910f747a5163bb2edd608f28","logs/Step2_Feature_Extraction_6000_2/2026-08-05-15-08-08.log","2026-08-05-15-08-08.log",".log","blob","100644","641c208075f9345f2e6a0544787e3261d0689c99","7694","metadata","F_IRRELEVANT","False","False",""
"Drone-Motors-Unknown-Faults-Detection/Ancestor","main","1ef4a891ae02dc95910f747a5163bb2edd608f28","logs/Step2_Feature_Extraction_6000_3","Step2_Feature_Extraction_6000_3","","tree","040000","1aac043881d1d2d3b74b5ed267bf1402e77e6fb6","","unknown","F_IRRELEVANT","False","False",""
"Drone-Motors-Unknown-Faults-Detection/Ancestor","main","1ef4a891ae02dc95910f747a5163bb2edd608f28","logs/Step2_Feature_Extraction_6000_3/2026-08-05-15-09-36.log","2026-08-05-15-09-36.log",".log","blob","100644","6b117287524971f569315e7818d3f571539fe0cb","7694","metadata","F_IRRELEVANT","False","False",""
"Drone-Motors-Unknown-Faults-Detection/Ancestor","main","1ef4a891ae02dc95910f747a5163bb2edd608f28","logs/Step2_Feature_Extraction_8000_1","Step2_Feature_Extraction_8000_1","","tree","040000","e1a266e84574574ec4c208e61f8dd42bb029456d","","unknown","F_IRRELEVANT","False","False",""
"Drone-Motors-Unknown-Faults-Detection/Ancestor","main","1ef4a891ae02dc95910f747a5163bb2edd608f28","logs/Step2_Feature_Extraction_8000_1/2026-08-05-15-25-16.log","2026-08-05-15-25-16.log",".log","blob","100644","cbeafe0068f2384c6325f7e70d739e8a17f3061a","1371","metadata","F_IRRELEVANT","False","False",""
"Drone-Motors-Unknown-Faults-Detection/Ancestor","main","1ef4a891ae02dc95910f747a5163bb2edd608f28","logs/Step2_Feature_Extraction_8000_2","Step2_Feature_Extraction_8000_2","","tree","040000","aae63f4ce6543e57398c4db3292b739e31c3bdd8","","unknown","F_IRRELEVANT","False","False",""
"Drone-Motors-Unknown-Faults-Detection/Ancestor","main","1ef4a891ae02dc95910f747a5163bb2edd608f28","logs/Step2_Feature_Extraction_8000_2/2026-08-05-15-11-16.log","2026-08-05-15-11-16.log",".log","blob","100644","9b1f07f8ba2ca3e635a12bc113486d1beda64bc9","7694","metadata","F_IRRELEVANT","False","False",""
"Drone-Motors-Unknown-Faults-Detection/Ancestor","main","1ef4a891ae02dc95910f747a5163bb2edd608f28","logs/Step2_Feature_Extraction_8000_3","Step2_Feature_Extraction_8000_3","","tree","040000","fda186c4dc1b9d31d3708c4a0bbc40adc2090c8e","","unknown","F_IRRELEVANT","False","False",""
"Drone-Motors-Unknown-Faults-Detection/Ancestor","main","1ef4a891ae02dc95910f747a5163bb2edd608f28","logs/Step2_Feature_Extraction_8000_3/2026-08-05-15-12-47.log","2026-08-05-15-12-47.log",".log","blob","100644","614974d69c8f376ec7fac7eeb455a86039be62f6","7694","metadata","F_IRRELEVANT","False","False",""
"Drone-Motors-Unknown-Faults-Detection/Ancestor","main","1ef4a891ae02dc95910f747a5163bb2edd608f28","logs/Step3_Model_01","Step3_Model_01","","tree","040000","9b599e773b4ff41098e19a1d677c87d9980f23d2","","unknown","F_IRRELEVANT","False","False",""
"Drone-Motors-Unknown-Faults-Detection/Ancestor","main","1ef4a891ae02dc95910f747a5163bb2edd608f28","logs/Step3_Model_01/2026-08-05-16-28-28.log","2026-08-05-16-28-28.log",".log","blob","100644","a447316a8091c8cad6210602d0a5b4bdaa0e0478","10352","metadata","F_IRRELEVANT","False","False",""
"Drone-Motors-Unknown-Faults-Detection/Ancestor","main","1ef4a891ae02dc95910f747a5163bb2edd608f28","logs/Step3_Model_02","Step3_Model_02","","tree","040000","f39c9fe75f4e925a6a0d1a16e5b050bb8a5389c1","","unknown","F_IRRELEVANT","False","False",""
"Drone-Motors-Unknown-Faults-Detection/Ancestor","main","1ef4a891ae02dc95910f747a5163bb2edd608f28","logs/Step3_Model_02/2026-08-05-15-31-14.log","2026-08-05-15-31-14.log",".log","blob","100644","9e3673ea55165295dc9a2365c351293f42d302c7","8313","metadata","F_IRRELEVANT","False","False",""
"Drone-Motors-Unknown-Faults-Detection/Ancestor","main","1ef4a891ae02dc95910f747a5163bb2edd608f28","logs/Step3_Model_03","Step3_Model_03","","tree","040000","ca6a7c5578b31d54f3428902717473f9c656c68e","","unknown","F_IRRELEVANT","False","False",""
"Drone-Motors-Unknown-Faults-Detection/Ancestor","main","1ef4a891ae02dc95910f747a5163bb2edd608f28","logs/Step3_Model_03/2026-08-05-15-32-48.log","2026-08-05-15-32-48.log",".log","blob","100644","ce0ab60b71c2d5de7357ded721da239f96c0a257","10961","metadata","F_IRRELEVANT","False","False",""
"Drone-Motors-Unknown-Faults-Detection/Ancestor","main","1ef4a891ae02dc95910f747a5163bb2edd608f28","logs/Step3_Model_04","Step3_Model_04","","tree","040000","aebdc2c4144321a4eba51b52c6d33c62916eaf29","","unknown","F_IRRELEVANT","False","False",""
"Drone-Motors-Unknown-Faults-Detection/Ancestor","main","1ef4a891ae02dc95910f747a5163bb2edd608f28","logs/Step3_Model_04/2026-08-05-15-34-10.log","2026-08-05-15-34-10.log",".log","blob","100644","bd6e16833bd964c7e5cd865a8ead0ff0c17f2610","10794","metadata","F_IRRELEVANT","False","False",""
"Drone-Motors-Unknown-Faults-Detection/Ancestor","main","1ef4a891ae02dc95910f747a5163bb2edd608f28","logs/Step3_Model_05","Step3_Model_05","","tree","040000","65e82bfd8fcf40b91047d3142085fed155dc2435","","unknown","F_IRRELEVANT","False","False",""
"Drone-Motors-Unknown-Faults-Detection/Ancestor","main","1ef4a891ae02dc95910f747a5163bb2edd608f28","logs/Step3_Model_05/2026-08-05-15-34-58.log","2026-08-05-15-34-58.log",".log","blob","100644","cdbd155fda043a4fd9cc85584b55e23884303892","14494","metadata","F_IRRELEVANT","False","False",""
"Drone-Motors-Unknown-Faults-Detection/Ancestor","main","1ef4a891ae02dc95910f747a5163bb2edd608f28","logs/Step3_Model_06","Step3_Model_06","","tree","040000","ac1b7b920941bfa39698510e5d93cebf03ded624","","unknown","F_IRRELEVANT","False","False",""
"Drone-Motors-Unknown-Faults-Detection/Ancestor","main","1ef4a891ae02dc95910f747a5163bb2edd608f28","logs/Step3_Model_06/2026-08-05-15-36-08.log","2026-08-05-15-36-08.log",".log","blob","100644","aee4226c1744a2d003e431be111e830851ae0d8d","11315","metadata","F_IRRELEVANT","False","False",""
"Drone-Motors-Unknown-Faults-Detection/Ancestor","main","1ef4a891ae02dc95910f747a5163bb2edd608f28","logs/Step3_Model_07","Step3_Model_07","","tree","040000","e3c440877c7445f662d049dd5824f490d707eb24","","unknown","F_IRRELEVANT","False","False",""
"Drone-Motors-Unknown-Faults-Detection/Ancestor","main","1ef4a891ae02dc95910f747a5163bb2edd608f28","logs/Step3_Model_07/2026-08-05-15-37-01.log","2026-08-05-15-37-01.log",".log","blob","100644","a9e9102386fa014b8ce9b9c64402c66d2d72a94a","10964","metadata","F_IRRELEVANT","False","False",""
"Drone-Motors-Unknown-Faults-Detection/Ancestor","main","1ef4a891ae02dc95910f747a5163bb2edd608f28","logs/Step3_Model_08","Step3_Model_08","","tree","040000","e1c955a3d275a949f1b1241a3ed53126b23978fd","","unknown","F_IRRELEVANT","False","False",""
"Drone-Motors-Unknown-Faults-Detection/Ancestor","main","1ef4a891ae02dc95910f747a5163bb2edd608f28","logs/Step3_Model_08/2026-08-05-15-37-50.log","2026-08-05-15-37-50.log",".log","blob","100644","e57b3e2929fcc87ab0c788b5c08b82f623d651c8","14284","metadata","F_IRRELEVANT","False","False",""
"Drone-Motors-Unknown-Faults-Detection/Ancestor","main","1ef4a891ae02dc95910f747a5163bb2edd608f28","logs/Step3_Model_09","Step3_Model_09","","tree","040000","e84f307b3250febabfa62119c6e8388fb0f1f636","","unknown","F_IRRELEVANT","False","False",""
"Drone-Motors-Unknown-Faults-Detection/Ancestor","main","1ef4a891ae02dc95910f747a5163bb2edd608f28","logs/Step3_Model_09/2026-08-05-15-38-59.log","2026-08-05-15-38-59.log",".log","blob","100644","6806d3287a7bf9365af1ec6242ed59e069165519","10039","metadata","F_IRRELEVANT","False","False",""
"Drone-Motors-Unknown-Faults-Detection/Ancestor","main","1ef4a891ae02dc95910f747a5163bb2edd608f28","logs/Step3_Model_10_OneStage","Step3_Model_10_OneStage","","tree","040000","700ffd90fa7c5af6c3ad1686f97e604add392e94","","unknown","F_IRRELEVANT","False","False",""
"Drone-Motors-Unknown-Faults-Detection/Ancestor","main","1ef4a891ae02dc95910f747a5163bb2edd608f28","logs/Step3_Model_10_OneStage/2026-08-05-15-39-46.log","2026-08-05-15-39-46.log",".log","blob","100644","c5da806e1af09b3ada38afd7e77366a4a602bda0","10871","metadata","F_IRRELEVANT","False","False",""
"Drone-Motors-Unknown-Faults-Detection/Ancestor","main","1ef4a891ae02dc95910f747a5163bb2edd608f28","logs/Step3_Model_10_TwoStage","Step3_Model_10_TwoStage","","tree","040000","3c56c6e4e019723a7d3aded2045d2e3cfe8fe4c3","","unknown","F_IRRELEVANT","False","False",""
"Drone-Motors-Unknown-Faults-Detection/Ancestor","main","1ef4a891ae02dc95910f747a5163bb2edd608f28","logs/Step3_Model_10_TwoStage/2026-08-05-15-56-06.log","2026-08-05-15-56-06.log",".log","blob","100644","0644e561c53dc67d5c69ec0ca6ee349e5009832f","10896","metadata","F_IRRELEVANT","False","False",""
"Drone-Motors-Unknown-Faults-Detection/Ancestor","main","1ef4a891ae02dc95910f747a5163bb2edd608f28","logs/Step3_Model_11_OneStage","Step3_Model_11_OneStage","","tree","040000","781f48890f619b1ff64ec22e6b65228b67c3bbcd","","unknown","F_IRRELEVANT","False","False",""
"Drone-Motors-Unknown-Faults-Detection/Ancestor","main","1ef4a891ae02dc95910f747a5163bb2edd608f28","logs/Step3_Model_11_OneStage/2026-08-05-15-40-35.log","2026-08-05-15-40-35.log",".log","blob","100644","07bc546e9bbc7c34c78a7bcbc7fa5bf2d84b7051","14542","metadata","F_IRRELEVANT","False","False",""
"Drone-Motors-Unknown-Faults-Detection/Ancestor","main","1ef4a891ae02dc95910f747a5163bb2edd608f28","logs/Step3_Model_11_TwoStage","Step3_Model_11_TwoStage","","tree","040000","cbc09e0ca6a2123121ff8f7ce8e792cc1c6c124e","","unknown","F_IRRELEVANT","False","False",""
"Drone-Motors-Unknown-Faults-Detection/Ancestor","main","1ef4a891ae02dc95910f747a5163bb2edd608f28","logs/Step3_Model_11_TwoStage/2026-08-05-15-56-55.log","2026-08-05-15-56-55.log",".log","blob","100644","5801625b376725cf108f4e96e8b27f7c6f60507f","15012","metadata","F_IRRELEVANT","False","False",""
"Drone-Motors-Unknown-Faults-Detection/Ancestor","main","1ef4a891ae02dc95910f747a5163bb2edd608f28","logs/Step3_Model_12_OneStage","Step3_Model_12_OneStage","","tree","040000","bacc6f5e6f350ea11d7382d686ae55e6dedca49f","","unknown","F_IRRELEVANT","False","False",""
"Drone-Motors-Unknown-Faults-Detection/Ancestor","main","1ef4a891ae02dc95910f747a5163bb2edd608f28","logs/Step3_Model_12_OneStage/2026-08-05-15-41-45.log","2026-08-05-15-41-45.log",".log","blob","100644","4f8a42d30a560e40799d5c08fb4279f9cfed5029","8845","metadata","F_IRRELEVANT","False","False",""
"Drone-Motors-Unknown-Faults-Detection/Ancestor","main","1ef4a891ae02dc95910f747a5163bb2edd608f28","logs/Step3_Model_12_TwoStage","Step3_Model_12_TwoStage","","tree","040000","8e03f35ecc3d7f91712ca89faa67d1af6002ef15","","unknown","F_IRRELEVANT","False","False",""
"Drone-Motors-Unknown-Faults-Detection/Ancestor","main","1ef4a891ae02dc95910f747a5163bb2edd608f28","logs/Step3_Model_12_TwoStage/2026-08-05-15-58-09.log","2026-08-05-15-58-09.log",".log","blob","100644","de1b9f9cb4e248db14e18fdb9372148baee15d96","11528","metadata","F_IRRELEVANT","False","False",""
"Drone-Motors-Unknown-Faults-Detection/Ancestor","main","1ef4a891ae02dc95910f747a5163bb2edd608f28","logs/Step3_Model_13_OneStage","Step3_Model_13_OneStage","","tree","040000","74ed106d83f1e6c707d1d76570f1c6294d004128","","unknown","F_IRRELEVANT","False","False",""
"Drone-Motors-Unknown-Faults-Detection/Ancestor","main","1ef4a891ae02dc95910f747a5163bb2edd608f28","logs/Step3_Model_13_OneStage/2026-08-05-15-42-29.log","2026-08-05-15-42-29.log",".log","blob","100644","4771ceda85376b885a65f78b1d1799326e8b592e","10793","metadata","F_IRRELEVANT","False","False",""
"Drone-Motors-Unknown-Faults-Detection/Ancestor","main","1ef4a891ae02dc95910f747a5163bb2edd608f28","logs/Step3_Model_13_TwoStage","Step3_Model_13_TwoStage","","tree","040000","fcb681bac618a26e6bb4773a2d8cfd90b43c2f39","","unknown","F_IRRELEVANT","False","False",""
"Drone-Motors-Unknown-Faults-Detection/Ancestor","main","1ef4a891ae02dc95910f747a5163bb2edd608f28","logs/Step3_Model_13_TwoStage/2026-08-05-15-59-08.log","2026-08-05-15-59-08.log",".log","blob","100644","6a3a7d8d0686f0291bc149ed7a1b29eb9d89e405","10791","metadata","F_IRRELEVANT","False","False",""
"Drone-Motors-Unknown-Faults-Detection/Ancestor","main","1ef4a891ae02dc95910f747a5163bb2edd608f28","logs/Step3_Model_14_OneStage","Step3_Model_14_OneStage","","tree","040000","e4e64d66818f1ecb2a0cb371158895d582c716e4","","unknown","F_IRRELEVANT","False","False",""
"Drone-Motors-Unknown-Faults-Detection/Ancestor","main","1ef4a891ae02dc95910f747a5163bb2edd608f28","logs/Step3_Model_14_OneStage/2026-08-05-15-43-18.log","2026-08-05-15-43-18.log",".log","blob","100644","4c528a5494cc88697f9dbb293f2b5a6bceff225e","14659","metadata","F_IRRELEVANT","False","False",""
"Drone-Motors-Unknown-Faults-Detection/Ancestor","main","1ef4a891ae02dc95910f747a5163bb2edd608f28","logs/Step3_Model_14_TwoStage","Step3_Model_14_TwoStage","","tree","040000","1bdbd4532e2609e01615e4529b7fed5db5cd1cdd","","unknown","F_IRRELEVANT","False","False",""
"Drone-Motors-Unknown-Faults-Detection/Ancestor","main","1ef4a891ae02dc95910f747a5163bb2edd608f28","logs/Step3_Model_14_TwoStage/2026-08-05-15-59-59.log","2026-08-05-15-59-59.log",".log","blob","100644","0aabcb6dec76c9b95284e4b7b5241825f31887d0","14498","metadata","F_IRRELEVANT","False","False",""
"Drone-Motors-Unknown-Faults-Detection/Ancestor","main","1ef4a891ae02dc95910f747a5163bb2edd608f28","logs/Step3_Model_15_OneStage","Step3_Model_15_OneStage","","tree","040000","e85f60fdf0e44d4b74732136c7526e68f61ab17b","","unknown","F_IRRELEVANT","False","False",""
"Drone-Motors-Unknown-Faults-Detection/Ancestor","main","1ef4a891ae02dc95910f747a5163bb2edd608f28","logs/Step3_Model_15_OneStage/2026-08-05-15-44-27.log","2026-08-05-15-44-27.log",".log","blob","100644","b0da31faa9fbef1404f247936ea2d3840b27471a","9497","metadata","F_IRRELEVANT","False","False",""
"Drone-Motors-Unknown-Faults-Detection/Ancestor","main","1ef4a891ae02dc95910f747a5163bb2edd608f28","logs/Step3_Model_15_TwoStage","Step3_Model_15_TwoStage","","tree","040000","407e109e5fdf24f78bc13294c45613c7012e1728","","unknown","F_IRRELEVANT","False","False",""
"Drone-Motors-Unknown-Faults-Detection/Ancestor","main","1ef4a891ae02dc95910f747a5163bb2edd608f28","logs/Step3_Model_15_TwoStage/2026-08-05-16-01-09.log","2026-08-05-16-01-09.log",".log","blob","100644","b58da8e11505cf2784c8ac86e972bf16f5959eb5","11680","metadata","F_IRRELEVANT","False","False",""
"Drone-Motors-Unknown-Faults-Detection/Ancestor","main","1ef4a891ae02dc95910f747a5163bb2edd608f28","logs/Step3_Model_16_OneStage","Step3_Model_16_OneStage","","tree","040000","c3aab4c6afde236d2f18d4f6c52625a3564b44ca","","unknown","F_IRRELEVANT","False","False",""
"Drone-Motors-Unknown-Faults-Detection/Ancestor","main","1ef4a891ae02dc95910f747a5163bb2edd608f28","logs/Step3_Model_16_OneStage/2026-08-05-15-45-13.log","2026-08-05-15-45-13.log",".log","blob","100644","425986d0e7dfea97ada77f7a44e2a214b710bcbb","10797","metadata","F_IRRELEVANT","False","False",""
"Drone-Motors-Unknown-Faults-Detection/Ancestor","main","1ef4a891ae02dc95910f747a5163bb2edd608f28","logs/Step3_Model_16_TwoStage","Step3_Model_16_TwoStage","","tree","040000","74a15c2ada630386195b767d2d4ae4481029d046","","unknown","F_IRRELEVANT","False","False",""
"Drone-Motors-Unknown-Faults-Detection/Ancestor","main","1ef4a891ae02dc95910f747a5163bb2edd608f28","logs/Step3_Model_16_TwoStage/2026-08-05-16-02-01.log","2026-08-05-16-02-01.log",".log","blob","100644","c408f51f372395954dfb2f524339ffabee703a25","10761","metadata","F_IRRELEVANT","False","False",""
"Drone-Motors-Unknown-Faults-Detection/Ancestor","main","1ef4a891ae02dc95910f747a5163bb2edd608f28","logs/Step3_Model_17_OneStage","Step3_Model_17_OneStage","","tree","040000","3bd8f258fe0d8e983677b997b40e40be53fa9b8f","","unknown","F_IRRELEVANT","False","False",""
"Drone-Motors-Unknown-Faults-Detection/Ancestor","main","1ef4a891ae02dc95910f747a5163bb2edd608f28","logs/Step3_Model_17_OneStage/2026-08-05-15-46-01.log","2026-08-05-15-46-01.log",".log","blob","100644","430441531fc47a164a48d8da6e3ea1e9a324763e","14541","metadata","F_IRRELEVANT","False","False",""
"Drone-Motors-Unknown-Faults-Detection/Ancestor","main","1ef4a891ae02dc95910f747a5163bb2edd608f28","logs/Step3_Model_17_TwoStage","Step3_Model_17_TwoStage","","tree","040000","94ed46d37e93d38c1d7555cdd9182af868ce9fd5","","unknown","F_IRRELEVANT","False","False",""
"Drone-Motors-Unknown-Faults-Detection/Ancestor","main","1ef4a891ae02dc95910f747a5163bb2edd608f28","logs/Step3_Model_17_TwoStage/2026-08-05-16-02-50.log","2026-08-05-16-02-50.log",".log","blob","100644","8253341e9c3cc35ea22fd3c15a98dbbcacc58916","14256","metadata","F_IRRELEVANT","False","False",""
"Drone-Motors-Unknown-Faults-Detection/Ancestor","main","1ef4a891ae02dc95910f747a5163bb2edd608f28","logs/Step3_Model_18_OneStage","Step3_Model_18_OneStage","","tree","040000","3af47431debe71caecd157bafe141d1bd26c9021","","unknown","F_IRRELEVANT","False","False",""
"Drone-Motors-Unknown-Faults-Detection/Ancestor","main","1ef4a891ae02dc95910f747a5163bb2edd608f28","logs/Step3_Model_18_OneStage/2026-08-05-15-47-11.log","2026-08-05-15-47-11.log",".log","blob","100644","f0a229dabb8dbc9209986ab340b8f593f49ae04c","11618","metadata","F_IRRELEVANT","False","False",""
"Drone-Motors-Unknown-Faults-Detection/Ancestor","main","1ef4a891ae02dc95910f747a5163bb2edd608f28","logs/Step3_Model_18_TwoStage","Step3_Model_18_TwoStage","","tree","040000","5102a63e0b53bdb4a54817b02386c3eec4777efc","","unknown","F_IRRELEVANT","False","False",""
"Drone-Motors-Unknown-Faults-Detection/Ancestor","main","1ef4a891ae02dc95910f747a5163bb2edd608f28","logs/Step3_Model_18_TwoStage/2026-08-05-16-04-00.log","2026-08-05-16-04-00.log",".log","blob","100644","f8a109f46f44f7e5e731d678fd6ad6518c35d8fe","11766","metadata","F_IRRELEVANT","False","False",""
"Drone-Motors-Unknown-Faults-Detection/Ancestor","main","1ef4a891ae02dc95910f747a5163bb2edd608f28","logs/Step3_Model_19_OneStage","Step3_Model_19_OneStage","","tree","040000","c077634b3cb67257a93190280a10041c43d40671","","unknown","F_IRRELEVANT","False","False",""
"Drone-Motors-Unknown-Faults-Detection/Ancestor","main","1ef4a891ae02dc95910f747a5163bb2edd608f28","logs/Step3_Model_19_OneStage/2026-08-05-15-48-05.log","2026-08-05-15-48-05.log",".log","blob","100644","a8213bdace9a7c9fd17610e1ddbb6bb2e7615b62","10757","metadata","F_IRRELEVANT","False","False",""
"Drone-Motors-Unknown-Faults-Detection/Ancestor","main","1ef4a891ae02dc95910f747a5163bb2edd608f28","logs/Step3_Model_19_TwoStage","Step3_Model_19_TwoStage","","tree","040000","7816863fbf7f74e8af704548e7fba9a0d302da4c","","unknown","F_IRRELEVANT","False","False",""
"Drone-Motors-Unknown-Faults-Detection/Ancestor","main","1ef4a891ae02dc95910f747a5163bb2edd608f28","logs/Step3_Model_19_TwoStage/2026-08-05-16-04-54.log","2026-08-05-16-04-54.log",".log","blob","100644","2f9626578d7540145073c12febdbc87b35b35a2a","10748","metadata","F_IRRELEVANT","False","False",""
"Drone-Motors-Unknown-Faults-Detection/Ancestor","main","1ef4a891ae02dc95910f747a5163bb2edd608f28","logs/Step3_Model_20_OneStage","Step3_Model_20_OneStage","","tree","040000","ebfdabd99c0bc531aaee41df0d91a9a1ac0ba272","","unknown","F_IRRELEVANT","False","False",""
"Drone-Motors-Unknown-Faults-Detection/Ancestor","main","1ef4a891ae02dc95910f747a5163bb2edd608f28","logs/Step3_Model_20_OneStage/2026-08-05-15-48-54.log","2026-08-05-15-48-54.log",".log","blob","100644","4e518b06f826741d5b2305b15abbf6d6e4a0e334","14542","metadata","F_IRRELEVANT","False","False",""
"Drone-Motors-Unknown-Faults-Detection/Ancestor","main","1ef4a891ae02dc95910f747a5163bb2edd608f28","logs/Step3_Model_20_TwoStage","Step3_Model_20_TwoStage","","tree","040000","a5aba378fb60087a1a7c86b2cb26cd15fd25fc35","","unknown","F_IRRELEVANT","False","False",""
"Drone-Motors-Unknown-Faults-Detection/Ancestor","main","1ef4a891ae02dc95910f747a5163bb2edd608f28","logs/Step3_Model_20_TwoStage/2026-08-05-16-05-43.log","2026-08-05-16-05-43.log",".log","blob","100644","fd2c01e36c1d5c08ce335f3c65eef74e58861629","14546","metadata","F_IRRELEVANT","False","False",""
"Drone-Motors-Unknown-Faults-Detection/Ancestor","main","1ef4a891ae02dc95910f747a5163bb2edd608f28","logs/Step3_Model_21_OneStage","Step3_Model_21_OneStage","","tree","040000","2f51a51a867197da694a4b4a425d9d881cf4af49","","unknown","F_IRRELEVANT","False","False",""
"Drone-Motors-Unknown-Faults-Detection/Ancestor","main","1ef4a891ae02dc95910f747a5163bb2edd608f28","logs/Step3_Model_21_OneStage/2026-08-05-15-50-03.log","2026-08-05-15-50-03.log",".log","blob","100644","288223769018b87e45a05e29f3dd7c12adce455c","11637","metadata","F_IRRELEVANT","False","False",""
"Drone-Motors-Unknown-Faults-Detection/Ancestor","main","1ef4a891ae02dc95910f747a5163bb2edd608f28","logs/Step3_Model_21_TwoStage","Step3_Model_21_TwoStage","","tree","040000","cc7a2c0ea1fdd91377ea839a8681befbd198cee0","","unknown","F_IRRELEVANT","False","False",""
"Drone-Motors-Unknown-Faults-Detection/Ancestor","main","1ef4a891ae02dc95910f747a5163bb2edd608f28","logs/Step3_Model_21_TwoStage/2026-08-05-16-06-52.log","2026-08-05-16-06-52.log",".log","blob","100644","7312af394a0c6bff639c1d4234e357bea1171313","11508","metadata","F_IRRELEVANT","False","False",""
"Drone-Motors-Unknown-Faults-Detection/Ancestor","main","1ef4a891ae02dc95910f747a5163bb2edd608f28","logs/Step3_Model_22_OneStage","Step3_Model_22_OneStage","","tree","040000","44924e8514af92d666b8fcaf72508374e7871033","","unknown","F_IRRELEVANT","False","False",""
"Drone-Motors-Unknown-Faults-Detection/Ancestor","main","1ef4a891ae02dc95910f747a5163bb2edd608f28","logs/Step3_Model_22_OneStage/2026-08-05-15-50-56.log","2026-08-05-15-50-56.log",".log","blob","100644","b3cf1c03073bb89f22698f57acaf8f3925ab4709","10874","metadata","F_IRRELEVANT","False","False",""
"Drone-Motors-Unknown-Faults-Detection/Ancestor","main","1ef4a891ae02dc95910f747a5163bb2edd608f28","logs/Step3_Model_22_TwoStage","Step3_Model_22_TwoStage","","tree","040000","a6e4da955284204cb84f26912687b07684b5bce1","","unknown","F_IRRELEVANT","False","False",""
"Drone-Motors-Unknown-Faults-Detection/Ancestor","main","1ef4a891ae02dc95910f747a5163bb2edd608f28","logs/Step3_Model_22_TwoStage/2026-08-05-16-07-45.log","2026-08-05-16-07-45.log",".log","blob","100644","99fe7bc7a2cd9577549b92cb20926f040afb8255","10877","metadata","F_IRRELEVANT","False","False",""
"Drone-Motors-Unknown-Faults-Detection/Ancestor","main","1ef4a891ae02dc95910f747a5163bb2edd608f28","logs/Step3_Model_23_OneStage","Step3_Model_23_OneStage","","tree","040000","520fa4120fd5f954c7f59bd943e04ad97990d15e","","unknown","F_IRRELEVANT","False","False",""
"Drone-Motors-Unknown-Faults-Detection/Ancestor","main","1ef4a891ae02dc95910f747a5163bb2edd608f28","logs/Step3_Model_23_OneStage/2026-08-05-15-51-45.log","2026-08-05-15-51-45.log",".log","blob","100644","35dde29a7af746b66ce4204701f46889ee977c64","8528","metadata","F_IRRELEVANT","False","False",""
"Drone-Motors-Unknown-Faults-Detection/Ancestor","main","1ef4a891ae02dc95910f747a5163bb2edd608f28","logs/Step3_Model_23_TwoStage","Step3_Model_23_TwoStage","","tree","040000","8f5fbd8da6fac89aaefb5a0f2f128740723b825e","","unknown","F_IRRELEVANT","False","False",""
"Drone-Motors-Unknown-Faults-Detection/Ancestor","main","1ef4a891ae02dc95910f747a5163bb2edd608f28","logs/Step3_Model_23_TwoStage/2026-08-05-16-08-34.log","2026-08-05-16-08-34.log",".log","blob","100644","c2aa09a3bcc33c5309c2c821d8a36d8b3b23b455","7564","metadata","F_IRRELEVANT","False","False",""
"Drone-Motors-Unknown-Faults-Detection/Ancestor","main","1ef4a891ae02dc95910f747a5163bb2edd608f28","logs/Step3_Model_24_OneStage","Step3_Model_24_OneStage","","tree","040000","8ed4c71cd95511474fe4e6c0a26c25a79f5b6407","","unknown","F_IRRELEVANT","False","False",""
"Drone-Motors-Unknown-Faults-Detection/Ancestor","main","1ef4a891ae02dc95910f747a5163bb2edd608f28","logs/Step3_Model_24_OneStage/2026-08-05-15-52-28.log","2026-08-05-15-52-28.log",".log","blob","100644","87bb83e5cb9a983e4942aa001377839f8028e631","8926","metadata","F_IRRELEVANT","False","False",""
"Drone-Motors-Unknown-Faults-Detection/Ancestor","main","1ef4a891ae02dc95910f747a5163bb2edd608f28","logs/Step3_Model_24_TwoStage","Step3_Model_24_TwoStage","","tree","040000","054637f82a36f376fdfa9c0337e48eb10f89bdac","","unknown","F_IRRELEVANT","False","False",""
"Drone-Motors-Unknown-Faults-Detection/Ancestor","main","1ef4a891ae02dc95910f747a5163bb2edd608f28","logs/Step3_Model_24_TwoStage/2026-08-05-16-09-13.log","2026-08-05-16-09-13.log",".log","blob","100644","1d4835722c6fea4b2b959dc3e6870979344d2d0e","11809","metadata","F_IRRELEVANT","False","False",""
"Drone-Motors-Unknown-Faults-Detection/Ancestor","main","1ef4a891ae02dc95910f747a5163bb2edd608f28","logs/Step3_Model_25_OneStage","Step3_Model_25_OneStage","","tree","040000","3b3557f0caa99b56c3d5899d000162dcc17dedab","","unknown","F_IRRELEVANT","False","False",""
"Drone-Motors-Unknown-Faults-Detection/Ancestor","main","1ef4a891ae02dc95910f747a5163bb2edd608f28","logs/Step3_Model_25_OneStage/2026-08-05-15-53-21.log","2026-08-05-15-53-21.log",".log","blob","100644","b1451854af209cd90c856d5964c93b7fb71a9d64","10787","metadata","F_IRRELEVANT","False","False",""
"Drone-Motors-Unknown-Faults-Detection/Ancestor","main","1ef4a891ae02dc95910f747a5163bb2edd608f28","logs/Step3_Model_25_TwoStage","Step3_Model_25_TwoStage","","tree","040000","986f94d026e7f5ed129881403df0a7a8454ee70d","","unknown","F_IRRELEVANT","False","False",""
"Drone-Motors-Unknown-Faults-Detection/Ancestor","main","1ef4a891ae02dc95910f747a5163bb2edd608f28","logs/Step3_Model_25_TwoStage/2026-08-05-16-10-06.log","2026-08-05-16-10-06.log",".log","blob","100644","bf23c4fd4232343450a1f724ee884d34e756c1b1","10748","metadata","F_IRRELEVANT","False","False",""
"Drone-Motors-Unknown-Faults-Detection/Ancestor","main","1ef4a891ae02dc95910f747a5163bb2edd608f28","logs/Step3_Model_26_OneStage","Step3_Model_26_OneStage","","tree","040000","98ccaa462332a0b7c15ee29bd466fb63eb25f678","","unknown","F_IRRELEVANT","False","False",""
"Drone-Motors-Unknown-Faults-Detection/Ancestor","main","1ef4a891ae02dc95910f747a5163bb2edd608f28","logs/Step3_Model_26_OneStage/2026-08-05-15-54-10.log","2026-08-05-15-54-10.log",".log","blob","100644","b7d743b8f0e86959ce350d20cd4a3eeb2e750131","12721","metadata","F_IRRELEVANT","False","False",""
"Drone-Motors-Unknown-Faults-Detection/Ancestor","main","1ef4a891ae02dc95910f747a5163bb2edd608f28","logs/Step3_Model_26_TwoStage","Step3_Model_26_TwoStage","","tree","040000","ff0ce45beb60d995da148bd96b20d98b3db82786","","unknown","F_IRRELEVANT","False","False",""
"Drone-Motors-Unknown-Faults-Detection/Ancestor","main","1ef4a891ae02dc95910f747a5163bb2edd608f28","logs/Step3_Model_26_TwoStage/2026-08-05-16-10-51.log","2026-08-05-16-10-51.log",".log","blob","100644","a8be9b05dc8e193e60e70ba80d395598c1658b8d","7760","metadata","F_IRRELEVANT","False","False",""
"Drone-Motors-Unknown-Faults-Detection/Ancestor","main","1ef4a891ae02dc95910f747a5163bb2edd608f28","logs/Step3_Model_27_OneStage","Step3_Model_27_OneStage","","tree","040000","208823e5eda79280751579cbef9778cc9daaa807","","unknown","F_IRRELEVANT","False","False",""
"Drone-Motors-Unknown-Faults-Detection/Ancestor","main","1ef4a891ae02dc95910f747a5163bb2edd608f28","logs/Step3_Model_27_OneStage/2026-08-05-15-55-13.log","2026-08-05-15-55-13.log",".log","blob","100644","95317155f115aa41261c30fb02b5c1aea39311ae","11766","metadata","F_IRRELEVANT","False","False",""
"Drone-Motors-Unknown-Faults-Detection/Ancestor","main","1ef4a891ae02dc95910f747a5163bb2edd608f28","logs/Step3_Model_27_TwoStage","Step3_Model_27_TwoStage","","tree","040000","be9450358d7b5ca16ccc4a11f7d6ed38e8c5e9cd","","unknown","F_IRRELEVANT","False","False",""
"Drone-Motors-Unknown-Faults-Detection/Ancestor","main","1ef4a891ae02dc95910f747a5163bb2edd608f28","logs/Step3_Model_27_TwoStage/2026-08-05-16-11-27.log","2026-08-05-16-11-27.log",".log","blob","100644","2f6aed7ac063abc619b2cee8a1157970703d05d4","8330","metadata","F_IRRELEVANT","False","False",""
"Drone-Motors-Unknown-Faults-Detection/Ancestor","main","1ef4a891ae02dc95910f747a5163bb2edd608f28","logs/Step4_Model_01_Detecting","Step4_Model_01_Detecting","","tree","040000","af771531a75be8c1c55c6cbf5d3dde014bac8297","","unknown","F_IRRELEVANT","False","False",""
"Drone-Motors-Unknown-Faults-Detection/Ancestor","main","1ef4a891ae02dc95910f747a5163bb2edd608f28","logs/Step4_Model_01_Detecting/2026-08-05-16-18-07.log","2026-08-05-16-18-07.log",".log","blob","100644","01d159ba4ba0f9b0e132cd3ae848a9680200db9b","1825","metadata","F_IRRELEVANT","False","False",""
"Drone-Motors-Unknown-Faults-Detection/Ancestor","main","1ef4a891ae02dc95910f747a5163bb2edd608f28","logs/Step4_Model_02_Detecting","Step4_Model_02_Detecting","","tree","040000","a40977938bf40470efc1ec3b5f998b4368ed8fe7","","unknown","F_IRRELEVANT","False","False",""
"Drone-Motors-Unknown-Faults-Detection/Ancestor","main","1ef4a891ae02dc95910f747a5163bb2edd608f28","logs/Step4_Model_02_Detecting/2026-08-05-16-18-20.log","2026-08-05-16-18-20.log",".log","blob","100644","ad260bc1dd11162440b5f79f2acd845d510acb3b","9405","metadata","F_IRRELEVANT","False","False",""
"Drone-Motors-Unknown-Faults-Detection/Ancestor","main","1ef4a891ae02dc95910f747a5163bb2edd608f28","logs/Step4_Model_03_Detecting","Step4_Model_03_Detecting","","tree","040000","a25295c144aca6df142bc58e4cafb1e297b72ed4","","unknown","F_IRRELEVANT","False","False",""
"Drone-Motors-Unknown-Faults-Detection/Ancestor","main","1ef4a891ae02dc95910f747a5163bb2edd608f28","logs/Step4_Model_03_Detecting/2026-08-05-16-18-38.log","2026-08-05-16-18-38.log",".log","blob","100644","6be58bf37c1ede9a0adf34773931c82bd4a2f6d0","9280","metadata","F_IRRELEVANT","False","False",""
"Drone-Motors-Unknown-Faults-Detection/Ancestor","main","1ef4a891ae02dc95910f747a5163bb2edd608f28","logs/Step4_Model_04_Detecting","Step4_Model_04_Detecting","","tree","040000","b3231f3ddebd15d58fca6b1614a1472745d86557","","unknown","F_IRRELEVANT","False","False",""
"Drone-Motors-Unknown-Faults-Detection/Ancestor","main","1ef4a891ae02dc95910f747a5163bb2edd608f28","logs/Step4_Model_04_Detecting/2026-08-05-16-18-50.log","2026-08-05-16-18-50.log",".log","blob","100644","dca4fe7c230d0f14a7907ce83b897512bca7e740","36333","metadata","F_IRRELEVANT","False","False",""
"Drone-Motors-Unknown-Faults-Detection/Ancestor","main","1ef4a891ae02dc95910f747a5163bb2edd608f28","logs/Step4_Model_05_Detecting","Step4_Model_05_Detecting","","tree","040000","2aacf5747951fad19f13e5f6ad4b456f9abea68b","","unknown","F_IRRELEVANT","False","False",""
"Drone-Motors-Unknown-Faults-Detection/Ancestor","main","1ef4a891ae02dc95910f747a5163bb2edd608f28","logs/Step4_Model_05_Detecting/2026-08-05-16-19-14.log","2026-08-05-16-19-14.log",".log","blob","100644","00c19a3efa4166e1e58142e61d08328553106298","36537","metadata","F_IRRELEVANT","False","False",""
"Drone-Motors-Unknown-Faults-Detection/Ancestor","main","1ef4a891ae02dc95910f747a5163bb2edd608f28","logs/Step4_Model_06_Detecting","Step4_Model_06_Detecting","","tree","040000","9726d242aa9a37f459ebde2416e0547f770bd9ac","","unknown","F_IRRELEVANT","False","False",""
"Drone-Motors-Unknown-Faults-Detection/Ancestor","main","1ef4a891ae02dc95910f747a5163bb2edd608f28","logs/Step4_Model_06_Detecting/2026-08-05-16-19-42.log","2026-08-05-16-19-42.log",".log","blob","100644","25c4b0465948d350bd082fd93c66e8ae4b2c9589","36313","metadata","F_IRRELEVANT","False","False",""
"Drone-Motors-Unknown-Faults-Detection/Ancestor","main","1ef4a891ae02dc95910f747a5163bb2edd608f28","logs/Step4_Model_07_Detecting","Step4_Model_07_Detecting","","tree","040000","7db62dd3b8e8a381a952c7fc47ac55c6661c8ec1","","unknown","F_IRRELEVANT","False","False",""
"Drone-Motors-Unknown-Faults-Detection/Ancestor","main","1ef4a891ae02dc95910f747a5163bb2edd608f28","logs/Step4_Model_07_Detecting/2026-08-05-16-20-04.log","2026-08-05-16-20-04.log",".log","blob","100644","e055f60d4fd98d31970831d07f35688ddb937664","35745","metadata","F_IRRELEVANT","False","False",""
"Drone-Motors-Unknown-Faults-Detection/Ancestor","main","1ef4a891ae02dc95910f747a5163bb2edd608f28","logs/Step4_Model_08_Detecting","Step4_Model_08_Detecting","","tree","040000","c64cda76f828f7d1283df34bdca329e56ac82517","","unknown","F_IRRELEVANT","False","False",""
"Drone-Motors-Unknown-Faults-Detection/Ancestor","main","1ef4a891ae02dc95910f747a5163bb2edd608f28","logs/Step4_Model_08_Detecting/2026-08-05-16-20-27.log","2026-08-05-16-20-27.log",".log","blob","100644","20e4de207106fc17554682fd98b7a40902147f9c","36517","metadata","F_IRRELEVANT","False","False",""
"Drone-Motors-Unknown-Faults-Detection/Ancestor","main","1ef4a891ae02dc95910f747a5163bb2edd608f28","logs/Step4_Model_09_Detecting","Step4_Model_09_Detecting","","tree","040000","f7e37f791842de508dd07eeeb26ee488b2f43efc","","unknown","F_IRRELEVANT","False","False",""
"Drone-Motors-Unknown-Faults-Detection/Ancestor","main","1ef4a891ae02dc95910f747a5163bb2edd608f28","logs/Step4_Model_09_Detecting/2026-08-05-16-20-56.log","2026-08-05-16-20-56.log",".log","blob","100644","11f8ef698aa72a8a9c16dcff6fa21e34fafdcdeb","35737","metadata","F_IRRELEVANT","False","False",""
"Drone-Motors-Unknown-Faults-Detection/Ancestor","main","1ef4a891ae02dc95910f747a5163bb2edd608f28","logs/Step4_Model_10_Detecting","Step4_Model_10_Detecting","","tree","040000","ade54c5884c91ab6bee3425692ac9d76ca80936f","","unknown","F_IRRELEVANT","False","False",""
"Drone-Motors-Unknown-Faults-Detection/Ancestor","main","1ef4a891ae02dc95910f747a5163bb2edd608f28","logs/Step4_Model_10_Detecting/2026-08-05-16-21-18.log","2026-08-05-16-21-18.log",".log","blob","100644","c431542efbe37b7aeebbe72126ed407601e5cedc","36129","metadata","F_IRRELEVANT","False","False",""
"Drone-Motors-Unknown-Faults-Detection/Ancestor","main","1ef4a891ae02dc95910f747a5163bb2edd608f28","logs/Step4_Model_11_Detecting","Step4_Model_11_Detecting","","tree","040000","d71570212ac7f54ad99628380bb53ba77f91893b","","unknown","F_IRRELEVANT","False","False",""
"Drone-Motors-Unknown-Faults-Detection/Ancestor","main","1ef4a891ae02dc95910f747a5163bb2edd608f28","logs/Step4_Model_11_Detecting/2026-08-05-16-21-41.log","2026-08-05-16-21-41.log",".log","blob","100644","d1e455d37bd51922233551f21d59f513c262a0cc","36301","metadata","F_IRRELEVANT","False","False",""
"Drone-Motors-Unknown-Faults-Detection/Ancestor","main","1ef4a891ae02dc95910f747a5163bb2edd608f28","logs/Step4_Model_12_Detecting","Step4_Model_12_Detecting","","tree","040000","efb950825996a9e894b2a4f0982553deefef9899","","unknown","F_IRRELEVANT","False","False",""
"Drone-Motors-Unknown-Faults-Detection/Ancestor","main","1ef4a891ae02dc95910f747a5163bb2edd608f28","logs/Step4_Model_12_Detecting/2026-08-05-16-22-07.log","2026-08-05-16-22-07.log",".log","blob","100644","74f57f2ce5b34182199db3bdc63ec389a061508f","36236","metadata","F_IRRELEVANT","False","False",""
"Drone-Motors-Unknown-Faults-Detection/Ancestor","main","1ef4a891ae02dc95910f747a5163bb2edd608f28","logs/Step4_Model_13_Detecting","Step4_Model_13_Detecting","","tree","040000","c2f95e0d7a076ccffc103cc999f182b723c267c4","","unknown","F_IRRELEVANT","False","False",""
"Drone-Motors-Unknown-Faults-Detection/Ancestor","main","1ef4a891ae02dc95910f747a5163bb2edd608f28","logs/Step4_Model_13_Detecting/2026-08-05-16-22-29.log","2026-08-05-16-22-29.log",".log","blob","100644","04063046647ded2f4b146892e2d95c22e49769a9","36753","metadata","F_IRRELEVANT","False","False",""
"Drone-Motors-Unknown-Faults-Detection/Ancestor","main","1ef4a891ae02dc95910f747a5163bb2edd608f28","logs/Step4_Model_14_Detecting","Step4_Model_14_Detecting","","tree","040000","c622da7a7b9bbad91a1a40508cbe16a102087fb5","","unknown","F_IRRELEVANT","False","False",""
"Drone-Motors-Unknown-Faults-Detection/Ancestor","main","1ef4a891ae02dc95910f747a5163bb2edd608f28","logs/Step4_Model_14_Detecting/2026-08-05-16-22-52.log","2026-08-05-16-22-52.log",".log","blob","100644","691c7e059639985c6fff39cebea5e44a42eaf410","36473","metadata","F_IRRELEVANT","False","False",""
"Drone-Motors-Unknown-Faults-Detection/Ancestor","main","1ef4a891ae02dc95910f747a5163bb2edd608f28","logs/Step4_Model_15_Detecting","Step4_Model_15_Detecting","","tree","040000","c4a4fd290d23accdea576d66162f064936e1bcc9","","unknown","F_IRRELEVANT","False","False",""
"Drone-Motors-Unknown-Faults-Detection/Ancestor","main","1ef4a891ae02dc95910f747a5163bb2edd608f28","logs/Step4_Model_15_Detecting/2026-08-05-16-23-20.log","2026-08-05-16-23-20.log",".log","blob","100644","3fbd21b8c7b4a0f6378e3ea1395c1d34973db31f","34627","metadata","F_IRRELEVANT","False","False",""
"Drone-Motors-Unknown-Faults-Detection/Ancestor","main","1ef4a891ae02dc95910f747a5163bb2edd608f28","logs/Step4_Model_16_Detecting","Step4_Model_16_Detecting","","tree","040000","e656dd835ed380189348b8ec361ea7861b5258a1","","unknown","F_IRRELEVANT","False","False",""
"Drone-Motors-Unknown-Faults-Detection/Ancestor","main","1ef4a891ae02dc95910f747a5163bb2edd608f28","logs/Step4_Model_16_Detecting/2026-08-05-16-23-43.log","2026-08-05-16-23-43.log",".log","blob","100644","0882be4246c723c4edcd9002ac8fc5bc85bcca52","34359","metadata","F_IRRELEVANT","False","False",""
"Drone-Motors-Unknown-Faults-Detection/Ancestor","main","1ef4a891ae02dc95910f747a5163bb2edd608f28","logs/Step4_Model_17_Detecting","Step4_Model_17_Detecting","","tree","040000","c120e12505c096aa48ed1294c7d815a9ea6277e9","","unknown","F_IRRELEVANT","False","False",""
"Drone-Motors-Unknown-Faults-Detection/Ancestor","main","1ef4a891ae02dc95910f747a5163bb2edd608f28","logs/Step4_Model_17_Detecting/2026-08-05-16-24-07.log","2026-08-05-16-24-07.log",".log","blob","100644","307e3f01755537eaca8d250d1d0e620a7c0c0597","35141","metadata","F_IRRELEVANT","False","False",""
"Drone-Motors-Unknown-Faults-Detection/Ancestor","main","1ef4a891ae02dc95910f747a5163bb2edd608f28","logs/Step4_Model_18_Detecting","Step4_Model_18_Detecting","","tree","040000","762654d32a0ed4cba67537b1d869fd1e82262fd5","","unknown","F_IRRELEVANT","False","False",""
"Drone-Motors-Unknown-Faults-Detection/Ancestor","main","1ef4a891ae02dc95910f747a5163bb2edd608f28","logs/Step4_Model_18_Detecting/2026-08-05-16-24-36.log","2026-08-05-16-24-36.log",".log","blob","100644","2d9a85f87e352e53415b7eeda6587014664b0ecf","33921","metadata","F_IRRELEVANT","False","False",""
"Drone-Motors-Unknown-Faults-Detection/Ancestor","main","1ef4a891ae02dc95910f747a5163bb2edd608f28","logs/Step4_Model_19_Detecting","Step4_Model_19_Detecting","","tree","040000","8a7a1f8189eddb6c84fc538ecc736b0168c655d4","","unknown","F_IRRELEVANT","False","False",""
"Drone-Motors-Unknown-Faults-Detection/Ancestor","main","1ef4a891ae02dc95910f747a5163bb2edd608f28","logs/Step4_Model_19_Detecting/2026-08-05-16-24-58.log","2026-08-05-16-24-58.log",".log","blob","100644","03c7646ab50a85eedf0882d9537c26cdf7936c15","37253","metadata","F_IRRELEVANT","False","False",""
"Drone-Motors-Unknown-Faults-Detection/Ancestor","main","1ef4a891ae02dc95910f747a5163bb2edd608f28","logs/Step4_Model_20_Detecting","Step4_Model_20_Detecting","","tree","040000","a6ae2a270abaf0c46c33783e9bdaf2970dd09762","","unknown","F_IRRELEVANT","False","False",""
"Drone-Motors-Unknown-Faults-Detection/Ancestor","main","1ef4a891ae02dc95910f747a5163bb2edd608f28","logs/Step4_Model_20_Detecting/2026-08-05-16-25-21.log","2026-08-05-16-25-21.log",".log","blob","100644","17be195ec9a125fadbe62d94dbe24a3f8aa5a2d9","34517","metadata","F_IRRELEVANT","False","False",""
"Drone-Motors-Unknown-Faults-Detection/Ancestor","main","1ef4a891ae02dc95910f747a5163bb2edd608f28","logs/Step4_Model_21_Detecting","Step4_Model_21_Detecting","","tree","040000","de0315ad49bd7fc5671206aef51eeb7c890951cb","","unknown","F_IRRELEVANT","False","False",""
"Drone-Motors-Unknown-Faults-Detection/Ancestor","main","1ef4a891ae02dc95910f747a5163bb2edd608f28","logs/Step4_Model_21_Detecting/2026-08-05-16-25-50.log","2026-08-05-16-25-50.log",".log","blob","100644","5ce54421252dd473aeee587e593d5becf38dd810","36953","metadata","F_IRRELEVANT","False","False",""
"Drone-Motors-Unknown-Faults-Detection/Ancestor","main","1ef4a891ae02dc95910f747a5163bb2edd608f28","logs/Step4_Model_22_Detecting","Step4_Model_22_Detecting","","tree","040000","9faa4c85d3790e3d37fddd1a04c52213abf8f40d","","unknown","F_IRRELEVANT","False","False",""
"Drone-Motors-Unknown-Faults-Detection/Ancestor","main","1ef4a891ae02dc95910f747a5163bb2edd608f28","logs/Step4_Model_22_Detecting/2026-08-05-16-26-13.log","2026-08-05-16-26-13.log",".log","blob","100644","cde97ffe02eccdad67def46dc69fa79c59d37338","36573","metadata","F_IRRELEVANT","False","False",""
"Drone-Motors-Unknown-Faults-Detection/Ancestor","main","1ef4a891ae02dc95910f747a5163bb2edd608f28","logs/Step4_Model_23_Detecting","Step4_Model_23_Detecting","","tree","040000","2886fdfb8f23d61b33509fae43aaea02a0d7ff2a","","unknown","F_IRRELEVANT","False","False",""
"Drone-Motors-Unknown-Faults-Detection/Ancestor","main","1ef4a891ae02dc95910f747a5163bb2edd608f28","logs/Step4_Model_23_Detecting/2026-08-05-16-26-36.log","2026-08-05-16-26-36.log",".log","blob","100644","4434b80c16414e2e22fba4f2ff6ba454e56bb529","24859","metadata","F_IRRELEVANT","False","False",""
"Drone-Motors-Unknown-Faults-Detection/Ancestor","main","1ef4a891ae02dc95910f747a5163bb2edd608f28","logs/Step4_Model_24_Detecting","Step4_Model_24_Detecting","","tree","040000","88b9d912bf8a631931ea53a3f03b6133175608fd","","unknown","F_IRRELEVANT","False","False",""
"Drone-Motors-Unknown-Faults-Detection/Ancestor","main","1ef4a891ae02dc95910f747a5163bb2edd608f28","logs/Step4_Model_24_Detecting/2026-08-05-16-27-02.log","2026-08-05-16-27-02.log",".log","blob","100644","3731700235e6ad427a2f63ee4af9eca1ca19f6dd","36539","metadata","F_IRRELEVANT","False","False",""
"Drone-Motors-Unknown-Faults-Detection/Ancestor","main","1ef4a891ae02dc95910f747a5163bb2edd608f28","logs/Step4_Model_25_Detecting","Step4_Model_25_Detecting","","tree","040000","62e0d57a8da1e3ea109a4653153e94e867a21a6c","","unknown","F_IRRELEVANT","False","False",""
"Drone-Motors-Unknown-Faults-Detection/Ancestor","main","1ef4a891ae02dc95910f747a5163bb2edd608f28","logs/Step4_Model_25_Detecting/2026-08-05-16-27-23.log","2026-08-05-16-27-23.log",".log","blob","100644","3a10370a1983152e152516289e84c0694977a396","37221","metadata","F_IRRELEVANT","False","False",""
"Drone-Motors-Unknown-Faults-Detection/Ancestor","main","1ef4a891ae02dc95910f747a5163bb2edd608f28","logs/Step4_Model_26_Detecting","Step4_Model_26_Detecting","","tree","040000","f5bb55b58b1027270d0d943f8aae40e751221951","","unknown","F_IRRELEVANT","False","False",""
"Drone-Motors-Unknown-Faults-Detection/Ancestor","main","1ef4a891ae02dc95910f747a5163bb2edd608f28","logs/Step4_Model_26_Detecting/2026-08-05-16-27-45.log","2026-08-05-16-27-45.log",".log","blob","100644","e07362196fc8cce441ba3ae632ad4dce38422ae1","35895","metadata","F_IRRELEVANT","False","False",""
"Drone-Motors-Unknown-Faults-Detection/Ancestor","main","1ef4a891ae02dc95910f747a5163bb2edd608f28","logs/Step4_Model_27_Detecting","Step4_Model_27_Detecting","","tree","040000","28e7e8d712dcee407ea22a0fcb3d09091584a9c9","","unknown","F_IRRELEVANT","False","False",""
"Drone-Motors-Unknown-Faults-Detection/Ancestor","main","1ef4a891ae02dc95910f747a5163bb2edd608f28","logs/Step4_Model_27_Detecting/2026-08-05-16-28-14.log","2026-08-05-16-28-14.log",".log","blob","100644","50972bc9f9360bd770183aa7e01cd210490f40f7","36696","metadata","F_IRRELEVANT","False","False",""
"Drone-Motors-Unknown-Faults-Detection/Ancestor","main","1ef4a891ae02dc95910f747a5163bb2edd608f28","logs/Step5_Model_01_Random_Detecting","Step5_Model_01_Random_Detecting","","tree","040000","8a4cce0964ea4bb91aeb3ca88511034bc7623892","","unknown","F_IRRELEVANT","False","False",""
"Drone-Motors-Unknown-Faults-Detection/Ancestor","main","1ef4a891ae02dc95910f747a5163bb2edd608f28","logs/Step5_Model_01_Random_Detecting/2026-08-05-16-33-53.log","2026-08-05-16-33-53.log",".log","blob","100644","57059c0f845a26b7f8f4d6fddc615ea10e1cb596","900","metadata","F_IRRELEVANT","False","False",""
"Drone-Motors-Unknown-Faults-Detection/Ancestor","main","1ef4a891ae02dc95910f747a5163bb2edd608f28","logs/Step5_Model_02_Random_Detecting","Step5_Model_02_Random_Detecting","","tree","040000","7dcca0ff4fbd2a0cfa8da1689903c510598f52ed","","unknown","F_IRRELEVANT","False","False",""
"Drone-Motors-Unknown-Faults-Detection/Ancestor","main","1ef4a891ae02dc95910f747a5163bb2edd608f28","logs/Step5_Model_02_Random_Detecting/2026-08-05-16-34-04.log","2026-08-05-16-34-04.log",".log","blob","100644","23c8cff34f868c0d2c9d78cf73deddaec650fc39","900","metadata","F_IRRELEVANT","False","False",""
"Drone-Motors-Unknown-Faults-Detection/Ancestor","main","1ef4a891ae02dc95910f747a5163bb2edd608f28","logs/Step5_Model_03_Random_Detecting","Step5_Model_03_Random_Detecting","","tree","040000","6149b94bb15e74129de1607c498eff85e9bd01f0","","unknown","F_IRRELEVANT","False","False",""
"Drone-Motors-Unknown-Faults-Detection/Ancestor","main","1ef4a891ae02dc95910f747a5163bb2edd608f28","logs/Step5_Model_03_Random_Detecting/2026-08-05-16-34-21.log","2026-08-05-16-34-21.log",".log","blob","100644","1a62362912cae53e0ee8d9bf044d978ce00b9842","899","metadata","F_IRRELEVANT","False","False",""
"Drone-Motors-Unknown-Faults-Detection/Ancestor","main","1ef4a891ae02dc95910f747a5163bb2edd608f28","logs/Step5_Model_04_Random_Detecting","Step5_Model_04_Random_Detecting","","tree","040000","d7d6292df9dff7aa4e45a752708aa99e62802875","","unknown","F_IRRELEVANT","False","False",""
"Drone-Motors-Unknown-Faults-Detection/Ancestor","main","1ef4a891ae02dc95910f747a5163bb2edd608f28","logs/Step5_Model_04_Random_Detecting/2026-08-05-16-34-33.log","2026-08-05-16-34-33.log",".log","blob","100644","82a031c9e019d0b760cc4071da8265bcbc792146","900","metadata","F_IRRELEVANT","False","False",""
"Drone-Motors-Unknown-Faults-Detection/Ancestor","main","1ef4a891ae02dc95910f747a5163bb2edd608f28","logs/Step5_Model_05_Random_Detecting","Step5_Model_05_Random_Detecting","","tree","040000","dec8682234f0d3b79004baf97fe680f5ae7cd9c8","","unknown","F_IRRELEVANT","False","False",""
"Drone-Motors-Unknown-Faults-Detection/Ancestor","main","1ef4a891ae02dc95910f747a5163bb2edd608f28","logs/Step5_Model_05_Random_Detecting/2026-08-05-16-34-45.log","2026-08-05-16-34-45.log",".log","blob","100644","8b20b1fc2e6442c2cc95b885b9deed2f90794657","900","metadata","F_IRRELEVANT","False","False",""
"Drone-Motors-Unknown-Faults-Detection/Ancestor","main","1ef4a891ae02dc95910f747a5163bb2edd608f28","logs/Step5_Model_06_Random_Detecting","Step5_Model_06_Random_Detecting","","tree","040000","49d7faf29b0f2a5f71ec4f3375e477655c2adc46","","unknown","F_IRRELEVANT","False","False",""
"Drone-Motors-Unknown-Faults-Detection/Ancestor","main","1ef4a891ae02dc95910f747a5163bb2edd608f28","logs/Step5_Model_06_Random_Detecting/2026-08-05-16-35-02.log","2026-08-05-16-35-02.log",".log","blob","100644","3217056bdac9e014a7e066b7e36ef9191054adce","899","metadata","F_IRRELEVANT","False","False",""
"Drone-Motors-Unknown-Faults-Detection/Ancestor","main","1ef4a891ae02dc95910f747a5163bb2edd608f28","logs/Step5_Model_07_Random_Detecting","Step5_Model_07_Random_Detecting","","tree","040000","9a693c6f65489e0d90055c9bba560d5ba3f59a27","","unknown","F_IRRELEVANT","False","False",""
"Drone-Motors-Unknown-Faults-Detection/Ancestor","main","1ef4a891ae02dc95910f747a5163bb2edd608f28","logs/Step5_Model_07_Random_Detecting/2026-08-05-16-35-15.log","2026-08-05-16-35-15.log",".log","blob","100644","9d184ae77f45f3e7ba4d5a580412b0b17972ac58","900","metadata","F_IRRELEVANT","False","False",""
"Drone-Motors-Unknown-Faults-Detection/Ancestor","main","1ef4a891ae02dc95910f747a5163bb2edd608f28","logs/Step5_Model_08_Random_Detecting","Step5_Model_08_Random_Detecting","","tree","040000","4720097dffec57b91de0cb0ed7f7e5ab273ce496","","unknown","F_IRRELEVANT","False","False",""
"Drone-Motors-Unknown-Faults-Detection/Ancestor","main","1ef4a891ae02dc95910f747a5163bb2edd608f28","logs/Step5_Model_08_Random_Detecting/2026-08-05-16-35-26.log","2026-08-05-16-35-26.log",".log","blob","100644","2843b19a86ef86597956178f3da7181f54f7ed7d","900","metadata","F_IRRELEVANT","False","False",""
"Drone-Motors-Unknown-Faults-Detection/Ancestor","main","1ef4a891ae02dc95910f747a5163bb2edd608f28","logs/Step5_Model_09_Random_Detecting","Step5_Model_09_Random_Detecting","","tree","040000","235830db3b0cff6759ad77d1dd6d3ba5c33fe808","","unknown","F_IRRELEVANT","False","False",""
"Drone-Motors-Unknown-Faults-Detection/Ancestor","main","1ef4a891ae02dc95910f747a5163bb2edd608f28","logs/Step5_Model_09_Random_Detecting/2026-08-05-16-35-45.log","2026-08-05-16-35-45.log",".log","blob","100644","1e3ef625143d222b1fcbad5c545724cea6bcc14b","899","metadata","F_IRRELEVANT","False","False",""
"Drone-Motors-Unknown-Faults-Detection/Ancestor","main","1ef4a891ae02dc95910f747a5163bb2edd608f28","logs/Step5_Model_10_Random_Detecting","Step5_Model_10_Random_Detecting","","tree","040000","7f8201446a7fceaccef9351db4eb3d54e825334f","","unknown","F_IRRELEVANT","False","False",""
"Drone-Motors-Unknown-Faults-Detection/Ancestor","main","1ef4a891ae02dc95910f747a5163bb2edd608f28","logs/Step5_Model_10_Random_Detecting/2026-08-05-16-35-57.log","2026-08-05-16-35-57.log",".log","blob","100644","c2ab41dd4025f2fac08a3418088769d9ff4c7bec","900","metadata","F_IRRELEVANT","False","False",""
"Drone-Motors-Unknown-Faults-Detection/Ancestor","main","1ef4a891ae02dc95910f747a5163bb2edd608f28","logs/Step5_Model_11_Random_Detecting","Step5_Model_11_Random_Detecting","","tree","040000","a4c16c00dfde8719ecc2d4ca9b8a431d174cfbe0","","unknown","F_IRRELEVANT","False","False",""
"Drone-Motors-Unknown-Faults-Detection/Ancestor","main","1ef4a891ae02dc95910f747a5163bb2edd608f28","logs/Step5_Model_11_Random_Detecting/2026-08-05-16-36-07.log","2026-08-05-16-36-07.log",".log","blob","100644","56a9843a96ad334bc14bdcd350cda18e8fc69b06","900","metadata","F_IRRELEVANT","False","False",""
"Drone-Motors-Unknown-Faults-Detection/Ancestor","main","1ef4a891ae02dc95910f747a5163bb2edd608f28","logs/Step5_Model_12_Random_Detecting","Step5_Model_12_Random_Detecting","","tree","040000","2d40eceb3b8842446ab13f3a423e4e127c9ccd25","","unknown","F_IRRELEVANT","False","False",""
"Drone-Motors-Unknown-Faults-Detection/Ancestor","main","1ef4a891ae02dc95910f747a5163bb2edd608f28","logs/Step5_Model_12_Random_Detecting/2026-08-05-16-36-25.log","2026-08-05-16-36-25.log",".log","blob","100644","829de724cc998ef3b87828d94c4d9bf30c29e7b3","899","metadata","F_IRRELEVANT","False","False",""
"Drone-Motors-Unknown-Faults-Detection/Ancestor","main","1ef4a891ae02dc95910f747a5163bb2edd608f28","logs/Step5_Model_13_Random_Detecting","Step5_Model_13_Random_Detecting","","tree","040000","a089f9358273f87ebf788f298cfb1e4024fac322","","unknown","F_IRRELEVANT","False","False",""
"Drone-Motors-Unknown-Faults-Detection/Ancestor","main","1ef4a891ae02dc95910f747a5163bb2edd608f28","logs/Step5_Model_13_Random_Detecting/2026-08-05-16-36-37.log","2026-08-05-16-36-37.log",".log","blob","100644","9f5b251ba278da7cfeea2bcef7ab0c5e60d0871d","900","metadata","F_IRRELEVANT","False","False",""
"Drone-Motors-Unknown-Faults-Detection/Ancestor","main","1ef4a891ae02dc95910f747a5163bb2edd608f28","logs/Step5_Model_14_Random_Detecting","Step5_Model_14_Random_Detecting","","tree","040000","0021c0e3bcb4b10b2a4fe55c7beb8c885d2b5cf9","","unknown","F_IRRELEVANT","False","False",""
"Drone-Motors-Unknown-Faults-Detection/Ancestor","main","1ef4a891ae02dc95910f747a5163bb2edd608f28","logs/Step5_Model_14_Random_Detecting/2026-08-05-16-36-48.log","2026-08-05-16-36-48.log",".log","blob","100644","9a2521aa7fefaed5a4f5478785d776f03563ea68","900","metadata","F_IRRELEVANT","False","False",""
"Drone-Motors-Unknown-Faults-Detection/Ancestor","main","1ef4a891ae02dc95910f747a5163bb2edd608f28","logs/Step5_Model_15_Random_Detecting","Step5_Model_15_Random_Detecting","","tree","040000","cfe2e1ad95aeb01b4862c29a65281dbd1232448e","","unknown","F_IRRELEVANT","False","False",""
"Drone-Motors-Unknown-Faults-Detection/Ancestor","main","1ef4a891ae02dc95910f747a5163bb2edd608f28","logs/Step5_Model_15_Random_Detecting/2026-08-05-16-37-05.log","2026-08-05-16-37-05.log",".log","blob","100644","30e9fa93b8dabdaf87951ecdbd32ee2a8898c08b","899","metadata","F_IRRELEVANT","False","False",""
"Drone-Motors-Unknown-Faults-Detection/Ancestor","main","1ef4a891ae02dc95910f747a5163bb2edd608f28","logs/Step5_Model_16_Random_Detecting","Step5_Model_16_Random_Detecting","","tree","040000","1f040dae25424c2f5b504b28f7b4a85d3176366f","","unknown","F_IRRELEVANT","False","False",""
"Drone-Motors-Unknown-Faults-Detection/Ancestor","main","1ef4a891ae02dc95910f747a5163bb2edd608f28","logs/Step5_Model_16_Random_Detecting/2026-08-05-16-37-17.log","2026-08-05-16-37-17.log",".log","blob","100644","bf78c1e2e8f8f240046deeb3b8829a6ef3ef804e","900","metadata","F_IRRELEVANT","False","False",""
"Drone-Motors-Unknown-Faults-Detection/Ancestor","main","1ef4a891ae02dc95910f747a5163bb2edd608f28","logs/Step5_Model_17_Random_Detecting","Step5_Model_17_Random_Detecting","","tree","040000","3d841603d8b969ddf13d4f241693343351eedc35","","unknown","F_IRRELEVANT","False","False",""
"Drone-Motors-Unknown-Faults-Detection/Ancestor","main","1ef4a891ae02dc95910f747a5163bb2edd608f28","logs/Step5_Model_17_Random_Detecting/2026-08-05-16-37-28.log","2026-08-05-16-37-28.log",".log","blob","100644","c6058cf5a11b14b6a7fc4174b87e7a40de6162a7","900","metadata","F_IRRELEVANT","False","False",""
"Drone-Motors-Unknown-Faults-Detection/Ancestor","main","1ef4a891ae02dc95910f747a5163bb2edd608f28","logs/Step5_Model_18_Random_Detecting","Step5_Model_18_Random_Detecting","","tree","040000","d2a0e574630789e69d1e9908d95c41099d4aae34","","unknown","F_IRRELEVANT","False","False",""
"Drone-Motors-Unknown-Faults-Detection/Ancestor","main","1ef4a891ae02dc95910f747a5163bb2edd608f28","logs/Step5_Model_18_Random_Detecting/2026-08-05-16-37-46.log","2026-08-05-16-37-46.log",".log","blob","100644","ba5476a147fc9f3ffc1244ee05bf9a24c2667718","899","metadata","F_IRRELEVANT","False","False",""
"Drone-Motors-Unknown-Faults-Detection/Ancestor","main","1ef4a891ae02dc95910f747a5163bb2edd608f28","logs/Step5_Model_19_Random_Detecting","Step5_Model_19_Random_Detecting","","tree","040000","1157f2dccdd9b7277b6fbe9bf4769507e33beed4","","unknown","F_IRRELEVANT","False","False",""
"Drone-Motors-Unknown-Faults-Detection/Ancestor","main","1ef4a891ae02dc95910f747a5163bb2edd608f28","logs/Step5_Model_19_Random_Detecting/2026-08-05-16-37-58.log","2026-08-05-16-37-58.log",".log","blob","100644","eec79ac6422ece1684a52219594c4f70a5867c07","900","metadata","F_IRRELEVANT","False","False",""
"Drone-Motors-Unknown-Faults-Detection/Ancestor","main","1ef4a891ae02dc95910f747a5163bb2edd608f28","logs/Step5_Model_20_Random_Detecting","Step5_Model_20_Random_Detecting","","tree","040000","8995c866f28090dc3a2bff09e5768718e1609883","","unknown","F_IRRELEVANT","False","False",""
"Drone-Motors-Unknown-Faults-Detection/Ancestor","main","1ef4a891ae02dc95910f747a5163bb2edd608f28","logs/Step5_Model_20_Random_Detecting/2026-08-05-16-38-08.log","2026-08-05-16-38-08.log",".log","blob","100644","e89f10c7960682ee82403db051a4337e8525a61c","900","metadata","F_IRRELEVANT","False","False",""
"Drone-Motors-Unknown-Faults-Detection/Ancestor","main","1ef4a891ae02dc95910f747a5163bb2edd608f28","logs/Step5_Model_21_Random_Detecting","Step5_Model_21_Random_Detecting","","tree","040000","3d7059f44ddc151a806c1899838f3ed0e0c66ea4","","unknown","F_IRRELEVANT","False","False",""
"Drone-Motors-Unknown-Faults-Detection/Ancestor","main","1ef4a891ae02dc95910f747a5163bb2edd608f28","logs/Step5_Model_21_Random_Detecting/2026-08-05-16-38-25.log","2026-08-05-16-38-25.log",".log","blob","100644","7cae1bd108d862896fab4d5ecd3be72d499c5a2e","899","metadata","F_IRRELEVANT","False","False",""
"Drone-Motors-Unknown-Faults-Detection/Ancestor","main","1ef4a891ae02dc95910f747a5163bb2edd608f28","logs/Step5_Model_22_Random_Detecting","Step5_Model_22_Random_Detecting","","tree","040000","d362c13d2953a59e83b938079add164c88908637","","unknown","F_IRRELEVANT","False","False",""
"Drone-Motors-Unknown-Faults-Detection/Ancestor","main","1ef4a891ae02dc95910f747a5163bb2edd608f28","logs/Step5_Model_22_Random_Detecting/2026-08-05-16-38-38.log","2026-08-05-16-38-38.log",".log","blob","100644","85a2dd1771299dcafaf416a4f50c6830b5d6e14c","900","metadata","F_IRRELEVANT","False","False",""
"Drone-Motors-Unknown-Faults-Detection/Ancestor","main","1ef4a891ae02dc95910f747a5163bb2edd608f28","logs/Step5_Model_23_Random_Detecting","Step5_Model_23_Random_Detecting","","tree","040000","30ba40e3ab8e22430ec28ffcc250891c6aafc779","","unknown","F_IRRELEVANT","False","False",""
"Drone-Motors-Unknown-Faults-Detection/Ancestor","main","1ef4a891ae02dc95910f747a5163bb2edd608f28","logs/Step5_Model_23_Random_Detecting/2026-08-05-16-38-49.log","2026-08-05-16-38-49.log",".log","blob","100644","792e1d1c2128422ae5fa8412ef12ca1c9dd446d8","900","metadata","F_IRRELEVANT","False","False",""
"Drone-Motors-Unknown-Faults-Detection/Ancestor","main","1ef4a891ae02dc95910f747a5163bb2edd608f28","logs/Step5_Model_24_Random_Detecting","Step5_Model_24_Random_Detecting","","tree","040000","ed0ad1f50a5c38de5444f600253dfdfff229f414","","unknown","F_IRRELEVANT","False","False",""
"Drone-Motors-Unknown-Faults-Detection/Ancestor","main","1ef4a891ae02dc95910f747a5163bb2edd608f28","logs/Step5_Model_24_Random_Detecting/2026-08-05-16-39-06.log","2026-08-05-16-39-06.log",".log","blob","100644","1a0b158a075b0b9555f1bcdabe742c5bfb5bea31","899","metadata","F_IRRELEVANT","False","False",""
"Drone-Motors-Unknown-Faults-Detection/Ancestor","main","1ef4a891ae02dc95910f747a5163bb2edd608f28","logs/Step5_Model_25_Random_Detecting","Step5_Model_25_Random_Detecting","","tree","040000","4993c2c9689325703d29d10e7baa38e403fed66c","","unknown","F_IRRELEVANT","False","False",""
"Drone-Motors-Unknown-Faults-Detection/Ancestor","main","1ef4a891ae02dc95910f747a5163bb2edd608f28","logs/Step5_Model_25_Random_Detecting/2026-08-05-16-39-18.log","2026-08-05-16-39-18.log",".log","blob","100644","e9438d05b849875d8055643395bd3008a7588000","900","metadata","F_IRRELEVANT","False","False",""
"Drone-Motors-Unknown-Faults-Detection/Ancestor","main","1ef4a891ae02dc95910f747a5163bb2edd608f28","logs/Step5_Model_26_Random_Detecting","Step5_Model_26_Random_Detecting","","tree","040000","5b364729369f501b37cfdafcdba2b4ad69b14129","","unknown","F_IRRELEVANT","False","False",""
"Drone-Motors-Unknown-Faults-Detection/Ancestor","main","1ef4a891ae02dc95910f747a5163bb2edd608f28","logs/Step5_Model_26_Random_Detecting/2026-08-05-16-39-28.log","2026-08-05-16-39-28.log",".log","blob","100644","dfbf9fdc766c8439da7590c3b3195d7eb5765410","900","metadata","F_IRRELEVANT","False","False",""
"Drone-Motors-Unknown-Faults-Detection/Ancestor","main","1ef4a891ae02dc95910f747a5163bb2edd608f28","logs/Step5_Model_27_Random_Detecting","Step5_Model_27_Random_Detecting","","tree","040000","26e879e4d94dde310b4931ff05a9a51b1db156d0","","unknown","F_IRRELEVANT","False","False",""
"Drone-Motors-Unknown-Faults-Detection/Ancestor","main","1ef4a891ae02dc95910f747a5163bb2edd608f28","logs/Step5_Model_27_Random_Detecting/2026-08-05-16-39-45.log","2026-08-05-16-39-45.log",".log","blob","100644","d7e91623bb3e69a6a73353b1e2eb71cb43ea2147","899","metadata","F_IRRELEVANT","False","False",""
"Drone-Motors-Unknown-Faults-Detection/Ancestor","main","1ef4a891ae02dc95910f747a5163bb2edd608f28","logs/Step6_Model_01_Retrain","Step6_Model_01_Retrain","","tree","040000","2bb52953b5ac9189eb851123d8135d506acfdb8a","","unknown","F_IRRELEVANT","False","False",""
"Drone-Motors-Unknown-Faults-Detection/Ancestor","main","1ef4a891ae02dc95910f747a5163bb2edd608f28","logs/Step6_Model_01_Retrain/2026-08-05-16-40-40.log","2026-08-05-16-40-40.log",".log","blob","100644","88e0ac040e3fb40bd4ddad445adf515cf3962f77","5986","metadata","F_IRRELEVANT","False","False",""
"Drone-Motors-Unknown-Faults-Detection/Ancestor","main","1ef4a891ae02dc95910f747a5163bb2edd608f28","logs/Step6_Model_02_Retrain","Step6_Model_02_Retrain","","tree","040000","a482c988cf785954bd99c3edb9117d7fdf785828","","unknown","F_IRRELEVANT","False","False",""
"Drone-Motors-Unknown-Faults-Detection/Ancestor","main","1ef4a891ae02dc95910f747a5163bb2edd608f28","logs/Step6_Model_02_Retrain/2026-08-05-16-41-31.log","2026-08-05-16-41-31.log",".log","blob","100644","49eb3b9e1b05349ca6b337aa2c341af4214f53a1","4083","metadata","F_IRRELEVANT","False","False",""
"Drone-Motors-Unknown-Faults-Detection/Ancestor","main","1ef4a891ae02dc95910f747a5163bb2edd608f28","logs/Step6_Model_03_Retrain","Step6_Model_03_Retrain","","tree","040000","fab6b053ad227c668613e2677b45b65614e5a1d2","","unknown","F_IRRELEVANT","False","False",""
"Drone-Motors-Unknown-Faults-Detection/Ancestor","main","1ef4a891ae02dc95910f747a5163bb2edd608f28","logs/Step6_Model_03_Retrain/2026-08-05-16-42-40.log","2026-08-05-16-42-40.log",".log","blob","100644","2838eeb72c0cd54e30c28f6dc9790b777f9c17be","3646","metadata","F_IRRELEVANT","False","False",""
"Drone-Motors-Unknown-Faults-Detection/Ancestor","main","1ef4a891ae02dc95910f747a5163bb2edd608f28","logs/Step6_Model_04_Retrain","Step6_Model_04_Retrain","","tree","040000","bb50516cfd9c37c4199eacfd622107921fc59bdf","","unknown","F_IRRELEVANT","False","False",""
"Drone-Motors-Unknown-Faults-Detection/Ancestor","main","1ef4a891ae02dc95910f747a5163bb2edd608f28","logs/Step6_Model_04_Retrain/2026-08-05-16-43-28.log","2026-08-05-16-43-28.log",".log","blob","100644","37f7eba30a52e955d8aa0adc0dfbb0ef135b8175","7982","metadata","F_IRRELEVANT","False","False",""
"Drone-Motors-Unknown-Faults-Detection/Ancestor","main","1ef4a891ae02dc95910f747a5163bb2edd608f28","logs/Step6_Model_05_Retrain","Step6_Model_05_Retrain","","tree","040000","e58da994e7b1a3785317162c2ff39937bc4787b2","","unknown","F_IRRELEVANT","False","False",""
"Drone-Motors-Unknown-Faults-Detection/Ancestor","main","1ef4a891ae02dc95910f747a5163bb2edd608f28","logs/Step6_Model_05_Retrain/2026-08-05-16-44-33.log","2026-08-05-16-44-33.log",".log","blob","100644","633d6857f2abc78a749d2dbada9bf8ab7b3f3ea6","11963","metadata","F_IRRELEVANT","False","False",""
"Drone-Motors-Unknown-Faults-Detection/Ancestor","main","1ef4a891ae02dc95910f747a5163bb2edd608f28","logs/Step6_Model_06_Retrain","Step6_Model_06_Retrain","","tree","040000","464090c4876a7a1987e525ee4bbbbe730679cefa","","unknown","F_IRRELEVANT","False","False",""
"Drone-Motors-Unknown-Faults-Detection/Ancestor","main","1ef4a891ae02dc95910f747a5163bb2edd608f28","logs/Step6_Model_06_Retrain/2026-08-05-16-46-54.log","2026-08-05-16-46-54.log",".log","blob","100644","7de31ed0e72aec447db41c2b7c15d87ebb4a7aa7","4980","metadata","F_IRRELEVANT","False","False",""
"Drone-Motors-Unknown-Faults-Detection/Ancestor","main","1ef4a891ae02dc95910f747a5163bb2edd608f28","logs/Step6_Model_07_Retrain","Step6_Model_07_Retrain","","tree","040000","483c7a4aaef8eeaf26b3f8334e5706445029f3fd","","unknown","F_IRRELEVANT","False","False",""
"Drone-Motors-Unknown-Faults-Detection/Ancestor","main","1ef4a891ae02dc95910f747a5163bb2edd608f28","logs/Step6_Model_07_Retrain/2026-08-05-16-47-54.log","2026-08-05-16-47-54.log",".log","blob","100644","da68cff727d60b34f661d8c9219cd6ef3b4edd3e","10737","metadata","F_IRRELEVANT","False","False",""
"Drone-Motors-Unknown-Faults-Detection/Ancestor","main","1ef4a891ae02dc95910f747a5163bb2edd608f28","logs/Step6_Model_08_Retrain","Step6_Model_08_Retrain","","tree","040000","15e20a15fd77b4fdc020726443f521192f3d41c3","","unknown","F_IRRELEVANT","False","False",""
"Drone-Motors-Unknown-Faults-Detection/Ancestor","main","1ef4a891ae02dc95910f747a5163bb2edd608f28","logs/Step6_Model_08_Retrain/2026-08-05-16-49-15.log","2026-08-05-16-49-15.log",".log","blob","100644","d09911e8e7091d1f725eb778d58450e37ed013a5","10813","metadata","F_IRRELEVANT","False","False",""
"Drone-Motors-Unknown-Faults-Detection/Ancestor","main","1ef4a891ae02dc95910f747a5163bb2edd608f28","logs/Step6_Model_09_Retrain","Step6_Model_09_Retrain","","tree","040000","fbabe290aecdde9272d66889b48be1aaed7b66f6","","unknown","F_IRRELEVANT","False","False",""
"Drone-Motors-Unknown-Faults-Detection/Ancestor","main","1ef4a891ae02dc95910f747a5163bb2edd608f28","logs/Step6_Model_09_Retrain/2026-08-05-16-51-23.log","2026-08-05-16-51-23.log",".log","blob","100644","1b762ba6cd3286983608a736c72e840418959a96","4663","metadata","F_IRRELEVANT","False","False",""
"Drone-Motors-Unknown-Faults-Detection/Ancestor","main","1ef4a891ae02dc95910f747a5163bb2edd608f28","logs/Step6_Model_10_Retrain","Step6_Model_10_Retrain","","tree","040000","95fae8092345335f1142fc8bc1774975ebc9c952","","unknown","F_IRRELEVANT","False","False",""
"Drone-Motors-Unknown-Faults-Detection/Ancestor","main","1ef4a891ae02dc95910f747a5163bb2edd608f28","logs/Step6_Model_10_Retrain/2026-08-05-16-52-15.log","2026-08-05-16-52-15.log",".log","blob","100644","8b5b9ce70865f37d64c98a33aed23b0128a5162c","10916","metadata","F_IRRELEVANT","False","False",""
"Drone-Motors-Unknown-Faults-Detection/Ancestor","main","1ef4a891ae02dc95910f747a5163bb2edd608f28","logs/Step6_Model_11_Retrain","Step6_Model_11_Retrain","","tree","040000","2c98f53a6474c45617e76f82025193e4e81e199d","","unknown","F_IRRELEVANT","False","False",""
"Drone-Motors-Unknown-Faults-Detection/Ancestor","main","1ef4a891ae02dc95910f747a5163bb2edd608f28","logs/Step6_Model_11_Retrain/2026-08-05-16-53-42.log","2026-08-05-16-53-42.log",".log","blob","100644","82333dacf3b672555533df10861a156e5f4e2e69","10741","metadata","F_IRRELEVANT","False","False",""
"Drone-Motors-Unknown-Faults-Detection/Ancestor","main","1ef4a891ae02dc95910f747a5163bb2edd608f28","logs/Step6_Model_12_Retrain","Step6_Model_12_Retrain","","tree","040000","41bb63388919bd1036a087e8811248d7fbb4efbe","","unknown","F_IRRELEVANT","False","False",""
"Drone-Motors-Unknown-Faults-Detection/Ancestor","main","1ef4a891ae02dc95910f747a5163bb2edd608f28","logs/Step6_Model_12_Retrain/2026-08-05-16-55-44.log","2026-08-05-16-55-44.log",".log","blob","100644","764fd83642cdbc812ec3f70877eaba881117b60d","6534","metadata","F_IRRELEVANT","False","False",""
"Drone-Motors-Unknown-Faults-Detection/Ancestor","main","1ef4a891ae02dc95910f747a5163bb2edd608f28","logs/Step6_Model_13_Retrain","Step6_Model_13_Retrain","","tree","040000","4f6670a26af38c7460b9c25223e36627c62cbed1","","unknown","F_IRRELEVANT","False","False",""
"Drone-Motors-Unknown-Faults-Detection/Ancestor","main","1ef4a891ae02dc95910f747a5163bb2edd608f28","logs/Step6_Model_13_Retrain/2026-08-05-16-56-49.log","2026-08-05-16-56-49.log",".log","blob","100644","be22a37ef7a990127f2d7316b96b20fe3718bf3d","10743","metadata","F_IRRELEVANT","False","False",""
"Drone-Motors-Unknown-Faults-Detection/Ancestor","main","1ef4a891ae02dc95910f747a5163bb2edd608f28","logs/Step6_Model_14_Retrain","Step6_Model_14_Retrain","","tree","040000","27c2301c315b56dcbe3ba796afce355d3da06f7d","","unknown","F_IRRELEVANT","False","False",""
"Drone-Motors-Unknown-Faults-Detection/Ancestor","main","1ef4a891ae02dc95910f747a5163bb2edd608f28","logs/Step6_Model_14_Retrain/2026-08-05-16-58-14.log","2026-08-05-16-58-14.log",".log","blob","100644","1c96f37dbea8ceb5bb043cb35fb946270df4329c","10179","metadata","F_IRRELEVANT","False","False",""
"Drone-Motors-Unknown-Faults-Detection/Ancestor","main","1ef4a891ae02dc95910f747a5163bb2edd608f28","logs/Step6_Model_15_Retrain","Step6_Model_15_Retrain","","tree","040000","4830abe2252184a912b7705a5ecf4c3f039f94af","","unknown","F_IRRELEVANT","False","False",""
"Drone-Motors-Unknown-Faults-Detection/Ancestor","main","1ef4a891ae02dc95910f747a5163bb2edd608f28","logs/Step6_Model_15_Retrain/2026-08-05-17-00-15.log","2026-08-05-17-00-15.log",".log","blob","100644","c394512a3208c1fa1d6c09d59b08b997fba9fd3b","4267","metadata","F_IRRELEVANT","False","False",""
"Drone-Motors-Unknown-Faults-Detection/Ancestor","main","1ef4a891ae02dc95910f747a5163bb2edd608f28","logs/Step6_Model_16_Retrain","Step6_Model_16_Retrain","","tree","040000","4e2f4cf4f5a0267a87d2cb42252b22fa5561ca62","","unknown","F_IRRELEVANT","False","False",""
"Drone-Motors-Unknown-Faults-Detection/Ancestor","main","1ef4a891ae02dc95910f747a5163bb2edd608f28","logs/Step6_Model_16_Retrain/2026-08-05-17-01-08.log","2026-08-05-17-01-08.log",".log","blob","100644","bc8f30560340dc6442fd45ec7aa499fd9268db94","4965","metadata","F_IRRELEVANT","False","False",""
"Drone-Motors-Unknown-Faults-Detection/Ancestor","main","1ef4a891ae02dc95910f747a5163bb2edd608f28","logs/Step6_Model_17_Retrain","Step6_Model_17_Retrain","","tree","040000","2cf3d86f0805bf9fbd8005a3b71649e375d94e50","","unknown","F_IRRELEVANT","False","False",""
"Drone-Motors-Unknown-Faults-Detection/Ancestor","main","1ef4a891ae02dc95910f747a5163bb2edd608f28","logs/Step6_Model_17_Retrain/2026-08-05-17-01-53.log","2026-08-05-17-01-53.log",".log","blob","100644","53e2436375b23695466b41c06893eb7aefbd9232","6169","metadata","F_IRRELEVANT","False","False",""
"Drone-Motors-Unknown-Faults-Detection/Ancestor","main","1ef4a891ae02dc95910f747a5163bb2edd608f28","logs/Step6_Model_18_Retrain","Step6_Model_18_Retrain","","tree","040000","c6d5a108eb0b546f682b1f9181cd1d7a4a55bb0f","","unknown","F_IRRELEVANT","False","False",""
"Drone-Motors-Unknown-Faults-Detection/Ancestor","main","1ef4a891ae02dc95910f747a5163bb2edd608f28","logs/Step6_Model_18_Retrain/2026-08-05-17-03-20.log","2026-08-05-17-03-20.log",".log","blob","100644","7b45285dea6e273d9d8bd784da4eb92b921704a5","6745","metadata","F_IRRELEVANT","False","False",""
"Drone-Motors-Unknown-Faults-Detection/Ancestor","main","1ef4a891ae02dc95910f747a5163bb2edd608f28","logs/Step6_Model_19_Retrain","Step6_Model_19_Retrain","","tree","040000","88261578a49b8f19beb441eacd82708e54adf03b","","unknown","F_IRRELEVANT","False","False",""
"Drone-Motors-Unknown-Faults-Detection/Ancestor","main","1ef4a891ae02dc95910f747a5163bb2edd608f28","logs/Step6_Model_19_Retrain/2026-08-05-17-04-29.log","2026-08-05-17-04-29.log",".log","blob","100644","c35f3414b96fde86640e4b000225806f29042ef7","10643","metadata","F_IRRELEVANT","False","False",""
"Drone-Motors-Unknown-Faults-Detection/Ancestor","main","1ef4a891ae02dc95910f747a5163bb2edd608f28","logs/Step6_Model_20_Retrain","Step6_Model_20_Retrain","","tree","040000","55570084b7aba519a7e6a8d272c85b9896d25465","","unknown","F_IRRELEVANT","False","False",""
"Drone-Motors-Unknown-Faults-Detection/Ancestor","main","1ef4a891ae02dc95910f747a5163bb2edd608f28","logs/Step6_Model_20_Retrain/2026-08-05-17-05-54.log","2026-08-05-17-05-54.log",".log","blob","100644","f7a1c2ebc2954f185a7aa7a59ec272f554e545a4","11108","metadata","F_IRRELEVANT","False","False",""
"Drone-Motors-Unknown-Faults-Detection/Ancestor","main","1ef4a891ae02dc95910f747a5163bb2edd608f28","logs/Step6_Model_21_Retrain","Step6_Model_21_Retrain","","tree","040000","3becb7be706e5cd7eb55cd96dd2a87e77968536c","","unknown","F_IRRELEVANT","False","False",""
"Drone-Motors-Unknown-Faults-Detection/Ancestor","main","1ef4a891ae02dc95910f747a5163bb2edd608f28","logs/Step6_Model_21_Retrain/2026-08-05-17-07-27.log","2026-08-05-17-07-27.log",".log","blob","100644","f48a132970aa8c59cc0d672e461d77f326a85433","10373","metadata","F_IRRELEVANT","False","False",""
"Drone-Motors-Unknown-Faults-Detection/Ancestor","main","1ef4a891ae02dc95910f747a5163bb2edd608f28","logs/Step6_Model_22_Retrain","Step6_Model_22_Retrain","","tree","040000","44a01d097824085eb2bcffdb56aa7fbb4831d7ef","","unknown","F_IRRELEVANT","False","False",""
"Drone-Motors-Unknown-Faults-Detection/Ancestor","main","1ef4a891ae02dc95910f747a5163bb2edd608f28","logs/Step6_Model_22_Retrain/2026-08-05-17-09-01.log","2026-08-05-17-09-01.log",".log","blob","100644","776b45c22b9566f98a013675969b7ffbc42daa1a","9194","metadata","F_IRRELEVANT","False","False",""
"Drone-Motors-Unknown-Faults-Detection/Ancestor","main","1ef4a891ae02dc95910f747a5163bb2edd608f28","logs/Step6_Model_23_Retrain","Step6_Model_23_Retrain","","tree","040000","0db6a64b3b5ae30f862f089e6598d8141a9865f6","","unknown","F_IRRELEVANT","False","False",""
"Drone-Motors-Unknown-Faults-Detection/Ancestor","main","1ef4a891ae02dc95910f747a5163bb2edd608f28","logs/Step6_Model_23_Retrain/2026-08-05-17-10-17.log","2026-08-05-17-10-17.log",".log","blob","100644","2da80753375feb2b86126c10f476e69d0182460d","4892","metadata","F_IRRELEVANT","False","False",""
"Drone-Motors-Unknown-Faults-Detection/Ancestor","main","1ef4a891ae02dc95910f747a5163bb2edd608f28","logs/Step6_Model_24_Retrain","Step6_Model_24_Retrain","","tree","040000","ce881bd503a9cb98f496bb0f705384ee8f9458f8","","unknown","F_IRRELEVANT","False","False",""
"Drone-Motors-Unknown-Faults-Detection/Ancestor","main","1ef4a891ae02dc95910f747a5163bb2edd608f28","logs/Step6_Model_24_Retrain/2026-08-05-17-11-32.log","2026-08-05-17-11-32.log",".log","blob","100644","bee3b0864e27749477ce537a66d991c878f55da5","8407","metadata","F_IRRELEVANT","False","False",""
"Drone-Motors-Unknown-Faults-Detection/Ancestor","main","1ef4a891ae02dc95910f747a5163bb2edd608f28","logs/Step6_Model_25_Retrain","Step6_Model_25_Retrain","","tree","040000","1217e8650389469cdcc8b0cab8f861c41c095379","","unknown","F_IRRELEVANT","False","False",""
"Drone-Motors-Unknown-Faults-Detection/Ancestor","main","1ef4a891ae02dc95910f747a5163bb2edd608f28","logs/Step6_Model_25_Retrain/2026-08-05-17-12-49.log","2026-08-05-17-12-49.log",".log","blob","100644","5699152c12a7902cb838d189c6004ee0cb5f6d23","10804","metadata","F_IRRELEVANT","False","False",""
"Drone-Motors-Unknown-Faults-Detection/Ancestor","main","1ef4a891ae02dc95910f747a5163bb2edd608f28","logs/Step6_Model_26_Retrain","Step6_Model_26_Retrain","","tree","040000","0b7cd9fae0090012261b340fca0eda942c60f06d","","unknown","F_IRRELEVANT","False","False",""
"Drone-Motors-Unknown-Faults-Detection/Ancestor","main","1ef4a891ae02dc95910f747a5163bb2edd608f28","logs/Step6_Model_26_Retrain/2026-08-05-17-14-15.log","2026-08-05-17-14-15.log",".log","blob","100644","8081f3e63a8261caf241c6ee460b022fba7247f0","7866","metadata","F_IRRELEVANT","False","False",""
"Drone-Motors-Unknown-Faults-Detection/Ancestor","main","1ef4a891ae02dc95910f747a5163bb2edd608f28","logs/Step6_Model_27_Retrain","Step6_Model_27_Retrain","","tree","040000","3071d9dc4082055b3273a9fa005fdba0c840ddc9","","unknown","F_IRRELEVANT","False","False",""
"Drone-Motors-Unknown-Faults-Detection/Ancestor","main","1ef4a891ae02dc95910f747a5163bb2edd608f28","logs/Step6_Model_27_Retrain/2026-08-05-17-15-26.log","2026-08-05-17-15-26.log",".log","blob","100644","07d8e6e57729667b3635dde5dca8ed8927acf2fd","9201","metadata","F_IRRELEVANT","False","False",""
"Drone-Motors-Unknown-Faults-Detection/Ancestor","main","1ef4a891ae02dc95910f747a5163bb2edd608f28","logs/claude","claude","","tree","040000","6f9b0a29b202daa1a034ef439587ae26de7bebd9","","unknown","F_IRRELEVANT","False","False",""
"Drone-Motors-Unknown-Faults-Detection/Ancestor","main","1ef4a891ae02dc95910f747a5163bb2edd608f28","logs/claude/Result.md","Result.md",".md","blob","100644","2b3b4bc4b909c89ea5aaf80412c83701f7f90a57","19655","read","F_IRRELEVANT","False","False",""
"Drone-Motors-Unknown-Faults-Detection/Ancestor","main","1ef4a891ae02dc95910f747a5163bb2edd608f28","logs/claude/step2.out","step2.out",".out","blob","100644","0f281546a70542ae27ddabfaa23cbc7cc4b64360","28733","metadata","F_IRRELEVANT","False","False",""
"Drone-Motors-Unknown-Faults-Detection/Ancestor","main","1ef4a891ae02dc95910f747a5163bb2edd608f28","logs/claude/step3.out","step3.out",".out","blob","100644","9ded550b56b5ea547cc1c6019bf50284861ab408","124496","metadata","F_IRRELEVANT","False","False",""
"Drone-Motors-Unknown-Faults-Detection/Ancestor","main","1ef4a891ae02dc95910f747a5163bb2edd608f28","logs/claude/step4.out","step4.out",".out","blob","100644","ec48604fcadc042c7d57be2b65dc9e91b9ae3e16","68104","metadata","F_IRRELEVANT","False","False",""
"Drone-Motors-Unknown-Faults-Detection/Ancestor","main","1ef4a891ae02dc95910f747a5163bb2edd608f28","logs/claude/step5.out","step5.out",".out","blob","100644","627b9ba6b654d02244e8f307e463687b7eb0e0bb","79324","metadata","F_IRRELEVANT","False","False",""
"Drone-Motors-Unknown-Faults-Detection/Ancestor","main","1ef4a891ae02dc95910f747a5163bb2edd608f28","logs/claude/step6.out","step6.out",".out","blob","100644","26d7e4c78ac46d20e17648582423b2f377934e8b","113827","metadata","F_IRRELEVANT","False","False",""
"Drone-Motors-Unknown-Faults-Detection/Ancestor","main","1ef4a891ae02dc95910f747a5163bb2edd608f28","output","output","","tree","040000","4862148b4b7a665197bc7605f8f6cff6b27e35b3","","unknown","F_IRRELEVANT","False","False",""
"Drone-Motors-Unknown-Faults-Detection/Ancestor","main","1ef4a891ae02dc95910f747a5163bb2edd608f28","output/Step1_Data_Preprocessing_figure_11000","Step1_Data_Preprocessing_figure_11000","","tree","040000","10709f83f1499c0c9b55563f9c5b5168fce75930","","unknown","F_IRRELEVANT","False","False",""
"Drone-Motors-Unknown-Faults-Detection/Ancestor","main","1ef4a891ae02dc95910f747a5163bb2edd608f28","output/Step1_Data_Preprocessing_figure_11000/2026-06-13-03-46-55","2026-06-13-03-46-55","","tree","040000","3d048b10aefed33e45a964671deb8f2bbc69ba0e","","unknown","F_IRRELEVANT","False","False",""
"Drone-Motors-Unknown-Faults-Detection/Ancestor","main","1ef4a891ae02dc95910f747a5163bb2edd608f28","output/Step1_Data_Preprocessing_figure_11000/2026-06-13-03-46-55/plot_000.png","plot_000.png",".png","blob","100644","91b648779e03dbf0047f8efe3c740220791ad5de","382587","metadata","F_IRRELEVANT","False","False",""
"Drone-Motors-Unknown-Faults-Detection/Ancestor","main","1ef4a891ae02dc95910f747a5163bb2edd608f28","output/Step1_Data_Preprocessing_figure_11000/2026-06-13-03-46-55/plot_001.png","plot_001.png",".png","blob","100644","01bc39630369a3f23cfd4257b532edb4cc14f643","149442","metadata","F_IRRELEVANT","False","False",""
"Drone-Motors-Unknown-Faults-Detection/Ancestor","main","1ef4a891ae02dc95910f747a5163bb2edd608f28","output/Step1_Data_Preprocessing_figure_11000/2026-06-13-03-46-55/plot_003.png","plot_003.png",".png","blob","100644","b5333a5714469d7969fd03b977300d47f5ad210e","384878","metadata","F_IRRELEVANT","False","False",""
"Drone-Motors-Unknown-Faults-Detection/Ancestor","main","1ef4a891ae02dc95910f747a5163bb2edd608f28","output/Step1_Data_Preprocessing_figure_11000/2026-06-13-03-46-55/plot_004.png","plot_004.png",".png","blob","100644","bdf3656c888c37d13cc3f62ac17581c4cf6ceb6c","175293","metadata","F_IRRELEVANT","False","False",""
"Drone-Motors-Unknown-Faults-Detection/Ancestor","main","1ef4a891ae02dc95910f747a5163bb2edd608f28","output/Step1_Data_Preprocessing_figure_11000/2026-06-13-03-46-55/plot_006.png","plot_006.png",".png","blob","100644","6b1ef56e395609e0ef1f75c0946d0fe3a99a3111","385411","metadata","F_IRRELEVANT","False","False",""
"Drone-Motors-Unknown-Faults-Detection/Ancestor","main","1ef4a891ae02dc95910f747a5163bb2edd608f28","output/Step1_Data_Preprocessing_figure_11000/2026-06-13-03-46-55/plot_007.png","plot_007.png",".png","blob","100644","44ee7a19d3e9d6b89f3a3be0fcbef9e383e6d820","169771","metadata","F_IRRELEVANT","False","False",""
"Drone-Motors-Unknown-Faults-Detection/Ancestor","main","1ef4a891ae02dc95910f747a5163bb2edd608f28","output/Step1_Data_Preprocessing_figure_11000/2026-06-13-03-46-55/plot_009.png","plot_009.png",".png","blob","100644","61c17adfd3530c9680a191645dee699932c84097","398848","metadata","F_IRRELEVANT","False","False",""
"Drone-Motors-Unknown-Faults-Detection/Ancestor","main","1ef4a891ae02dc95910f747a5163bb2edd608f28","output/Step1_Data_Preprocessing_figure_11000/2026-06-13-03-46-55/plot_010.png","plot_010.png",".png","blob","100644","17f376b8c5a5c5cdb9e954438a6428c9751031f5","168071","metadata","F_IRRELEVANT","False","False",""
"Drone-Motors-Unknown-Faults-Detection/Ancestor","main","1ef4a891ae02dc95910f747a5163bb2edd608f28","output/Step1_Data_Preprocessing_figure_11000/2026-06-13-03-46-55/plot_012.png","plot_012.png",".png","blob","100644","7af55557a8f3cb15f258d9356e1c05dddc0f828e","379841","metadata","F_IRRELEVANT","False","False",""
"Drone-Motors-Unknown-Faults-Detection/Ancestor","main","1ef4a891ae02dc95910f747a5163bb2edd608f28","output/Step1_Data_Preprocessing_figure_11000/2026-06-13-03-46-55/plot_013.png","plot_013.png",".png","blob","100644","2a317848fa030cc579ab58e7cc439ec43e6af9a9","163797","metadata","F_IRRELEVANT","False","False",""
"Drone-Motors-Unknown-Faults-Detection/Ancestor","main","1ef4a891ae02dc95910f747a5163bb2edd608f28","output/Step1_Data_Preprocessing_figure_11000/2026-06-13-03-46-55/plot_015.png","plot_015.png",".png","blob","100644","9eba102720a210a21fdc6e40957ff6de47cd8596","398216","metadata","F_IRRELEVANT","False","False",""
"Drone-Motors-Unknown-Faults-Detection/Ancestor","main","1ef4a891ae02dc95910f747a5163bb2edd608f28","output/Step1_Data_Preprocessing_figure_11000/2026-06-13-03-46-55/plot_016.png","plot_016.png",".png","blob","100644","0d045152a780dc9ba92ae169a96e33d509d514a4","165099","metadata","F_IRRELEVANT","False","False",""
"Drone-Motors-Unknown-Faults-Detection/Ancestor","main","1ef4a891ae02dc95910f747a5163bb2edd608f28","output/Step1_Data_Preprocessing_figure_11000/2026-06-13-03-46-55/plot_018.png","plot_018.png",".png","blob","100644","417be8ea7c100236e0dbeccb3dcb86f802535be9","365983","metadata","F_IRRELEVANT","False","False",""
"Drone-Motors-Unknown-Faults-Detection/Ancestor","main","1ef4a891ae02dc95910f747a5163bb2edd608f28","output/Step1_Data_Preprocessing_figure_11000/2026-06-13-03-46-55/plot_019.png","plot_019.png",".png","blob","100644","8ba5600afa282bd522b41b9237249d00da41153b","166898","metadata","F_IRRELEVANT","False","False",""
"Drone-Motors-Unknown-Faults-Detection/Ancestor","main","1ef4a891ae02dc95910f747a5163bb2edd608f28","output/Step1_Data_Preprocessing_figure_11000/2026-06-13-03-46-55/plot_021.png","plot_021.png",".png","blob","100644","a24de4b64f9b00398f1d85f2ff4261174e6b6a62","370052","metadata","F_IRRELEVANT","False","False",""
"Drone-Motors-Unknown-Faults-Detection/Ancestor","main","1ef4a891ae02dc95910f747a5163bb2edd608f28","output/Step1_Data_Preprocessing_figure_11000/2026-06-13-03-46-55/plot_022.png","plot_022.png",".png","blob","100644","a6c1c403e9dcb1ab8424a8de008793a62ad9a22c","178585","metadata","F_IRRELEVANT","False","False",""
"Drone-Motors-Unknown-Faults-Detection/Ancestor","main","1ef4a891ae02dc95910f747a5163bb2edd608f28","output/Step1_Data_Preprocessing_figure_11000/2026-06-13-03-46-55/plot_024.png","plot_024.png",".png","blob","100644","206aaf8f2ca4a98eaa8d9a7f826789eecb1e8c3d","376625","metadata","F_IRRELEVANT","False","False",""
"Drone-Motors-Unknown-Faults-Detection/Ancestor","main","1ef4a891ae02dc95910f747a5163bb2edd608f28","output/Step1_Data_Preprocessing_figure_11000/2026-06-13-03-46-55/plot_025.png","plot_025.png",".png","blob","100644","a71995f8f2f63762e868b53d55dae71cd5882f08","172609","metadata","F_IRRELEVANT","False","False",""
"Drone-Motors-Unknown-Faults-Detection/Ancestor","main","1ef4a891ae02dc95910f747a5163bb2edd608f28","output/Step1_Data_Preprocessing_figure_11000/2026-06-13-03-46-55/plot_027.png","plot_027.png",".png","blob","100644","c93617ab658f6d5bb0eb0cc637ecd66dcb97899e","421040","metadata","F_IRRELEVANT","False","False",""
"Drone-Motors-Unknown-Faults-Detection/Ancestor","main","1ef4a891ae02dc95910f747a5163bb2edd608f28","output/Step1_Data_Preprocessing_figure_11000/2026-06-13-03-46-55/plot_028.png","plot_028.png",".png","blob","100644","1131c991cd2fae7eec0aa76b6676f0b5cc6fdc9d","169128","metadata","F_IRRELEVANT","False","False",""
"Drone-Motors-Unknown-Faults-Detection/Ancestor","main","1ef4a891ae02dc95910f747a5163bb2edd608f28","output/Step1_Data_Preprocessing_figure_6000","Step1_Data_Preprocessing_figure_6000","","tree","040000","f6af300e916c316de5f8a4cf28a50333a45b4a23","","unknown","F_IRRELEVANT","False","False",""
"Drone-Motors-Unknown-Faults-Detection/Ancestor","main","1ef4a891ae02dc95910f747a5163bb2edd608f28","output/Step1_Data_Preprocessing_figure_6000/2026-06-13-03-19-32","2026-06-13-03-19-32","","tree","040000","86f35c995d662a19d1c3f186585f854349e0608b","","unknown","F_IRRELEVANT","False","False",""
"Drone-Motors-Unknown-Faults-Detection/Ancestor","main","1ef4a891ae02dc95910f747a5163bb2edd608f28","output/Step1_Data_Preprocessing_figure_6000/2026-06-13-03-19-32/plot_000.png","plot_000.png",".png","blob","100644","d2561cfa5d941ebc2745e4e9746c09177b1bd866","394033","metadata","F_IRRELEVANT","False","False",""
"Drone-Motors-Unknown-Faults-Detection/Ancestor","main","1ef4a891ae02dc95910f747a5163bb2edd608f28","output/Step1_Data_Preprocessing_figure_6000/2026-06-13-03-19-32/plot_001.png","plot_001.png",".png","blob","100644","faa967c5f94abe629b414caa59600a775f8ec052","148580","metadata","F_IRRELEVANT","False","False",""
"Drone-Motors-Unknown-Faults-Detection/Ancestor","main","1ef4a891ae02dc95910f747a5163bb2edd608f28","output/Step1_Data_Preprocessing_figure_6000/2026-06-13-03-19-32/plot_003.png","plot_003.png",".png","blob","100644","421a5ace46f4c569add0d8d07e109b0a4f4cdb4d","389374","metadata","F_IRRELEVANT","False","False",""
"Drone-Motors-Unknown-Faults-Detection/Ancestor","main","1ef4a891ae02dc95910f747a5163bb2edd608f28","output/Step1_Data_Preprocessing_figure_6000/2026-06-13-03-19-32/plot_004.png","plot_004.png",".png","blob","100644","ca0e844e53c92c1da91ea2eeab6de9613b94d3c8","162567","metadata","F_IRRELEVANT","False","False",""
"Drone-Motors-Unknown-Faults-Detection/Ancestor","main","1ef4a891ae02dc95910f747a5163bb2edd608f28","output/Step1_Data_Preprocessing_figure_6000/2026-06-13-03-19-32/plot_006.png","plot_006.png",".png","blob","100644","0a284e7700d9b961e7a70d8c740f038eb109e9a9","378343","metadata","F_IRRELEVANT","False","False",""
"Drone-Motors-Unknown-Faults-Detection/Ancestor","main","1ef4a891ae02dc95910f747a5163bb2edd608f28","output/Step1_Data_Preprocessing_figure_6000/2026-06-13-03-19-32/plot_007.png","plot_007.png",".png","blob","100644","dd375fcadfc500c969ebc1fb1f2c314e9c3dda75","171381","metadata","F_IRRELEVANT","False","False",""
"Drone-Motors-Unknown-Faults-Detection/Ancestor","main","1ef4a891ae02dc95910f747a5163bb2edd608f28","output/Step1_Data_Preprocessing_figure_6000/2026-06-13-03-19-32/plot_009.png","plot_009.png",".png","blob","100644","5f0e1483eb176df2a9f0c80b3ff716643589036f","384563","metadata","F_IRRELEVANT","False","False",""
"Drone-Motors-Unknown-Faults-Detection/Ancestor","main","1ef4a891ae02dc95910f747a5163bb2edd608f28","output/Step1_Data_Preprocessing_figure_6000/2026-06-13-03-19-32/plot_010.png","plot_010.png",".png","blob","100644","3a482624b000e16bd7aef814234ea4e46fbade7a","165430","metadata","F_IRRELEVANT","False","False",""
"Drone-Motors-Unknown-Faults-Detection/Ancestor","main","1ef4a891ae02dc95910f747a5163bb2edd608f28","output/Step1_Data_Preprocessing_figure_6000/2026-06-13-03-19-32/plot_012.png","plot_012.png",".png","blob","100644","f568ca3883a5618f778e7d29efd80664b9db36e3","356454","metadata","F_IRRELEVANT","False","False",""
"Drone-Motors-Unknown-Faults-Detection/Ancestor","main","1ef4a891ae02dc95910f747a5163bb2edd608f28","output/Step1_Data_Preprocessing_figure_6000/2026-06-13-03-19-32/plot_013.png","plot_013.png",".png","blob","100644","3ffa682f7fb642962ce16554e40976ac73d32a9d","165063","metadata","F_IRRELEVANT","False","False",""
"Drone-Motors-Unknown-Faults-Detection/Ancestor","main","1ef4a891ae02dc95910f747a5163bb2edd608f28","output/Step1_Data_Preprocessing_figure_6000/2026-06-13-03-19-32/plot_015.png","plot_015.png",".png","blob","100644","4e135e0c2b2c5493dc537cd571b52aae4fbade0a","343600","metadata","F_IRRELEVANT","False","False",""
"Drone-Motors-Unknown-Faults-Detection/Ancestor","main","1ef4a891ae02dc95910f747a5163bb2edd608f28","output/Step1_Data_Preprocessing_figure_6000/2026-06-13-03-19-32/plot_016.png","plot_016.png",".png","blob","100644","eebef50a6eed819824e650700ec2478ae703dcab","167283","metadata","F_IRRELEVANT","False","False",""
"Drone-Motors-Unknown-Faults-Detection/Ancestor","main","1ef4a891ae02dc95910f747a5163bb2edd608f28","output/Step1_Data_Preprocessing_figure_6000/2026-06-13-03-19-32/plot_018.png","plot_018.png",".png","blob","100644","d3afcc88d84b8604b623fef0ccf17bd7da6cba67","369727","metadata","F_IRRELEVANT","False","False",""
"Drone-Motors-Unknown-Faults-Detection/Ancestor","main","1ef4a891ae02dc95910f747a5163bb2edd608f28","output/Step1_Data_Preprocessing_figure_6000/2026-06-13-03-19-32/plot_019.png","plot_019.png",".png","blob","100644","2d6b4e536c46fac1f5d06d0732c78fcba565d38f","173607","metadata","F_IRRELEVANT","False","False",""
"Drone-Motors-Unknown-Faults-Detection/Ancestor","main","1ef4a891ae02dc95910f747a5163bb2edd608f28","output/Step1_Data_Preprocessing_figure_6000/2026-06-13-03-19-32/plot_021.png","plot_021.png",".png","blob","100644","1fe145f28d6f0fc188e5927bb913909fbd82d563","374714","metadata","F_IRRELEVANT","False","False",""
"Drone-Motors-Unknown-Faults-Detection/Ancestor","main","1ef4a891ae02dc95910f747a5163bb2edd608f28","output/Step1_Data_Preprocessing_figure_6000/2026-06-13-03-19-32/plot_022.png","plot_022.png",".png","blob","100644","68d11b3d06884d1bbf56a51fa7eafef30b72eaf0","161989","metadata","F_IRRELEVANT","False","False",""
"Drone-Motors-Unknown-Faults-Detection/Ancestor","main","1ef4a891ae02dc95910f747a5163bb2edd608f28","output/Step1_Data_Preprocessing_figure_6000/2026-06-13-03-19-32/plot_024.png","plot_024.png",".png","blob","100644","08db94cb0a977829a65ddac364121aca38915ec4","395801","metadata","F_IRRELEVANT","False","False",""
"Drone-Motors-Unknown-Faults-Detection/Ancestor","main","1ef4a891ae02dc95910f747a5163bb2edd608f28","output/Step1_Data_Preprocessing_figure_6000/2026-06-13-03-19-32/plot_025.png","plot_025.png",".png","blob","100644","9c86ac5f58c7daacd1646eccf275bb06658ea7f5","167478","metadata","F_IRRELEVANT","False","False",""
"Drone-Motors-Unknown-Faults-Detection/Ancestor","main","1ef4a891ae02dc95910f747a5163bb2edd608f28","output/Step1_Data_Preprocessing_figure_6000/2026-06-13-03-19-32/plot_027.png","plot_027.png",".png","blob","100644","a8a910942b5dc6ab9cbd427e5fbe54789f407754","395363","metadata","F_IRRELEVANT","False","False",""
"Drone-Motors-Unknown-Faults-Detection/Ancestor","main","1ef4a891ae02dc95910f747a5163bb2edd608f28","output/Step1_Data_Preprocessing_figure_6000/2026-06-13-03-19-32/plot_028.png","plot_028.png",".png","blob","100644","5ed0fe9a37918f060383cdb5f5f2291fee73a540","149381","metadata","F_IRRELEVANT","False","False",""
"Drone-Motors-Unknown-Faults-Detection/Ancestor","main","1ef4a891ae02dc95910f747a5163bb2edd608f28","output/Step1_Data_Preprocessing_figure_8000","Step1_Data_Preprocessing_figure_8000","","tree","040000","3f887968f515bf5e32170a0dbc0d8a9c8c5969d1","","unknown","F_IRRELEVANT","False","False",""
"Drone-Motors-Unknown-Faults-Detection/Ancestor","main","1ef4a891ae02dc95910f747a5163bb2edd608f28","output/Step1_Data_Preprocessing_figure_8000/2026-06-13-03-33-19","2026-06-13-03-33-19","","tree","040000","a9c9036f27c4b81bab56c7d056a5af8e0664a7b9","","unknown","F_IRRELEVANT","False","False",""
"Drone-Motors-Unknown-Faults-Detection/Ancestor","main","1ef4a891ae02dc95910f747a5163bb2edd608f28","output/Step1_Data_Preprocessing_figure_8000/2026-06-13-03-33-19/plot_000.png","plot_000.png",".png","blob","100644","d3fbc49ac05d22763365f9b3b3d61a2519da77b3","369356","metadata","F_IRRELEVANT","False","False",""
"Drone-Motors-Unknown-Faults-Detection/Ancestor","main","1ef4a891ae02dc95910f747a5163bb2edd608f28","output/Step1_Data_Preprocessing_figure_8000/2026-06-13-03-33-19/plot_001.png","plot_001.png",".png","blob","100644","7824d91ddfce280c9db2a72904b42f1bced39124","144258","metadata","F_IRRELEVANT","False","False",""
"Drone-Motors-Unknown-Faults-Detection/Ancestor","main","1ef4a891ae02dc95910f747a5163bb2edd608f28","output/Step1_Data_Preprocessing_figure_8000/2026-06-13-03-33-19/plot_003.png","plot_003.png",".png","blob","100644","ef0d7e9d2d3e887af5f16a56121f76c9d6441f62","409668","metadata","F_IRRELEVANT","False","False",""
"Drone-Motors-Unknown-Faults-Detection/Ancestor","main","1ef4a891ae02dc95910f747a5163bb2edd608f28","output/Step1_Data_Preprocessing_figure_8000/2026-06-13-03-33-19/plot_004.png","plot_004.png",".png","blob","100644","f2b5db434086123956eb5ab27dcc5ec95ca35db7","157795","metadata","F_IRRELEVANT","False","False",""
"Drone-Motors-Unknown-Faults-Detection/Ancestor","main","1ef4a891ae02dc95910f747a5163bb2edd608f28","output/Step1_Data_Preprocessing_figure_8000/2026-06-13-03-33-19/plot_006.png","plot_006.png",".png","blob","100644","de9e2d8293d74e47ec70586fbf26053222809493","363419","metadata","F_IRRELEVANT","False","False",""
"Drone-Motors-Unknown-Faults-Detection/Ancestor","main","1ef4a891ae02dc95910f747a5163bb2edd608f28","output/Step1_Data_Preprocessing_figure_8000/2026-06-13-03-33-19/plot_007.png","plot_007.png",".png","blob","100644","c0e0ebd4be77044a7d6cff17660df8e0f0f43bda","175219","metadata","F_IRRELEVANT","False","False",""
"Drone-Motors-Unknown-Faults-Detection/Ancestor","main","1ef4a891ae02dc95910f747a5163bb2edd608f28","output/Step1_Data_Preprocessing_figure_8000/2026-06-13-03-33-19/plot_009.png","plot_009.png",".png","blob","100644","861c454c30ff512af2f24a002603c405fbc23eb7","371150","metadata","F_IRRELEVANT","False","False",""
"Drone-Motors-Unknown-Faults-Detection/Ancestor","main","1ef4a891ae02dc95910f747a5163bb2edd608f28","output/Step1_Data_Preprocessing_figure_8000/2026-06-13-03-33-19/plot_010.png","plot_010.png",".png","blob","100644","9e3af8fc2b68654f3bd0c5cc00eba145e5f629b8","173292","metadata","F_IRRELEVANT","False","False",""
"Drone-Motors-Unknown-Faults-Detection/Ancestor","main","1ef4a891ae02dc95910f747a5163bb2edd608f28","output/Step1_Data_Preprocessing_figure_8000/2026-06-13-03-33-19/plot_012.png","plot_012.png",".png","blob","100644","b1d5460c8a5a013120798959e3962189624e6530","379852","metadata","F_IRRELEVANT","False","False",""
"Drone-Motors-Unknown-Faults-Detection/Ancestor","main","1ef4a891ae02dc95910f747a5163bb2edd608f28","output/Step1_Data_Preprocessing_figure_8000/2026-06-13-03-33-19/plot_013.png","plot_013.png",".png","blob","100644","663ec6638b9c7a17eb1d191db295a2b8a0c81306","164421","metadata","F_IRRELEVANT","False","False",""
"Drone-Motors-Unknown-Faults-Detection/Ancestor","main","1ef4a891ae02dc95910f747a5163bb2edd608f28","output/Step1_Data_Preprocessing_figure_8000/2026-06-13-03-33-19/plot_015.png","plot_015.png",".png","blob","100644","e10ffd833164aee7fec85eacb38f76d991883875","408936","metadata","F_IRRELEVANT","False","False",""
"Drone-Motors-Unknown-Faults-Detection/Ancestor","main","1ef4a891ae02dc95910f747a5163bb2edd608f28","output/Step1_Data_Preprocessing_figure_8000/2026-06-13-03-33-19/plot_016.png","plot_016.png",".png","blob","100644","56115072f452828db85ef2576edbc803f4720436","166971","metadata","F_IRRELEVANT","False","False",""
"Drone-Motors-Unknown-Faults-Detection/Ancestor","main","1ef4a891ae02dc95910f747a5163bb2edd608f28","output/Step1_Data_Preprocessing_figure_8000/2026-06-13-03-33-19/plot_018.png","plot_018.png",".png","blob","100644","3f8bc3d02ee43cc0416c9f5fc125075dbba15db3","399987","metadata","F_IRRELEVANT","False","False",""
"Drone-Motors-Unknown-Faults-Detection/Ancestor","main","1ef4a891ae02dc95910f747a5163bb2edd608f28","output/Step1_Data_Preprocessing_figure_8000/2026-06-13-03-33-19/plot_019.png","plot_019.png",".png","blob","100644","9fc582da5a9d246e7f3fe6716bc1faed8c936c1d","166018","metadata","F_IRRELEVANT","False","False",""
"Drone-Motors-Unknown-Faults-Detection/Ancestor","main","1ef4a891ae02dc95910f747a5163bb2edd608f28","output/Step1_Data_Preprocessing_figure_8000/2026-06-13-03-33-19/plot_021.png","plot_021.png",".png","blob","100644","00f476fa9028463db916c8d42bd22fd3afefda86","328308","metadata","F_IRRELEVANT","False","False",""
"Drone-Motors-Unknown-Faults-Detection/Ancestor","main","1ef4a891ae02dc95910f747a5163bb2edd608f28","output/Step1_Data_Preprocessing_figure_8000/2026-06-13-03-33-19/plot_022.png","plot_022.png",".png","blob","100644","1b930a56f2882812084dce623843a7a96ef96066","166175","metadata","F_IRRELEVANT","False","False",""
"Drone-Motors-Unknown-Faults-Detection/Ancestor","main","1ef4a891ae02dc95910f747a5163bb2edd608f28","output/Step1_Data_Preprocessing_figure_8000/2026-06-13-03-33-19/plot_024.png","plot_024.png",".png","blob","100644","f89b5035cbb00a96b7aa46858c202a43c1aca006","389482","metadata","F_IRRELEVANT","False","False",""
"Drone-Motors-Unknown-Faults-Detection/Ancestor","main","1ef4a891ae02dc95910f747a5163bb2edd608f28","output/Step1_Data_Preprocessing_figure_8000/2026-06-13-03-33-19/plot_025.png","plot_025.png",".png","blob","100644","55311ae0bbd3f5264f6e138549d90b735069ac18","169153","metadata","F_IRRELEVANT","False","False",""
"Drone-Motors-Unknown-Faults-Detection/Ancestor","main","1ef4a891ae02dc95910f747a5163bb2edd608f28","output/Step1_Data_Preprocessing_figure_8000/2026-06-13-03-33-19/plot_027.png","plot_027.png",".png","blob","100644","eed22144d10172109813632e229fdafae44464e2","388998","metadata","F_IRRELEVANT","False","False",""
"Drone-Motors-Unknown-Faults-Detection/Ancestor","main","1ef4a891ae02dc95910f747a5163bb2edd608f28","output/Step1_Data_Preprocessing_figure_8000/2026-06-13-03-33-19/plot_028.png","plot_028.png",".png","blob","100644","c38ad4721375641a2fb58f03d92d8e6c700f1d4f","171494","metadata","F_IRRELEVANT","False","False",""
"Drone-Motors-Unknown-Faults-Detection/Ancestor","main","1ef4a891ae02dc95910f747a5163bb2edd608f28","output/Step2_Feature_Extraction_11000_1","Step2_Feature_Extraction_11000_1","","tree","040000","58e711845d10a4f76c52d2785f4ad1ed5dfe0689","","unknown","F_IRRELEVANT","False","False",""
"Drone-Motors-Unknown-Faults-Detection/Ancestor","main","1ef4a891ae02dc95910f747a5163bb2edd608f28","output/Step2_Feature_Extraction_11000_1/2026-08-05-15-14-18","2026-08-05-15-14-18","","tree","040000","1445ffe93c4fbed99946dd283ee4391acc27cccc","","unknown","F_IRRELEVANT","False","False",""
"Drone-Motors-Unknown-Faults-Detection/Ancestor","main","1ef4a891ae02dc95910f747a5163bb2edd608f28","output/Step2_Feature_Extraction_11000_1/2026-08-05-15-14-18/plot_000.png","plot_000.png",".png","blob","100644","9c17009228be71e75923e76fadd07667adf7de2e","144560","metadata","F_IRRELEVANT","False","False",""
"Drone-Motors-Unknown-Faults-Detection/Ancestor","main","1ef4a891ae02dc95910f747a5163bb2edd608f28","output/Step2_Feature_Extraction_11000_1/2026-08-05-15-14-18/plot_001.png","plot_001.png",".png","blob","100644","0b899d26d292690eb3dbcdcd278ecde6084e6473","156548","metadata","F_IRRELEVANT","False","False",""
"Drone-Motors-Unknown-Faults-Detection/Ancestor","main","1ef4a891ae02dc95910f747a5163bb2edd608f28","output/Step2_Feature_Extraction_11000_1/2026-08-05-15-14-18/plot_002.png","plot_002.png",".png","blob","100644","24687947fa70be67fed490b6c5d848ba1ea7e34a","154555","metadata","F_IRRELEVANT","False","False",""
"Drone-Motors-Unknown-Faults-Detection/Ancestor","main","1ef4a891ae02dc95910f747a5163bb2edd608f28","output/Step2_Feature_Extraction_11000_1/2026-08-05-15-14-18/plot_003.png","plot_003.png",".png","blob","100644","ffaf737e2dc4e76ebe9e47c82463292e17f454a9","145800","metadata","F_IRRELEVANT","False","False",""
"Drone-Motors-Unknown-Faults-Detection/Ancestor","main","1ef4a891ae02dc95910f747a5163bb2edd608f28","output/Step2_Feature_Extraction_11000_1/2026-08-05-15-14-18/plot_004.png","plot_004.png",".png","blob","100644","0a60663307ffcfb71c31fe08380d8458265d6ba9","169651","metadata","F_IRRELEVANT","False","False",""
"Drone-Motors-Unknown-Faults-Detection/Ancestor","main","1ef4a891ae02dc95910f747a5163bb2edd608f28","output/Step2_Feature_Extraction_11000_1/2026-08-05-15-14-18/plot_005.png","plot_005.png",".png","blob","100644","f058d08803d53f46d5c26cafd52a923e3fa46fa6","176268","metadata","F_IRRELEVANT","False","False",""
"Drone-Motors-Unknown-Faults-Detection/Ancestor","main","1ef4a891ae02dc95910f747a5163bb2edd608f28","output/Step2_Feature_Extraction_11000_1/2026-08-05-15-14-18/plot_006.png","plot_006.png",".png","blob","100644","87c9807a755c02ee2911c3f8bfb97abb5b39e322","151366","metadata","F_IRRELEVANT","False","False",""
"Drone-Motors-Unknown-Faults-Detection/Ancestor","main","1ef4a891ae02dc95910f747a5163bb2edd608f28","output/Step2_Feature_Extraction_11000_1/2026-08-05-15-14-18/plot_007.png","plot_007.png",".png","blob","100644","e801769b9dcce48c5f00f7bca250f3e0ea81712c","169689","metadata","F_IRRELEVANT","False","False",""
"Drone-Motors-Unknown-Faults-Detection/Ancestor","main","1ef4a891ae02dc95910f747a5163bb2edd608f28","output/Step2_Feature_Extraction_11000_1/2026-08-05-15-14-18/plot_008.png","plot_008.png",".png","blob","100644","ae28d39ed6e2588c173ea5ed7272b24936551604","158790","metadata","F_IRRELEVANT","False","False",""
"Drone-Motors-Unknown-Faults-Detection/Ancestor","main","1ef4a891ae02dc95910f747a5163bb2edd608f28","output/Step2_Feature_Extraction_11000_1/2026-08-05-15-14-18/plot_009.png","plot_009.png",".png","blob","100644","deef94fac1b8cb4431dc3a07f5fa6d21c9fa77a3","153299","metadata","F_IRRELEVANT","False","False",""
"Drone-Motors-Unknown-Faults-Detection/Ancestor","main","1ef4a891ae02dc95910f747a5163bb2edd608f28","output/Step2_Feature_Extraction_11000_1/2026-08-05-15-14-18/plot_010.png","plot_010.png",".png","blob","100644","ada5cb34edffa3bc3061be20e83e04a0db99031f","174621","metadata","F_IRRELEVANT","False","False",""
"Drone-Motors-Unknown-Faults-Detection/Ancestor","main","1ef4a891ae02dc95910f747a5163bb2edd608f28","output/Step2_Feature_Extraction_11000_1/2026-08-05-15-14-18/plot_011.png","plot_011.png",".png","blob","100644","dacecd4cffe0bc412a908aebe5494c6d257513a7","169264","metadata","F_IRRELEVANT","False","False",""
"Drone-Motors-Unknown-Faults-Detection/Ancestor","main","1ef4a891ae02dc95910f747a5163bb2edd608f28","output/Step2_Feature_Extraction_11000_1/2026-08-05-15-14-18/plot_012.png","plot_012.png",".png","blob","100644","d938e760e5ebcb16d6e24afaffb1cd57e2e4958e","163175","metadata","F_IRRELEVANT","False","False",""
"Drone-Motors-Unknown-Faults-Detection/Ancestor","main","1ef4a891ae02dc95910f747a5163bb2edd608f28","output/Step2_Feature_Extraction_11000_1/2026-08-05-15-14-18/plot_013.png","plot_013.png",".png","blob","100644","68b99abb030e631c4ecdd0af616092be69eeffb3","184783","metadata","F_IRRELEVANT","False","False",""
"Drone-Motors-Unknown-Faults-Detection/Ancestor","main","1ef4a891ae02dc95910f747a5163bb2edd608f28","output/Step2_Feature_Extraction_11000_1/2026-08-05-15-14-18/plot_014.png","plot_014.png",".png","blob","100644","cfcd6fdea097c79eadee74ac5a8b9b2f58e7a19c","176455","metadata","F_IRRELEVANT","False","False",""
"Drone-Motors-Unknown-Faults-Detection/Ancestor","main","1ef4a891ae02dc95910f747a5163bb2edd608f28","output/Step2_Feature_Extraction_11000_1/2026-08-05-15-14-18/plot_015.png","plot_015.png",".png","blob","100644","f18e1c3d3cc2256be57b4abede34aea0bd1e0e4c","159418","metadata","F_IRRELEVANT","False","False",""
"Drone-Motors-Unknown-Faults-Detection/Ancestor","main","1ef4a891ae02dc95910f747a5163bb2edd608f28","output/Step2_Feature_Extraction_11000_1/2026-08-05-15-14-18/plot_016.png","plot_016.png",".png","blob","100644","5c34f2b0206bcfcff544d91996ee5ade940cb460","179079","metadata","F_IRRELEVANT","False","False",""
"Drone-Motors-Unknown-Faults-Detection/Ancestor","main","1ef4a891ae02dc95910f747a5163bb2edd608f28","output/Step2_Feature_Extraction_11000_1/2026-08-05-15-14-18/plot_017.png","plot_017.png",".png","blob","100644","c0df751168e277035e4e2c4d08394b967e018b5f","170728","metadata","F_IRRELEVANT","False","False",""
"Drone-Motors-Unknown-Faults-Detection/Ancestor","main","1ef4a891ae02dc95910f747a5163bb2edd608f28","output/Step2_Feature_Extraction_11000_1/2026-08-05-15-14-18/plot_018.png","plot_018.png",".png","blob","100644","dc9af915313cc2f7dd0a8e6ff6aa8f025ba0a848","155652","metadata","F_IRRELEVANT","False","False",""
"Drone-Motors-Unknown-Faults-Detection/Ancestor","main","1ef4a891ae02dc95910f747a5163bb2edd608f28","output/Step2_Feature_Extraction_11000_1/2026-08-05-15-14-18/plot_019.png","plot_019.png",".png","blob","100644","9f96fd72fc913a0d644750bb0cb303ab3c20f5dc","172844","metadata","F_IRRELEVANT","False","False",""
"Drone-Motors-Unknown-Faults-Detection/Ancestor","main","1ef4a891ae02dc95910f747a5163bb2edd608f28","output/Step2_Feature_Extraction_11000_1/2026-08-05-15-14-18/plot_020.png","plot_020.png",".png","blob","100644","96a3007c87ef84ec8d8360c417b33e41e51ca430","163818","metadata","F_IRRELEVANT","False","False",""
"Drone-Motors-Unknown-Faults-Detection/Ancestor","main","1ef4a891ae02dc95910f747a5163bb2edd608f28","output/Step2_Feature_Extraction_11000_1/2026-08-05-15-14-18/plot_021.png","plot_021.png",".png","blob","100644","afae80626a262c397732fcd1faaf10e4c7b803e5","147632","metadata","F_IRRELEVANT","False","False",""
"Drone-Motors-Unknown-Faults-Detection/Ancestor","main","1ef4a891ae02dc95910f747a5163bb2edd608f28","output/Step2_Feature_Extraction_11000_1/2026-08-05-15-14-18/plot_022.png","plot_022.png",".png","blob","100644","ba1336141396666e64ce2085a47e264d75350010","164270","metadata","F_IRRELEVANT","False","False",""
"Drone-Motors-Unknown-Faults-Detection/Ancestor","main","1ef4a891ae02dc95910f747a5163bb2edd608f28","output/Step2_Feature_Extraction_11000_1/2026-08-05-15-14-18/plot_023.png","plot_023.png",".png","blob","100644","3099ff249ea153809b039f8244cf6c158de19aaf","151532","metadata","F_IRRELEVANT","False","False",""
"Drone-Motors-Unknown-Faults-Detection/Ancestor","main","1ef4a891ae02dc95910f747a5163bb2edd608f28","output/Step2_Feature_Extraction_11000_1/2026-08-05-15-14-18/plot_024.png","plot_024.png",".png","blob","100644","f35b1770abb92edc8f7d7e57a53d5c5cc89f8fa9","152218","metadata","F_IRRELEVANT","False","False",""
"Drone-Motors-Unknown-Faults-Detection/Ancestor","main","1ef4a891ae02dc95910f747a5163bb2edd608f28","output/Step2_Feature_Extraction_11000_1/2026-08-05-15-14-18/plot_025.png","plot_025.png",".png","blob","100644","6d4b6afeaf004aa3d66a3e4f11a95362274686f4","202113","metadata","F_IRRELEVANT","False","False",""
"Drone-Motors-Unknown-Faults-Detection/Ancestor","main","1ef4a891ae02dc95910f747a5163bb2edd608f28","output/Step2_Feature_Extraction_11000_1/2026-08-05-15-14-18/plot_026.png","plot_026.png",".png","blob","100644","2b3c83c91dd0655107f995d55f3e828ee84d1168","162884","metadata","F_IRRELEVANT","False","False",""
"Drone-Motors-Unknown-Faults-Detection/Ancestor","main","1ef4a891ae02dc95910f747a5163bb2edd608f28","output/Step2_Feature_Extraction_11000_1/2026-08-05-15-14-18/plot_027.png","plot_027.png",".png","blob","100644","aeeebfa7bd81eb7cda3caa40421a20dd60c59a1f","144445","metadata","F_IRRELEVANT","False","False",""
"Drone-Motors-Unknown-Faults-Detection/Ancestor","main","1ef4a891ae02dc95910f747a5163bb2edd608f28","output/Step2_Feature_Extraction_11000_1/2026-08-05-15-14-18/plot_028.png","plot_028.png",".png","blob","100644","b9e6729b0d4f675a1eacadce3e07f5ab14bd797d","190051","metadata","F_IRRELEVANT","False","False",""
"Drone-Motors-Unknown-Faults-Detection/Ancestor","main","1ef4a891ae02dc95910f747a5163bb2edd608f28","output/Step2_Feature_Extraction_11000_1/2026-08-05-15-14-18/plot_029.png","plot_029.png",".png","blob","100644","4abdcdf510d772ec5247a7c3580eea6b0a0c3da9","168924","metadata","F_IRRELEVANT","False","False",""
"Drone-Motors-Unknown-Faults-Detection/Ancestor","main","1ef4a891ae02dc95910f747a5163bb2edd608f28","output/Step2_Feature_Extraction_11000_2","Step2_Feature_Extraction_11000_2","","tree","040000","68993937a930e283b54605814b20832edbbe5d68","","unknown","F_IRRELEVANT","False","False",""
"Drone-Motors-Unknown-Faults-Detection/Ancestor","main","1ef4a891ae02dc95910f747a5163bb2edd608f28","output/Step2_Feature_Extraction_11000_2/2026-08-05-15-15-49","2026-08-05-15-15-49","","tree","040000","926e4df6c1f4bb861822962b7315e2abc103a9f8","","unknown","F_IRRELEVANT","False","False",""
"Drone-Motors-Unknown-Faults-Detection/Ancestor","main","1ef4a891ae02dc95910f747a5163bb2edd608f28","output/Step2_Feature_Extraction_11000_2/2026-08-05-15-15-49/plot_000.png","plot_000.png",".png","blob","100644","e565aebc12e348ebf15c07f999954d905fbe42fe","164709","metadata","F_IRRELEVANT","False","False",""
"Drone-Motors-Unknown-Faults-Detection/Ancestor","main","1ef4a891ae02dc95910f747a5163bb2edd608f28","output/Step2_Feature_Extraction_11000_2/2026-08-05-15-15-49/plot_001.png","plot_001.png",".png","blob","100644","b5005abe8d63633685498d883a1e063a7c6e334b","174617","metadata","F_IRRELEVANT","False","False",""
"Drone-Motors-Unknown-Faults-Detection/Ancestor","main","1ef4a891ae02dc95910f747a5163bb2edd608f28","output/Step2_Feature_Extraction_11000_2/2026-08-05-15-15-49/plot_002.png","plot_002.png",".png","blob","100644","c8127841dcf6f7c0306bcf7a01d25be6f1c59cd7","184310","metadata","F_IRRELEVANT","False","False",""
"Drone-Motors-Unknown-Faults-Detection/Ancestor","main","1ef4a891ae02dc95910f747a5163bb2edd608f28","output/Step2_Feature_Extraction_11000_2/2026-08-05-15-15-49/plot_003.png","plot_003.png",".png","blob","100644","5716de5922348af8a6807c5c1628bde9dcd1988b","181789","metadata","F_IRRELEVANT","False","False",""
"Drone-Motors-Unknown-Faults-Detection/Ancestor","main","1ef4a891ae02dc95910f747a5163bb2edd608f28","output/Step2_Feature_Extraction_11000_2/2026-08-05-15-15-49/plot_004.png","plot_004.png",".png","blob","100644","3e64630c4dc93bd840deab90daca6db4bb4ca70d","161184","metadata","F_IRRELEVANT","False","False",""
"Drone-Motors-Unknown-Faults-Detection/Ancestor","main","1ef4a891ae02dc95910f747a5163bb2edd608f28","output/Step2_Feature_Extraction_11000_2/2026-08-05-15-15-49/plot_005.png","plot_005.png",".png","blob","100644","e3c4a59792a8a4c781216be0935b3b3a8c0e4661","158745","metadata","F_IRRELEVANT","False","False",""
"Drone-Motors-Unknown-Faults-Detection/Ancestor","main","1ef4a891ae02dc95910f747a5163bb2edd608f28","output/Step2_Feature_Extraction_11000_2/2026-08-05-15-15-49/plot_006.png","plot_006.png",".png","blob","100644","be67bf7295a007674de0f6d625dd747170b83631","162863","metadata","F_IRRELEVANT","False","False",""
"Drone-Motors-Unknown-Faults-Detection/Ancestor","main","1ef4a891ae02dc95910f747a5163bb2edd608f28","output/Step2_Feature_Extraction_11000_2/2026-08-05-15-15-49/plot_007.png","plot_007.png",".png","blob","100644","b89dcd877af9519664e44cf1a0bd8f684bdbc7f4","167609","metadata","F_IRRELEVANT","False","False",""
"Drone-Motors-Unknown-Faults-Detection/Ancestor","main","1ef4a891ae02dc95910f747a5163bb2edd608f28","output/Step2_Feature_Extraction_11000_2/2026-08-05-15-15-49/plot_008.png","plot_008.png",".png","blob","100644","c2e15ca39c1b6fdc662b5df65093facab2109604","159423","metadata","F_IRRELEVANT","False","False",""
"Drone-Motors-Unknown-Faults-Detection/Ancestor","main","1ef4a891ae02dc95910f747a5163bb2edd608f28","output/Step2_Feature_Extraction_11000_2/2026-08-05-15-15-49/plot_009.png","plot_009.png",".png","blob","100644","b1985a8de724bed3acb0482a949f405833391a3d","172753","metadata","F_IRRELEVANT","False","False",""
"Drone-Motors-Unknown-Faults-Detection/Ancestor","main","1ef4a891ae02dc95910f747a5163bb2edd608f28","output/Step2_Feature_Extraction_11000_2/2026-08-05-15-15-49/plot_010.png","plot_010.png",".png","blob","100644","085458f87d5ee05a132e2e99b40a92ae4430399d","197354","metadata","F_IRRELEVANT","False","False",""
"Drone-Motors-Unknown-Faults-Detection/Ancestor","main","1ef4a891ae02dc95910f747a5163bb2edd608f28","output/Step2_Feature_Extraction_11000_2/2026-08-05-15-15-49/plot_011.png","plot_011.png",".png","blob","100644","6459f7229b65d74c2fcd6ad972e4794e31550aee","195377","metadata","F_IRRELEVANT","False","False",""
"Drone-Motors-Unknown-Faults-Detection/Ancestor","main","1ef4a891ae02dc95910f747a5163bb2edd608f28","output/Step2_Feature_Extraction_11000_2/2026-08-05-15-15-49/plot_012.png","plot_012.png",".png","blob","100644","3f873e37fb9ba7432fcdf72422ba9f6fc379f494","165342","metadata","F_IRRELEVANT","False","False",""
"Drone-Motors-Unknown-Faults-Detection/Ancestor","main","1ef4a891ae02dc95910f747a5163bb2edd608f28","output/Step2_Feature_Extraction_11000_2/2026-08-05-15-15-49/plot_013.png","plot_013.png",".png","blob","100644","8246f9df9972b3d880c4204ca4cc89ba0d30c37d","165944","metadata","F_IRRELEVANT","False","False",""
"Drone-Motors-Unknown-Faults-Detection/Ancestor","main","1ef4a891ae02dc95910f747a5163bb2edd608f28","output/Step2_Feature_Extraction_11000_2/2026-08-05-15-15-49/plot_014.png","plot_014.png",".png","blob","100644","a26dd019373f389c77a947efde1bbc964877d688","160746","metadata","F_IRRELEVANT","False","False",""
"Drone-Motors-Unknown-Faults-Detection/Ancestor","main","1ef4a891ae02dc95910f747a5163bb2edd608f28","output/Step2_Feature_Extraction_11000_2/2026-08-05-15-15-49/plot_015.png","plot_015.png",".png","blob","100644","98fcd9ebb3a443d0d1459cc51ad4fdcb81a6b741","165307","metadata","F_IRRELEVANT","False","False",""
"Drone-Motors-Unknown-Faults-Detection/Ancestor","main","1ef4a891ae02dc95910f747a5163bb2edd608f28","output/Step2_Feature_Extraction_11000_2/2026-08-05-15-15-49/plot_016.png","plot_016.png",".png","blob","100644","929620b8c2fe97a9ca5fcedf84983242f4f8519d","186760","metadata","F_IRRELEVANT","False","False",""
"Drone-Motors-Unknown-Faults-Detection/Ancestor","main","1ef4a891ae02dc95910f747a5163bb2edd608f28","output/Step2_Feature_Extraction_11000_2/2026-08-05-15-15-49/plot_017.png","plot_017.png",".png","blob","100644","aa72b98a73372358be09e6a7e3549acf81b37476","186679","metadata","F_IRRELEVANT","False","False",""
"Drone-Motors-Unknown-Faults-Detection/Ancestor","main","1ef4a891ae02dc95910f747a5163bb2edd608f28","output/Step2_Feature_Extraction_11000_2/2026-08-05-15-15-49/plot_018.png","plot_018.png",".png","blob","100644","6361a2c113299586f7b7187cd64b8c4df24cfc10","172561","metadata","F_IRRELEVANT","False","False",""
"Drone-Motors-Unknown-Faults-Detection/Ancestor","main","1ef4a891ae02dc95910f747a5163bb2edd608f28","output/Step2_Feature_Extraction_11000_2/2026-08-05-15-15-49/plot_019.png","plot_019.png",".png","blob","100644","e956eace04e90f310cfef47742774af5479938cd","176937","metadata","F_IRRELEVANT","False","False",""
"Drone-Motors-Unknown-Faults-Detection/Ancestor","main","1ef4a891ae02dc95910f747a5163bb2edd608f28","output/Step2_Feature_Extraction_11000_2/2026-08-05-15-15-49/plot_020.png","plot_020.png",".png","blob","100644","8fda4cff2905563eac4adf72f222dcb79cc12a30","187982","metadata","F_IRRELEVANT","False","False",""
"Drone-Motors-Unknown-Faults-Detection/Ancestor","main","1ef4a891ae02dc95910f747a5163bb2edd608f28","output/Step2_Feature_Extraction_11000_2/2026-08-05-15-15-49/plot_021.png","plot_021.png",".png","blob","100644","4739c18ce1da5d105dc2c44c3ffa000136e3e442","175789","metadata","F_IRRELEVANT","False","False",""
"Drone-Motors-Unknown-Faults-Detection/Ancestor","main","1ef4a891ae02dc95910f747a5163bb2edd608f28","output/Step2_Feature_Extraction_11000_2/2026-08-05-15-15-49/plot_022.png","plot_022.png",".png","blob","100644","3cc20566c9c6019a8da08ed8a453aab30f7b2bd5","158861","metadata","F_IRRELEVANT","False","False",""
"Drone-Motors-Unknown-Faults-Detection/Ancestor","main","1ef4a891ae02dc95910f747a5163bb2edd608f28","output/Step2_Feature_Extraction_11000_2/2026-08-05-15-15-49/plot_023.png","plot_023.png",".png","blob","100644","ec1b3b1e44c2958fa5943783cdf92983960c1245","179609","metadata","F_IRRELEVANT","False","False",""
"Drone-Motors-Unknown-Faults-Detection/Ancestor","main","1ef4a891ae02dc95910f747a5163bb2edd608f28","output/Step2_Feature_Extraction_11000_2/2026-08-05-15-15-49/plot_024.png","plot_024.png",".png","blob","100644","3426c5689cf0d48bcf6d44c43ca85bde9290ed7d","162340","metadata","F_IRRELEVANT","False","False",""
"Drone-Motors-Unknown-Faults-Detection/Ancestor","main","1ef4a891ae02dc95910f747a5163bb2edd608f28","output/Step2_Feature_Extraction_11000_2/2026-08-05-15-15-49/plot_025.png","plot_025.png",".png","blob","100644","c7554c8fbbba2e2f9e0a2fe5bf4cc5248bd1ed8b","161465","metadata","F_IRRELEVANT","False","False",""
"Drone-Motors-Unknown-Faults-Detection/Ancestor","main","1ef4a891ae02dc95910f747a5163bb2edd608f28","output/Step2_Feature_Extraction_11000_2/2026-08-05-15-15-49/plot_026.png","plot_026.png",".png","blob","100644","54dee11b3fadcda8729c99e8c96a797f928ce947","158219","metadata","F_IRRELEVANT","False","False",""
"Drone-Motors-Unknown-Faults-Detection/Ancestor","main","1ef4a891ae02dc95910f747a5163bb2edd608f28","output/Step2_Feature_Extraction_11000_2/2026-08-05-15-15-49/plot_027.png","plot_027.png",".png","blob","100644","e6e9a4db001abae9d9178a451638b403e55b1c61","178640","metadata","F_IRRELEVANT","False","False",""
"Drone-Motors-Unknown-Faults-Detection/Ancestor","main","1ef4a891ae02dc95910f747a5163bb2edd608f28","output/Step2_Feature_Extraction_11000_2/2026-08-05-15-15-49/plot_028.png","plot_028.png",".png","blob","100644","1da960a55dcce80716e56ba86bb08a921b0450bf","181560","metadata","F_IRRELEVANT","False","False",""
"Drone-Motors-Unknown-Faults-Detection/Ancestor","main","1ef4a891ae02dc95910f747a5163bb2edd608f28","output/Step2_Feature_Extraction_11000_2/2026-08-05-15-15-49/plot_029.png","plot_029.png",".png","blob","100644","7649bf532ef27db69362728914087f59f75ffa20","168578","metadata","F_IRRELEVANT","False","False",""
"Drone-Motors-Unknown-Faults-Detection/Ancestor","main","1ef4a891ae02dc95910f747a5163bb2edd608f28","output/Step2_Feature_Extraction_11000_3","Step2_Feature_Extraction_11000_3","","tree","040000","e68ca5804ed0146bf888e3051b3f8033c511ea0c","","unknown","F_IRRELEVANT","False","False",""
"Drone-Motors-Unknown-Faults-Detection/Ancestor","main","1ef4a891ae02dc95910f747a5163bb2edd608f28","output/Step2_Feature_Extraction_11000_3/2026-08-05-15-17-19","2026-08-05-15-17-19","","tree","040000","eddb9656a28236f09dd4b0dd1127dae4a4cffe7e","","unknown","F_IRRELEVANT","False","False",""
"Drone-Motors-Unknown-Faults-Detection/Ancestor","main","1ef4a891ae02dc95910f747a5163bb2edd608f28","output/Step2_Feature_Extraction_11000_3/2026-08-05-15-17-19/plot_000.png","plot_000.png",".png","blob","100644","726d3be084bc7b0810ea0924fae15cf938e97223","148923","metadata","F_IRRELEVANT","False","False",""
"Drone-Motors-Unknown-Faults-Detection/Ancestor","main","1ef4a891ae02dc95910f747a5163bb2edd608f28","output/Step2_Feature_Extraction_11000_3/2026-08-05-15-17-19/plot_001.png","plot_001.png",".png","blob","100644","7335e1d5506c45586641f3cfc3524727112e0a09","182285","metadata","F_IRRELEVANT","False","False",""
"Drone-Motors-Unknown-Faults-Detection/Ancestor","main","1ef4a891ae02dc95910f747a5163bb2edd608f28","output/Step2_Feature_Extraction_11000_3/2026-08-05-15-17-19/plot_002.png","plot_002.png",".png","blob","100644","48bdc3b538ed6b33f10d6556988fe8fc2dc374c0","145487","metadata","F_IRRELEVANT","False","False",""
"Drone-Motors-Unknown-Faults-Detection/Ancestor","main","1ef4a891ae02dc95910f747a5163bb2edd608f28","output/Step2_Feature_Extraction_11000_3/2026-08-05-15-17-19/plot_003.png","plot_003.png",".png","blob","100644","b9763a37b821204f0649b25c1768908b88672c93","145224","metadata","F_IRRELEVANT","False","False",""
"Drone-Motors-Unknown-Faults-Detection/Ancestor","main","1ef4a891ae02dc95910f747a5163bb2edd608f28","output/Step2_Feature_Extraction_11000_3/2026-08-05-15-17-19/plot_004.png","plot_004.png",".png","blob","100644","75bb72b637ba15fd523f9c8ae6ed7bee4170ee32","159957","metadata","F_IRRELEVANT","False","False",""
"Drone-Motors-Unknown-Faults-Detection/Ancestor","main","1ef4a891ae02dc95910f747a5163bb2edd608f28","output/Step2_Feature_Extraction_11000_3/2026-08-05-15-17-19/plot_005.png","plot_005.png",".png","blob","100644","a0a5df0d5ece151c4fbec623bc2f4aa23612d048","132217","metadata","F_IRRELEVANT","False","False",""
"Drone-Motors-Unknown-Faults-Detection/Ancestor","main","1ef4a891ae02dc95910f747a5163bb2edd608f28","output/Step2_Feature_Extraction_11000_3/2026-08-05-15-17-19/plot_006.png","plot_006.png",".png","blob","100644","18023b2e9219e3a5f74710cb3780c96b7e43cedf","156172","metadata","F_IRRELEVANT","False","False",""
"Drone-Motors-Unknown-Faults-Detection/Ancestor","main","1ef4a891ae02dc95910f747a5163bb2edd608f28","output/Step2_Feature_Extraction_11000_3/2026-08-05-15-17-19/plot_007.png","plot_007.png",".png","blob","100644","a1454ecefa7754689a3763081d50d1bbd164d903","176430","metadata","F_IRRELEVANT","False","False",""
"Drone-Motors-Unknown-Faults-Detection/Ancestor","main","1ef4a891ae02dc95910f747a5163bb2edd608f28","output/Step2_Feature_Extraction_11000_3/2026-08-05-15-17-19/plot_008.png","plot_008.png",".png","blob","100644","95d36f3a6124fa5961bf049ef3627d93e3b1b9f2","168330","metadata","F_IRRELEVANT","False","False",""
"Drone-Motors-Unknown-Faults-Detection/Ancestor","main","1ef4a891ae02dc95910f747a5163bb2edd608f28","output/Step2_Feature_Extraction_11000_3/2026-08-05-15-17-19/plot_009.png","plot_009.png",".png","blob","100644","35f7f614887a539e6e99c57e6eee625d649334fa","151773","metadata","F_IRRELEVANT","False","False",""
"Drone-Motors-Unknown-Faults-Detection/Ancestor","main","1ef4a891ae02dc95910f747a5163bb2edd608f28","output/Step2_Feature_Extraction_11000_3/2026-08-05-15-17-19/plot_010.png","plot_010.png",".png","blob","100644","1781ab19f904eff8a47acca6bc33e4384401533d","188651","metadata","F_IRRELEVANT","False","False",""
"Drone-Motors-Unknown-Faults-Detection/Ancestor","main","1ef4a891ae02dc95910f747a5163bb2edd608f28","output/Step2_Feature_Extraction_11000_3/2026-08-05-15-17-19/plot_011.png","plot_011.png",".png","blob","100644","8e3a91e2668e361f8b4b84c0a9533881825df5ba","154164","metadata","F_IRRELEVANT","False","False",""
"Drone-Motors-Unknown-Faults-Detection/Ancestor","main","1ef4a891ae02dc95910f747a5163bb2edd608f28","output/Step2_Feature_Extraction_11000_3/2026-08-05-15-17-19/plot_012.png","plot_012.png",".png","blob","100644","cae7fefcb81ec9f63979d67115351ee08799be2c","173698","metadata","F_IRRELEVANT","False","False",""
"Drone-Motors-Unknown-Faults-Detection/Ancestor","main","1ef4a891ae02dc95910f747a5163bb2edd608f28","output/Step2_Feature_Extraction_11000_3/2026-08-05-15-17-19/plot_013.png","plot_013.png",".png","blob","100644","94f75517841ca11caf22e451d87db4d9effe7057","183577","metadata","F_IRRELEVANT","False","False",""
"Drone-Motors-Unknown-Faults-Detection/Ancestor","main","1ef4a891ae02dc95910f747a5163bb2edd608f28","output/Step2_Feature_Extraction_11000_3/2026-08-05-15-17-19/plot_014.png","plot_014.png",".png","blob","100644","1b867750fb3a4b169d55d2b4cb952385fda20d35","168320","metadata","F_IRRELEVANT","False","False",""
"Drone-Motors-Unknown-Faults-Detection/Ancestor","main","1ef4a891ae02dc95910f747a5163bb2edd608f28","output/Step2_Feature_Extraction_11000_3/2026-08-05-15-17-19/plot_015.png","plot_015.png",".png","blob","100644","346bd9fab594e23b8603d8794f8749e4ad0a4a28","167530","metadata","F_IRRELEVANT","False","False",""
"Drone-Motors-Unknown-Faults-Detection/Ancestor","main","1ef4a891ae02dc95910f747a5163bb2edd608f28","output/Step2_Feature_Extraction_11000_3/2026-08-05-15-17-19/plot_016.png","plot_016.png",".png","blob","100644","ded8cbbec671088de96e5c19eed291b14c92f727","169137","metadata","F_IRRELEVANT","False","False",""
"Drone-Motors-Unknown-Faults-Detection/Ancestor","main","1ef4a891ae02dc95910f747a5163bb2edd608f28","output/Step2_Feature_Extraction_11000_3/2026-08-05-15-17-19/plot_017.png","plot_017.png",".png","blob","100644","51c4d6fee3c9277fa279b0ba23d349ba81b1b3d9","159387","metadata","F_IRRELEVANT","False","False",""
"Drone-Motors-Unknown-Faults-Detection/Ancestor","main","1ef4a891ae02dc95910f747a5163bb2edd608f28","output/Step2_Feature_Extraction_11000_3/2026-08-05-15-17-19/plot_018.png","plot_018.png",".png","blob","100644","c1332ce59c9b76c6379ea8ea8765b00caafda2b0","163950","metadata","F_IRRELEVANT","False","False",""
"Drone-Motors-Unknown-Faults-Detection/Ancestor","main","1ef4a891ae02dc95910f747a5163bb2edd608f28","output/Step2_Feature_Extraction_11000_3/2026-08-05-15-17-19/plot_019.png","plot_019.png",".png","blob","100644","16a3ad9f6f8a47acdfa0e7230d72528197fe72a2","167228","metadata","F_IRRELEVANT","False","False",""
"Drone-Motors-Unknown-Faults-Detection/Ancestor","main","1ef4a891ae02dc95910f747a5163bb2edd608f28","output/Step2_Feature_Extraction_11000_3/2026-08-05-15-17-19/plot_020.png","plot_020.png",".png","blob","100644","2c40d07141d19e79e762eeee69de4020ac50840e","149516","metadata","F_IRRELEVANT","False","False",""
"Drone-Motors-Unknown-Faults-Detection/Ancestor","main","1ef4a891ae02dc95910f747a5163bb2edd608f28","output/Step2_Feature_Extraction_11000_3/2026-08-05-15-17-19/plot_021.png","plot_021.png",".png","blob","100644","cb1b7b02de8e2e1b6c16df4b9991bfc51b06da28","142109","metadata","F_IRRELEVANT","False","False",""
"Drone-Motors-Unknown-Faults-Detection/Ancestor","main","1ef4a891ae02dc95910f747a5163bb2edd608f28","output/Step2_Feature_Extraction_11000_3/2026-08-05-15-17-19/plot_022.png","plot_022.png",".png","blob","100644","6e4a4dc9f546bd6d3003b87eb62d771ed360e7ca","162818","metadata","F_IRRELEVANT","False","False",""
"Drone-Motors-Unknown-Faults-Detection/Ancestor","main","1ef4a891ae02dc95910f747a5163bb2edd608f28","output/Step2_Feature_Extraction_11000_3/2026-08-05-15-17-19/plot_023.png","plot_023.png",".png","blob","100644","91b31b00ee3d74e2835857af28685ee946bc24e5","154789","metadata","F_IRRELEVANT","False","False",""
"Drone-Motors-Unknown-Faults-Detection/Ancestor","main","1ef4a891ae02dc95910f747a5163bb2edd608f28","output/Step2_Feature_Extraction_11000_3/2026-08-05-15-17-19/plot_024.png","plot_024.png",".png","blob","100644","5ab9350cf0b3793daacf494c8fb27f3a05d366fa","166032","metadata","F_IRRELEVANT","False","False",""
"Drone-Motors-Unknown-Faults-Detection/Ancestor","main","1ef4a891ae02dc95910f747a5163bb2edd608f28","output/Step2_Feature_Extraction_11000_3/2026-08-05-15-17-19/plot_025.png","plot_025.png",".png","blob","100644","b9475349707aac664ab022fa8e8c8af3a61c86d0","169008","metadata","F_IRRELEVANT","False","False",""
"Drone-Motors-Unknown-Faults-Detection/Ancestor","main","1ef4a891ae02dc95910f747a5163bb2edd608f28","output/Step2_Feature_Extraction_11000_3/2026-08-05-15-17-19/plot_026.png","plot_026.png",".png","blob","100644","55bba0c3fcb8c9b8495b261b5eb9ec8f456d1f47","158512","metadata","F_IRRELEVANT","False","False",""
"Drone-Motors-Unknown-Faults-Detection/Ancestor","main","1ef4a891ae02dc95910f747a5163bb2edd608f28","output/Step2_Feature_Extraction_11000_3/2026-08-05-15-17-19/plot_027.png","plot_027.png",".png","blob","100644","20e3b1b49a2a624e1a7597922051ef9837a54cc0","169325","metadata","F_IRRELEVANT","False","False",""
"Drone-Motors-Unknown-Faults-Detection/Ancestor","main","1ef4a891ae02dc95910f747a5163bb2edd608f28","output/Step2_Feature_Extraction_11000_3/2026-08-05-15-17-19/plot_028.png","plot_028.png",".png","blob","100644","69f806284a6bd8474fb99bc5f93dd8d9c1631628","149666","metadata","F_IRRELEVANT","False","False",""
"Drone-Motors-Unknown-Faults-Detection/Ancestor","main","1ef4a891ae02dc95910f747a5163bb2edd608f28","output/Step2_Feature_Extraction_11000_3/2026-08-05-15-17-19/plot_029.png","plot_029.png",".png","blob","100644","7d5313d3cc837536cc0ddfc7ccf113842543c012","155271","metadata","F_IRRELEVANT","False","False",""
"Drone-Motors-Unknown-Faults-Detection/Ancestor","main","1ef4a891ae02dc95910f747a5163bb2edd608f28","output/Step2_Feature_Extraction_6000_1","Step2_Feature_Extraction_6000_1","","tree","040000","065a9e15dbb7832a2c082826bfb5ed2acda2cfc4","","unknown","F_IRRELEVANT","False","False",""
"Drone-Motors-Unknown-Faults-Detection/Ancestor","main","1ef4a891ae02dc95910f747a5163bb2edd608f28","output/Step2_Feature_Extraction_6000_1/2026-08-05-15-06-41","2026-08-05-15-06-41","","tree","040000","a54382411357204e5a46ac8918064a5433ecb3d1","","unknown","F_IRRELEVANT","False","False",""
"Drone-Motors-Unknown-Faults-Detection/Ancestor","main","1ef4a891ae02dc95910f747a5163bb2edd608f28","output/Step2_Feature_Extraction_6000_1/2026-08-05-15-06-41/plot_000.png","plot_000.png",".png","blob","100644","5c73dbceb86c1ecb2f5675a773ebe1ee23736443","132310","metadata","F_IRRELEVANT","False","False",""
"Drone-Motors-Unknown-Faults-Detection/Ancestor","main","1ef4a891ae02dc95910f747a5163bb2edd608f28","output/Step2_Feature_Extraction_6000_1/2026-08-05-15-06-41/plot_001.png","plot_001.png",".png","blob","100644","5f2c0b88ab6cb1a0790146bc0042f0011e4cee1d","142361","metadata","F_IRRELEVANT","False","False",""
"Drone-Motors-Unknown-Faults-Detection/Ancestor","main","1ef4a891ae02dc95910f747a5163bb2edd608f28","output/Step2_Feature_Extraction_6000_1/2026-08-05-15-06-41/plot_002.png","plot_002.png",".png","blob","100644","9b51a8caca73e14391d566ae1cb392c6a2f29626","131294","metadata","F_IRRELEVANT","False","False",""
"Drone-Motors-Unknown-Faults-Detection/Ancestor","main","1ef4a891ae02dc95910f747a5163bb2edd608f28","output/Step2_Feature_Extraction_6000_1/2026-08-05-15-06-41/plot_003.png","plot_003.png",".png","blob","100644","883d31efe6257855226b32b23980256554da812d","134546","metadata","F_IRRELEVANT","False","False",""
"Drone-Motors-Unknown-Faults-Detection/Ancestor","main","1ef4a891ae02dc95910f747a5163bb2edd608f28","output/Step2_Feature_Extraction_6000_1/2026-08-05-15-06-41/plot_004.png","plot_004.png",".png","blob","100644","b070cae29d5293dc0d9e72e1677f0e2092c2d92d","147288","metadata","F_IRRELEVANT","False","False",""
"Drone-Motors-Unknown-Faults-Detection/Ancestor","main","1ef4a891ae02dc95910f747a5163bb2edd608f28","output/Step2_Feature_Extraction_6000_1/2026-08-05-15-06-41/plot_005.png","plot_005.png",".png","blob","100644","6c5160e912ba62809e5fb44fda993b914c8d5af8","136211","metadata","F_IRRELEVANT","False","False",""
"Drone-Motors-Unknown-Faults-Detection/Ancestor","main","1ef4a891ae02dc95910f747a5163bb2edd608f28","output/Step2_Feature_Extraction_6000_1/2026-08-05-15-06-41/plot_006.png","plot_006.png",".png","blob","100644","42c57d2253bcfb832b0d1a7a4822510e07e65b2d","144963","metadata","F_IRRELEVANT","False","False",""
"Drone-Motors-Unknown-Faults-Detection/Ancestor","main","1ef4a891ae02dc95910f747a5163bb2edd608f28","output/Step2_Feature_Extraction_6000_1/2026-08-05-15-06-41/plot_007.png","plot_007.png",".png","blob","100644","e30f1f41212dc201054791eb8a056d8ecee73860","155056","metadata","F_IRRELEVANT","False","False",""
"Drone-Motors-Unknown-Faults-Detection/Ancestor","main","1ef4a891ae02dc95910f747a5163bb2edd608f28","output/Step2_Feature_Extraction_6000_1/2026-08-05-15-06-41/plot_008.png","plot_008.png",".png","blob","100644","36e619bb99d3cedac8592494c32f01cf8cf21fa7","158631","metadata","F_IRRELEVANT","False","False",""
"Drone-Motors-Unknown-Faults-Detection/Ancestor","main","1ef4a891ae02dc95910f747a5163bb2edd608f28","output/Step2_Feature_Extraction_6000_1/2026-08-05-15-06-41/plot_009.png","plot_009.png",".png","blob","100644","6978567e3a128ef70b4bcbc0fc23ec15c89f0dfe","144307","metadata","F_IRRELEVANT","False","False",""
"Drone-Motors-Unknown-Faults-Detection/Ancestor","main","1ef4a891ae02dc95910f747a5163bb2edd608f28","output/Step2_Feature_Extraction_6000_1/2026-08-05-15-06-41/plot_010.png","plot_010.png",".png","blob","100644","c3a2e6c8380a276ccb6c02036228df3eeed43107","153690","metadata","F_IRRELEVANT","False","False",""
"Drone-Motors-Unknown-Faults-Detection/Ancestor","main","1ef4a891ae02dc95910f747a5163bb2edd608f28","output/Step2_Feature_Extraction_6000_1/2026-08-05-15-06-41/plot_011.png","plot_011.png",".png","blob","100644","2b3fcd6a95f9dcdabf6b79d0f7df7b6c780d07ec","160936","metadata","F_IRRELEVANT","False","False",""
"Drone-Motors-Unknown-Faults-Detection/Ancestor","main","1ef4a891ae02dc95910f747a5163bb2edd608f28","output/Step2_Feature_Extraction_6000_1/2026-08-05-15-06-41/plot_012.png","plot_012.png",".png","blob","100644","0a7e9d4b169ae79afc8dfb2c2090001063fa7eb8","145818","metadata","F_IRRELEVANT","False","False",""
"Drone-Motors-Unknown-Faults-Detection/Ancestor","main","1ef4a891ae02dc95910f747a5163bb2edd608f28","output/Step2_Feature_Extraction_6000_1/2026-08-05-15-06-41/plot_013.png","plot_013.png",".png","blob","100644","532730723518484f8ea277233307b3e46ad8acfa","156373","metadata","F_IRRELEVANT","False","False",""
"Drone-Motors-Unknown-Faults-Detection/Ancestor","main","1ef4a891ae02dc95910f747a5163bb2edd608f28","output/Step2_Feature_Extraction_6000_1/2026-08-05-15-06-41/plot_014.png","plot_014.png",".png","blob","100644","caed8a5d7c4e6a1c8039d6691b83928cca7a4a48","163583","metadata","F_IRRELEVANT","False","False",""
"Drone-Motors-Unknown-Faults-Detection/Ancestor","main","1ef4a891ae02dc95910f747a5163bb2edd608f28","output/Step2_Feature_Extraction_6000_1/2026-08-05-15-06-41/plot_015.png","plot_015.png",".png","blob","100644","ba0e3289e9b9196ee5701860eea227436a028618","133134","metadata","F_IRRELEVANT","False","False",""
"Drone-Motors-Unknown-Faults-Detection/Ancestor","main","1ef4a891ae02dc95910f747a5163bb2edd608f28","output/Step2_Feature_Extraction_6000_1/2026-08-05-15-06-41/plot_016.png","plot_016.png",".png","blob","100644","dcdbe3c663505185f08fb2117d9a965f96f40cc3","139252","metadata","F_IRRELEVANT","False","False",""
"Drone-Motors-Unknown-Faults-Detection/Ancestor","main","1ef4a891ae02dc95910f747a5163bb2edd608f28","output/Step2_Feature_Extraction_6000_1/2026-08-05-15-06-41/plot_017.png","plot_017.png",".png","blob","100644","709f38d5b447d1d720126d4ee0dde48ebccf71d8","140875","metadata","F_IRRELEVANT","False","False",""
"Drone-Motors-Unknown-Faults-Detection/Ancestor","main","1ef4a891ae02dc95910f747a5163bb2edd608f28","output/Step2_Feature_Extraction_6000_1/2026-08-05-15-06-41/plot_018.png","plot_018.png",".png","blob","100644","99044ca09b06a9f8c79451cf3fd933f7fca5b4c3","144694","metadata","F_IRRELEVANT","False","False",""
"Drone-Motors-Unknown-Faults-Detection/Ancestor","main","1ef4a891ae02dc95910f747a5163bb2edd608f28","output/Step2_Feature_Extraction_6000_1/2026-08-05-15-06-41/plot_019.png","plot_019.png",".png","blob","100644","83c4a44d3f1e9bdffb08cf1a4b59413cc07c6ca3","148861","metadata","F_IRRELEVANT","False","False",""
"Drone-Motors-Unknown-Faults-Detection/Ancestor","main","1ef4a891ae02dc95910f747a5163bb2edd608f28","output/Step2_Feature_Extraction_6000_1/2026-08-05-15-06-41/plot_020.png","plot_020.png",".png","blob","100644","a155d3cf250e378b0b6f8edf2c0e8383855c45b6","138004","metadata","F_IRRELEVANT","False","False",""
"Drone-Motors-Unknown-Faults-Detection/Ancestor","main","1ef4a891ae02dc95910f747a5163bb2edd608f28","output/Step2_Feature_Extraction_6000_1/2026-08-05-15-06-41/plot_021.png","plot_021.png",".png","blob","100644","8f498cd4ca39602cc728cd71eb9e92db8f3477e9","160004","metadata","F_IRRELEVANT","False","False",""
"Drone-Motors-Unknown-Faults-Detection/Ancestor","main","1ef4a891ae02dc95910f747a5163bb2edd608f28","output/Step2_Feature_Extraction_6000_1/2026-08-05-15-06-41/plot_022.png","plot_022.png",".png","blob","100644","d1bfd9ce015eb696cfe107142f4457719fb9b68d","148842","metadata","F_IRRELEVANT","False","False",""
"Drone-Motors-Unknown-Faults-Detection/Ancestor","main","1ef4a891ae02dc95910f747a5163bb2edd608f28","output/Step2_Feature_Extraction_6000_1/2026-08-05-15-06-41/plot_023.png","plot_023.png",".png","blob","100644","d003ce78b9b0fb57fd6d2fe3dba5553b332aafef","138932","metadata","F_IRRELEVANT","False","False",""
"Drone-Motors-Unknown-Faults-Detection/Ancestor","main","1ef4a891ae02dc95910f747a5163bb2edd608f28","output/Step2_Feature_Extraction_6000_1/2026-08-05-15-06-41/plot_024.png","plot_024.png",".png","blob","100644","00673a30eeff24b64f5b2dcf61080dd5a71b2341","140849","metadata","F_IRRELEVANT","False","False",""
"Drone-Motors-Unknown-Faults-Detection/Ancestor","main","1ef4a891ae02dc95910f747a5163bb2edd608f28","output/Step2_Feature_Extraction_6000_1/2026-08-05-15-06-41/plot_025.png","plot_025.png",".png","blob","100644","ad118f1f77e0f09c8c2178ce7d147e21f194fa05","134838","metadata","F_IRRELEVANT","False","False",""
"Drone-Motors-Unknown-Faults-Detection/Ancestor","main","1ef4a891ae02dc95910f747a5163bb2edd608f28","output/Step2_Feature_Extraction_6000_1/2026-08-05-15-06-41/plot_026.png","plot_026.png",".png","blob","100644","3033bf193d4b18a0a023539d8f4e8348c6df0719","141960","metadata","F_IRRELEVANT","False","False",""
"Drone-Motors-Unknown-Faults-Detection/Ancestor","main","1ef4a891ae02dc95910f747a5163bb2edd608f28","output/Step2_Feature_Extraction_6000_1/2026-08-05-15-06-41/plot_027.png","plot_027.png",".png","blob","100644","784910e10d86f458e24255d7b5af4246ef7d75c0","150359","metadata","F_IRRELEVANT","False","False",""
"Drone-Motors-Unknown-Faults-Detection/Ancestor","main","1ef4a891ae02dc95910f747a5163bb2edd608f28","output/Step2_Feature_Extraction_6000_1/2026-08-05-15-06-41/plot_028.png","plot_028.png",".png","blob","100644","c5be5069ef4eff77c13c34ccf73e798d1ac29dcc","139214","metadata","F_IRRELEVANT","False","False",""
"Drone-Motors-Unknown-Faults-Detection/Ancestor","main","1ef4a891ae02dc95910f747a5163bb2edd608f28","output/Step2_Feature_Extraction_6000_1/2026-08-05-15-06-41/plot_029.png","plot_029.png",".png","blob","100644","b6e2de42ab095168ce36195e74edfa859624c8ee","133126","metadata","F_IRRELEVANT","False","False",""
"Drone-Motors-Unknown-Faults-Detection/Ancestor","main","1ef4a891ae02dc95910f747a5163bb2edd608f28","output/Step2_Feature_Extraction_6000_2","Step2_Feature_Extraction_6000_2","","tree","040000","60e4a51c36007dee6b4783e02a30c20af2830a85","","unknown","F_IRRELEVANT","False","False",""
"Drone-Motors-Unknown-Faults-Detection/Ancestor","main","1ef4a891ae02dc95910f747a5163bb2edd608f28","output/Step2_Feature_Extraction_6000_2/2026-08-05-15-08-08","2026-08-05-15-08-08","","tree","040000","8b5d6b0afd8a6135cf17d787b2bea7b0de2bebf4","","unknown","F_IRRELEVANT","False","False",""
"Drone-Motors-Unknown-Faults-Detection/Ancestor","main","1ef4a891ae02dc95910f747a5163bb2edd608f28","output/Step2_Feature_Extraction_6000_2/2026-08-05-15-08-08/plot_000.png","plot_000.png",".png","blob","100644","cc61762af4a108a065566ed25cd7c17e722dd332","150627","metadata","F_IRRELEVANT","False","False",""
"Drone-Motors-Unknown-Faults-Detection/Ancestor","main","1ef4a891ae02dc95910f747a5163bb2edd608f28","output/Step2_Feature_Extraction_6000_2/2026-08-05-15-08-08/plot_001.png","plot_001.png",".png","blob","100644","5e4b2988f9437f413d1a0d37633e96c5092e1029","156276","metadata","F_IRRELEVANT","False","False",""
"Drone-Motors-Unknown-Faults-Detection/Ancestor","main","1ef4a891ae02dc95910f747a5163bb2edd608f28","output/Step2_Feature_Extraction_6000_2/2026-08-05-15-08-08/plot_002.png","plot_002.png",".png","blob","100644","5e4b4ce004a3c89dba0081dd4fadd225d54397a3","146564","metadata","F_IRRELEVANT","False","False",""
"Drone-Motors-Unknown-Faults-Detection/Ancestor","main","1ef4a891ae02dc95910f747a5163bb2edd608f28","output/Step2_Feature_Extraction_6000_2/2026-08-05-15-08-08/plot_003.png","plot_003.png",".png","blob","100644","4f084323907a86870b77de9c7117e0126cf2a4a2","191349","metadata","F_IRRELEVANT","False","False",""
"Drone-Motors-Unknown-Faults-Detection/Ancestor","main","1ef4a891ae02dc95910f747a5163bb2edd608f28","output/Step2_Feature_Extraction_6000_2/2026-08-05-15-08-08/plot_004.png","plot_004.png",".png","blob","100644","aa2697d0ea20b66f45fb0ed660de29f1b6435e6b","177140","metadata","F_IRRELEVANT","False","False",""
"Drone-Motors-Unknown-Faults-Detection/Ancestor","main","1ef4a891ae02dc95910f747a5163bb2edd608f28","output/Step2_Feature_Extraction_6000_2/2026-08-05-15-08-08/plot_005.png","plot_005.png",".png","blob","100644","76ca488eace680c67d71d9f096c20d4a5a8352f8","185982","metadata","F_IRRELEVANT","False","False",""
"Drone-Motors-Unknown-Faults-Detection/Ancestor","main","1ef4a891ae02dc95910f747a5163bb2edd608f28","output/Step2_Feature_Extraction_6000_2/2026-08-05-15-08-08/plot_006.png","plot_006.png",".png","blob","100644","08fe82325fe47dc91d3bb9a3290630d99b45e9af","180230","metadata","F_IRRELEVANT","False","False",""
"Drone-Motors-Unknown-Faults-Detection/Ancestor","main","1ef4a891ae02dc95910f747a5163bb2edd608f28","output/Step2_Feature_Extraction_6000_2/2026-08-05-15-08-08/plot_007.png","plot_007.png",".png","blob","100644","2a97e432ab3887ee3a61704dcd2abc5a271af536","155823","metadata","F_IRRELEVANT","False","False",""
"Drone-Motors-Unknown-Faults-Detection/Ancestor","main","1ef4a891ae02dc95910f747a5163bb2edd608f28","output/Step2_Feature_Extraction_6000_2/2026-08-05-15-08-08/plot_008.png","plot_008.png",".png","blob","100644","2e6485778b74b959880438dea60b34d4d1ad1e34","168701","metadata","F_IRRELEVANT","False","False",""
"Drone-Motors-Unknown-Faults-Detection/Ancestor","main","1ef4a891ae02dc95910f747a5163bb2edd608f28","output/Step2_Feature_Extraction_6000_2/2026-08-05-15-08-08/plot_009.png","plot_009.png",".png","blob","100644","a1a1561efb1df0f4e03594cdff86d9f29f36aa19","158994","metadata","F_IRRELEVANT","False","False",""
"Drone-Motors-Unknown-Faults-Detection/Ancestor","main","1ef4a891ae02dc95910f747a5163bb2edd608f28","output/Step2_Feature_Extraction_6000_2/2026-08-05-15-08-08/plot_010.png","plot_010.png",".png","blob","100644","01c3de95ebde484f9089b624342209efc683da95","150083","metadata","F_IRRELEVANT","False","False",""
"Drone-Motors-Unknown-Faults-Detection/Ancestor","main","1ef4a891ae02dc95910f747a5163bb2edd608f28","output/Step2_Feature_Extraction_6000_2/2026-08-05-15-08-08/plot_011.png","plot_011.png",".png","blob","100644","803fcc692e12af885613157d61303fa0172a3e1a","180335","metadata","F_IRRELEVANT","False","False",""
"Drone-Motors-Unknown-Faults-Detection/Ancestor","main","1ef4a891ae02dc95910f747a5163bb2edd608f28","output/Step2_Feature_Extraction_6000_2/2026-08-05-15-08-08/plot_012.png","plot_012.png",".png","blob","100644","bfdba10ebc2cbac1b21c5afce1c585c1ee7d6228","160936","metadata","F_IRRELEVANT","False","False",""
"Drone-Motors-Unknown-Faults-Detection/Ancestor","main","1ef4a891ae02dc95910f747a5163bb2edd608f28","output/Step2_Feature_Extraction_6000_2/2026-08-05-15-08-08/plot_013.png","plot_013.png",".png","blob","100644","c08a9f5c542e44165693f1f335e7ea1335eb2a52","162208","metadata","F_IRRELEVANT","False","False",""
"Drone-Motors-Unknown-Faults-Detection/Ancestor","main","1ef4a891ae02dc95910f747a5163bb2edd608f28","output/Step2_Feature_Extraction_6000_2/2026-08-05-15-08-08/plot_014.png","plot_014.png",".png","blob","100644","dccb2247535e02b7cf4c55cd1f69aea0b745b747","175941","metadata","F_IRRELEVANT","False","False",""
"Drone-Motors-Unknown-Faults-Detection/Ancestor","main","1ef4a891ae02dc95910f747a5163bb2edd608f28","output/Step2_Feature_Extraction_6000_2/2026-08-05-15-08-08/plot_015.png","plot_015.png",".png","blob","100644","16c5427627296ca6c03137e03769f67f1802f352","184722","metadata","F_IRRELEVANT","False","False",""
"Drone-Motors-Unknown-Faults-Detection/Ancestor","main","1ef4a891ae02dc95910f747a5163bb2edd608f28","output/Step2_Feature_Extraction_6000_2/2026-08-05-15-08-08/plot_016.png","plot_016.png",".png","blob","100644","ae5ef0d466b4eb8d84c95116bcfaed211f536023","169067","metadata","F_IRRELEVANT","False","False",""
"Drone-Motors-Unknown-Faults-Detection/Ancestor","main","1ef4a891ae02dc95910f747a5163bb2edd608f28","output/Step2_Feature_Extraction_6000_2/2026-08-05-15-08-08/plot_017.png","plot_017.png",".png","blob","100644","a1badf5c97927f4cb8a052ef809f97158c1e9e82","180515","metadata","F_IRRELEVANT","False","False",""
"Drone-Motors-Unknown-Faults-Detection/Ancestor","main","1ef4a891ae02dc95910f747a5163bb2edd608f28","output/Step2_Feature_Extraction_6000_2/2026-08-05-15-08-08/plot_018.png","plot_018.png",".png","blob","100644","ddef1daf98b762a2970c9aa4116f171c43620f11","155750","metadata","F_IRRELEVANT","False","False",""
"Drone-Motors-Unknown-Faults-Detection/Ancestor","main","1ef4a891ae02dc95910f747a5163bb2edd608f28","output/Step2_Feature_Extraction_6000_2/2026-08-05-15-08-08/plot_019.png","plot_019.png",".png","blob","100644","364aaf7422015998acc4b2646a5a88768d5df26e","159853","metadata","F_IRRELEVANT","False","False",""
"Drone-Motors-Unknown-Faults-Detection/Ancestor","main","1ef4a891ae02dc95910f747a5163bb2edd608f28","output/Step2_Feature_Extraction_6000_2/2026-08-05-15-08-08/plot_020.png","plot_020.png",".png","blob","100644","9dca5b184015b01eb2089d50f67069229ffe4360","154793","metadata","F_IRRELEVANT","False","False",""
"Drone-Motors-Unknown-Faults-Detection/Ancestor","main","1ef4a891ae02dc95910f747a5163bb2edd608f28","output/Step2_Feature_Extraction_6000_2/2026-08-05-15-08-08/plot_021.png","plot_021.png",".png","blob","100644","413d716e25e9aa6e16ad2c9f0dcae461c0a9a04f","201110","metadata","F_IRRELEVANT","False","False",""
"Drone-Motors-Unknown-Faults-Detection/Ancestor","main","1ef4a891ae02dc95910f747a5163bb2edd608f28","output/Step2_Feature_Extraction_6000_2/2026-08-05-15-08-08/plot_022.png","plot_022.png",".png","blob","100644","20716a1143518e45c41f0da98f130de9869080d9","164988","metadata","F_IRRELEVANT","False","False",""
"Drone-Motors-Unknown-Faults-Detection/Ancestor","main","1ef4a891ae02dc95910f747a5163bb2edd608f28","output/Step2_Feature_Extraction_6000_2/2026-08-05-15-08-08/plot_023.png","plot_023.png",".png","blob","100644","6ba9aa31a3610e4a8985c2622aa3ce877ac5f39e","203531","metadata","F_IRRELEVANT","False","False",""
"Drone-Motors-Unknown-Faults-Detection/Ancestor","main","1ef4a891ae02dc95910f747a5163bb2edd608f28","output/Step2_Feature_Extraction_6000_2/2026-08-05-15-08-08/plot_024.png","plot_024.png",".png","blob","100644","813696ffa722be64158a4649c2f6babe2bea5652","180218","metadata","F_IRRELEVANT","False","False",""
"Drone-Motors-Unknown-Faults-Detection/Ancestor","main","1ef4a891ae02dc95910f747a5163bb2edd608f28","output/Step2_Feature_Extraction_6000_2/2026-08-05-15-08-08/plot_025.png","plot_025.png",".png","blob","100644","3becbe11b1075f231c27dc67d5e9299647f91bea","192361","metadata","F_IRRELEVANT","False","False",""
"Drone-Motors-Unknown-Faults-Detection/Ancestor","main","1ef4a891ae02dc95910f747a5163bb2edd608f28","output/Step2_Feature_Extraction_6000_2/2026-08-05-15-08-08/plot_026.png","plot_026.png",".png","blob","100644","1c6e54f674c47565b68689ba9698c5e9560f98b6","206218","metadata","F_IRRELEVANT","False","False",""
"Drone-Motors-Unknown-Faults-Detection/Ancestor","main","1ef4a891ae02dc95910f747a5163bb2edd608f28","output/Step2_Feature_Extraction_6000_2/2026-08-05-15-08-08/plot_027.png","plot_027.png",".png","blob","100644","8b45e654369f65c774cc66d0e8872f8248b9b2c6","177071","metadata","F_IRRELEVANT","False","False",""
"Drone-Motors-Unknown-Faults-Detection/Ancestor","main","1ef4a891ae02dc95910f747a5163bb2edd608f28","output/Step2_Feature_Extraction_6000_2/2026-08-05-15-08-08/plot_028.png","plot_028.png",".png","blob","100644","69658a4752cdd899410ec0b005c0129306d63cb0","187276","metadata","F_IRRELEVANT","False","False",""
"Drone-Motors-Unknown-Faults-Detection/Ancestor","main","1ef4a891ae02dc95910f747a5163bb2edd608f28","output/Step2_Feature_Extraction_6000_2/2026-08-05-15-08-08/plot_029.png","plot_029.png",".png","blob","100644","04286bfb854ccbb9bc51ac44c1159ffca518b662","172523","metadata","F_IRRELEVANT","False","False",""
"Drone-Motors-Unknown-Faults-Detection/Ancestor","main","1ef4a891ae02dc95910f747a5163bb2edd608f28","output/Step2_Feature_Extraction_6000_3","Step2_Feature_Extraction_6000_3","","tree","040000","3d84339d626b7e980f48d721637ba983440d29ac","","unknown","F_IRRELEVANT","False","False",""
"Drone-Motors-Unknown-Faults-Detection/Ancestor","main","1ef4a891ae02dc95910f747a5163bb2edd608f28","output/Step2_Feature_Extraction_6000_3/2026-08-05-15-09-36","2026-08-05-15-09-36","","tree","040000","7caa4c7fce3e50b9221c1069d88b1bf29740405e","","unknown","F_IRRELEVANT","False","False",""
"Drone-Motors-Unknown-Faults-Detection/Ancestor","main","1ef4a891ae02dc95910f747a5163bb2edd608f28","output/Step2_Feature_Extraction_6000_3/2026-08-05-15-09-36/plot_000.png","plot_000.png",".png","blob","100644","b59d8b97dc1dca77bee66fb45d5d83c6661468d7","150553","metadata","F_IRRELEVANT","False","False",""
"Drone-Motors-Unknown-Faults-Detection/Ancestor","main","1ef4a891ae02dc95910f747a5163bb2edd608f28","output/Step2_Feature_Extraction_6000_3/2026-08-05-15-09-36/plot_001.png","plot_001.png",".png","blob","100644","fb0c2058fde898b46a038f61c59a04ce809e1966","153687","metadata","F_IRRELEVANT","False","False",""
"Drone-Motors-Unknown-Faults-Detection/Ancestor","main","1ef4a891ae02dc95910f747a5163bb2edd608f28","output/Step2_Feature_Extraction_6000_3/2026-08-05-15-09-36/plot_002.png","plot_002.png",".png","blob","100644","de7cd3ae3d8fe04c1aa0a1da33f5255fc478a96f","166495","metadata","F_IRRELEVANT","False","False",""
"Drone-Motors-Unknown-Faults-Detection/Ancestor","main","1ef4a891ae02dc95910f747a5163bb2edd608f28","output/Step2_Feature_Extraction_6000_3/2026-08-05-15-09-36/plot_003.png","plot_003.png",".png","blob","100644","daa486543040d31395bf15234cdd98a23a9c6fea","156940","metadata","F_IRRELEVANT","False","False",""
"Drone-Motors-Unknown-Faults-Detection/Ancestor","main","1ef4a891ae02dc95910f747a5163bb2edd608f28","output/Step2_Feature_Extraction_6000_3/2026-08-05-15-09-36/plot_004.png","plot_004.png",".png","blob","100644","27a0a3f6a9db36eca204ce7cf03c346d555601c5","179449","metadata","F_IRRELEVANT","False","False",""
"Drone-Motors-Unknown-Faults-Detection/Ancestor","main","1ef4a891ae02dc95910f747a5163bb2edd608f28","output/Step2_Feature_Extraction_6000_3/2026-08-05-15-09-36/plot_005.png","plot_005.png",".png","blob","100644","493b3e97a48464233f0b2242876581ce2d7f0a85","151392","metadata","F_IRRELEVANT","False","False",""
"Drone-Motors-Unknown-Faults-Detection/Ancestor","main","1ef4a891ae02dc95910f747a5163bb2edd608f28","output/Step2_Feature_Extraction_6000_3/2026-08-05-15-09-36/plot_006.png","plot_006.png",".png","blob","100644","af26ab77c6fb46af73f2d19ffb1416c32df7ec05","159229","metadata","F_IRRELEVANT","False","False",""
"Drone-Motors-Unknown-Faults-Detection/Ancestor","main","1ef4a891ae02dc95910f747a5163bb2edd608f28","output/Step2_Feature_Extraction_6000_3/2026-08-05-15-09-36/plot_007.png","plot_007.png",".png","blob","100644","cca7ce62797f589e7b4c21df0a1c202c69055b2e","158504","metadata","F_IRRELEVANT","False","False",""
"Drone-Motors-Unknown-Faults-Detection/Ancestor","main","1ef4a891ae02dc95910f747a5163bb2edd608f28","output/Step2_Feature_Extraction_6000_3/2026-08-05-15-09-36/plot_008.png","plot_008.png",".png","blob","100644","5a3271a0cb28799663a7de8067dea73be6d34325","172432","metadata","F_IRRELEVANT","False","False",""
"Drone-Motors-Unknown-Faults-Detection/Ancestor","main","1ef4a891ae02dc95910f747a5163bb2edd608f28","output/Step2_Feature_Extraction_6000_3/2026-08-05-15-09-36/plot_009.png","plot_009.png",".png","blob","100644","30d60a0232336fb09f66ee2b682c805a464bc81b","161621","metadata","F_IRRELEVANT","False","False",""
"Drone-Motors-Unknown-Faults-Detection/Ancestor","main","1ef4a891ae02dc95910f747a5163bb2edd608f28","output/Step2_Feature_Extraction_6000_3/2026-08-05-15-09-36/plot_010.png","plot_010.png",".png","blob","100644","d7c4fc51270d15d2f3852ff48fa43887347182bd","160204","metadata","F_IRRELEVANT","False","False",""
"Drone-Motors-Unknown-Faults-Detection/Ancestor","main","1ef4a891ae02dc95910f747a5163bb2edd608f28","output/Step2_Feature_Extraction_6000_3/2026-08-05-15-09-36/plot_011.png","plot_011.png",".png","blob","100644","00f027a4dea8b7a471e2e07dd2348fb858efe04f","159772","metadata","F_IRRELEVANT","False","False",""
"Drone-Motors-Unknown-Faults-Detection/Ancestor","main","1ef4a891ae02dc95910f747a5163bb2edd608f28","output/Step2_Feature_Extraction_6000_3/2026-08-05-15-09-36/plot_012.png","plot_012.png",".png","blob","100644","1e83207bab2996bca8fb205c369f7ea8db5c30f5","158154","metadata","F_IRRELEVANT","False","False",""
"Drone-Motors-Unknown-Faults-Detection/Ancestor","main","1ef4a891ae02dc95910f747a5163bb2edd608f28","output/Step2_Feature_Extraction_6000_3/2026-08-05-15-09-36/plot_013.png","plot_013.png",".png","blob","100644","c6f83a3862f5b3953af25bf53d50afbaa4f7526b","154671","metadata","F_IRRELEVANT","False","False",""
"Drone-Motors-Unknown-Faults-Detection/Ancestor","main","1ef4a891ae02dc95910f747a5163bb2edd608f28","output/Step2_Feature_Extraction_6000_3/2026-08-05-15-09-36/plot_014.png","plot_014.png",".png","blob","100644","f6470bdcc750900b24ad07eb1e81ce15c5942fe6","152605","metadata","F_IRRELEVANT","False","False",""
"Drone-Motors-Unknown-Faults-Detection/Ancestor","main","1ef4a891ae02dc95910f747a5163bb2edd608f28","output/Step2_Feature_Extraction_6000_3/2026-08-05-15-09-36/plot_015.png","plot_015.png",".png","blob","100644","b00da22ce533d2cf6e30f1f9d18db85699c8d40d","158080","metadata","F_IRRELEVANT","False","False",""
"Drone-Motors-Unknown-Faults-Detection/Ancestor","main","1ef4a891ae02dc95910f747a5163bb2edd608f28","output/Step2_Feature_Extraction_6000_3/2026-08-05-15-09-36/plot_016.png","plot_016.png",".png","blob","100644","64725eed95779c54ee64702ab33bcc03d0cff48d","172442","metadata","F_IRRELEVANT","False","False",""
"Drone-Motors-Unknown-Faults-Detection/Ancestor","main","1ef4a891ae02dc95910f747a5163bb2edd608f28","output/Step2_Feature_Extraction_6000_3/2026-08-05-15-09-36/plot_017.png","plot_017.png",".png","blob","100644","cc30548021901808d38c2de9a1bde9a6507a8979","169113","metadata","F_IRRELEVANT","False","False",""
"Drone-Motors-Unknown-Faults-Detection/Ancestor","main","1ef4a891ae02dc95910f747a5163bb2edd608f28","output/Step2_Feature_Extraction_6000_3/2026-08-05-15-09-36/plot_018.png","plot_018.png",".png","blob","100644","f6a97dc458bed3aefb70fd00f3330aa096c33a5c","152023","metadata","F_IRRELEVANT","False","False",""
"Drone-Motors-Unknown-Faults-Detection/Ancestor","main","1ef4a891ae02dc95910f747a5163bb2edd608f28","output/Step2_Feature_Extraction_6000_3/2026-08-05-15-09-36/plot_019.png","plot_019.png",".png","blob","100644","29d2586c70f6c6c288aeeff56ed37e7555766059","168336","metadata","F_IRRELEVANT","False","False",""
"Drone-Motors-Unknown-Faults-Detection/Ancestor","main","1ef4a891ae02dc95910f747a5163bb2edd608f28","output/Step2_Feature_Extraction_6000_3/2026-08-05-15-09-36/plot_020.png","plot_020.png",".png","blob","100644","1ee3caa0ba507e87d635adbaa2c0405ff30e1a6c","148888","metadata","F_IRRELEVANT","False","False",""
"Drone-Motors-Unknown-Faults-Detection/Ancestor","main","1ef4a891ae02dc95910f747a5163bb2edd608f28","output/Step2_Feature_Extraction_6000_3/2026-08-05-15-09-36/plot_021.png","plot_021.png",".png","blob","100644","5a46ee01d11da992e8205f4892b9434e330d7452","172450","metadata","F_IRRELEVANT","False","False",""
"Drone-Motors-Unknown-Faults-Detection/Ancestor","main","1ef4a891ae02dc95910f747a5163bb2edd608f28","output/Step2_Feature_Extraction_6000_3/2026-08-05-15-09-36/plot_022.png","plot_022.png",".png","blob","100644","2f9122832855bb7fc895c2a496f210a17e1cc949","166931","metadata","F_IRRELEVANT","False","False",""
"Drone-Motors-Unknown-Faults-Detection/Ancestor","main","1ef4a891ae02dc95910f747a5163bb2edd608f28","output/Step2_Feature_Extraction_6000_3/2026-08-05-15-09-36/plot_023.png","plot_023.png",".png","blob","100644","1e50126efa4516f787d72f9c5572d24da0fb4626","164040","metadata","F_IRRELEVANT","False","False",""
"Drone-Motors-Unknown-Faults-Detection/Ancestor","main","1ef4a891ae02dc95910f747a5163bb2edd608f28","output/Step2_Feature_Extraction_6000_3/2026-08-05-15-09-36/plot_024.png","plot_024.png",".png","blob","100644","905888298fc1d8bc68c7843c7f6afdd6d59dbd90","146520","metadata","F_IRRELEVANT","False","False",""
"Drone-Motors-Unknown-Faults-Detection/Ancestor","main","1ef4a891ae02dc95910f747a5163bb2edd608f28","output/Step2_Feature_Extraction_6000_3/2026-08-05-15-09-36/plot_025.png","plot_025.png",".png","blob","100644","28429a1a2a4bd1e437859058f721f1181a0be4e3","156420","metadata","F_IRRELEVANT","False","False",""
"Drone-Motors-Unknown-Faults-Detection/Ancestor","main","1ef4a891ae02dc95910f747a5163bb2edd608f28","output/Step2_Feature_Extraction_6000_3/2026-08-05-15-09-36/plot_026.png","plot_026.png",".png","blob","100644","c83109aae2469ef782c14ef9ac0799ee12a7e2f2","152427","metadata","F_IRRELEVANT","False","False",""
"Drone-Motors-Unknown-Faults-Detection/Ancestor","main","1ef4a891ae02dc95910f747a5163bb2edd608f28","output/Step2_Feature_Extraction_6000_3/2026-08-05-15-09-36/plot_027.png","plot_027.png",".png","blob","100644","60714aa0b83ca483931573242d13234715281f21","154203","metadata","F_IRRELEVANT","False","False",""
"Drone-Motors-Unknown-Faults-Detection/Ancestor","main","1ef4a891ae02dc95910f747a5163bb2edd608f28","output/Step2_Feature_Extraction_6000_3/2026-08-05-15-09-36/plot_028.png","plot_028.png",".png","blob","100644","aa1967d9be9943f4efd458e19db7e9c74afdc57e","157889","metadata","F_IRRELEVANT","False","False",""
"Drone-Motors-Unknown-Faults-Detection/Ancestor","main","1ef4a891ae02dc95910f747a5163bb2edd608f28","output/Step2_Feature_Extraction_6000_3/2026-08-05-15-09-36/plot_029.png","plot_029.png",".png","blob","100644","6360904d10dad0cecc58371bd21e43e2df443e32","170140","metadata","F_IRRELEVANT","False","False",""
"Drone-Motors-Unknown-Faults-Detection/Ancestor","main","1ef4a891ae02dc95910f747a5163bb2edd608f28","output/Step2_Feature_Extraction_8000_1","Step2_Feature_Extraction_8000_1","","tree","040000","45890a4a502f906fdc7ca0da1f6881eeda95bd85","","unknown","F_IRRELEVANT","False","False",""
"Drone-Motors-Unknown-Faults-Detection/Ancestor","main","1ef4a891ae02dc95910f747a5163bb2edd608f28","output/Step2_Feature_Extraction_8000_1/2026-08-05-15-25-16","2026-08-05-15-25-16","","tree","040000","ae7b821d4434b2bb5c4465566f2bf011f88934ca","","unknown","F_IRRELEVANT","False","False",""
"Drone-Motors-Unknown-Faults-Detection/Ancestor","main","1ef4a891ae02dc95910f747a5163bb2edd608f28","output/Step2_Feature_Extraction_8000_1/2026-08-05-15-25-16/plot_000.png","plot_000.png",".png","blob","100644","48b5239376db5177624ceab95384f0db5850007e","150709","metadata","F_IRRELEVANT","False","False",""
"Drone-Motors-Unknown-Faults-Detection/Ancestor","main","1ef4a891ae02dc95910f747a5163bb2edd608f28","output/Step2_Feature_Extraction_8000_1/2026-08-05-15-25-16/plot_001.png","plot_001.png",".png","blob","100644","318378ddaee0e9d63d231673419a9a6b22b46e22","184036","metadata","F_IRRELEVANT","False","False",""
"Drone-Motors-Unknown-Faults-Detection/Ancestor","main","1ef4a891ae02dc95910f747a5163bb2edd608f28","output/Step2_Feature_Extraction_8000_1/2026-08-05-15-25-16/plot_002.png","plot_002.png",".png","blob","100644","1686a6dcbb1cd744760edbd6519269c039bace38","149056","metadata","F_IRRELEVANT","False","False",""
"Drone-Motors-Unknown-Faults-Detection/Ancestor","main","1ef4a891ae02dc95910f747a5163bb2edd608f28","output/Step2_Feature_Extraction_8000_2","Step2_Feature_Extraction_8000_2","","tree","040000","e3408ab814052a588c01ca0517c79b80bd3f0d91","","unknown","F_IRRELEVANT","False","False",""
"Drone-Motors-Unknown-Faults-Detection/Ancestor","main","1ef4a891ae02dc95910f747a5163bb2edd608f28","output/Step2_Feature_Extraction_8000_2/2026-08-05-15-11-16","2026-08-05-15-11-16","","tree","040000","e24559c81985c585c86b6f63ae88e3d87b16d897","","unknown","F_IRRELEVANT","False","False",""
"Drone-Motors-Unknown-Faults-Detection/Ancestor","main","1ef4a891ae02dc95910f747a5163bb2edd608f28","output/Step2_Feature_Extraction_8000_2/2026-08-05-15-11-16/plot_000.png","plot_000.png",".png","blob","100644","c0bdd4f56b73a0486ca2d0ad1ddc5eaf0f7ea294","141768","metadata","F_IRRELEVANT","False","False",""
"Drone-Motors-Unknown-Faults-Detection/Ancestor","main","1ef4a891ae02dc95910f747a5163bb2edd608f28","output/Step2_Feature_Extraction_8000_2/2026-08-05-15-11-16/plot_001.png","plot_001.png",".png","blob","100644","43c12cffc2e8593c9464603141f28552d1ec549a","164183","metadata","F_IRRELEVANT","False","False",""
"Drone-Motors-Unknown-Faults-Detection/Ancestor","main","1ef4a891ae02dc95910f747a5163bb2edd608f28","output/Step2_Feature_Extraction_8000_2/2026-08-05-15-11-16/plot_002.png","plot_002.png",".png","blob","100644","7c64fda1463fc011ca563279094109fa6b85a5d2","135051","metadata","F_IRRELEVANT","False","False",""
"Drone-Motors-Unknown-Faults-Detection/Ancestor","main","1ef4a891ae02dc95910f747a5163bb2edd608f28","output/Step2_Feature_Extraction_8000_2/2026-08-05-15-11-16/plot_003.png","plot_003.png",".png","blob","100644","b18248b6b1e4f0fd9f6dd361bd0572b11cf4e65e","172330","metadata","F_IRRELEVANT","False","False",""
"Drone-Motors-Unknown-Faults-Detection/Ancestor","main","1ef4a891ae02dc95910f747a5163bb2edd608f28","output/Step2_Feature_Extraction_8000_2/2026-08-05-15-11-16/plot_004.png","plot_004.png",".png","blob","100644","949c574084fd65715e54c4b46375f73b4e85de1c","160436","metadata","F_IRRELEVANT","False","False",""
"Drone-Motors-Unknown-Faults-Detection/Ancestor","main","1ef4a891ae02dc95910f747a5163bb2edd608f28","output/Step2_Feature_Extraction_8000_2/2026-08-05-15-11-16/plot_005.png","plot_005.png",".png","blob","100644","824e228b5bc7ce5511917789563210569fa56449","175896","metadata","F_IRRELEVANT","False","False",""
"Drone-Motors-Unknown-Faults-Detection/Ancestor","main","1ef4a891ae02dc95910f747a5163bb2edd608f28","output/Step2_Feature_Extraction_8000_2/2026-08-05-15-11-16/plot_006.png","plot_006.png",".png","blob","100644","aeb3b551e84a5d3bb25ef333c7b98eb7a50c7401","188315","metadata","F_IRRELEVANT","False","False",""
"Drone-Motors-Unknown-Faults-Detection/Ancestor","main","1ef4a891ae02dc95910f747a5163bb2edd608f28","output/Step2_Feature_Extraction_8000_2/2026-08-05-15-11-16/plot_007.png","plot_007.png",".png","blob","100644","a2c34887b0655a1f4089b6e469da21d035356d45","190630","metadata","F_IRRELEVANT","False","False",""
"Drone-Motors-Unknown-Faults-Detection/Ancestor","main","1ef4a891ae02dc95910f747a5163bb2edd608f28","output/Step2_Feature_Extraction_8000_2/2026-08-05-15-11-16/plot_008.png","plot_008.png",".png","blob","100644","4d64d2b25e109990e3ca82125fe24f09851fd6c8","175989","metadata","F_IRRELEVANT","False","False",""
"Drone-Motors-Unknown-Faults-Detection/Ancestor","main","1ef4a891ae02dc95910f747a5163bb2edd608f28","output/Step2_Feature_Extraction_8000_2/2026-08-05-15-11-16/plot_009.png","plot_009.png",".png","blob","100644","6d931844860274c8f2983f8c6257c62e0eefdbf9","178334","metadata","F_IRRELEVANT","False","False",""
"Drone-Motors-Unknown-Faults-Detection/Ancestor","main","1ef4a891ae02dc95910f747a5163bb2edd608f28","output/Step2_Feature_Extraction_8000_2/2026-08-05-15-11-16/plot_010.png","plot_010.png",".png","blob","100644","4cee648018514ccaa5d2edbd4f212db0fe4432ff","166691","metadata","F_IRRELEVANT","False","False",""
"Drone-Motors-Unknown-Faults-Detection/Ancestor","main","1ef4a891ae02dc95910f747a5163bb2edd608f28","output/Step2_Feature_Extraction_8000_2/2026-08-05-15-11-16/plot_011.png","plot_011.png",".png","blob","100644","825b77cd73fb3d2bdd73da891de53d864eedb3ca","162142","metadata","F_IRRELEVANT","False","False",""
"Drone-Motors-Unknown-Faults-Detection/Ancestor","main","1ef4a891ae02dc95910f747a5163bb2edd608f28","output/Step2_Feature_Extraction_8000_2/2026-08-05-15-11-16/plot_012.png","plot_012.png",".png","blob","100644","0f25ae207f31c533d3e63caf207d711440417af4","161392","metadata","F_IRRELEVANT","False","False",""
"Drone-Motors-Unknown-Faults-Detection/Ancestor","main","1ef4a891ae02dc95910f747a5163bb2edd608f28","output/Step2_Feature_Extraction_8000_2/2026-08-05-15-11-16/plot_013.png","plot_013.png",".png","blob","100644","8b52f02e9da4055ae37ac556f56b916dd52d6293","163624","metadata","F_IRRELEVANT","False","False",""
"Drone-Motors-Unknown-Faults-Detection/Ancestor","main","1ef4a891ae02dc95910f747a5163bb2edd608f28","output/Step2_Feature_Extraction_8000_2/2026-08-05-15-11-16/plot_014.png","plot_014.png",".png","blob","100644","ec5603f565cbc8bfe3442145cb99d74d5ad65854","180525","metadata","F_IRRELEVANT","False","False",""
"Drone-Motors-Unknown-Faults-Detection/Ancestor","main","1ef4a891ae02dc95910f747a5163bb2edd608f28","output/Step2_Feature_Extraction_8000_2/2026-08-05-15-11-16/plot_015.png","plot_015.png",".png","blob","100644","a8df1584923cfb5138b8da42b1a46329fc2586e1","172157","metadata","F_IRRELEVANT","False","False",""
"Drone-Motors-Unknown-Faults-Detection/Ancestor","main","1ef4a891ae02dc95910f747a5163bb2edd608f28","output/Step2_Feature_Extraction_8000_2/2026-08-05-15-11-16/plot_016.png","plot_016.png",".png","blob","100644","ace3bba374ba18f590e33a24090bb27534166c48","172877","metadata","F_IRRELEVANT","False","False",""
"Drone-Motors-Unknown-Faults-Detection/Ancestor","main","1ef4a891ae02dc95910f747a5163bb2edd608f28","output/Step2_Feature_Extraction_8000_2/2026-08-05-15-11-16/plot_017.png","plot_017.png",".png","blob","100644","6e47cc8d17a5be6f3280b910dfbec5391e804fed","172453","metadata","F_IRRELEVANT","False","False",""
"Drone-Motors-Unknown-Faults-Detection/Ancestor","main","1ef4a891ae02dc95910f747a5163bb2edd608f28","output/Step2_Feature_Extraction_8000_2/2026-08-05-15-11-16/plot_018.png","plot_018.png",".png","blob","100644","f5775e6ba905b2444b029ec15467d943a00ce317","172573","metadata","F_IRRELEVANT","False","False",""
"Drone-Motors-Unknown-Faults-Detection/Ancestor","main","1ef4a891ae02dc95910f747a5163bb2edd608f28","output/Step2_Feature_Extraction_8000_2/2026-08-05-15-11-16/plot_019.png","plot_019.png",".png","blob","100644","1f2d55fc5184426fc4859746352a287c40135a5a","184531","metadata","F_IRRELEVANT","False","False",""
"Drone-Motors-Unknown-Faults-Detection/Ancestor","main","1ef4a891ae02dc95910f747a5163bb2edd608f28","output/Step2_Feature_Extraction_8000_2/2026-08-05-15-11-16/plot_020.png","plot_020.png",".png","blob","100644","9130be0926d7ae178676a072d2d0255b2efb4320","192170","metadata","F_IRRELEVANT","False","False",""
"Drone-Motors-Unknown-Faults-Detection/Ancestor","main","1ef4a891ae02dc95910f747a5163bb2edd608f28","output/Step2_Feature_Extraction_8000_2/2026-08-05-15-11-16/plot_021.png","plot_021.png",".png","blob","100644","c81741972e533f65238545217831043e11ed8e61","165319","metadata","F_IRRELEVANT","False","False",""
"Drone-Motors-Unknown-Faults-Detection/Ancestor","main","1ef4a891ae02dc95910f747a5163bb2edd608f28","output/Step2_Feature_Extraction_8000_2/2026-08-05-15-11-16/plot_022.png","plot_022.png",".png","blob","100644","479facdb95ef01c939c3c6dea18e58f3ee0d6a85","154024","metadata","F_IRRELEVANT","False","False",""
"Drone-Motors-Unknown-Faults-Detection/Ancestor","main","1ef4a891ae02dc95910f747a5163bb2edd608f28","output/Step2_Feature_Extraction_8000_2/2026-08-05-15-11-16/plot_023.png","plot_023.png",".png","blob","100644","9ad9c34894bf39902609471c93712087c06fb509","169278","metadata","F_IRRELEVANT","False","False",""
"Drone-Motors-Unknown-Faults-Detection/Ancestor","main","1ef4a891ae02dc95910f747a5163bb2edd608f28","output/Step2_Feature_Extraction_8000_2/2026-08-05-15-11-16/plot_024.png","plot_024.png",".png","blob","100644","b7051812c0b7058cf5fff8273a7fabfc4bf45139","192938","metadata","F_IRRELEVANT","False","False",""
"Drone-Motors-Unknown-Faults-Detection/Ancestor","main","1ef4a891ae02dc95910f747a5163bb2edd608f28","output/Step2_Feature_Extraction_8000_2/2026-08-05-15-11-16/plot_025.png","plot_025.png",".png","blob","100644","5732175d3112dafabdb4982dc8f1bbbb7b36bc4f","177082","metadata","F_IRRELEVANT","False","False",""
"Drone-Motors-Unknown-Faults-Detection/Ancestor","main","1ef4a891ae02dc95910f747a5163bb2edd608f28","output/Step2_Feature_Extraction_8000_2/2026-08-05-15-11-16/plot_026.png","plot_026.png",".png","blob","100644","909b1d390df8905a55f62cf8e8a3b672ca475915","192608","metadata","F_IRRELEVANT","False","False",""
"Drone-Motors-Unknown-Faults-Detection/Ancestor","main","1ef4a891ae02dc95910f747a5163bb2edd608f28","output/Step2_Feature_Extraction_8000_2/2026-08-05-15-11-16/plot_027.png","plot_027.png",".png","blob","100644","ae9819d302ee1efea324acbd89d16e7f7da4b5ac","169881","metadata","F_IRRELEVANT","False","False",""
"Drone-Motors-Unknown-Faults-Detection/Ancestor","main","1ef4a891ae02dc95910f747a5163bb2edd608f28","output/Step2_Feature_Extraction_8000_2/2026-08-05-15-11-16/plot_028.png","plot_028.png",".png","blob","100644","684215397cb5a3282d7488ac3864ed7fb0f8cc25","183271","metadata","F_IRRELEVANT","False","False",""
"Drone-Motors-Unknown-Faults-Detection/Ancestor","main","1ef4a891ae02dc95910f747a5163bb2edd608f28","output/Step2_Feature_Extraction_8000_2/2026-08-05-15-11-16/plot_029.png","plot_029.png",".png","blob","100644","dec85bbd1b4a8ebac473246ecf6319c5b696d540","193320","metadata","F_IRRELEVANT","False","False",""
"Drone-Motors-Unknown-Faults-Detection/Ancestor","main","1ef4a891ae02dc95910f747a5163bb2edd608f28","output/Step2_Feature_Extraction_8000_3","Step2_Feature_Extraction_8000_3","","tree","040000","4c177a5e6e85c0b3ff30fc831fccbf4da7827666","","unknown","F_IRRELEVANT","False","False",""
"Drone-Motors-Unknown-Faults-Detection/Ancestor","main","1ef4a891ae02dc95910f747a5163bb2edd608f28","output/Step2_Feature_Extraction_8000_3/2026-08-05-15-12-47","2026-08-05-15-12-47","","tree","040000","d54b93f79816337c64a1208956be55d99e6b2f50","","unknown","F_IRRELEVANT","False","False",""
"Drone-Motors-Unknown-Faults-Detection/Ancestor","main","1ef4a891ae02dc95910f747a5163bb2edd608f28","output/Step2_Feature_Extraction_8000_3/2026-08-05-15-12-47/plot_000.png","plot_000.png",".png","blob","100644","3c956ec70cafaa26e00a0a16c29c968d8133ad32","133718","metadata","F_IRRELEVANT","False","False",""
"Drone-Motors-Unknown-Faults-Detection/Ancestor","main","1ef4a891ae02dc95910f747a5163bb2edd608f28","output/Step2_Feature_Extraction_8000_3/2026-08-05-15-12-47/plot_001.png","plot_001.png",".png","blob","100644","ac3a1ef30fba4bc9ca9ff6b371ddc8dc681cb380","167845","metadata","F_IRRELEVANT","False","False",""
"Drone-Motors-Unknown-Faults-Detection/Ancestor","main","1ef4a891ae02dc95910f747a5163bb2edd608f28","output/Step2_Feature_Extraction_8000_3/2026-08-05-15-12-47/plot_002.png","plot_002.png",".png","blob","100644","a64733e3352f862d43e856a4b004d4da2a86ff33","153097","metadata","F_IRRELEVANT","False","False",""
"Drone-Motors-Unknown-Faults-Detection/Ancestor","main","1ef4a891ae02dc95910f747a5163bb2edd608f28","output/Step2_Feature_Extraction_8000_3/2026-08-05-15-12-47/plot_003.png","plot_003.png",".png","blob","100644","bba39780fbbdf0f7e77797d210718503b17baa16","188291","metadata","F_IRRELEVANT","False","False",""
"Drone-Motors-Unknown-Faults-Detection/Ancestor","main","1ef4a891ae02dc95910f747a5163bb2edd608f28","output/Step2_Feature_Extraction_8000_3/2026-08-05-15-12-47/plot_004.png","plot_004.png",".png","blob","100644","7e1d9f3bc64f32dd32fa1bc6f218807f0f75ef16","205926","metadata","F_IRRELEVANT","False","False",""
"Drone-Motors-Unknown-Faults-Detection/Ancestor","main","1ef4a891ae02dc95910f747a5163bb2edd608f28","output/Step2_Feature_Extraction_8000_3/2026-08-05-15-12-47/plot_005.png","plot_005.png",".png","blob","100644","49612b41fd0f0587a31cf38f7458fdeb11a78d6d","179050","metadata","F_IRRELEVANT","False","False",""
"Drone-Motors-Unknown-Faults-Detection/Ancestor","main","1ef4a891ae02dc95910f747a5163bb2edd608f28","output/Step2_Feature_Extraction_8000_3/2026-08-05-15-12-47/plot_006.png","plot_006.png",".png","blob","100644","2cbdc7d268d03efb139df31d9c0404aac03565f3","152372","metadata","F_IRRELEVANT","False","False",""
"Drone-Motors-Unknown-Faults-Detection/Ancestor","main","1ef4a891ae02dc95910f747a5163bb2edd608f28","output/Step2_Feature_Extraction_8000_3/2026-08-05-15-12-47/plot_007.png","plot_007.png",".png","blob","100644","dd7336d4ba67c52610d8ff6a1bb9a0bf9accf8ed","165932","metadata","F_IRRELEVANT","False","False",""
"Drone-Motors-Unknown-Faults-Detection/Ancestor","main","1ef4a891ae02dc95910f747a5163bb2edd608f28","output/Step2_Feature_Extraction_8000_3/2026-08-05-15-12-47/plot_008.png","plot_008.png",".png","blob","100644","e0497a33e600e5c012efd12870b7ee99aa23643a","163729","metadata","F_IRRELEVANT","False","False",""
"Drone-Motors-Unknown-Faults-Detection/Ancestor","main","1ef4a891ae02dc95910f747a5163bb2edd608f28","output/Step2_Feature_Extraction_8000_3/2026-08-05-15-12-47/plot_009.png","plot_009.png",".png","blob","100644","3d75b1b7fc6e8ab2aca75b886f0526249ef7cbf3","146660","metadata","F_IRRELEVANT","False","False",""
"Drone-Motors-Unknown-Faults-Detection/Ancestor","main","1ef4a891ae02dc95910f747a5163bb2edd608f28","output/Step2_Feature_Extraction_8000_3/2026-08-05-15-12-47/plot_010.png","plot_010.png",".png","blob","100644","d88bae153e0860d92eb8487bbb30f4014f75f3e1","158036","metadata","F_IRRELEVANT","False","False",""
"Drone-Motors-Unknown-Faults-Detection/Ancestor","main","1ef4a891ae02dc95910f747a5163bb2edd608f28","output/Step2_Feature_Extraction_8000_3/2026-08-05-15-12-47/plot_011.png","plot_011.png",".png","blob","100644","01e454aa9670bdd103c4dd8fd64b6f9bba35246d","159472","metadata","F_IRRELEVANT","False","False",""
"Drone-Motors-Unknown-Faults-Detection/Ancestor","main","1ef4a891ae02dc95910f747a5163bb2edd608f28","output/Step2_Feature_Extraction_8000_3/2026-08-05-15-12-47/plot_012.png","plot_012.png",".png","blob","100644","d147b6ee325044507930f4567bee5a563f802779","147200","metadata","F_IRRELEVANT","False","False",""
"Drone-Motors-Unknown-Faults-Detection/Ancestor","main","1ef4a891ae02dc95910f747a5163bb2edd608f28","output/Step2_Feature_Extraction_8000_3/2026-08-05-15-12-47/plot_013.png","plot_013.png",".png","blob","100644","a6b1a1d7aeb1a7b1fdaed497fb005598c6275015","158903","metadata","F_IRRELEVANT","False","False",""
"Drone-Motors-Unknown-Faults-Detection/Ancestor","main","1ef4a891ae02dc95910f747a5163bb2edd608f28","output/Step2_Feature_Extraction_8000_3/2026-08-05-15-12-47/plot_014.png","plot_014.png",".png","blob","100644","7e48c752617dcb51ab67c5191b247169468126f2","159834","metadata","F_IRRELEVANT","False","False",""
"Drone-Motors-Unknown-Faults-Detection/Ancestor","main","1ef4a891ae02dc95910f747a5163bb2edd608f28","output/Step2_Feature_Extraction_8000_3/2026-08-05-15-12-47/plot_015.png","plot_015.png",".png","blob","100644","544a54cfe0f5eec8a9e87769a9b86620cbd8829b","145708","metadata","F_IRRELEVANT","False","False",""
"Drone-Motors-Unknown-Faults-Detection/Ancestor","main","1ef4a891ae02dc95910f747a5163bb2edd608f28","output/Step2_Feature_Extraction_8000_3/2026-08-05-15-12-47/plot_016.png","plot_016.png",".png","blob","100644","3a2a6b434508e2c08cd2410d04cfea535af83e94","157927","metadata","F_IRRELEVANT","False","False",""
"Drone-Motors-Unknown-Faults-Detection/Ancestor","main","1ef4a891ae02dc95910f747a5163bb2edd608f28","output/Step2_Feature_Extraction_8000_3/2026-08-05-15-12-47/plot_017.png","plot_017.png",".png","blob","100644","41412f04d5969ce41361e2fe9f17f5ab2d23aa77","155154","metadata","F_IRRELEVANT","False","False",""
"Drone-Motors-Unknown-Faults-Detection/Ancestor","main","1ef4a891ae02dc95910f747a5163bb2edd608f28","output/Step2_Feature_Extraction_8000_3/2026-08-05-15-12-47/plot_018.png","plot_018.png",".png","blob","100644","36cdf74db6cfae215ec13bdc05194a7f2ea3bfc8","141791","metadata","F_IRRELEVANT","False","False",""
"Drone-Motors-Unknown-Faults-Detection/Ancestor","main","1ef4a891ae02dc95910f747a5163bb2edd608f28","output/Step2_Feature_Extraction_8000_3/2026-08-05-15-12-47/plot_019.png","plot_019.png",".png","blob","100644","322993ea2d598fdaa901cc75b9596c5f1da314f7","178062","metadata","F_IRRELEVANT","False","False",""
"Drone-Motors-Unknown-Faults-Detection/Ancestor","main","1ef4a891ae02dc95910f747a5163bb2edd608f28","output/Step2_Feature_Extraction_8000_3/2026-08-05-15-12-47/plot_020.png","plot_020.png",".png","blob","100644","18290cead486437741e420e1c706962ce13c7955","156516","metadata","F_IRRELEVANT","False","False",""
"Drone-Motors-Unknown-Faults-Detection/Ancestor","main","1ef4a891ae02dc95910f747a5163bb2edd608f28","output/Step2_Feature_Extraction_8000_3/2026-08-05-15-12-47/plot_021.png","plot_021.png",".png","blob","100644","9ff7e7a053e0535971620893c3baecd647fff938","178425","metadata","F_IRRELEVANT","False","False",""
"Drone-Motors-Unknown-Faults-Detection/Ancestor","main","1ef4a891ae02dc95910f747a5163bb2edd608f28","output/Step2_Feature_Extraction_8000_3/2026-08-05-15-12-47/plot_022.png","plot_022.png",".png","blob","100644","f94bfd6d4a5515eacb644a968091b4fd476329cf","159594","metadata","F_IRRELEVANT","False","False",""
"Drone-Motors-Unknown-Faults-Detection/Ancestor","main","1ef4a891ae02dc95910f747a5163bb2edd608f28","output/Step2_Feature_Extraction_8000_3/2026-08-05-15-12-47/plot_023.png","plot_023.png",".png","blob","100644","fbf6c877445f0ca09b7b4906b692be354500e3bc","173355","metadata","F_IRRELEVANT","False","False",""
"Drone-Motors-Unknown-Faults-Detection/Ancestor","main","1ef4a891ae02dc95910f747a5163bb2edd608f28","output/Step2_Feature_Extraction_8000_3/2026-08-05-15-12-47/plot_024.png","plot_024.png",".png","blob","100644","5bc50d4f77637836d133650ccbdcee3f5fba0c74","166271","metadata","F_IRRELEVANT","False","False",""
"Drone-Motors-Unknown-Faults-Detection/Ancestor","main","1ef4a891ae02dc95910f747a5163bb2edd608f28","output/Step2_Feature_Extraction_8000_3/2026-08-05-15-12-47/plot_025.png","plot_025.png",".png","blob","100644","b714f248d3e958308d45d35500165d60ae3af18b","162091","metadata","F_IRRELEVANT","False","False",""
"Drone-Motors-Unknown-Faults-Detection/Ancestor","main","1ef4a891ae02dc95910f747a5163bb2edd608f28","output/Step2_Feature_Extraction_8000_3/2026-08-05-15-12-47/plot_026.png","plot_026.png",".png","blob","100644","8a8b3052aa0d06bffd5f83ed51033193da26aed7","183272","metadata","F_IRRELEVANT","False","False",""
"Drone-Motors-Unknown-Faults-Detection/Ancestor","main","1ef4a891ae02dc95910f747a5163bb2edd608f28","output/Step2_Feature_Extraction_8000_3/2026-08-05-15-12-47/plot_027.png","plot_027.png",".png","blob","100644","61d325633de6b77d0965c359f7cd125b8f456d65","158672","metadata","F_IRRELEVANT","False","False",""
"Drone-Motors-Unknown-Faults-Detection/Ancestor","main","1ef4a891ae02dc95910f747a5163bb2edd608f28","output/Step2_Feature_Extraction_8000_3/2026-08-05-15-12-47/plot_028.png","plot_028.png",".png","blob","100644","986d25689cd40f6b2d62ae55994adc102b084c58","172228","metadata","F_IRRELEVANT","False","False",""
"Drone-Motors-Unknown-Faults-Detection/Ancestor","main","1ef4a891ae02dc95910f747a5163bb2edd608f28","output/Step2_Feature_Extraction_8000_3/2026-08-05-15-12-47/plot_029.png","plot_029.png",".png","blob","100644","56bbb5e8211283d398fe50d1fe442aa6845e3c85","148585","metadata","F_IRRELEVANT","False","False",""
"Drone-Motors-Unknown-Faults-Detection/Ancestor","main","1ef4a891ae02dc95910f747a5163bb2edd608f28","output/Step3_Model_01","Step3_Model_01","","tree","040000","3456b67c99d15dda4b5dea2fe51cc0292239c1fa","","unknown","F_IRRELEVANT","False","False",""
"Drone-Motors-Unknown-Faults-Detection/Ancestor","main","1ef4a891ae02dc95910f747a5163bb2edd608f28","output/Step3_Model_01/2026-08-05-16-28-28","2026-08-05-16-28-28","","tree","040000","f024472b3a986f8f326b76e7bd51aa283f00a184","","unknown","F_IRRELEVANT","False","False",""
"Drone-Motors-Unknown-Faults-Detection/Ancestor","main","1ef4a891ae02dc95910f747a5163bb2edd608f28","output/Step3_Model_01/2026-08-05-16-28-28/plot_000.png","plot_000.png",".png","blob","100644","835ef99ee1810a047d5083c35af37a4fd4e431de","96628","metadata","F_IRRELEVANT","False","False",""
"Drone-Motors-Unknown-Faults-Detection/Ancestor","main","1ef4a891ae02dc95910f747a5163bb2edd608f28","output/Step3_Model_01/2026-08-05-16-28-28/plot_001.png","plot_001.png",".png","blob","100644","79b118cb29a877936c228ad631a38597e1baa4f5","95034","metadata","F_IRRELEVANT","False","False",""
"Drone-Motors-Unknown-Faults-Detection/Ancestor","main","1ef4a891ae02dc95910f747a5163bb2edd608f28","output/Step3_Model_01/2026-08-05-16-28-28/plot_002.png","plot_002.png",".png","blob","100644","6b0e2bc8902c388478f58a0fbd899d76450a73ab","72710","metadata","F_IRRELEVANT","False","False",""
"Drone-Motors-Unknown-Faults-Detection/Ancestor","main","1ef4a891ae02dc95910f747a5163bb2edd608f28","output/Step3_Model_02","Step3_Model_02","","tree","040000","08134988831d55cd8b738c3882241686f345e905","","unknown","F_IRRELEVANT","False","False",""
"Drone-Motors-Unknown-Faults-Detection/Ancestor","main","1ef4a891ae02dc95910f747a5163bb2edd608f28","output/Step3_Model_02/2026-08-05-15-31-14","2026-08-05-15-31-14","","tree","040000","a93a163599ff39846fe5f6a4a8a0bcd85124718d","","unknown","F_IRRELEVANT","False","False",""
"Drone-Motors-Unknown-Faults-Detection/Ancestor","main","1ef4a891ae02dc95910f747a5163bb2edd608f28","output/Step3_Model_02/2026-08-05-15-31-14/plot_000.png","plot_000.png",".png","blob","100644","137270ec8b6155e5bf4b1c79131171a63f5cb460","653808","metadata","F_IRRELEVANT","False","False",""
"Drone-Motors-Unknown-Faults-Detection/Ancestor","main","1ef4a891ae02dc95910f747a5163bb2edd608f28","output/Step3_Model_02/2026-08-05-15-31-14/plot_001.png","plot_001.png",".png","blob","100644","8146ea0d29b45ed44c57f4413a972b092b0a1b14","72312","metadata","F_IRRELEVANT","False","False",""
"Drone-Motors-Unknown-Faults-Detection/Ancestor","main","1ef4a891ae02dc95910f747a5163bb2edd608f28","output/Step3_Model_02/2026-08-05-15-31-14/plot_002.png","plot_002.png",".png","blob","100644","9eaacdd7be8d9b40330d1e1e79edde181640d2c6","72727","metadata","F_IRRELEVANT","False","False",""
"Drone-Motors-Unknown-Faults-Detection/Ancestor","main","1ef4a891ae02dc95910f747a5163bb2edd608f28","output/Step3_Model_02/2026-08-05-15-31-14/plot_003.png","plot_003.png",".png","blob","100644","2f6cb00ed8d62e889d907ff4235447dcbab2fc6d","73326","metadata","F_IRRELEVANT","False","False",""
"Drone-Motors-Unknown-Faults-Detection/Ancestor","main","1ef4a891ae02dc95910f747a5163bb2edd608f28","output/Step3_Model_03","Step3_Model_03","","tree","040000","a63e78ee33e7337764fd3541c73bf74d168b4c55","","unknown","F_IRRELEVANT","False","False",""
"Drone-Motors-Unknown-Faults-Detection/Ancestor","main","1ef4a891ae02dc95910f747a5163bb2edd608f28","output/Step3_Model_03/2026-08-05-15-32-48","2026-08-05-15-32-48","","tree","040000","aaa625aea4e40fef8c139ca71f303c377a291ce7","","unknown","F_IRRELEVANT","False","False",""
"Drone-Motors-Unknown-Faults-Detection/Ancestor","main","1ef4a891ae02dc95910f747a5163bb2edd608f28","output/Step3_Model_03/2026-08-05-15-32-48/plot_000.png","plot_000.png",".png","blob","100644","4a6cfc736bf1783e505c0413c393f8411a22ec1d","679824","metadata","F_IRRELEVANT","False","False",""
"Drone-Motors-Unknown-Faults-Detection/Ancestor","main","1ef4a891ae02dc95910f747a5163bb2edd608f28","output/Step3_Model_03/2026-08-05-15-32-48/plot_001.png","plot_001.png",".png","blob","100644","82b13246175ae0c18d71ba1f0757430715ff3872","112365","metadata","F_IRRELEVANT","False","False",""
"Drone-Motors-Unknown-Faults-Detection/Ancestor","main","1ef4a891ae02dc95910f747a5163bb2edd608f28","output/Step3_Model_03/2026-08-05-15-32-48/plot_002.png","plot_002.png",".png","blob","100644","2092ff8c44f5d94c78408cc6c930fc77fba7a989","112906","metadata","F_IRRELEVANT","False","False",""
"Drone-Motors-Unknown-Faults-Detection/Ancestor","main","1ef4a891ae02dc95910f747a5163bb2edd608f28","output/Step3_Model_03/2026-08-05-15-32-48/plot_003.png","plot_003.png",".png","blob","100644","bc31901f6d49bb8607a5f1fbe2738a1493735ba1","73476","metadata","F_IRRELEVANT","False","False",""
"Drone-Motors-Unknown-Faults-Detection/Ancestor","main","1ef4a891ae02dc95910f747a5163bb2edd608f28","output/Step3_Model_04","Step3_Model_04","","tree","040000","58fbaba62cf5f99f489a27a6e19727dfc8c285fb","","unknown","F_IRRELEVANT","False","False",""
"Drone-Motors-Unknown-Faults-Detection/Ancestor","main","1ef4a891ae02dc95910f747a5163bb2edd608f28","output/Step3_Model_04/2026-08-05-15-34-10","2026-08-05-15-34-10","","tree","040000","f92832dfdcacf6300981e523cc574f2067a7fa14","","unknown","F_IRRELEVANT","False","False",""
"Drone-Motors-Unknown-Faults-Detection/Ancestor","main","1ef4a891ae02dc95910f747a5163bb2edd608f28","output/Step3_Model_04/2026-08-05-15-34-10/plot_000.png","plot_000.png",".png","blob","100644","92ebe1e2b7d3c0b6ac219e3fb4d09776763e5e71","100542","metadata","F_IRRELEVANT","False","False",""
"Drone-Motors-Unknown-Faults-Detection/Ancestor","main","1ef4a891ae02dc95910f747a5163bb2edd608f28","output/Step3_Model_04/2026-08-05-15-34-10/plot_001.png","plot_001.png",".png","blob","100644","7d3988bdbbc197a2f5ca8e0b6ff2e8bd165bc6e5","87484","metadata","F_IRRELEVANT","False","False",""
"Drone-Motors-Unknown-Faults-Detection/Ancestor","main","1ef4a891ae02dc95910f747a5163bb2edd608f28","output/Step3_Model_04/2026-08-05-15-34-10/plot_002.png","plot_002.png",".png","blob","100644","92831f33ccd0260cb63ae0e28cdac9fc966c271a","69422","metadata","F_IRRELEVANT","False","False",""
"Drone-Motors-Unknown-Faults-Detection/Ancestor","main","1ef4a891ae02dc95910f747a5163bb2edd608f28","output/Step3_Model_05","Step3_Model_05","","tree","040000","5ed89273c5f8dee802ce8b7a60601f4dbdaee373","","unknown","F_IRRELEVANT","False","False",""
"Drone-Motors-Unknown-Faults-Detection/Ancestor","main","1ef4a891ae02dc95910f747a5163bb2edd608f28","output/Step3_Model_05/2026-08-05-15-34-58","2026-08-05-15-34-58","","tree","040000","1aee0cbbcbd958c2c02d96b0905ff136d544288f","","unknown","F_IRRELEVANT","False","False",""
"Drone-Motors-Unknown-Faults-Detection/Ancestor","main","1ef4a891ae02dc95910f747a5163bb2edd608f28","output/Step3_Model_05/2026-08-05-15-34-58/plot_000.png","plot_000.png",".png","blob","100644","3bd13c0d04e78f9d15c5439496092a120a6a6483","78516","metadata","F_IRRELEVANT","False","False",""
"Drone-Motors-Unknown-Faults-Detection/Ancestor","main","1ef4a891ae02dc95910f747a5163bb2edd608f28","output/Step3_Model_05/2026-08-05-15-34-58/plot_001.png","plot_001.png",".png","blob","100644","0c66b60346cb627d15b545373da8cf7a86ab5841","78406","metadata","F_IRRELEVANT","False","False",""
"Drone-Motors-Unknown-Faults-Detection/Ancestor","main","1ef4a891ae02dc95910f747a5163bb2edd608f28","output/Step3_Model_05/2026-08-05-15-34-58/plot_002.png","plot_002.png",".png","blob","100644","845189d48eb9eb0d9a1e621244d8df9f5b39a084","69606","metadata","F_IRRELEVANT","False","False",""
"Drone-Motors-Unknown-Faults-Detection/Ancestor","main","1ef4a891ae02dc95910f747a5163bb2edd608f28","output/Step3_Model_06","Step3_Model_06","","tree","040000","e441605da1c6e4a29a8aa96a44e2c85dedcd95b8","","unknown","F_IRRELEVANT","False","False",""
"Drone-Motors-Unknown-Faults-Detection/Ancestor","main","1ef4a891ae02dc95910f747a5163bb2edd608f28","output/Step3_Model_06/2026-08-05-15-36-08","2026-08-05-15-36-08","","tree","040000","16bcbd6842c03c91ff3cb0e8ac86e8c7be032667","","unknown","F_IRRELEVANT","False","False",""
"Drone-Motors-Unknown-Faults-Detection/Ancestor","main","1ef4a891ae02dc95910f747a5163bb2edd608f28","output/Step3_Model_06/2026-08-05-15-36-08/plot_000.png","plot_000.png",".png","blob","100644","99941a58aefe2e0e50181655cf832f9c99aa2fe1","103302","metadata","F_IRRELEVANT","False","False",""
"Drone-Motors-Unknown-Faults-Detection/Ancestor","main","1ef4a891ae02dc95910f747a5163bb2edd608f28","output/Step3_Model_06/2026-08-05-15-36-08/plot_001.png","plot_001.png",".png","blob","100644","a08dae4ac4a0d6f6aaab53d6c537c599999faec6","87812","metadata","F_IRRELEVANT","False","False",""
"Drone-Motors-Unknown-Faults-Detection/Ancestor","main","1ef4a891ae02dc95910f747a5163bb2edd608f28","output/Step3_Model_06/2026-08-05-15-36-08/plot_002.png","plot_002.png",".png","blob","100644","9b4902ab76fbd42d2c4e13304d440888213cea89","70045","metadata","F_IRRELEVANT","False","False",""
"Drone-Motors-Unknown-Faults-Detection/Ancestor","main","1ef4a891ae02dc95910f747a5163bb2edd608f28","output/Step3_Model_07","Step3_Model_07","","tree","040000","a812a7fd4caa50042ca875175497ad964dee840b","","unknown","F_IRRELEVANT","False","False",""
"Drone-Motors-Unknown-Faults-Detection/Ancestor","main","1ef4a891ae02dc95910f747a5163bb2edd608f28","output/Step3_Model_07/2026-08-05-15-37-01","2026-08-05-15-37-01","","tree","040000","1cac428173bd7c1b9b561686a0b56fc3fc81c7da","","unknown","F_IRRELEVANT","False","False",""
"Drone-Motors-Unknown-Faults-Detection/Ancestor","main","1ef4a891ae02dc95910f747a5163bb2edd608f28","output/Step3_Model_07/2026-08-05-15-37-01/plot_000.png","plot_000.png",".png","blob","100644","9084c97a64f6f88341249bf8377eac2499804fa5","94406","metadata","F_IRRELEVANT","False","False",""
"Drone-Motors-Unknown-Faults-Detection/Ancestor","main","1ef4a891ae02dc95910f747a5163bb2edd608f28","output/Step3_Model_07/2026-08-05-15-37-01/plot_001.png","plot_001.png",".png","blob","100644","8abd69e8b1a7f23f483a5ed9871443b6bd42429b","77836","metadata","F_IRRELEVANT","False","False",""
"Drone-Motors-Unknown-Faults-Detection/Ancestor","main","1ef4a891ae02dc95910f747a5163bb2edd608f28","output/Step3_Model_07/2026-08-05-15-37-01/plot_002.png","plot_002.png",".png","blob","100644","5b8853aba44116476a240162e47a4d07b8ae4374","67643","metadata","F_IRRELEVANT","False","False",""
"Drone-Motors-Unknown-Faults-Detection/Ancestor","main","1ef4a891ae02dc95910f747a5163bb2edd608f28","output/Step3_Model_08","Step3_Model_08","","tree","040000","2e6f5c5f8cc28e381ee016a65e1e88ed10a75e27","","unknown","F_IRRELEVANT","False","False",""
"Drone-Motors-Unknown-Faults-Detection/Ancestor","main","1ef4a891ae02dc95910f747a5163bb2edd608f28","output/Step3_Model_08/2026-08-05-15-37-50","2026-08-05-15-37-50","","tree","040000","4e0a6c09c2556d6484a267cf94fb9d8e748033f6","","unknown","F_IRRELEVANT","False","False",""
"Drone-Motors-Unknown-Faults-Detection/Ancestor","main","1ef4a891ae02dc95910f747a5163bb2edd608f28","output/Step3_Model_08/2026-08-05-15-37-50/plot_000.png","plot_000.png",".png","blob","100644","4c524ba98b5e7c0b52deb4840fc7e1acbb437e06","75676","metadata","F_IRRELEVANT","False","False",""
"Drone-Motors-Unknown-Faults-Detection/Ancestor","main","1ef4a891ae02dc95910f747a5163bb2edd608f28","output/Step3_Model_08/2026-08-05-15-37-50/plot_001.png","plot_001.png",".png","blob","100644","05decd0b7115160f00213d3ab9c43a09d33f6b2a","81042","metadata","F_IRRELEVANT","False","False",""
"Drone-Motors-Unknown-Faults-Detection/Ancestor","main","1ef4a891ae02dc95910f747a5163bb2edd608f28","output/Step3_Model_08/2026-08-05-15-37-50/plot_002.png","plot_002.png",".png","blob","100644","7aaa72545011eb37a8964f6370ca2bedc026601d","68486","metadata","F_IRRELEVANT","False","False",""
"Drone-Motors-Unknown-Faults-Detection/Ancestor","main","1ef4a891ae02dc95910f747a5163bb2edd608f28","output/Step3_Model_09","Step3_Model_09","","tree","040000","2e1417e9914da39fbab5863cdd26d6e2ddc5a274","","unknown","F_IRRELEVANT","False","False",""
"Drone-Motors-Unknown-Faults-Detection/Ancestor","main","1ef4a891ae02dc95910f747a5163bb2edd608f28","output/Step3_Model_09/2026-08-05-15-38-59","2026-08-05-15-38-59","","tree","040000","8076acb0a9eef8474630f309cd7ea55ce877f474","","unknown","F_IRRELEVANT","False","False",""
"Drone-Motors-Unknown-Faults-Detection/Ancestor","main","1ef4a891ae02dc95910f747a5163bb2edd608f28","output/Step3_Model_09/2026-08-05-15-38-59/plot_000.png","plot_000.png",".png","blob","100644","524f74b1c2cbca5f2cc095f062573662e0f2d376","101254","metadata","F_IRRELEVANT","False","False",""
"Drone-Motors-Unknown-Faults-Detection/Ancestor","main","1ef4a891ae02dc95910f747a5163bb2edd608f28","output/Step3_Model_09/2026-08-05-15-38-59/plot_001.png","plot_001.png",".png","blob","100644","07df2b54d33f3b10087f8e137b6d2ba562faf29b","86301","metadata","F_IRRELEVANT","False","False",""
"Drone-Motors-Unknown-Faults-Detection/Ancestor","main","1ef4a891ae02dc95910f747a5163bb2edd608f28","output/Step3_Model_09/2026-08-05-15-38-59/plot_002.png","plot_002.png",".png","blob","100644","4d065e8453624148ceb3e4595ab0574a76260f3d","68432","metadata","F_IRRELEVANT","False","False",""
"Drone-Motors-Unknown-Faults-Detection/Ancestor","main","1ef4a891ae02dc95910f747a5163bb2edd608f28","output/Step3_Model_10_OneStage","Step3_Model_10_OneStage","","tree","040000","24e6531c2ad486c23beaf76c026a5275c81c0cb0","","unknown","F_IRRELEVANT","False","False",""
"Drone-Motors-Unknown-Faults-Detection/Ancestor","main","1ef4a891ae02dc95910f747a5163bb2edd608f28","output/Step3_Model_10_OneStage/2026-08-05-15-39-46","2026-08-05-15-39-46","","tree","040000","29f9e656356bda941cfb1bf2c5a2393b25cfc9f6","","unknown","F_IRRELEVANT","False","False",""
"Drone-Motors-Unknown-Faults-Detection/Ancestor","main","1ef4a891ae02dc95910f747a5163bb2edd608f28","output/Step3_Model_10_OneStage/2026-08-05-15-39-46/plot_000.png","plot_000.png",".png","blob","100644","fccd4f17d94bf918b16c0399f4374aa98500382b","94032","metadata","F_IRRELEVANT","False","False",""
"Drone-Motors-Unknown-Faults-Detection/Ancestor","main","1ef4a891ae02dc95910f747a5163bb2edd608f28","output/Step3_Model_10_OneStage/2026-08-05-15-39-46/plot_001.png","plot_001.png",".png","blob","100644","fd984f5e214254a25e192fc34685370271fe55a3","77604","metadata","F_IRRELEVANT","False","False",""
"Drone-Motors-Unknown-Faults-Detection/Ancestor","main","1ef4a891ae02dc95910f747a5163bb2edd608f28","output/Step3_Model_10_OneStage/2026-08-05-15-39-46/plot_002.png","plot_002.png",".png","blob","100644","d0857491edbf60b317f97fe7208ed5ea87416c7a","83596","metadata","F_IRRELEVANT","False","False",""
"Drone-Motors-Unknown-Faults-Detection/Ancestor","main","1ef4a891ae02dc95910f747a5163bb2edd608f28","output/Step3_Model_10_TwoStage","Step3_Model_10_TwoStage","","tree","040000","327789197930e8e2ff262398f8448ab37f8f0df8","","unknown","F_IRRELEVANT","False","False",""
"Drone-Motors-Unknown-Faults-Detection/Ancestor","main","1ef4a891ae02dc95910f747a5163bb2edd608f28","output/Step3_Model_10_TwoStage/2026-08-05-15-56-06","2026-08-05-15-56-06","","tree","040000","fc5f8e2fdf4d231f2f6edaf267d4c74513858626","","unknown","F_IRRELEVANT","False","False",""
"Drone-Motors-Unknown-Faults-Detection/Ancestor","main","1ef4a891ae02dc95910f747a5163bb2edd608f28","output/Step3_Model_10_TwoStage/2026-08-05-15-56-06/plot_000.png","plot_000.png",".png","blob","100644","2fb9b1accc851b674870560d7b10ad6b88bba143","95491","metadata","F_IRRELEVANT","False","False",""
"Drone-Motors-Unknown-Faults-Detection/Ancestor","main","1ef4a891ae02dc95910f747a5163bb2edd608f28","output/Step3_Model_10_TwoStage/2026-08-05-15-56-06/plot_001.png","plot_001.png",".png","blob","100644","1054b1b1f9b146455c22ec502062d69aa633d24a","78660","metadata","F_IRRELEVANT","False","False",""
"Drone-Motors-Unknown-Faults-Detection/Ancestor","main","1ef4a891ae02dc95910f747a5163bb2edd608f28","output/Step3_Model_10_TwoStage/2026-08-05-15-56-06/plot_002.png","plot_002.png",".png","blob","100644","be036d232f20fc5d731af2e4ad430987245d5f00","84456","metadata","F_IRRELEVANT","False","False",""
"Drone-Motors-Unknown-Faults-Detection/Ancestor","main","1ef4a891ae02dc95910f747a5163bb2edd608f28","output/Step3_Model_11_OneStage","Step3_Model_11_OneStage","","tree","040000","d1d12a869d1e09c955cef6499377e4da5f6ed2ac","","unknown","F_IRRELEVANT","False","False",""
"Drone-Motors-Unknown-Faults-Detection/Ancestor","main","1ef4a891ae02dc95910f747a5163bb2edd608f28","output/Step3_Model_11_OneStage/2026-08-05-15-40-35","2026-08-05-15-40-35","","tree","040000","27a88a7bff248200e31d6fa1dbc7e5eefdba6644","","unknown","F_IRRELEVANT","False","False",""
"Drone-Motors-Unknown-Faults-Detection/Ancestor","main","1ef4a891ae02dc95910f747a5163bb2edd608f28","output/Step3_Model_11_OneStage/2026-08-05-15-40-35/plot_000.png","plot_000.png",".png","blob","100644","71411aa6dc59d565d2c6225a49ed85c7c2a65feb","71559","metadata","F_IRRELEVANT","False","False",""
"Drone-Motors-Unknown-Faults-Detection/Ancestor","main","1ef4a891ae02dc95910f747a5163bb2edd608f28","output/Step3_Model_11_OneStage/2026-08-05-15-40-35/plot_001.png","plot_001.png",".png","blob","100644","dae3769d213358d164698f6a592cdff3e788f02b","64406","metadata","F_IRRELEVANT","False","False",""
"Drone-Motors-Unknown-Faults-Detection/Ancestor","main","1ef4a891ae02dc95910f747a5163bb2edd608f28","output/Step3_Model_11_OneStage/2026-08-05-15-40-35/plot_002.png","plot_002.png",".png","blob","100644","c79f17230d594ff01632b79d391babc2beb3e213","82814","metadata","F_IRRELEVANT","False","False",""
"Drone-Motors-Unknown-Faults-Detection/Ancestor","main","1ef4a891ae02dc95910f747a5163bb2edd608f28","output/Step3_Model_11_TwoStage","Step3_Model_11_TwoStage","","tree","040000","c52dc399fa887f626e306c2885f38626c58cc13f","","unknown","F_IRRELEVANT","False","False",""
"Drone-Motors-Unknown-Faults-Detection/Ancestor","main","1ef4a891ae02dc95910f747a5163bb2edd608f28","output/Step3_Model_11_TwoStage/2026-08-05-15-56-55","2026-08-05-15-56-55","","tree","040000","82e4eddfa0473747380ad584acf63618b7eed1aa","","unknown","F_IRRELEVANT","False","False",""
"Drone-Motors-Unknown-Faults-Detection/Ancestor","main","1ef4a891ae02dc95910f747a5163bb2edd608f28","output/Step3_Model_11_TwoStage/2026-08-05-15-56-55/plot_000.png","plot_000.png",".png","blob","100644","277b616ca08409c9b75a469c98ff4aa48a693cb6","71550","metadata","F_IRRELEVANT","False","False",""
"Drone-Motors-Unknown-Faults-Detection/Ancestor","main","1ef4a891ae02dc95910f747a5163bb2edd608f28","output/Step3_Model_11_TwoStage/2026-08-05-15-56-55/plot_001.png","plot_001.png",".png","blob","100644","0b066930d2a36f339760257c8b4faa6fc623c71a","64495","metadata","F_IRRELEVANT","False","False",""
"Drone-Motors-Unknown-Faults-Detection/Ancestor","main","1ef4a891ae02dc95910f747a5163bb2edd608f28","output/Step3_Model_11_TwoStage/2026-08-05-15-56-55/plot_002.png","plot_002.png",".png","blob","100644","fdc82ce7e5519e09ef8793ae47bcd13002c67677","83157","metadata","F_IRRELEVANT","False","False",""
"Drone-Motors-Unknown-Faults-Detection/Ancestor","main","1ef4a891ae02dc95910f747a5163bb2edd608f28","output/Step3_Model_12_OneStage","Step3_Model_12_OneStage","","tree","040000","627b3ad45bad0d5913289c5d8a08658252a41938","","unknown","F_IRRELEVANT","False","False",""
"Drone-Motors-Unknown-Faults-Detection/Ancestor","main","1ef4a891ae02dc95910f747a5163bb2edd608f28","output/Step3_Model_12_OneStage/2026-08-05-15-41-45","2026-08-05-15-41-45","","tree","040000","43dbf0eb528186471197868e043fac81c2f0a90d","","unknown","F_IRRELEVANT","False","False",""
"Drone-Motors-Unknown-Faults-Detection/Ancestor","main","1ef4a891ae02dc95910f747a5163bb2edd608f28","output/Step3_Model_12_OneStage/2026-08-05-15-41-45/plot_000.png","plot_000.png",".png","blob","100644","041be15066acf2f8723e65b9598569d30fc875d1","97409","metadata","F_IRRELEVANT","False","False",""
"Drone-Motors-Unknown-Faults-Detection/Ancestor","main","1ef4a891ae02dc95910f747a5163bb2edd608f28","output/Step3_Model_12_OneStage/2026-08-05-15-41-45/plot_001.png","plot_001.png",".png","blob","100644","9fab5abaa3ada7942c38a8c34edab850097bf639","90343","metadata","F_IRRELEVANT","False","False",""
"Drone-Motors-Unknown-Faults-Detection/Ancestor","main","1ef4a891ae02dc95910f747a5163bb2edd608f28","output/Step3_Model_12_OneStage/2026-08-05-15-41-45/plot_002.png","plot_002.png",".png","blob","100644","679792f64748b2bc314b89dc3c847293125cf117","83135","metadata","F_IRRELEVANT","False","False",""
"Drone-Motors-Unknown-Faults-Detection/Ancestor","main","1ef4a891ae02dc95910f747a5163bb2edd608f28","output/Step3_Model_12_TwoStage","Step3_Model_12_TwoStage","","tree","040000","b98aad61ec4815036707ee677d15e1bfcb5f4ead","","unknown","F_IRRELEVANT","False","False",""
"Drone-Motors-Unknown-Faults-Detection/Ancestor","main","1ef4a891ae02dc95910f747a5163bb2edd608f28","output/Step3_Model_12_TwoStage/2026-08-05-15-58-09","2026-08-05-15-58-09","","tree","040000","0d8b3db7caacd26db9afa343e926f9f927a80231","","unknown","F_IRRELEVANT","False","False",""
"Drone-Motors-Unknown-Faults-Detection/Ancestor","main","1ef4a891ae02dc95910f747a5163bb2edd608f28","output/Step3_Model_12_TwoStage/2026-08-05-15-58-09/plot_000.png","plot_000.png",".png","blob","100644","d504195211dca0fe7ce3ce8ba0d8aaf7d776d6cc","95610","metadata","F_IRRELEVANT","False","False",""
"Drone-Motors-Unknown-Faults-Detection/Ancestor","main","1ef4a891ae02dc95910f747a5163bb2edd608f28","output/Step3_Model_12_TwoStage/2026-08-05-15-58-09/plot_001.png","plot_001.png",".png","blob","100644","e6aa8ed771f65c53ece7353aafb37508ffff5922","89685","metadata","F_IRRELEVANT","False","False",""
"Drone-Motors-Unknown-Faults-Detection/Ancestor","main","1ef4a891ae02dc95910f747a5163bb2edd608f28","output/Step3_Model_12_TwoStage/2026-08-05-15-58-09/plot_002.png","plot_002.png",".png","blob","100644","e3217f5c00b465926a277c9debcbd3b5076676f9","84253","metadata","F_IRRELEVANT","False","False",""
"Drone-Motors-Unknown-Faults-Detection/Ancestor","main","1ef4a891ae02dc95910f747a5163bb2edd608f28","output/Step3_Model_13_OneStage","Step3_Model_13_OneStage","","tree","040000","f697606e8fe966cbefc466605fdfdbd01966666c","","unknown","F_IRRELEVANT","False","False",""
"Drone-Motors-Unknown-Faults-Detection/Ancestor","main","1ef4a891ae02dc95910f747a5163bb2edd608f28","output/Step3_Model_13_OneStage/2026-08-05-15-42-29","2026-08-05-15-42-29","","tree","040000","f88a8aa2bdfb24f4e68fdbae34a773ad8110ae34","","unknown","F_IRRELEVANT","False","False",""
"Drone-Motors-Unknown-Faults-Detection/Ancestor","main","1ef4a891ae02dc95910f747a5163bb2edd608f28","output/Step3_Model_13_OneStage/2026-08-05-15-42-29/plot_000.png","plot_000.png",".png","blob","100644","36f61c31e238a1128827ad91a3e0bff86aacaafe","100401","metadata","F_IRRELEVANT","False","False",""
"Drone-Motors-Unknown-Faults-Detection/Ancestor","main","1ef4a891ae02dc95910f747a5163bb2edd608f28","output/Step3_Model_13_OneStage/2026-08-05-15-42-29/plot_001.png","plot_001.png",".png","blob","100644","8df57c25c8dc7b3a9caeaeddd256ae9efcf6fad7","75420","metadata","F_IRRELEVANT","False","False",""
"Drone-Motors-Unknown-Faults-Detection/Ancestor","main","1ef4a891ae02dc95910f747a5163bb2edd608f28","output/Step3_Model_13_OneStage/2026-08-05-15-42-29/plot_002.png","plot_002.png",".png","blob","100644","3ea109b2508e612865039732bd773435d26725f1","84063","metadata","F_IRRELEVANT","False","False",""
"Drone-Motors-Unknown-Faults-Detection/Ancestor","main","1ef4a891ae02dc95910f747a5163bb2edd608f28","output/Step3_Model_13_TwoStage","Step3_Model_13_TwoStage","","tree","040000","377862f6197c8ed140edcbba71ae235bbfc71461","","unknown","F_IRRELEVANT","False","False",""
"Drone-Motors-Unknown-Faults-Detection/Ancestor","main","1ef4a891ae02dc95910f747a5163bb2edd608f28","output/Step3_Model_13_TwoStage/2026-08-05-15-59-08","2026-08-05-15-59-08","","tree","040000","d3f21e4d6987813ebb4f66ccc199830665d76781","","unknown","F_IRRELEVANT","False","False",""
"Drone-Motors-Unknown-Faults-Detection/Ancestor","main","1ef4a891ae02dc95910f747a5163bb2edd608f28","output/Step3_Model_13_TwoStage/2026-08-05-15-59-08/plot_000.png","plot_000.png",".png","blob","100644","42353ec6cb683ed2b2e4447655297292950c9efa","107060","metadata","F_IRRELEVANT","False","False",""
"Drone-Motors-Unknown-Faults-Detection/Ancestor","main","1ef4a891ae02dc95910f747a5163bb2edd608f28","output/Step3_Model_13_TwoStage/2026-08-05-15-59-08/plot_001.png","plot_001.png",".png","blob","100644","dc512767e9f456d003ec71b66183bbdf9d49f30f","79435","metadata","F_IRRELEVANT","False","False",""
"Drone-Motors-Unknown-Faults-Detection/Ancestor","main","1ef4a891ae02dc95910f747a5163bb2edd608f28","output/Step3_Model_13_TwoStage/2026-08-05-15-59-08/plot_002.png","plot_002.png",".png","blob","100644","6388ef4ee581f80f2344d8a92e3c356e96809666","84957","metadata","F_IRRELEVANT","False","False",""
"Drone-Motors-Unknown-Faults-Detection/Ancestor","main","1ef4a891ae02dc95910f747a5163bb2edd608f28","output/Step3_Model_14_OneStage","Step3_Model_14_OneStage","","tree","040000","defacda3ddafbaa16e4a69e1ea626b47e1b3f95e","","unknown","F_IRRELEVANT","False","False",""
"Drone-Motors-Unknown-Faults-Detection/Ancestor","main","1ef4a891ae02dc95910f747a5163bb2edd608f28","output/Step3_Model_14_OneStage/2026-08-05-15-43-18","2026-08-05-15-43-18","","tree","040000","9890e51685716778bd925a3288f67d73f1a6ebaa","","unknown","F_IRRELEVANT","False","False",""
"Drone-Motors-Unknown-Faults-Detection/Ancestor","main","1ef4a891ae02dc95910f747a5163bb2edd608f28","output/Step3_Model_14_OneStage/2026-08-05-15-43-18/plot_000.png","plot_000.png",".png","blob","100644","9f95d1601507f4ececd12f0e8cc2fa1737b48fba","79191","metadata","F_IRRELEVANT","False","False",""
"Drone-Motors-Unknown-Faults-Detection/Ancestor","main","1ef4a891ae02dc95910f747a5163bb2edd608f28","output/Step3_Model_14_OneStage/2026-08-05-15-43-18/plot_001.png","plot_001.png",".png","blob","100644","674ef47bd77a4137e88ef9f2dfd33d184bf4e226","66629","metadata","F_IRRELEVANT","False","False",""
"Drone-Motors-Unknown-Faults-Detection/Ancestor","main","1ef4a891ae02dc95910f747a5163bb2edd608f28","output/Step3_Model_14_OneStage/2026-08-05-15-43-18/plot_002.png","plot_002.png",".png","blob","100644","b98d151d2aff0da01d2884438e914ea790f0f69c","83588","metadata","F_IRRELEVANT","False","False",""
"Drone-Motors-Unknown-Faults-Detection/Ancestor","main","1ef4a891ae02dc95910f747a5163bb2edd608f28","output/Step3_Model_14_TwoStage","Step3_Model_14_TwoStage","","tree","040000","3f9614179acbcbb22ae01bf645e7992b6948a61f","","unknown","F_IRRELEVANT","False","False",""
"Drone-Motors-Unknown-Faults-Detection/Ancestor","main","1ef4a891ae02dc95910f747a5163bb2edd608f28","output/Step3_Model_14_TwoStage/2026-08-05-15-59-59","2026-08-05-15-59-59","","tree","040000","0d04b43c81973ba58207eaac99552b710b090375","","unknown","F_IRRELEVANT","False","False",""
"Drone-Motors-Unknown-Faults-Detection/Ancestor","main","1ef4a891ae02dc95910f747a5163bb2edd608f28","output/Step3_Model_14_TwoStage/2026-08-05-15-59-59/plot_000.png","plot_000.png",".png","blob","100644","c138684d9469fea5b80a7bfa3bc0fbb617b3f22b","80033","metadata","F_IRRELEVANT","False","False",""
"Drone-Motors-Unknown-Faults-Detection/Ancestor","main","1ef4a891ae02dc95910f747a5163bb2edd608f28","output/Step3_Model_14_TwoStage/2026-08-05-15-59-59/plot_001.png","plot_001.png",".png","blob","100644","8a240e863405fee20ebaffa36de26b512a10bcf5","69089","metadata","F_IRRELEVANT","False","False",""
"Drone-Motors-Unknown-Faults-Detection/Ancestor","main","1ef4a891ae02dc95910f747a5163bb2edd608f28","output/Step3_Model_14_TwoStage/2026-08-05-15-59-59/plot_002.png","plot_002.png",".png","blob","100644","9a495e31b79fbbebdda7dc79753e223625321248","84447","metadata","F_IRRELEVANT","False","False",""
"Drone-Motors-Unknown-Faults-Detection/Ancestor","main","1ef4a891ae02dc95910f747a5163bb2edd608f28","output/Step3_Model_15_OneStage","Step3_Model_15_OneStage","","tree","040000","28624cbad0d3bddb2aba1ec2493736de3dbddb3c","","unknown","F_IRRELEVANT","False","False",""
"Drone-Motors-Unknown-Faults-Detection/Ancestor","main","1ef4a891ae02dc95910f747a5163bb2edd608f28","output/Step3_Model_15_OneStage/2026-08-05-15-44-27","2026-08-05-15-44-27","","tree","040000","2c124e503ec30b19769d599f317be05725794921","","unknown","F_IRRELEVANT","False","False",""
"Drone-Motors-Unknown-Faults-Detection/Ancestor","main","1ef4a891ae02dc95910f747a5163bb2edd608f28","output/Step3_Model_15_OneStage/2026-08-05-15-44-27/plot_000.png","plot_000.png",".png","blob","100644","7a1cfc5178e9143f46a8d9c230ee489bf5e6e0b4","106883","metadata","F_IRRELEVANT","False","False",""
"Drone-Motors-Unknown-Faults-Detection/Ancestor","main","1ef4a891ae02dc95910f747a5163bb2edd608f28","output/Step3_Model_15_OneStage/2026-08-05-15-44-27/plot_001.png","plot_001.png",".png","blob","100644","ae47e677622caa64e52747466d6dbb372ed6ca6b","93153","metadata","F_IRRELEVANT","False","False",""
"Drone-Motors-Unknown-Faults-Detection/Ancestor","main","1ef4a891ae02dc95910f747a5163bb2edd608f28","output/Step3_Model_15_OneStage/2026-08-05-15-44-27/plot_002.png","plot_002.png",".png","blob","100644","3cb1721baa6d78d2cbdeec022fb00e90013a439e","83718","metadata","F_IRRELEVANT","False","False",""
"Drone-Motors-Unknown-Faults-Detection/Ancestor","main","1ef4a891ae02dc95910f747a5163bb2edd608f28","output/Step3_Model_15_TwoStage","Step3_Model_15_TwoStage","","tree","040000","faea9b3fde2e8b0b48c2bb052842a5b08a9546bd","","unknown","F_IRRELEVANT","False","False",""
"Drone-Motors-Unknown-Faults-Detection/Ancestor","main","1ef4a891ae02dc95910f747a5163bb2edd608f28","output/Step3_Model_15_TwoStage/2026-08-05-16-01-09","2026-08-05-16-01-09","","tree","040000","0f3d78b18aae08fb0c7094d0aae8c26ba2051499","","unknown","F_IRRELEVANT","False","False",""
"Drone-Motors-Unknown-Faults-Detection/Ancestor","main","1ef4a891ae02dc95910f747a5163bb2edd608f28","output/Step3_Model_15_TwoStage/2026-08-05-16-01-09/plot_000.png","plot_000.png",".png","blob","100644","16de2e2f7e1cd69b98ba88e162d4ac33d8b31064","112738","metadata","F_IRRELEVANT","False","False",""
"Drone-Motors-Unknown-Faults-Detection/Ancestor","main","1ef4a891ae02dc95910f747a5163bb2edd608f28","output/Step3_Model_15_TwoStage/2026-08-05-16-01-09/plot_001.png","plot_001.png",".png","blob","100644","8cf863bba3a00a2f26e4ecde7d1c9b2f87e676e5","96608","metadata","F_IRRELEVANT","False","False",""
"Drone-Motors-Unknown-Faults-Detection/Ancestor","main","1ef4a891ae02dc95910f747a5163bb2edd608f28","output/Step3_Model_15_TwoStage/2026-08-05-16-01-09/plot_002.png","plot_002.png",".png","blob","100644","b620690dd6a86c6863c1cd604e655e1ad35e9786","82768","metadata","F_IRRELEVANT","False","False",""
"Drone-Motors-Unknown-Faults-Detection/Ancestor","main","1ef4a891ae02dc95910f747a5163bb2edd608f28","output/Step3_Model_16_OneStage","Step3_Model_16_OneStage","","tree","040000","2a3aa56035038826c7e196b54639f478270b981b","","unknown","F_IRRELEVANT","False","False",""
"Drone-Motors-Unknown-Faults-Detection/Ancestor","main","1ef4a891ae02dc95910f747a5163bb2edd608f28","output/Step3_Model_16_OneStage/2026-08-05-15-45-13","2026-08-05-15-45-13","","tree","040000","d514b10ac85143ce8b7953f4cdcf48ecfcfb1977","","unknown","F_IRRELEVANT","False","False",""
"Drone-Motors-Unknown-Faults-Detection/Ancestor","main","1ef4a891ae02dc95910f747a5163bb2edd608f28","output/Step3_Model_16_OneStage/2026-08-05-15-45-13/plot_000.png","plot_000.png",".png","blob","100644","7405d2c7e385165f8c114ee2b7f6e82d98df4cdc","101322","metadata","F_IRRELEVANT","False","False",""
"Drone-Motors-Unknown-Faults-Detection/Ancestor","main","1ef4a891ae02dc95910f747a5163bb2edd608f28","output/Step3_Model_16_OneStage/2026-08-05-15-45-13/plot_001.png","plot_001.png",".png","blob","100644","acdfb4b30a35e6c6bd3d66b73fbd1d29086be7f8","77424","metadata","F_IRRELEVANT","False","False",""
"Drone-Motors-Unknown-Faults-Detection/Ancestor","main","1ef4a891ae02dc95910f747a5163bb2edd608f28","output/Step3_Model_16_OneStage/2026-08-05-15-45-13/plot_002.png","plot_002.png",".png","blob","100644","3b5e33f8e200cb9d0b6800ea4f829a7adcaf5ee8","84638","metadata","F_IRRELEVANT","False","False",""
"Drone-Motors-Unknown-Faults-Detection/Ancestor","main","1ef4a891ae02dc95910f747a5163bb2edd608f28","output/Step3_Model_16_TwoStage","Step3_Model_16_TwoStage","","tree","040000","67af43e84a0b3ade7d947c8525cd4851a89f9e44","","unknown","F_IRRELEVANT","False","False",""
"Drone-Motors-Unknown-Faults-Detection/Ancestor","main","1ef4a891ae02dc95910f747a5163bb2edd608f28","output/Step3_Model_16_TwoStage/2026-08-05-16-02-01","2026-08-05-16-02-01","","tree","040000","943ba0071053c24c268c7ab4565284f27592ebc9","","unknown","F_IRRELEVANT","False","False",""
"Drone-Motors-Unknown-Faults-Detection/Ancestor","main","1ef4a891ae02dc95910f747a5163bb2edd608f28","output/Step3_Model_16_TwoStage/2026-08-05-16-02-01/plot_000.png","plot_000.png",".png","blob","100644","5384079576ce9a5d12e74c6bc5b31046626d308b","101076","metadata","F_IRRELEVANT","False","False",""
"Drone-Motors-Unknown-Faults-Detection/Ancestor","main","1ef4a891ae02dc95910f747a5163bb2edd608f28","output/Step3_Model_16_TwoStage/2026-08-05-16-02-01/plot_001.png","plot_001.png",".png","blob","100644","45aa6571f4a10c36603c191c52a65b8ae3a7b034","74981","metadata","F_IRRELEVANT","False","False",""
"Drone-Motors-Unknown-Faults-Detection/Ancestor","main","1ef4a891ae02dc95910f747a5163bb2edd608f28","output/Step3_Model_16_TwoStage/2026-08-05-16-02-01/plot_002.png","plot_002.png",".png","blob","100644","8f3030fe9322e8c6fed861faecf28225e563b5a3","83797","metadata","F_IRRELEVANT","False","False",""
"Drone-Motors-Unknown-Faults-Detection/Ancestor","main","1ef4a891ae02dc95910f747a5163bb2edd608f28","output/Step3_Model_17_OneStage","Step3_Model_17_OneStage","","tree","040000","a5b824974be4c2a4797060dcd10272f83ae0d1ab","","unknown","F_IRRELEVANT","False","False",""
"Drone-Motors-Unknown-Faults-Detection/Ancestor","main","1ef4a891ae02dc95910f747a5163bb2edd608f28","output/Step3_Model_17_OneStage/2026-08-05-15-46-01","2026-08-05-15-46-01","","tree","040000","38933e95d2ae95ee3e6aafeb1a15700aef3e9f69","","unknown","F_IRRELEVANT","False","False",""
"Drone-Motors-Unknown-Faults-Detection/Ancestor","main","1ef4a891ae02dc95910f747a5163bb2edd608f28","output/Step3_Model_17_OneStage/2026-08-05-15-46-01/plot_000.png","plot_000.png",".png","blob","100644","ed990c052d23503d0f9fd00c2a72df61c2ed872f","82606","metadata","F_IRRELEVANT","False","False",""
"Drone-Motors-Unknown-Faults-Detection/Ancestor","main","1ef4a891ae02dc95910f747a5163bb2edd608f28","output/Step3_Model_17_OneStage/2026-08-05-15-46-01/plot_001.png","plot_001.png",".png","blob","100644","3382cb9e9258624c366e22f001af7afeb2f25d80","70435","metadata","F_IRRELEVANT","False","False",""
"Drone-Motors-Unknown-Faults-Detection/Ancestor","main","1ef4a891ae02dc95910f747a5163bb2edd608f28","output/Step3_Model_17_OneStage/2026-08-05-15-46-01/plot_002.png","plot_002.png",".png","blob","100644","0158167bf76cfd5045d3f35d23d791163c13ca95","84068","metadata","F_IRRELEVANT","False","False",""
"Drone-Motors-Unknown-Faults-Detection/Ancestor","main","1ef4a891ae02dc95910f747a5163bb2edd608f28","output/Step3_Model_17_TwoStage","Step3_Model_17_TwoStage","","tree","040000","e7ae77880f94a58286e462c6f777fc2c6faae678","","unknown","F_IRRELEVANT","False","False",""
"Drone-Motors-Unknown-Faults-Detection/Ancestor","main","1ef4a891ae02dc95910f747a5163bb2edd608f28","output/Step3_Model_17_TwoStage/2026-08-05-16-02-50","2026-08-05-16-02-50","","tree","040000","a254876cdb891120a76b52ff4810738b8c7729a9","","unknown","F_IRRELEVANT","False","False",""
"Drone-Motors-Unknown-Faults-Detection/Ancestor","main","1ef4a891ae02dc95910f747a5163bb2edd608f28","output/Step3_Model_17_TwoStage/2026-08-05-16-02-50/plot_000.png","plot_000.png",".png","blob","100644","840c5566758b1ca7944e2346d379b7a64180828f","79160","metadata","F_IRRELEVANT","False","False",""
"Drone-Motors-Unknown-Faults-Detection/Ancestor","main","1ef4a891ae02dc95910f747a5163bb2edd608f28","output/Step3_Model_17_TwoStage/2026-08-05-16-02-50/plot_001.png","plot_001.png",".png","blob","100644","264210361be1b0f5c4091226b373185cbff749a0","68023","metadata","F_IRRELEVANT","False","False",""
"Drone-Motors-Unknown-Faults-Detection/Ancestor","main","1ef4a891ae02dc95910f747a5163bb2edd608f28","output/Step3_Model_17_TwoStage/2026-08-05-16-02-50/plot_002.png","plot_002.png",".png","blob","100644","9a3046cb986e7f62453c155de0cf48f9951222a6","82861","metadata","F_IRRELEVANT","False","False",""
"Drone-Motors-Unknown-Faults-Detection/Ancestor","main","1ef4a891ae02dc95910f747a5163bb2edd608f28","output/Step3_Model_18_OneStage","Step3_Model_18_OneStage","","tree","040000","66745558c70bb1ee1c9859f690404e4c8f22c2a3","","unknown","F_IRRELEVANT","False","False",""
"Drone-Motors-Unknown-Faults-Detection/Ancestor","main","1ef4a891ae02dc95910f747a5163bb2edd608f28","output/Step3_Model_18_OneStage/2026-08-05-15-47-11","2026-08-05-15-47-11","","tree","040000","46622dd6f564dcf6ec3054a1b41e8efd674eb89d","","unknown","F_IRRELEVANT","False","False",""
"Drone-Motors-Unknown-Faults-Detection/Ancestor","main","1ef4a891ae02dc95910f747a5163bb2edd608f28","output/Step3_Model_18_OneStage/2026-08-05-15-47-11/plot_000.png","plot_000.png",".png","blob","100644","114f04e8a8795a8ece9c7f3cf74e624de7a83ced","106317","metadata","F_IRRELEVANT","False","False",""
"Drone-Motors-Unknown-Faults-Detection/Ancestor","main","1ef4a891ae02dc95910f747a5163bb2edd608f28","output/Step3_Model_18_OneStage/2026-08-05-15-47-11/plot_001.png","plot_001.png",".png","blob","100644","1b7d2b40ab42ed171dd2c5678892e21a8fd1b132","104010","metadata","F_IRRELEVANT","False","False",""
"Drone-Motors-Unknown-Faults-Detection/Ancestor","main","1ef4a891ae02dc95910f747a5163bb2edd608f28","output/Step3_Model_18_OneStage/2026-08-05-15-47-11/plot_002.png","plot_002.png",".png","blob","100644","4bc96e9f54687c6fb37ef0418e38c3b6abfa0044","84295","metadata","F_IRRELEVANT","False","False",""
"Drone-Motors-Unknown-Faults-Detection/Ancestor","main","1ef4a891ae02dc95910f747a5163bb2edd608f28","output/Step3_Model_18_TwoStage","Step3_Model_18_TwoStage","","tree","040000","7a4ece380ad2b42cee6f35113e3f20d65d1ef3e6","","unknown","F_IRRELEVANT","False","False",""
"Drone-Motors-Unknown-Faults-Detection/Ancestor","main","1ef4a891ae02dc95910f747a5163bb2edd608f28","output/Step3_Model_18_TwoStage/2026-08-05-16-04-00","2026-08-05-16-04-00","","tree","040000","ee73d6388222b2822cd922ba75ad977a83db22ae","","unknown","F_IRRELEVANT","False","False",""
"Drone-Motors-Unknown-Faults-Detection/Ancestor","main","1ef4a891ae02dc95910f747a5163bb2edd608f28","output/Step3_Model_18_TwoStage/2026-08-05-16-04-00/plot_000.png","plot_000.png",".png","blob","100644","960b9900ef459b2faf943c66167da700241ab28d","109885","metadata","F_IRRELEVANT","False","False",""
"Drone-Motors-Unknown-Faults-Detection/Ancestor","main","1ef4a891ae02dc95910f747a5163bb2edd608f28","output/Step3_Model_18_TwoStage/2026-08-05-16-04-00/plot_001.png","plot_001.png",".png","blob","100644","5a0a90e9c3941f3ade60173ea97b8ed1e9ab611e","80681","metadata","F_IRRELEVANT","False","False",""
"Drone-Motors-Unknown-Faults-Detection/Ancestor","main","1ef4a891ae02dc95910f747a5163bb2edd608f28","output/Step3_Model_18_TwoStage/2026-08-05-16-04-00/plot_002.png","plot_002.png",".png","blob","100644","afb9816536f3cd3445a2757933bd6030e8e9185c","85162","metadata","F_IRRELEVANT","False","False",""
"Drone-Motors-Unknown-Faults-Detection/Ancestor","main","1ef4a891ae02dc95910f747a5163bb2edd608f28","output/Step3_Model_19_OneStage","Step3_Model_19_OneStage","","tree","040000","27acf3c33b5d97454118b39790a0ee71a11c1bf4","","unknown","F_IRRELEVANT","False","False",""
"Drone-Motors-Unknown-Faults-Detection/Ancestor","main","1ef4a891ae02dc95910f747a5163bb2edd608f28","output/Step3_Model_19_OneStage/2026-08-05-15-48-05","2026-08-05-15-48-05","","tree","040000","d90e543d002524a4dcc9093c6962d51e8c5603b8","","unknown","F_IRRELEVANT","False","False",""
"Drone-Motors-Unknown-Faults-Detection/Ancestor","main","1ef4a891ae02dc95910f747a5163bb2edd608f28","output/Step3_Model_19_OneStage/2026-08-05-15-48-05/plot_000.png","plot_000.png",".png","blob","100644","f82b5956ed38fdd0752ced0346b66fbb9a545464","102086","metadata","F_IRRELEVANT","False","False",""
"Drone-Motors-Unknown-Faults-Detection/Ancestor","main","1ef4a891ae02dc95910f747a5163bb2edd608f28","output/Step3_Model_19_OneStage/2026-08-05-15-48-05/plot_001.png","plot_001.png",".png","blob","100644","dfafa3627433e610b3373ff00223edbe6e380485","88944","metadata","F_IRRELEVANT","False","False",""
"Drone-Motors-Unknown-Faults-Detection/Ancestor","main","1ef4a891ae02dc95910f747a5163bb2edd608f28","output/Step3_Model_19_OneStage/2026-08-05-15-48-05/plot_002.png","plot_002.png",".png","blob","100644","d1c92b3d8c3fc466cd15b04c4b2fe360199f2edd","84224","metadata","F_IRRELEVANT","False","False",""
"Drone-Motors-Unknown-Faults-Detection/Ancestor","main","1ef4a891ae02dc95910f747a5163bb2edd608f28","output/Step3_Model_19_TwoStage","Step3_Model_19_TwoStage","","tree","040000","380d60ccfb7a2bc009b5f63618b07a741e7c3055","","unknown","F_IRRELEVANT","False","False",""
"Drone-Motors-Unknown-Faults-Detection/Ancestor","main","1ef4a891ae02dc95910f747a5163bb2edd608f28","output/Step3_Model_19_TwoStage/2026-08-05-16-04-54","2026-08-05-16-04-54","","tree","040000","f56ad4d717f402900a5ccfdf1b0ee9b8d3c4fc48","","unknown","F_IRRELEVANT","False","False",""
"Drone-Motors-Unknown-Faults-Detection/Ancestor","main","1ef4a891ae02dc95910f747a5163bb2edd608f28","output/Step3_Model_19_TwoStage/2026-08-05-16-04-54/plot_000.png","plot_000.png",".png","blob","100644","92e5d55a09e7965cf25c66559ae6e91c2d18e54d","99277","metadata","F_IRRELEVANT","False","False",""
"Drone-Motors-Unknown-Faults-Detection/Ancestor","main","1ef4a891ae02dc95910f747a5163bb2edd608f28","output/Step3_Model_19_TwoStage/2026-08-05-16-04-54/plot_001.png","plot_001.png",".png","blob","100644","a05c9b59239e3ddf6bee09b64975b5524b469586","89066","metadata","F_IRRELEVANT","False","False",""
"Drone-Motors-Unknown-Faults-Detection/Ancestor","main","1ef4a891ae02dc95910f747a5163bb2edd608f28","output/Step3_Model_19_TwoStage/2026-08-05-16-04-54/plot_002.png","plot_002.png",".png","blob","100644","f9ef61cfa70bfafed1adb22b81bdf7362bd00e2d","85114","metadata","F_IRRELEVANT","False","False",""
"Drone-Motors-Unknown-Faults-Detection/Ancestor","main","1ef4a891ae02dc95910f747a5163bb2edd608f28","output/Step3_Model_20_OneStage","Step3_Model_20_OneStage","","tree","040000","4c9911152c6ff36d6f2b79909b7c3a6ad1982ccf","","unknown","F_IRRELEVANT","False","False",""
"Drone-Motors-Unknown-Faults-Detection/Ancestor","main","1ef4a891ae02dc95910f747a5163bb2edd608f28","output/Step3_Model_20_OneStage/2026-08-05-15-48-54","2026-08-05-15-48-54","","tree","040000","129afaa2d29bdfbbb0c28c4e2a02cd5407652fc5","","unknown","F_IRRELEVANT","False","False",""
"Drone-Motors-Unknown-Faults-Detection/Ancestor","main","1ef4a891ae02dc95910f747a5163bb2edd608f28","output/Step3_Model_20_OneStage/2026-08-05-15-48-54/plot_000.png","plot_000.png",".png","blob","100644","233a5e4bbd0a4258eb7c85250719e64542392e4b","86814","metadata","F_IRRELEVANT","False","False",""
"Drone-Motors-Unknown-Faults-Detection/Ancestor","main","1ef4a891ae02dc95910f747a5163bb2edd608f28","output/Step3_Model_20_OneStage/2026-08-05-15-48-54/plot_001.png","plot_001.png",".png","blob","100644","e7fc7bd76f80f465d6378ea229aa6c29f6ab44cd","68219","metadata","F_IRRELEVANT","False","False",""
"Drone-Motors-Unknown-Faults-Detection/Ancestor","main","1ef4a891ae02dc95910f747a5163bb2edd608f28","output/Step3_Model_20_OneStage/2026-08-05-15-48-54/plot_002.png","plot_002.png",".png","blob","100644","4de621c36e10762715ccb47acad802ca75b7317a","84404","metadata","F_IRRELEVANT","False","False",""
"Drone-Motors-Unknown-Faults-Detection/Ancestor","main","1ef4a891ae02dc95910f747a5163bb2edd608f28","output/Step3_Model_20_TwoStage","Step3_Model_20_TwoStage","","tree","040000","60467cb6b9aae7635306b70647dd1f4d78ed92f9","","unknown","F_IRRELEVANT","False","False",""
"Drone-Motors-Unknown-Faults-Detection/Ancestor","main","1ef4a891ae02dc95910f747a5163bb2edd608f28","output/Step3_Model_20_TwoStage/2026-08-05-16-05-43","2026-08-05-16-05-43","","tree","040000","05772392da309af6fa86a5f217105fcb14093fc2","","unknown","F_IRRELEVANT","False","False",""
"Drone-Motors-Unknown-Faults-Detection/Ancestor","main","1ef4a891ae02dc95910f747a5163bb2edd608f28","output/Step3_Model_20_TwoStage/2026-08-05-16-05-43/plot_000.png","plot_000.png",".png","blob","100644","49cfd0574a02cb0e722cc0ca7b5a5e15f20cb551","85527","metadata","F_IRRELEVANT","False","False",""
"Drone-Motors-Unknown-Faults-Detection/Ancestor","main","1ef4a891ae02dc95910f747a5163bb2edd608f28","output/Step3_Model_20_TwoStage/2026-08-05-16-05-43/plot_001.png","plot_001.png",".png","blob","100644","c8bbc67e5da72ec8d90c9b27bb5eb7eacc0947d8","65831","metadata","F_IRRELEVANT","False","False",""
"Drone-Motors-Unknown-Faults-Detection/Ancestor","main","1ef4a891ae02dc95910f747a5163bb2edd608f28","output/Step3_Model_20_TwoStage/2026-08-05-16-05-43/plot_002.png","plot_002.png",".png","blob","100644","f8dd2849f241ee0b313a5b154fe50d00c7ed5305","84041","metadata","F_IRRELEVANT","False","False",""
"Drone-Motors-Unknown-Faults-Detection/Ancestor","main","1ef4a891ae02dc95910f747a5163bb2edd608f28","output/Step3_Model_21_OneStage","Step3_Model_21_OneStage","","tree","040000","e59facfaaef2540ae083451e4971996b57d6911e","","unknown","F_IRRELEVANT","False","False",""
"Drone-Motors-Unknown-Faults-Detection/Ancestor","main","1ef4a891ae02dc95910f747a5163bb2edd608f28","output/Step3_Model_21_OneStage/2026-08-05-15-50-03","2026-08-05-15-50-03","","tree","040000","5012b7931489472614dd28a7cf6228b7b95d0e2f","","unknown","F_IRRELEVANT","False","False",""
"Drone-Motors-Unknown-Faults-Detection/Ancestor","main","1ef4a891ae02dc95910f747a5163bb2edd608f28","output/Step3_Model_21_OneStage/2026-08-05-15-50-03/plot_000.png","plot_000.png",".png","blob","100644","a2c9b12e04e64462208131d38a6d97e6eff0e01a","106814","metadata","F_IRRELEVANT","False","False",""
"Drone-Motors-Unknown-Faults-Detection/Ancestor","main","1ef4a891ae02dc95910f747a5163bb2edd608f28","output/Step3_Model_21_OneStage/2026-08-05-15-50-03/plot_001.png","plot_001.png",".png","blob","100644","91fe870d2b0aa9436a6d84c8b7f65c7581d3ced9","106970","metadata","F_IRRELEVANT","False","False",""
"Drone-Motors-Unknown-Faults-Detection/Ancestor","main","1ef4a891ae02dc95910f747a5163bb2edd608f28","output/Step3_Model_21_OneStage/2026-08-05-15-50-03/plot_002.png","plot_002.png",".png","blob","100644","ff18e43782be6e51339741e8030674c3beb5c02d","82567","metadata","F_IRRELEVANT","False","False",""
"Drone-Motors-Unknown-Faults-Detection/Ancestor","main","1ef4a891ae02dc95910f747a5163bb2edd608f28","output/Step3_Model_21_TwoStage","Step3_Model_21_TwoStage","","tree","040000","66cae9e63734b7dc16e7cbdb454ace49d3b14f47","","unknown","F_IRRELEVANT","False","False",""
"Drone-Motors-Unknown-Faults-Detection/Ancestor","main","1ef4a891ae02dc95910f747a5163bb2edd608f28","output/Step3_Model_21_TwoStage/2026-08-05-16-06-52","2026-08-05-16-06-52","","tree","040000","3333e80486b75127cd3624fbe0b910b30fede6e9","","unknown","F_IRRELEVANT","False","False",""
"Drone-Motors-Unknown-Faults-Detection/Ancestor","main","1ef4a891ae02dc95910f747a5163bb2edd608f28","output/Step3_Model_21_TwoStage/2026-08-05-16-06-52/plot_000.png","plot_000.png",".png","blob","100644","f0a108d5b319d88779911b805eafea350eb4332c","109002","metadata","F_IRRELEVANT","False","False",""
"Drone-Motors-Unknown-Faults-Detection/Ancestor","main","1ef4a891ae02dc95910f747a5163bb2edd608f28","output/Step3_Model_21_TwoStage/2026-08-05-16-06-52/plot_001.png","plot_001.png",".png","blob","100644","620d154cfeefd7775c9382e4b4f8ffa4f1338c61","105594","metadata","F_IRRELEVANT","False","False",""
"Drone-Motors-Unknown-Faults-Detection/Ancestor","main","1ef4a891ae02dc95910f747a5163bb2edd608f28","output/Step3_Model_21_TwoStage/2026-08-05-16-06-52/plot_002.png","plot_002.png",".png","blob","100644","4fdba319060114bd8bb3c15cfb526a21d6282520","84474","metadata","F_IRRELEVANT","False","False",""
"Drone-Motors-Unknown-Faults-Detection/Ancestor","main","1ef4a891ae02dc95910f747a5163bb2edd608f28","output/Step3_Model_22_OneStage","Step3_Model_22_OneStage","","tree","040000","a2c5f3288bd0afce3aa0631517799b9400a8b2fd","","unknown","F_IRRELEVANT","False","False",""
"Drone-Motors-Unknown-Faults-Detection/Ancestor","main","1ef4a891ae02dc95910f747a5163bb2edd608f28","output/Step3_Model_22_OneStage/2026-08-05-15-50-56","2026-08-05-15-50-56","","tree","040000","537685b18a481a19dcb39d1e64c070ac72872326","","unknown","F_IRRELEVANT","False","False",""
"Drone-Motors-Unknown-Faults-Detection/Ancestor","main","1ef4a891ae02dc95910f747a5163bb2edd608f28","output/Step3_Model_22_OneStage/2026-08-05-15-50-56/plot_000.png","plot_000.png",".png","blob","100644","b9d4832a70851e58f19c457f0386982bc4abe6b5","105908","metadata","F_IRRELEVANT","False","False",""
"Drone-Motors-Unknown-Faults-Detection/Ancestor","main","1ef4a891ae02dc95910f747a5163bb2edd608f28","output/Step3_Model_22_OneStage/2026-08-05-15-50-56/plot_001.png","plot_001.png",".png","blob","100644","e0daf5045af1d10aa02066d5a52edc1703f47c5a","79336","metadata","F_IRRELEVANT","False","False",""
"Drone-Motors-Unknown-Faults-Detection/Ancestor","main","1ef4a891ae02dc95910f747a5163bb2edd608f28","output/Step3_Model_22_OneStage/2026-08-05-15-50-56/plot_002.png","plot_002.png",".png","blob","100644","eb93af70882d26cd8cd1ce8bf0311e341087ac21","84778","metadata","F_IRRELEVANT","False","False",""
"Drone-Motors-Unknown-Faults-Detection/Ancestor","main","1ef4a891ae02dc95910f747a5163bb2edd608f28","output/Step3_Model_22_TwoStage","Step3_Model_22_TwoStage","","tree","040000","b998b1f24ebcfe25b4807940f30e754cbda83c85","","unknown","F_IRRELEVANT","False","False",""
"Drone-Motors-Unknown-Faults-Detection/Ancestor","main","1ef4a891ae02dc95910f747a5163bb2edd608f28","output/Step3_Model_22_TwoStage/2026-08-05-16-07-45","2026-08-05-16-07-45","","tree","040000","618edecef45c67b212bc2c2b65756e6fc9677b4a","","unknown","F_IRRELEVANT","False","False",""
"Drone-Motors-Unknown-Faults-Detection/Ancestor","main","1ef4a891ae02dc95910f747a5163bb2edd608f28","output/Step3_Model_22_TwoStage/2026-08-05-16-07-45/plot_000.png","plot_000.png",".png","blob","100644","59f30ee70007f215a8674e3865e740c02d12e5d9","110625","metadata","F_IRRELEVANT","False","False",""
"Drone-Motors-Unknown-Faults-Detection/Ancestor","main","1ef4a891ae02dc95910f747a5163bb2edd608f28","output/Step3_Model_22_TwoStage/2026-08-05-16-07-45/plot_001.png","plot_001.png",".png","blob","100644","9dbb695c56137923d95c715fdaca029199a42608","93158","metadata","F_IRRELEVANT","False","False",""
"Drone-Motors-Unknown-Faults-Detection/Ancestor","main","1ef4a891ae02dc95910f747a5163bb2edd608f28","output/Step3_Model_22_TwoStage/2026-08-05-16-07-45/plot_002.png","plot_002.png",".png","blob","100644","0645182991cc6f93177e091b519ad9099520831b","85677","metadata","F_IRRELEVANT","False","False",""
"Drone-Motors-Unknown-Faults-Detection/Ancestor","main","1ef4a891ae02dc95910f747a5163bb2edd608f28","output/Step3_Model_23_OneStage","Step3_Model_23_OneStage","","tree","040000","9041ec6ea6d0ba414ff4aa7ce20b9773543410b4","","unknown","F_IRRELEVANT","False","False",""
"Drone-Motors-Unknown-Faults-Detection/Ancestor","main","1ef4a891ae02dc95910f747a5163bb2edd608f28","output/Step3_Model_23_OneStage/2026-08-05-15-51-45","2026-08-05-15-51-45","","tree","040000","e92bba61ab605f343eda0d55ab3095cfa524e428","","unknown","F_IRRELEVANT","False","False",""
"Drone-Motors-Unknown-Faults-Detection/Ancestor","main","1ef4a891ae02dc95910f747a5163bb2edd608f28","output/Step3_Model_23_OneStage/2026-08-05-15-51-45/plot_000.png","plot_000.png",".png","blob","100644","78830489abbff58ad36ae68b330fdc6e90f2994b","84023","metadata","F_IRRELEVANT","False","False",""
"Drone-Motors-Unknown-Faults-Detection/Ancestor","main","1ef4a891ae02dc95910f747a5163bb2edd608f28","output/Step3_Model_23_OneStage/2026-08-05-15-51-45/plot_001.png","plot_001.png",".png","blob","100644","cb273743bef8e3cff3d0d3cbe4b2a87b6d8bacd4","74701","metadata","F_IRRELEVANT","False","False",""
"Drone-Motors-Unknown-Faults-Detection/Ancestor","main","1ef4a891ae02dc95910f747a5163bb2edd608f28","output/Step3_Model_23_OneStage/2026-08-05-15-51-45/plot_002.png","plot_002.png",".png","blob","100644","2a9b19927637c2720a8bd3d8e441a225b6a916b5","84731","metadata","F_IRRELEVANT","False","False",""
"Drone-Motors-Unknown-Faults-Detection/Ancestor","main","1ef4a891ae02dc95910f747a5163bb2edd608f28","output/Step3_Model_23_TwoStage","Step3_Model_23_TwoStage","","tree","040000","836aff75a3d540be65cedff74a616b79610322d2","","unknown","F_IRRELEVANT","False","False",""
"Drone-Motors-Unknown-Faults-Detection/Ancestor","main","1ef4a891ae02dc95910f747a5163bb2edd608f28","output/Step3_Model_23_TwoStage/2026-08-05-16-08-34","2026-08-05-16-08-34","","tree","040000","9cf0db9e28608c6687df400befca98076fdf2963","","unknown","F_IRRELEVANT","False","False",""
"Drone-Motors-Unknown-Faults-Detection/Ancestor","main","1ef4a891ae02dc95910f747a5163bb2edd608f28","output/Step3_Model_23_TwoStage/2026-08-05-16-08-34/plot_000.png","plot_000.png",".png","blob","100644","cd9bf6b9d0edb77dc38c32ff66aa42b906bdcd7a","80982","metadata","F_IRRELEVANT","False","False",""
"Drone-Motors-Unknown-Faults-Detection/Ancestor","main","1ef4a891ae02dc95910f747a5163bb2edd608f28","output/Step3_Model_23_TwoStage/2026-08-05-16-08-34/plot_001.png","plot_001.png",".png","blob","100644","8915be5ac18234471959be1596a4d6d713d1d309","74897","metadata","F_IRRELEVANT","False","False",""
"Drone-Motors-Unknown-Faults-Detection/Ancestor","main","1ef4a891ae02dc95910f747a5163bb2edd608f28","output/Step3_Model_23_TwoStage/2026-08-05-16-08-34/plot_002.png","plot_002.png",".png","blob","100644","13a1d1bd73956e462f5f6b244fe33521b718b8c0","85636","metadata","F_IRRELEVANT","False","False",""
"Drone-Motors-Unknown-Faults-Detection/Ancestor","main","1ef4a891ae02dc95910f747a5163bb2edd608f28","output/Step3_Model_24_OneStage","Step3_Model_24_OneStage","","tree","040000","a32e3a356a10b24e3bafdd3bfe110542bb3e515d","","unknown","F_IRRELEVANT","False","False",""
"Drone-Motors-Unknown-Faults-Detection/Ancestor","main","1ef4a891ae02dc95910f747a5163bb2edd608f28","output/Step3_Model_24_OneStage/2026-08-05-15-52-28","2026-08-05-15-52-28","","tree","040000","da5266b67dbc41f78c4a49fd59553238fc41ef64","","unknown","F_IRRELEVANT","False","False",""
"Drone-Motors-Unknown-Faults-Detection/Ancestor","main","1ef4a891ae02dc95910f747a5163bb2edd608f28","output/Step3_Model_24_OneStage/2026-08-05-15-52-28/plot_000.png","plot_000.png",".png","blob","100644","5792b3f1caf6c1c36a978c974d2b55aefa696aea","103990","metadata","F_IRRELEVANT","False","False",""
"Drone-Motors-Unknown-Faults-Detection/Ancestor","main","1ef4a891ae02dc95910f747a5163bb2edd608f28","output/Step3_Model_24_OneStage/2026-08-05-15-52-28/plot_001.png","plot_001.png",".png","blob","100644","fa5359d253fb5f4b6037f7628470e6b7a1e1f8a5","104510","metadata","F_IRRELEVANT","False","False",""
"Drone-Motors-Unknown-Faults-Detection/Ancestor","main","1ef4a891ae02dc95910f747a5163bb2edd608f28","output/Step3_Model_24_OneStage/2026-08-05-15-52-28/plot_002.png","plot_002.png",".png","blob","100644","7caa822fb0ef22dda74d86e4159289dab0c7cd62","83160","metadata","F_IRRELEVANT","False","False",""
"Drone-Motors-Unknown-Faults-Detection/Ancestor","main","1ef4a891ae02dc95910f747a5163bb2edd608f28","output/Step3_Model_24_TwoStage","Step3_Model_24_TwoStage","","tree","040000","2a0110588c75ec68e9299d34392553c6aa171e06","","unknown","F_IRRELEVANT","False","False",""
"Drone-Motors-Unknown-Faults-Detection/Ancestor","main","1ef4a891ae02dc95910f747a5163bb2edd608f28","output/Step3_Model_24_TwoStage/2026-08-05-16-09-13","2026-08-05-16-09-13","","tree","040000","5d2e0c6aa3f2755c0331b825ba9819bef3199ec6","","unknown","F_IRRELEVANT","False","False",""
"Drone-Motors-Unknown-Faults-Detection/Ancestor","main","1ef4a891ae02dc95910f747a5163bb2edd608f28","output/Step3_Model_24_TwoStage/2026-08-05-16-09-13/plot_000.png","plot_000.png",".png","blob","100644","055058a423488a19b5dd252ed8dd8c852550bbf8","117339","metadata","F_IRRELEVANT","False","False",""
"Drone-Motors-Unknown-Faults-Detection/Ancestor","main","1ef4a891ae02dc95910f747a5163bb2edd608f28","output/Step3_Model_24_TwoStage/2026-08-05-16-09-13/plot_001.png","plot_001.png",".png","blob","100644","9f31b5d478302899d79691d0e6e750115fb88490","98938","metadata","F_IRRELEVANT","False","False",""
"Drone-Motors-Unknown-Faults-Detection/Ancestor","main","1ef4a891ae02dc95910f747a5163bb2edd608f28","output/Step3_Model_24_TwoStage/2026-08-05-16-09-13/plot_002.png","plot_002.png",".png","blob","100644","a1dd3725698d23c34edfad320e3b8cf43697f885","83288","metadata","F_IRRELEVANT","False","False",""
"Drone-Motors-Unknown-Faults-Detection/Ancestor","main","1ef4a891ae02dc95910f747a5163bb2edd608f28","output/Step3_Model_25_OneStage","Step3_Model_25_OneStage","","tree","040000","2e246e75ae0b16b63ba00bd4ee0b170ff1ac89bf","","unknown","F_IRRELEVANT","False","False",""
"Drone-Motors-Unknown-Faults-Detection/Ancestor","main","1ef4a891ae02dc95910f747a5163bb2edd608f28","output/Step3_Model_25_OneStage/2026-08-05-15-53-21","2026-08-05-15-53-21","","tree","040000","7e6c84e0736e19b19aeb38bf1b1509a1b58c2b60","","unknown","F_IRRELEVANT","False","False",""
"Drone-Motors-Unknown-Faults-Detection/Ancestor","main","1ef4a891ae02dc95910f747a5163bb2edd608f28","output/Step3_Model_25_OneStage/2026-08-05-15-53-21/plot_000.png","plot_000.png",".png","blob","100644","cb895bc3244c5fc038e7e25055d84f532b9b926b","103750","metadata","F_IRRELEVANT","False","False",""
"Drone-Motors-Unknown-Faults-Detection/Ancestor","main","1ef4a891ae02dc95910f747a5163bb2edd608f28","output/Step3_Model_25_OneStage/2026-08-05-15-53-21/plot_001.png","plot_001.png",".png","blob","100644","67776b62b7236d276092d9ea7c7c2498c4f1fe8e","83064","metadata","F_IRRELEVANT","False","False",""
"Drone-Motors-Unknown-Faults-Detection/Ancestor","main","1ef4a891ae02dc95910f747a5163bb2edd608f28","output/Step3_Model_25_OneStage/2026-08-05-15-53-21/plot_002.png","plot_002.png",".png","blob","100644","25cb7c9ce5e7ec0aacaf4a4976d0ef9d5f2e59c3","83891","metadata","F_IRRELEVANT","False","False",""
"Drone-Motors-Unknown-Faults-Detection/Ancestor","main","1ef4a891ae02dc95910f747a5163bb2edd608f28","output/Step3_Model_25_TwoStage","Step3_Model_25_TwoStage","","tree","040000","d3f0a1d4b65412a3415bdff9d0365d0d0aac39cb","","unknown","F_IRRELEVANT","False","False",""
"Drone-Motors-Unknown-Faults-Detection/Ancestor","main","1ef4a891ae02dc95910f747a5163bb2edd608f28","output/Step3_Model_25_TwoStage/2026-08-05-16-10-06","2026-08-05-16-10-06","","tree","040000","f207dfcd2ca58edc949fe258f1ec98fc82410e1e","","unknown","F_IRRELEVANT","False","False",""
"Drone-Motors-Unknown-Faults-Detection/Ancestor","main","1ef4a891ae02dc95910f747a5163bb2edd608f28","output/Step3_Model_25_TwoStage/2026-08-05-16-10-06/plot_000.png","plot_000.png",".png","blob","100644","aaf1c734c5cad1a556ead223728bd1606ac0096a","103310","metadata","F_IRRELEVANT","False","False",""
"Drone-Motors-Unknown-Faults-Detection/Ancestor","main","1ef4a891ae02dc95910f747a5163bb2edd608f28","output/Step3_Model_25_TwoStage/2026-08-05-16-10-06/plot_001.png","plot_001.png",".png","blob","100644","93eb436297243c732546bf46970b62a273af9eec","81916","metadata","F_IRRELEVANT","False","False",""
"Drone-Motors-Unknown-Faults-Detection/Ancestor","main","1ef4a891ae02dc95910f747a5163bb2edd608f28","output/Step3_Model_25_TwoStage/2026-08-05-16-10-06/plot_002.png","plot_002.png",".png","blob","100644","38b18e7c145c13e67b4b625847f2af2351dc0029","84845","metadata","F_IRRELEVANT","False","False",""
"Drone-Motors-Unknown-Faults-Detection/Ancestor","main","1ef4a891ae02dc95910f747a5163bb2edd608f28","output/Step3_Model_26_OneStage","Step3_Model_26_OneStage","","tree","040000","2a62c0f2e7abef7f852b487792c26ed8bf07c98f","","unknown","F_IRRELEVANT","False","False",""
"Drone-Motors-Unknown-Faults-Detection/Ancestor","main","1ef4a891ae02dc95910f747a5163bb2edd608f28","output/Step3_Model_26_OneStage/2026-08-05-15-54-10","2026-08-05-15-54-10","","tree","040000","01f68e5f8c174dacae23be707fe55ef93610f1da","","unknown","F_IRRELEVANT","False","False",""
"Drone-Motors-Unknown-Faults-Detection/Ancestor","main","1ef4a891ae02dc95910f747a5163bb2edd608f28","output/Step3_Model_26_OneStage/2026-08-05-15-54-10/plot_000.png","plot_000.png",".png","blob","100644","15e9d10642116d316f6273b7f31ad40b50b9ab95","90120","metadata","F_IRRELEVANT","False","False",""
"Drone-Motors-Unknown-Faults-Detection/Ancestor","main","1ef4a891ae02dc95910f747a5163bb2edd608f28","output/Step3_Model_26_OneStage/2026-08-05-15-54-10/plot_001.png","plot_001.png",".png","blob","100644","f9748f7695cb54aaf7036fa497453e45286d82e7","74053","metadata","F_IRRELEVANT","False","False",""
"Drone-Motors-Unknown-Faults-Detection/Ancestor","main","1ef4a891ae02dc95910f747a5163bb2edd608f28","output/Step3_Model_26_OneStage/2026-08-05-15-54-10/plot_002.png","plot_002.png",".png","blob","100644","e4f93507c4e96e7da58ebda39bb18e1ccc8af128","84849","metadata","F_IRRELEVANT","False","False",""
"Drone-Motors-Unknown-Faults-Detection/Ancestor","main","1ef4a891ae02dc95910f747a5163bb2edd608f28","output/Step3_Model_26_TwoStage","Step3_Model_26_TwoStage","","tree","040000","8f65d5580dc40eb445d153b4ef36e1a5d453789c","","unknown","F_IRRELEVANT","False","False",""
"Drone-Motors-Unknown-Faults-Detection/Ancestor","main","1ef4a891ae02dc95910f747a5163bb2edd608f28","output/Step3_Model_26_TwoStage/2026-08-05-16-10-51","2026-08-05-16-10-51","","tree","040000","77df3b1a229a614263431d94db2b0cfcf254765e","","unknown","F_IRRELEVANT","False","False",""
"Drone-Motors-Unknown-Faults-Detection/Ancestor","main","1ef4a891ae02dc95910f747a5163bb2edd608f28","output/Step3_Model_26_TwoStage/2026-08-05-16-10-51/plot_000.png","plot_000.png",".png","blob","100644","81982163cd63b8086091f2e330962ad4130984cf","81280","metadata","F_IRRELEVANT","False","False",""
"Drone-Motors-Unknown-Faults-Detection/Ancestor","main","1ef4a891ae02dc95910f747a5163bb2edd608f28","output/Step3_Model_26_TwoStage/2026-08-05-16-10-51/plot_001.png","plot_001.png",".png","blob","100644","cbd5faaf45adc67cb853a0016466ada354ff0179","73634","metadata","F_IRRELEVANT","False","False",""
"Drone-Motors-Unknown-Faults-Detection/Ancestor","main","1ef4a891ae02dc95910f747a5163bb2edd608f28","output/Step3_Model_26_TwoStage/2026-08-05-16-10-51/plot_002.png","plot_002.png",".png","blob","100644","c97f7b8fdb4efb142d66d9c64c0c32756f963a40","84022","metadata","F_IRRELEVANT","False","False",""
"Drone-Motors-Unknown-Faults-Detection/Ancestor","main","1ef4a891ae02dc95910f747a5163bb2edd608f28","output/Step3_Model_27_OneStage","Step3_Model_27_OneStage","","tree","040000","b2fbd976a329594412e6956a68eae7e0f1bcf361","","unknown","F_IRRELEVANT","False","False",""
"Drone-Motors-Unknown-Faults-Detection/Ancestor","main","1ef4a891ae02dc95910f747a5163bb2edd608f28","output/Step3_Model_27_OneStage/2026-08-05-15-55-13","2026-08-05-15-55-13","","tree","040000","db89576e493023a8c68cc7c619b3b4f50e4634cc","","unknown","F_IRRELEVANT","False","False",""
"Drone-Motors-Unknown-Faults-Detection/Ancestor","main","1ef4a891ae02dc95910f747a5163bb2edd608f28","output/Step3_Model_27_OneStage/2026-08-05-15-55-13/plot_000.png","plot_000.png",".png","blob","100644","998fd64958f42c299811abf4e628c80e8c3de3ce","110241","metadata","F_IRRELEVANT","False","False",""
"Drone-Motors-Unknown-Faults-Detection/Ancestor","main","1ef4a891ae02dc95910f747a5163bb2edd608f28","output/Step3_Model_27_OneStage/2026-08-05-15-55-13/plot_001.png","plot_001.png",".png","blob","100644","29b6f795c0063ba6af0cc5664a2881876c8d1a23","96168","metadata","F_IRRELEVANT","False","False",""
"Drone-Motors-Unknown-Faults-Detection/Ancestor","main","1ef4a891ae02dc95910f747a5163bb2edd608f28","output/Step3_Model_27_OneStage/2026-08-05-15-55-13/plot_002.png","plot_002.png",".png","blob","100644","18bdb9edbe2e2d562ba34fbf9bf45ead6477c16c","84171","metadata","F_IRRELEVANT","False","False",""
"Drone-Motors-Unknown-Faults-Detection/Ancestor","main","1ef4a891ae02dc95910f747a5163bb2edd608f28","output/Step3_Model_27_TwoStage","Step3_Model_27_TwoStage","","tree","040000","7457486d3c921f516184371c3bdc791773b2d736","","unknown","F_IRRELEVANT","False","False",""
"Drone-Motors-Unknown-Faults-Detection/Ancestor","main","1ef4a891ae02dc95910f747a5163bb2edd608f28","output/Step3_Model_27_TwoStage/2026-08-05-16-11-27","2026-08-05-16-11-27","","tree","040000","687d07803118074d900c62323678a82c231fadea","","unknown","F_IRRELEVANT","False","False",""
"Drone-Motors-Unknown-Faults-Detection/Ancestor","main","1ef4a891ae02dc95910f747a5163bb2edd608f28","output/Step3_Model_27_TwoStage/2026-08-05-16-11-27/plot_000.png","plot_000.png",".png","blob","100644","a09f4fc2eb9844eb88eac1d6892506d13912cb65","104527","metadata","F_IRRELEVANT","False","False",""
"Drone-Motors-Unknown-Faults-Detection/Ancestor","main","1ef4a891ae02dc95910f747a5163bb2edd608f28","output/Step3_Model_27_TwoStage/2026-08-05-16-11-27/plot_001.png","plot_001.png",".png","blob","100644","ade79e8e10d38eb97cc73d7f34e1a8937a14a084","81051","metadata","F_IRRELEVANT","False","False",""
"Drone-Motors-Unknown-Faults-Detection/Ancestor","main","1ef4a891ae02dc95910f747a5163bb2edd608f28","output/Step3_Model_27_TwoStage/2026-08-05-16-11-27/plot_002.png","plot_002.png",".png","blob","100644","cac47e86e72c6739abc7a5a18428e2edb24ca408","83792","metadata","F_IRRELEVANT","False","False",""
"Drone-Motors-Unknown-Faults-Detection/Ancestor","main","1ef4a891ae02dc95910f747a5163bb2edd608f28","output/Step4_Model_01_Detecting","Step4_Model_01_Detecting","","tree","040000","2fc14efabc96648e63945a6c337da22dcf9ebe55","","unknown","F_IRRELEVANT","False","False",""
"Drone-Motors-Unknown-Faults-Detection/Ancestor","main","1ef4a891ae02dc95910f747a5163bb2edd608f28","output/Step4_Model_01_Detecting/2026-08-05-16-18-07","2026-08-05-16-18-07","","tree","040000","f4d0f2f04c4742a6915f639c3e8702ef1c2e976a","","unknown","F_IRRELEVANT","False","False",""
"Drone-Motors-Unknown-Faults-Detection/Ancestor","main","1ef4a891ae02dc95910f747a5163bb2edd608f28","output/Step4_Model_01_Detecting/2026-08-05-16-18-07/plot_000.png","plot_000.png",".png","blob","100644","88ad259fb3e5401ff4ec3d528422fb1aedf99804","68184","metadata","F_IRRELEVANT","False","False",""
"Drone-Motors-Unknown-Faults-Detection/Ancestor","main","1ef4a891ae02dc95910f747a5163bb2edd608f28","output/Step4_Model_01_Detecting/2026-08-05-16-18-07/plot_001.png","plot_001.png",".png","blob","100644","d349a9c62a7f26e1bda6240d6be302d8a3322136","74686","metadata","F_IRRELEVANT","False","False",""
"Drone-Motors-Unknown-Faults-Detection/Ancestor","main","1ef4a891ae02dc95910f747a5163bb2edd608f28","output/Step4_Model_01_Detecting/2026-08-05-16-18-07/plot_002.png","plot_002.png",".png","blob","100644","a9c82a1e00ef5590e7f5110da53d4de090a19bac","81570","metadata","F_IRRELEVANT","False","False",""
"Drone-Motors-Unknown-Faults-Detection/Ancestor","main","1ef4a891ae02dc95910f747a5163bb2edd608f28","output/Step4_Model_01_Detecting/2026-08-05-16-18-07/plot_003.png","plot_003.png",".png","blob","100644","394d57c67974329d220981eeb12ed5dacaed4bb3","91935","metadata","F_IRRELEVANT","False","False",""
"Drone-Motors-Unknown-Faults-Detection/Ancestor","main","1ef4a891ae02dc95910f747a5163bb2edd608f28","output/Step4_Model_01_Detecting/2026-08-05-16-18-07/plot_004.png","plot_004.png",".png","blob","100644","12b3aeea7e0c3fa7abb5140dae074ee8fc81e05e","98290","metadata","F_IRRELEVANT","False","False",""
"Drone-Motors-Unknown-Faults-Detection/Ancestor","main","1ef4a891ae02dc95910f747a5163bb2edd608f28","output/Step4_Model_01_Detecting/2026-08-05-16-18-07/plot_005.png","plot_005.png",".png","blob","100644","656a3d64272495aea0d252501d614ff0d6598063","105419","metadata","F_IRRELEVANT","False","False",""
"Drone-Motors-Unknown-Faults-Detection/Ancestor","main","1ef4a891ae02dc95910f747a5163bb2edd608f28","output/Step4_Model_01_Detecting/2026-08-05-16-18-07/plot_006.png","plot_006.png",".png","blob","100644","2426ad62ff558bb6e7686edf6bc3afbf8dd6b1df","75675","metadata","F_IRRELEVANT","False","False",""
"Drone-Motors-Unknown-Faults-Detection/Ancestor","main","1ef4a891ae02dc95910f747a5163bb2edd608f28","output/Step4_Model_01_Detecting/2026-08-05-16-18-07/plot_007.png","plot_007.png",".png","blob","100644","45acd6abe3b15596ec0cbcbcb630caad281710f7","83462","metadata","F_IRRELEVANT","False","False",""
"Drone-Motors-Unknown-Faults-Detection/Ancestor","main","1ef4a891ae02dc95910f747a5163bb2edd608f28","output/Step4_Model_01_Detecting/2026-08-05-16-18-07/plot_008.png","plot_008.png",".png","blob","100644","a83cf13c09fbbfc1f74500a48ff9392391648e26","94394","metadata","F_IRRELEVANT","False","False",""
"Drone-Motors-Unknown-Faults-Detection/Ancestor","main","1ef4a891ae02dc95910f747a5163bb2edd608f28","output/Step4_Model_01_Detecting/2026-08-05-16-18-07/plot_009.png","plot_009.png",".png","blob","100644","6a3a7ccfa77d241da79b3b1fc5c2565b7ad26a69","101856","metadata","F_IRRELEVANT","False","False",""
"Drone-Motors-Unknown-Faults-Detection/Ancestor","main","1ef4a891ae02dc95910f747a5163bb2edd608f28","output/Step4_Model_01_Detecting/2026-08-05-16-18-07/plot_010.png","plot_010.png",".png","blob","100644","d65481e177f486668f7c37180dbe2e950355a8b1","110058","metadata","F_IRRELEVANT","False","False",""
"Drone-Motors-Unknown-Faults-Detection/Ancestor","main","1ef4a891ae02dc95910f747a5163bb2edd608f28","output/Step5_Model_01_Random_Detecting","Step5_Model_01_Random_Detecting","","tree","040000","e952e6e885a8c6701597000586d4ffe15735a715","","unknown","F_IRRELEVANT","False","False",""
"Drone-Motors-Unknown-Faults-Detection/Ancestor","main","1ef4a891ae02dc95910f747a5163bb2edd608f28","output/Step5_Model_01_Random_Detecting/2026-08-05-16-33-53","2026-08-05-16-33-53","","tree","040000","9238ff85629fbaa207119bf02be55aa6154f9d2b","","unknown","F_IRRELEVANT","False","False",""
"Drone-Motors-Unknown-Faults-Detection/Ancestor","main","1ef4a891ae02dc95910f747a5163bb2edd608f28","output/Step5_Model_01_Random_Detecting/2026-08-05-16-33-53/plot_000.png","plot_000.png",".png","blob","100644","208126b83534bb8039601a998039031d1a5724f8","66718","metadata","F_IRRELEVANT","False","False",""
"Drone-Motors-Unknown-Faults-Detection/Ancestor","main","1ef4a891ae02dc95910f747a5163bb2edd608f28","output/Step5_Model_01_Random_Detecting/2026-08-05-16-33-53/plot_001.png","plot_001.png",".png","blob","100644","cd353659bf22680411d830bb68dfa40a151316ba","73387","metadata","F_IRRELEVANT","False","False",""
"Drone-Motors-Unknown-Faults-Detection/Ancestor","main","1ef4a891ae02dc95910f747a5163bb2edd608f28","output/Step5_Model_01_Random_Detecting/2026-08-05-16-33-53/plot_002.png","plot_002.png",".png","blob","100644","cd353659bf22680411d830bb68dfa40a151316ba","73387","metadata","F_IRRELEVANT","False","False",""
"Drone-Motors-Unknown-Faults-Detection/Ancestor","main","1ef4a891ae02dc95910f747a5163bb2edd608f28","output/Step5_Model_02_Random_Detecting","Step5_Model_02_Random_Detecting","","tree","040000","b8a6aa89fcf9ffe213d5714de87314b955d594b9","","unknown","F_IRRELEVANT","False","False",""
"Drone-Motors-Unknown-Faults-Detection/Ancestor","main","1ef4a891ae02dc95910f747a5163bb2edd608f28","output/Step5_Model_02_Random_Detecting/2026-08-05-16-34-04","2026-08-05-16-34-04","","tree","040000","bdaa9c37b2da161e4b7074448d44e20260f5e5fa","","unknown","F_IRRELEVANT","False","False",""
"Drone-Motors-Unknown-Faults-Detection/Ancestor","main","1ef4a891ae02dc95910f747a5163bb2edd608f28","output/Step5_Model_02_Random_Detecting/2026-08-05-16-34-04/plot_000.png","plot_000.png",".png","blob","100644","50ee68eb683e478434d59f5aabe86516d0f1bbc7","64875","metadata","F_IRRELEVANT","False","False",""
"Drone-Motors-Unknown-Faults-Detection/Ancestor","main","1ef4a891ae02dc95910f747a5163bb2edd608f28","output/Step5_Model_02_Random_Detecting/2026-08-05-16-34-04/plot_001.png","plot_001.png",".png","blob","100644","fd4b193dbd00d1aed3097ffdc475d72a469d4588","74741","metadata","F_IRRELEVANT","False","False",""
"Drone-Motors-Unknown-Faults-Detection/Ancestor","main","1ef4a891ae02dc95910f747a5163bb2edd608f28","output/Step5_Model_02_Random_Detecting/2026-08-05-16-34-04/plot_002.png","plot_002.png",".png","blob","100644","fd4b193dbd00d1aed3097ffdc475d72a469d4588","74741","metadata","F_IRRELEVANT","False","False",""
"Drone-Motors-Unknown-Faults-Detection/Ancestor","main","1ef4a891ae02dc95910f747a5163bb2edd608f28","output/Step5_Model_03_Random_Detecting","Step5_Model_03_Random_Detecting","","tree","040000","214cc22822c53b1b9fb0a22e6e703ef73b7f88e4","","unknown","F_IRRELEVANT","False","False",""
"Drone-Motors-Unknown-Faults-Detection/Ancestor","main","1ef4a891ae02dc95910f747a5163bb2edd608f28","output/Step5_Model_03_Random_Detecting/2026-08-05-16-34-21","2026-08-05-16-34-21","","tree","040000","d29d3292f74ad80236a32a9578ca8452568c2b9c","","unknown","F_IRRELEVANT","False","False",""
"Drone-Motors-Unknown-Faults-Detection/Ancestor","main","1ef4a891ae02dc95910f747a5163bb2edd608f28","output/Step5_Model_03_Random_Detecting/2026-08-05-16-34-21/plot_000.png","plot_000.png",".png","blob","100644","004818819d9fad43518b9ce7b25e154063e438ea","63811","metadata","F_IRRELEVANT","False","False",""
"Drone-Motors-Unknown-Faults-Detection/Ancestor","main","1ef4a891ae02dc95910f747a5163bb2edd608f28","output/Step5_Model_03_Random_Detecting/2026-08-05-16-34-21/plot_001.png","plot_001.png",".png","blob","100644","b0734c6fd07d9dbe6c9fcb3357898c423e1fdf20","73051","metadata","F_IRRELEVANT","False","False",""
"Drone-Motors-Unknown-Faults-Detection/Ancestor","main","1ef4a891ae02dc95910f747a5163bb2edd608f28","output/Step5_Model_03_Random_Detecting/2026-08-05-16-34-21/plot_002.png","plot_002.png",".png","blob","100644","b0734c6fd07d9dbe6c9fcb3357898c423e1fdf20","73051","metadata","F_IRRELEVANT","False","False",""
"Drone-Motors-Unknown-Faults-Detection/Ancestor","main","1ef4a891ae02dc95910f747a5163bb2edd608f28","output/Step5_Model_04_Random_Detecting","Step5_Model_04_Random_Detecting","","tree","040000","f9e91bff3858df3484eb073bf958e37e41fdd799","","unknown","F_IRRELEVANT","False","False",""
"Drone-Motors-Unknown-Faults-Detection/Ancestor","main","1ef4a891ae02dc95910f747a5163bb2edd608f28","output/Step5_Model_04_Random_Detecting/2026-08-05-16-34-33","2026-08-05-16-34-33","","tree","040000","fdcb8c0f4f071cb6d71eae62d24d046b8f4f4955","","unknown","F_IRRELEVANT","False","False",""
"Drone-Motors-Unknown-Faults-Detection/Ancestor","main","1ef4a891ae02dc95910f747a5163bb2edd608f28","output/Step5_Model_04_Random_Detecting/2026-08-05-16-34-33/plot_000.png","plot_000.png",".png","blob","100644","a8454c22d07b6c0dfab2d91e3bc8ec17c41827c7","65332","metadata","F_IRRELEVANT","False","False",""
"Drone-Motors-Unknown-Faults-Detection/Ancestor","main","1ef4a891ae02dc95910f747a5163bb2edd608f28","output/Step5_Model_04_Random_Detecting/2026-08-05-16-34-33/plot_001.png","plot_001.png",".png","blob","100644","b30dfc1268e01066a055f41dbbf250d7957c8446","73362","metadata","F_IRRELEVANT","False","False",""
"Drone-Motors-Unknown-Faults-Detection/Ancestor","main","1ef4a891ae02dc95910f747a5163bb2edd608f28","output/Step5_Model_04_Random_Detecting/2026-08-05-16-34-33/plot_002.png","plot_002.png",".png","blob","100644","b30dfc1268e01066a055f41dbbf250d7957c8446","73362","metadata","F_IRRELEVANT","False","False",""
"Drone-Motors-Unknown-Faults-Detection/Ancestor","main","1ef4a891ae02dc95910f747a5163bb2edd608f28","output/Step5_Model_05_Random_Detecting","Step5_Model_05_Random_Detecting","","tree","040000","f40dd474fd7c0e3874377cce083d0ef074168a70","","unknown","F_IRRELEVANT","False","False",""
"Drone-Motors-Unknown-Faults-Detection/Ancestor","main","1ef4a891ae02dc95910f747a5163bb2edd608f28","output/Step5_Model_05_Random_Detecting/2026-08-05-16-34-45","2026-08-05-16-34-45","","tree","040000","3afdf991bb161d7d2aaa5d61f7300dbe94cc1513","","unknown","F_IRRELEVANT","False","False",""
"Drone-Motors-Unknown-Faults-Detection/Ancestor","main","1ef4a891ae02dc95910f747a5163bb2edd608f28","output/Step5_Model_05_Random_Detecting/2026-08-05-16-34-45/plot_000.png","plot_000.png",".png","blob","100644","4c4369ee97d0450844acc82fea6357d830c4b97d","66434","metadata","F_IRRELEVANT","False","False",""
"Drone-Motors-Unknown-Faults-Detection/Ancestor","main","1ef4a891ae02dc95910f747a5163bb2edd608f28","output/Step5_Model_05_Random_Detecting/2026-08-05-16-34-45/plot_001.png","plot_001.png",".png","blob","100644","d81d14bbace1dc1321a24f354854ad34c58a080c","73704","metadata","F_IRRELEVANT","False","False",""
"Drone-Motors-Unknown-Faults-Detection/Ancestor","main","1ef4a891ae02dc95910f747a5163bb2edd608f28","output/Step5_Model_05_Random_Detecting/2026-08-05-16-34-45/plot_002.png","plot_002.png",".png","blob","100644","d81d14bbace1dc1321a24f354854ad34c58a080c","73704","metadata","F_IRRELEVANT","False","False",""
"Drone-Motors-Unknown-Faults-Detection/Ancestor","main","1ef4a891ae02dc95910f747a5163bb2edd608f28","output/Step5_Model_06_Random_Detecting","Step5_Model_06_Random_Detecting","","tree","040000","6933b90a5fa199fc18d2014f9ec59165fac3d105","","unknown","F_IRRELEVANT","False","False",""
"Drone-Motors-Unknown-Faults-Detection/Ancestor","main","1ef4a891ae02dc95910f747a5163bb2edd608f28","output/Step5_Model_06_Random_Detecting/2026-08-05-16-35-02","2026-08-05-16-35-02","","tree","040000","d4101cd59859276c3fc02ab7b5e18aac9da20b12","","unknown","F_IRRELEVANT","False","False",""
"Drone-Motors-Unknown-Faults-Detection/Ancestor","main","1ef4a891ae02dc95910f747a5163bb2edd608f28","output/Step5_Model_06_Random_Detecting/2026-08-05-16-35-02/plot_000.png","plot_000.png",".png","blob","100644","b007094aee73bade465dfb24b1ea9ea36b9dec0d","65224","metadata","F_IRRELEVANT","False","False",""
"Drone-Motors-Unknown-Faults-Detection/Ancestor","main","1ef4a891ae02dc95910f747a5163bb2edd608f28","output/Step5_Model_06_Random_Detecting/2026-08-05-16-35-02/plot_001.png","plot_001.png",".png","blob","100644","670b7ccd43de8c2f0df657618302d8120d156d6c","71120","metadata","F_IRRELEVANT","False","False",""
"Drone-Motors-Unknown-Faults-Detection/Ancestor","main","1ef4a891ae02dc95910f747a5163bb2edd608f28","output/Step5_Model_06_Random_Detecting/2026-08-05-16-35-02/plot_002.png","plot_002.png",".png","blob","100644","670b7ccd43de8c2f0df657618302d8120d156d6c","71120","metadata","F_IRRELEVANT","False","False",""
"Drone-Motors-Unknown-Faults-Detection/Ancestor","main","1ef4a891ae02dc95910f747a5163bb2edd608f28","output/Step5_Model_07_Random_Detecting","Step5_Model_07_Random_Detecting","","tree","040000","63bc7edd365ea181b542175a0fa81bc546e00386","","unknown","F_IRRELEVANT","False","False",""
"Drone-Motors-Unknown-Faults-Detection/Ancestor","main","1ef4a891ae02dc95910f747a5163bb2edd608f28","output/Step5_Model_07_Random_Detecting/2026-08-05-16-35-15","2026-08-05-16-35-15","","tree","040000","6aed12229c6b3b16f9e5d625277deee739d32b6b","","unknown","F_IRRELEVANT","False","False",""
"Drone-Motors-Unknown-Faults-Detection/Ancestor","main","1ef4a891ae02dc95910f747a5163bb2edd608f28","output/Step5_Model_07_Random_Detecting/2026-08-05-16-35-15/plot_000.png","plot_000.png",".png","blob","100644","61a012d746c1aa54bf804ccc018d1ce1fa86c0f8","67105","metadata","F_IRRELEVANT","False","False",""
"Drone-Motors-Unknown-Faults-Detection/Ancestor","main","1ef4a891ae02dc95910f747a5163bb2edd608f28","output/Step5_Model_07_Random_Detecting/2026-08-05-16-35-15/plot_001.png","plot_001.png",".png","blob","100644","c0d192226c901212b75d949752611da2875d6288","74598","metadata","F_IRRELEVANT","False","False",""
"Drone-Motors-Unknown-Faults-Detection/Ancestor","main","1ef4a891ae02dc95910f747a5163bb2edd608f28","output/Step5_Model_07_Random_Detecting/2026-08-05-16-35-15/plot_002.png","plot_002.png",".png","blob","100644","c0d192226c901212b75d949752611da2875d6288","74598","metadata","F_IRRELEVANT","False","False",""
"Drone-Motors-Unknown-Faults-Detection/Ancestor","main","1ef4a891ae02dc95910f747a5163bb2edd608f28","output/Step5_Model_08_Random_Detecting","Step5_Model_08_Random_Detecting","","tree","040000","6690dd6f19d5b5dea72925027c8e6cbd8695906d","","unknown","F_IRRELEVANT","False","False",""
"Drone-Motors-Unknown-Faults-Detection/Ancestor","main","1ef4a891ae02dc95910f747a5163bb2edd608f28","output/Step5_Model_08_Random_Detecting/2026-08-05-16-35-26","2026-08-05-16-35-26","","tree","040000","a9726da91e16e689c491699a7dba3872d225a12d","","unknown","F_IRRELEVANT","False","False",""
"Drone-Motors-Unknown-Faults-Detection/Ancestor","main","1ef4a891ae02dc95910f747a5163bb2edd608f28","output/Step5_Model_08_Random_Detecting/2026-08-05-16-35-26/plot_000.png","plot_000.png",".png","blob","100644","b4fc75c7e73a1b3a8c1d25c5b7c8aebe3f9b1b83","65733","metadata","F_IRRELEVANT","False","False",""
"Drone-Motors-Unknown-Faults-Detection/Ancestor","main","1ef4a891ae02dc95910f747a5163bb2edd608f28","output/Step5_Model_08_Random_Detecting/2026-08-05-16-35-26/plot_001.png","plot_001.png",".png","blob","100644","47f4ec1071b5f2720ade00a736559be55745b634","74117","metadata","F_IRRELEVANT","False","False",""
"Drone-Motors-Unknown-Faults-Detection/Ancestor","main","1ef4a891ae02dc95910f747a5163bb2edd608f28","output/Step5_Model_08_Random_Detecting/2026-08-05-16-35-26/plot_002.png","plot_002.png",".png","blob","100644","47f4ec1071b5f2720ade00a736559be55745b634","74117","metadata","F_IRRELEVANT","False","False",""
"Drone-Motors-Unknown-Faults-Detection/Ancestor","main","1ef4a891ae02dc95910f747a5163bb2edd608f28","output/Step5_Model_09_Random_Detecting","Step5_Model_09_Random_Detecting","","tree","040000","1d17de6149cacb280bcd7a52d82a26a3d74b4a3a","","unknown","F_IRRELEVANT","False","False",""
"Drone-Motors-Unknown-Faults-Detection/Ancestor","main","1ef4a891ae02dc95910f747a5163bb2edd608f28","output/Step5_Model_09_Random_Detecting/2026-08-05-16-35-45","2026-08-05-16-35-45","","tree","040000","6abacfd54cb0b678a630e8b256d4a4622c8b8fc6","","unknown","F_IRRELEVANT","False","False",""
"Drone-Motors-Unknown-Faults-Detection/Ancestor","main","1ef4a891ae02dc95910f747a5163bb2edd608f28","output/Step5_Model_09_Random_Detecting/2026-08-05-16-35-45/plot_000.png","plot_000.png",".png","blob","100644","192c0dd1f5527fbaee82c40fcdb3b7661b5af1aa","63076","metadata","F_IRRELEVANT","False","False",""
"Drone-Motors-Unknown-Faults-Detection/Ancestor","main","1ef4a891ae02dc95910f747a5163bb2edd608f28","output/Step5_Model_09_Random_Detecting/2026-08-05-16-35-45/plot_001.png","plot_001.png",".png","blob","100644","b22594f38341752dd67675f21845f2128d76d76b","73380","metadata","F_IRRELEVANT","False","False",""
"Drone-Motors-Unknown-Faults-Detection/Ancestor","main","1ef4a891ae02dc95910f747a5163bb2edd608f28","output/Step5_Model_09_Random_Detecting/2026-08-05-16-35-45/plot_002.png","plot_002.png",".png","blob","100644","b22594f38341752dd67675f21845f2128d76d76b","73380","metadata","F_IRRELEVANT","False","False",""
"Drone-Motors-Unknown-Faults-Detection/Ancestor","main","1ef4a891ae02dc95910f747a5163bb2edd608f28","output/Step5_Model_10_Random_Detecting","Step5_Model_10_Random_Detecting","","tree","040000","e8875c83f6e0f6d80ccb5412be8ebabf83e7dd3c","","unknown","F_IRRELEVANT","False","False",""
"Drone-Motors-Unknown-Faults-Detection/Ancestor","main","1ef4a891ae02dc95910f747a5163bb2edd608f28","output/Step5_Model_10_Random_Detecting/2026-08-05-16-35-57","2026-08-05-16-35-57","","tree","040000","5619228d75b962f516da0913512a4c78b1540e08","","unknown","F_IRRELEVANT","False","False",""
"Drone-Motors-Unknown-Faults-Detection/Ancestor","main","1ef4a891ae02dc95910f747a5163bb2edd608f28","output/Step5_Model_10_Random_Detecting/2026-08-05-16-35-57/plot_000.png","plot_000.png",".png","blob","100644","31397fb5e8e19948690f2058baf094a0c6ee1bce","65835","metadata","F_IRRELEVANT","False","False",""
"Drone-Motors-Unknown-Faults-Detection/Ancestor","main","1ef4a891ae02dc95910f747a5163bb2edd608f28","output/Step5_Model_10_Random_Detecting/2026-08-05-16-35-57/plot_001.png","plot_001.png",".png","blob","100644","712b5886ac51ff31748bda5f363041350ac80b09","73813","metadata","F_IRRELEVANT","False","False",""
"Drone-Motors-Unknown-Faults-Detection/Ancestor","main","1ef4a891ae02dc95910f747a5163bb2edd608f28","output/Step5_Model_10_Random_Detecting/2026-08-05-16-35-57/plot_002.png","plot_002.png",".png","blob","100644","712b5886ac51ff31748bda5f363041350ac80b09","73813","metadata","F_IRRELEVANT","False","False",""
"Drone-Motors-Unknown-Faults-Detection/Ancestor","main","1ef4a891ae02dc95910f747a5163bb2edd608f28","output/Step5_Model_11_Random_Detecting","Step5_Model_11_Random_Detecting","","tree","040000","06f57205f4a44d65af441b56ace342248da1c006","","unknown","F_IRRELEVANT","False","False",""
"Drone-Motors-Unknown-Faults-Detection/Ancestor","main","1ef4a891ae02dc95910f747a5163bb2edd608f28","output/Step5_Model_11_Random_Detecting/2026-08-05-16-36-07","2026-08-05-16-36-07","","tree","040000","158f21fe1fcd3aa941491539537c0b66ea9b7a1e","","unknown","F_IRRELEVANT","False","False",""
"Drone-Motors-Unknown-Faults-Detection/Ancestor","main","1ef4a891ae02dc95910f747a5163bb2edd608f28","output/Step5_Model_11_Random_Detecting/2026-08-05-16-36-07/plot_000.png","plot_000.png",".png","blob","100644","3eb63beaaff4f59a4e08125d2ea5ea996b812730","66247","metadata","F_IRRELEVANT","False","False",""
"Drone-Motors-Unknown-Faults-Detection/Ancestor","main","1ef4a891ae02dc95910f747a5163bb2edd608f28","output/Step5_Model_11_Random_Detecting/2026-08-05-16-36-07/plot_001.png","plot_001.png",".png","blob","100644","bbdf123a2c4759bb1db94259afa1b86da3da2fa0","74620","metadata","F_IRRELEVANT","False","False",""
"Drone-Motors-Unknown-Faults-Detection/Ancestor","main","1ef4a891ae02dc95910f747a5163bb2edd608f28","output/Step5_Model_11_Random_Detecting/2026-08-05-16-36-07/plot_002.png","plot_002.png",".png","blob","100644","bbdf123a2c4759bb1db94259afa1b86da3da2fa0","74620","metadata","F_IRRELEVANT","False","False",""
"Drone-Motors-Unknown-Faults-Detection/Ancestor","main","1ef4a891ae02dc95910f747a5163bb2edd608f28","output/Step5_Model_12_Random_Detecting","Step5_Model_12_Random_Detecting","","tree","040000","351b8987cdc9b7ae9e50469ae3d7827d30b7cd38","","unknown","F_IRRELEVANT","False","False",""
"Drone-Motors-Unknown-Faults-Detection/Ancestor","main","1ef4a891ae02dc95910f747a5163bb2edd608f28","output/Step5_Model_12_Random_Detecting/2026-08-05-16-36-25","2026-08-05-16-36-25","","tree","040000","6abc1cd98a583e33c8cbfb20d9c4d7e1af3b2102","","unknown","F_IRRELEVANT","False","False",""
"Drone-Motors-Unknown-Faults-Detection/Ancestor","main","1ef4a891ae02dc95910f747a5163bb2edd608f28","output/Step5_Model_12_Random_Detecting/2026-08-05-16-36-25/plot_000.png","plot_000.png",".png","blob","100644","e3cee70a2ae7b01d80df9f8961edac4a3e81f10f","63399","metadata","F_IRRELEVANT","False","False",""
"Drone-Motors-Unknown-Faults-Detection/Ancestor","main","1ef4a891ae02dc95910f747a5163bb2edd608f28","output/Step5_Model_12_Random_Detecting/2026-08-05-16-36-25/plot_001.png","plot_001.png",".png","blob","100644","7bfc6c8414b25aec761c3479dfdf04dc9cc34414","71863","metadata","F_IRRELEVANT","False","False",""
"Drone-Motors-Unknown-Faults-Detection/Ancestor","main","1ef4a891ae02dc95910f747a5163bb2edd608f28","output/Step5_Model_12_Random_Detecting/2026-08-05-16-36-25/plot_002.png","plot_002.png",".png","blob","100644","7bfc6c8414b25aec761c3479dfdf04dc9cc34414","71863","metadata","F_IRRELEVANT","False","False",""
"Drone-Motors-Unknown-Faults-Detection/Ancestor","main","1ef4a891ae02dc95910f747a5163bb2edd608f28","output/Step5_Model_13_Random_Detecting","Step5_Model_13_Random_Detecting","","tree","040000","3d530e29a61abe1a70637d793976bac4343d6c73","","unknown","F_IRRELEVANT","False","False",""
"Drone-Motors-Unknown-Faults-Detection/Ancestor","main","1ef4a891ae02dc95910f747a5163bb2edd608f28","output/Step5_Model_13_Random_Detecting/2026-08-05-16-36-37","2026-08-05-16-36-37","","tree","040000","7efa7056ca2fcb964fa98e205ad38b24bfd3d4ff","","unknown","F_IRRELEVANT","False","False",""
"Drone-Motors-Unknown-Faults-Detection/Ancestor","main","1ef4a891ae02dc95910f747a5163bb2edd608f28","output/Step5_Model_13_Random_Detecting/2026-08-05-16-36-37/plot_000.png","plot_000.png",".png","blob","100644","3f01c07c0f0b2635ef54cf802013633aac555bd6","66323","metadata","F_IRRELEVANT","False","False",""
"Drone-Motors-Unknown-Faults-Detection/Ancestor","main","1ef4a891ae02dc95910f747a5163bb2edd608f28","output/Step5_Model_13_Random_Detecting/2026-08-05-16-36-37/plot_001.png","plot_001.png",".png","blob","100644","c457222d148c615c3a0e94686c9b321f1878d47f","73291","metadata","F_IRRELEVANT","False","False",""
"Drone-Motors-Unknown-Faults-Detection/Ancestor","main","1ef4a891ae02dc95910f747a5163bb2edd608f28","output/Step5_Model_13_Random_Detecting/2026-08-05-16-36-37/plot_002.png","plot_002.png",".png","blob","100644","c457222d148c615c3a0e94686c9b321f1878d47f","73291","metadata","F_IRRELEVANT","False","False",""
"Drone-Motors-Unknown-Faults-Detection/Ancestor","main","1ef4a891ae02dc95910f747a5163bb2edd608f28","output/Step5_Model_14_Random_Detecting","Step5_Model_14_Random_Detecting","","tree","040000","306fb5ec0acbcc0235855d738ebd8b163dd734b2","","unknown","F_IRRELEVANT","False","False",""
"Drone-Motors-Unknown-Faults-Detection/Ancestor","main","1ef4a891ae02dc95910f747a5163bb2edd608f28","output/Step5_Model_14_Random_Detecting/2026-08-05-16-36-48","2026-08-05-16-36-48","","tree","040000","721774b08c7b3c29f7688d20419deaad542617b2","","unknown","F_IRRELEVANT","False","False",""
"Drone-Motors-Unknown-Faults-Detection/Ancestor","main","1ef4a891ae02dc95910f747a5163bb2edd608f28","output/Step5_Model_14_Random_Detecting/2026-08-05-16-36-48/plot_000.png","plot_000.png",".png","blob","100644","cf8073e4d483b9522f530c373d61a7dbd72ba19d","66626","metadata","F_IRRELEVANT","False","False",""
"Drone-Motors-Unknown-Faults-Detection/Ancestor","main","1ef4a891ae02dc95910f747a5163bb2edd608f28","output/Step5_Model_14_Random_Detecting/2026-08-05-16-36-48/plot_001.png","plot_001.png",".png","blob","100644","2113a0cfa401efaf0fcd777d99c5f5b1004128bf","76123","metadata","F_IRRELEVANT","False","False",""
"Drone-Motors-Unknown-Faults-Detection/Ancestor","main","1ef4a891ae02dc95910f747a5163bb2edd608f28","output/Step5_Model_14_Random_Detecting/2026-08-05-16-36-48/plot_002.png","plot_002.png",".png","blob","100644","2113a0cfa401efaf0fcd777d99c5f5b1004128bf","76123","metadata","F_IRRELEVANT","False","False",""
"Drone-Motors-Unknown-Faults-Detection/Ancestor","main","1ef4a891ae02dc95910f747a5163bb2edd608f28","output/Step5_Model_15_Random_Detecting","Step5_Model_15_Random_Detecting","","tree","040000","e9c482345b991540cc9cbc225fe4addc7f8573a9","","unknown","F_IRRELEVANT","False","False",""
"Drone-Motors-Unknown-Faults-Detection/Ancestor","main","1ef4a891ae02dc95910f747a5163bb2edd608f28","output/Step5_Model_15_Random_Detecting/2026-08-05-16-37-05","2026-08-05-16-37-05","","tree","040000","a6a6e7bd4e56e4cbdf0d942f5a792d1a80a09451","","unknown","F_IRRELEVANT","False","False",""
"Drone-Motors-Unknown-Faults-Detection/Ancestor","main","1ef4a891ae02dc95910f747a5163bb2edd608f28","output/Step5_Model_15_Random_Detecting/2026-08-05-16-37-05/plot_000.png","plot_000.png",".png","blob","100644","e04e9178171de10d97ff59bc8106af9d5987d232","65148","metadata","F_IRRELEVANT","False","False",""
"Drone-Motors-Unknown-Faults-Detection/Ancestor","main","1ef4a891ae02dc95910f747a5163bb2edd608f28","output/Step5_Model_15_Random_Detecting/2026-08-05-16-37-05/plot_001.png","plot_001.png",".png","blob","100644","31ee7722a8af9a42507c590a49e30b2a4da16f4f","73271","metadata","F_IRRELEVANT","False","False",""
"Drone-Motors-Unknown-Faults-Detection/Ancestor","main","1ef4a891ae02dc95910f747a5163bb2edd608f28","output/Step5_Model_15_Random_Detecting/2026-08-05-16-37-05/plot_002.png","plot_002.png",".png","blob","100644","31ee7722a8af9a42507c590a49e30b2a4da16f4f","73271","metadata","F_IRRELEVANT","False","False",""
"Drone-Motors-Unknown-Faults-Detection/Ancestor","main","1ef4a891ae02dc95910f747a5163bb2edd608f28","output/Step5_Model_16_Random_Detecting","Step5_Model_16_Random_Detecting","","tree","040000","d059aa45bbc3f7bb336b88de22c74e949818a73a","","unknown","F_IRRELEVANT","False","False",""
"Drone-Motors-Unknown-Faults-Detection/Ancestor","main","1ef4a891ae02dc95910f747a5163bb2edd608f28","output/Step5_Model_16_Random_Detecting/2026-08-05-16-37-17","2026-08-05-16-37-17","","tree","040000","a01493fb3de4394d61a550684dbab0c606e3cda3","","unknown","F_IRRELEVANT","False","False",""
"Drone-Motors-Unknown-Faults-Detection/Ancestor","main","1ef4a891ae02dc95910f747a5163bb2edd608f28","output/Step5_Model_16_Random_Detecting/2026-08-05-16-37-17/plot_000.png","plot_000.png",".png","blob","100644","67458ae9bb3aa0f2b649fccf9bc63339026accbf","66130","metadata","F_IRRELEVANT","False","False",""
"Drone-Motors-Unknown-Faults-Detection/Ancestor","main","1ef4a891ae02dc95910f747a5163bb2edd608f28","output/Step5_Model_16_Random_Detecting/2026-08-05-16-37-17/plot_001.png","plot_001.png",".png","blob","100644","c54a7c046301ee169a8ccecd9221d717ad11c923","76626","metadata","F_IRRELEVANT","False","False",""
"Drone-Motors-Unknown-Faults-Detection/Ancestor","main","1ef4a891ae02dc95910f747a5163bb2edd608f28","output/Step5_Model_16_Random_Detecting/2026-08-05-16-37-17/plot_002.png","plot_002.png",".png","blob","100644","c54a7c046301ee169a8ccecd9221d717ad11c923","76626","metadata","F_IRRELEVANT","False","False",""
"Drone-Motors-Unknown-Faults-Detection/Ancestor","main","1ef4a891ae02dc95910f747a5163bb2edd608f28","output/Step5_Model_17_Random_Detecting","Step5_Model_17_Random_Detecting","","tree","040000","9659ffd1d7cdd1048584ca1363eb4c67ea187925","","unknown","F_IRRELEVANT","False","False",""
"Drone-Motors-Unknown-Faults-Detection/Ancestor","main","1ef4a891ae02dc95910f747a5163bb2edd608f28","output/Step5_Model_17_Random_Detecting/2026-08-05-16-37-28","2026-08-05-16-37-28","","tree","040000","2f2da7e19e1f333e08c4f08496795f593da3529a","","unknown","F_IRRELEVANT","False","False",""
"Drone-Motors-Unknown-Faults-Detection/Ancestor","main","1ef4a891ae02dc95910f747a5163bb2edd608f28","output/Step5_Model_17_Random_Detecting/2026-08-05-16-37-28/plot_000.png","plot_000.png",".png","blob","100644","f2eeb2a42215b0b2cfba41a3ee7249fd8fc03ad9","65865","metadata","F_IRRELEVANT","False","False",""
"Drone-Motors-Unknown-Faults-Detection/Ancestor","main","1ef4a891ae02dc95910f747a5163bb2edd608f28","output/Step5_Model_17_Random_Detecting/2026-08-05-16-37-28/plot_001.png","plot_001.png",".png","blob","100644","edd9027559dc04f6df53625a58fbe6f3d34e18b1","73136","metadata","F_IRRELEVANT","False","False",""
"Drone-Motors-Unknown-Faults-Detection/Ancestor","main","1ef4a891ae02dc95910f747a5163bb2edd608f28","output/Step5_Model_17_Random_Detecting/2026-08-05-16-37-28/plot_002.png","plot_002.png",".png","blob","100644","edd9027559dc04f6df53625a58fbe6f3d34e18b1","73136","metadata","F_IRRELEVANT","False","False",""
"Drone-Motors-Unknown-Faults-Detection/Ancestor","main","1ef4a891ae02dc95910f747a5163bb2edd608f28","output/Step5_Model_18_Random_Detecting","Step5_Model_18_Random_Detecting","","tree","040000","ebb891810822b479e17bc00b08a97b2c285cfb82","","unknown","F_IRRELEVANT","False","False",""
"Drone-Motors-Unknown-Faults-Detection/Ancestor","main","1ef4a891ae02dc95910f747a5163bb2edd608f28","output/Step5_Model_18_Random_Detecting/2026-08-05-16-37-46","2026-08-05-16-37-46","","tree","040000","01f3dd1f185519eb5ca75053c81f15ee264c8f83","","unknown","F_IRRELEVANT","False","False",""
"Drone-Motors-Unknown-Faults-Detection/Ancestor","main","1ef4a891ae02dc95910f747a5163bb2edd608f28","output/Step5_Model_18_Random_Detecting/2026-08-05-16-37-46/plot_000.png","plot_000.png",".png","blob","100644","d84ee4b221c2e4c44273b0284731c446ee95c3af","64211","metadata","F_IRRELEVANT","False","False",""
"Drone-Motors-Unknown-Faults-Detection/Ancestor","main","1ef4a891ae02dc95910f747a5163bb2edd608f28","output/Step5_Model_18_Random_Detecting/2026-08-05-16-37-46/plot_001.png","plot_001.png",".png","blob","100644","956ab47b909eb7f51394365c1b26e94cf0c929e4","70905","metadata","F_IRRELEVANT","False","False",""
"Drone-Motors-Unknown-Faults-Detection/Ancestor","main","1ef4a891ae02dc95910f747a5163bb2edd608f28","output/Step5_Model_18_Random_Detecting/2026-08-05-16-37-46/plot_002.png","plot_002.png",".png","blob","100644","956ab47b909eb7f51394365c1b26e94cf0c929e4","70905","metadata","F_IRRELEVANT","False","False",""
"Drone-Motors-Unknown-Faults-Detection/Ancestor","main","1ef4a891ae02dc95910f747a5163bb2edd608f28","output/Step5_Model_19_Random_Detecting","Step5_Model_19_Random_Detecting","","tree","040000","caea668f5a88b039c82587012f93af00cda6ccf7","","unknown","F_IRRELEVANT","False","False",""
"Drone-Motors-Unknown-Faults-Detection/Ancestor","main","1ef4a891ae02dc95910f747a5163bb2edd608f28","output/Step5_Model_19_Random_Detecting/2026-08-05-16-37-58","2026-08-05-16-37-58","","tree","040000","1f7492ac46bfaae145fbaaaa914264e0d73e4f46","","unknown","F_IRRELEVANT","False","False",""
"Drone-Motors-Unknown-Faults-Detection/Ancestor","main","1ef4a891ae02dc95910f747a5163bb2edd608f28","output/Step5_Model_19_Random_Detecting/2026-08-05-16-37-58/plot_000.png","plot_000.png",".png","blob","100644","3d99eab194702578bdcdf189c9a2f2a99a3525f8","68472","metadata","F_IRRELEVANT","False","False",""
"Drone-Motors-Unknown-Faults-Detection/Ancestor","main","1ef4a891ae02dc95910f747a5163bb2edd608f28","output/Step5_Model_19_Random_Detecting/2026-08-05-16-37-58/plot_001.png","plot_001.png",".png","blob","100644","8985b9323ccf1523686a320786259f37357053d4","75780","metadata","F_IRRELEVANT","False","False",""
"Drone-Motors-Unknown-Faults-Detection/Ancestor","main","1ef4a891ae02dc95910f747a5163bb2edd608f28","output/Step5_Model_19_Random_Detecting/2026-08-05-16-37-58/plot_002.png","plot_002.png",".png","blob","100644","8985b9323ccf1523686a320786259f37357053d4","75780","metadata","F_IRRELEVANT","False","False",""
"Drone-Motors-Unknown-Faults-Detection/Ancestor","main","1ef4a891ae02dc95910f747a5163bb2edd608f28","output/Step5_Model_20_Random_Detecting","Step5_Model_20_Random_Detecting","","tree","040000","5340c89cbd01f17d034628e5381e9a6cfd166b80","","unknown","F_IRRELEVANT","False","False",""
"Drone-Motors-Unknown-Faults-Detection/Ancestor","main","1ef4a891ae02dc95910f747a5163bb2edd608f28","output/Step5_Model_20_Random_Detecting/2026-08-05-16-38-08","2026-08-05-16-38-08","","tree","040000","3ce488cd65ca3de0be1eed64ff9d5d0334a5f6c1","","unknown","F_IRRELEVANT","False","False",""
"Drone-Motors-Unknown-Faults-Detection/Ancestor","main","1ef4a891ae02dc95910f747a5163bb2edd608f28","output/Step5_Model_20_Random_Detecting/2026-08-05-16-38-08/plot_000.png","plot_000.png",".png","blob","100644","f9f0a735779bbee36dbddc21a20bf5e7877fcfb4","65732","metadata","F_IRRELEVANT","False","False",""
"Drone-Motors-Unknown-Faults-Detection/Ancestor","main","1ef4a891ae02dc95910f747a5163bb2edd608f28","output/Step5_Model_20_Random_Detecting/2026-08-05-16-38-08/plot_001.png","plot_001.png",".png","blob","100644","e489977f631d8ba5d09e1ccf486a3cc53d7a54cb","72849","metadata","F_IRRELEVANT","False","False",""
"Drone-Motors-Unknown-Faults-Detection/Ancestor","main","1ef4a891ae02dc95910f747a5163bb2edd608f28","output/Step5_Model_20_Random_Detecting/2026-08-05-16-38-08/plot_002.png","plot_002.png",".png","blob","100644","e489977f631d8ba5d09e1ccf486a3cc53d7a54cb","72849","metadata","F_IRRELEVANT","False","False",""
"Drone-Motors-Unknown-Faults-Detection/Ancestor","main","1ef4a891ae02dc95910f747a5163bb2edd608f28","output/Step5_Model_21_Random_Detecting","Step5_Model_21_Random_Detecting","","tree","040000","98508e124cb215977f07a9c3976d627254c81052","","unknown","F_IRRELEVANT","False","False",""
"Drone-Motors-Unknown-Faults-Detection/Ancestor","main","1ef4a891ae02dc95910f747a5163bb2edd608f28","output/Step5_Model_21_Random_Detecting/2026-08-05-16-38-25","2026-08-05-16-38-25","","tree","040000","43a9bda8a1df6cf0a767ebc15ada2077259f886c","","unknown","F_IRRELEVANT","False","False",""
"Drone-Motors-Unknown-Faults-Detection/Ancestor","main","1ef4a891ae02dc95910f747a5163bb2edd608f28","output/Step5_Model_21_Random_Detecting/2026-08-05-16-38-25/plot_000.png","plot_000.png",".png","blob","100644","8e6621eb11880735911df16f71fb34642d67f81e","63259","metadata","F_IRRELEVANT","False","False",""
"Drone-Motors-Unknown-Faults-Detection/Ancestor","main","1ef4a891ae02dc95910f747a5163bb2edd608f28","output/Step5_Model_21_Random_Detecting/2026-08-05-16-38-25/plot_001.png","plot_001.png",".png","blob","100644","d67a57020658ad21b7d187aa1ab7bc02b55dcf5d","71738","metadata","F_IRRELEVANT","False","False",""
"Drone-Motors-Unknown-Faults-Detection/Ancestor","main","1ef4a891ae02dc95910f747a5163bb2edd608f28","output/Step5_Model_21_Random_Detecting/2026-08-05-16-38-25/plot_002.png","plot_002.png",".png","blob","100644","d67a57020658ad21b7d187aa1ab7bc02b55dcf5d","71738","metadata","F_IRRELEVANT","False","False",""
"Drone-Motors-Unknown-Faults-Detection/Ancestor","main","1ef4a891ae02dc95910f747a5163bb2edd608f28","output/Step5_Model_22_Random_Detecting","Step5_Model_22_Random_Detecting","","tree","040000","dffb1bbdf4479aed1f301afe2237a913c1cddabb","","unknown","F_IRRELEVANT","False","False",""
"Drone-Motors-Unknown-Faults-Detection/Ancestor","main","1ef4a891ae02dc95910f747a5163bb2edd608f28","output/Step5_Model_22_Random_Detecting/2026-08-05-16-38-38","2026-08-05-16-38-38","","tree","040000","d68e24cc166efefda35e6f09acf759c257748fe7","","unknown","F_IRRELEVANT","False","False",""
"Drone-Motors-Unknown-Faults-Detection/Ancestor","main","1ef4a891ae02dc95910f747a5163bb2edd608f28","output/Step5_Model_22_Random_Detecting/2026-08-05-16-38-38/plot_000.png","plot_000.png",".png","blob","100644","fb8067a08ad24735aaca3625fc9fd2d87dceab41","65842","metadata","F_IRRELEVANT","False","False",""
"Drone-Motors-Unknown-Faults-Detection/Ancestor","main","1ef4a891ae02dc95910f747a5163bb2edd608f28","output/Step5_Model_22_Random_Detecting/2026-08-05-16-38-38/plot_001.png","plot_001.png",".png","blob","100644","df302bf03c796a46d0c65df6e0da9f372cb71513","76053","metadata","F_IRRELEVANT","False","False",""
"Drone-Motors-Unknown-Faults-Detection/Ancestor","main","1ef4a891ae02dc95910f747a5163bb2edd608f28","output/Step5_Model_22_Random_Detecting/2026-08-05-16-38-38/plot_002.png","plot_002.png",".png","blob","100644","df302bf03c796a46d0c65df6e0da9f372cb71513","76053","metadata","F_IRRELEVANT","False","False",""
"Drone-Motors-Unknown-Faults-Detection/Ancestor","main","1ef4a891ae02dc95910f747a5163bb2edd608f28","output/Step5_Model_23_Random_Detecting","Step5_Model_23_Random_Detecting","","tree","040000","6f9ecc2a226f270b85fbf18a36da5d71561edf2e","","unknown","F_IRRELEVANT","False","False",""
"Drone-Motors-Unknown-Faults-Detection/Ancestor","main","1ef4a891ae02dc95910f747a5163bb2edd608f28","output/Step5_Model_23_Random_Detecting/2026-08-05-16-38-49","2026-08-05-16-38-49","","tree","040000","c414a72b590e606b24a5e416f86f3315a92f0583","","unknown","F_IRRELEVANT","False","False",""
"Drone-Motors-Unknown-Faults-Detection/Ancestor","main","1ef4a891ae02dc95910f747a5163bb2edd608f28","output/Step5_Model_23_Random_Detecting/2026-08-05-16-38-49/plot_000.png","plot_000.png",".png","blob","100644","2ed4531ab968458eb1610bc69b24a6cdcf0b4459","65038","metadata","F_IRRELEVANT","False","False",""
"Drone-Motors-Unknown-Faults-Detection/Ancestor","main","1ef4a891ae02dc95910f747a5163bb2edd608f28","output/Step5_Model_23_Random_Detecting/2026-08-05-16-38-49/plot_001.png","plot_001.png",".png","blob","100644","336ddf679e8cd2d2b4d02202569f553a22199f35","71728","metadata","F_IRRELEVANT","False","False",""
"Drone-Motors-Unknown-Faults-Detection/Ancestor","main","1ef4a891ae02dc95910f747a5163bb2edd608f28","output/Step5_Model_23_Random_Detecting/2026-08-05-16-38-49/plot_002.png","plot_002.png",".png","blob","100644","336ddf679e8cd2d2b4d02202569f553a22199f35","71728","metadata","F_IRRELEVANT","False","False",""
"Drone-Motors-Unknown-Faults-Detection/Ancestor","main","1ef4a891ae02dc95910f747a5163bb2edd608f28","output/Step5_Model_24_Random_Detecting","Step5_Model_24_Random_Detecting","","tree","040000","562a669e26f874c743c88a8714f5dd88957451ee","","unknown","F_IRRELEVANT","False","False",""
"Drone-Motors-Unknown-Faults-Detection/Ancestor","main","1ef4a891ae02dc95910f747a5163bb2edd608f28","output/Step5_Model_24_Random_Detecting/2026-08-05-16-39-06","2026-08-05-16-39-06","","tree","040000","670a6fd3cda3e41443e1d2677361ba0532edad12","","unknown","F_IRRELEVANT","False","False",""
"Drone-Motors-Unknown-Faults-Detection/Ancestor","main","1ef4a891ae02dc95910f747a5163bb2edd608f28","output/Step5_Model_24_Random_Detecting/2026-08-05-16-39-06/plot_000.png","plot_000.png",".png","blob","100644","e79fd78560721b7b8bbaa4796832851f64fe2aef","64761","metadata","F_IRRELEVANT","False","False",""
"Drone-Motors-Unknown-Faults-Detection/Ancestor","main","1ef4a891ae02dc95910f747a5163bb2edd608f28","output/Step5_Model_24_Random_Detecting/2026-08-05-16-39-06/plot_001.png","plot_001.png",".png","blob","100644","9a3dddc5f5dcae5dff166b9bb1fafcc1c6252838","69837","metadata","F_IRRELEVANT","False","False",""
"Drone-Motors-Unknown-Faults-Detection/Ancestor","main","1ef4a891ae02dc95910f747a5163bb2edd608f28","output/Step5_Model_24_Random_Detecting/2026-08-05-16-39-06/plot_002.png","plot_002.png",".png","blob","100644","9a3dddc5f5dcae5dff166b9bb1fafcc1c6252838","69837","metadata","F_IRRELEVANT","False","False",""
"Drone-Motors-Unknown-Faults-Detection/Ancestor","main","1ef4a891ae02dc95910f747a5163bb2edd608f28","output/Step5_Model_25_Random_Detecting","Step5_Model_25_Random_Detecting","","tree","040000","da974b72b7c1a18c2682cad8a3b3ba3d0e9f1837","","unknown","F_IRRELEVANT","False","False",""
"Drone-Motors-Unknown-Faults-Detection/Ancestor","main","1ef4a891ae02dc95910f747a5163bb2edd608f28","output/Step5_Model_25_Random_Detecting/2026-08-05-16-39-18","2026-08-05-16-39-18","","tree","040000","7eecf38cd4eb7151cc1107147a9dcc6afd332d88","","unknown","F_IRRELEVANT","False","False",""
"Drone-Motors-Unknown-Faults-Detection/Ancestor","main","1ef4a891ae02dc95910f747a5163bb2edd608f28","output/Step5_Model_25_Random_Detecting/2026-08-05-16-39-18/plot_000.png","plot_000.png",".png","blob","100644","34166243ea7eda53fdcf1befb3d2be9998166354","66487","metadata","F_IRRELEVANT","False","False",""
"Drone-Motors-Unknown-Faults-Detection/Ancestor","main","1ef4a891ae02dc95910f747a5163bb2edd608f28","output/Step5_Model_25_Random_Detecting/2026-08-05-16-39-18/plot_001.png","plot_001.png",".png","blob","100644","e5f6835a2b9767de3ce13f1bd3b6575a608fa6ed","72276","metadata","F_IRRELEVANT","False","False",""
"Drone-Motors-Unknown-Faults-Detection/Ancestor","main","1ef4a891ae02dc95910f747a5163bb2edd608f28","output/Step5_Model_25_Random_Detecting/2026-08-05-16-39-18/plot_002.png","plot_002.png",".png","blob","100644","e5f6835a2b9767de3ce13f1bd3b6575a608fa6ed","72276","metadata","F_IRRELEVANT","False","False",""
"Drone-Motors-Unknown-Faults-Detection/Ancestor","main","1ef4a891ae02dc95910f747a5163bb2edd608f28","output/Step5_Model_26_Random_Detecting","Step5_Model_26_Random_Detecting","","tree","040000","74d355d7e0d12836120a06b3854104896a71735a","","unknown","F_IRRELEVANT","False","False",""
"Drone-Motors-Unknown-Faults-Detection/Ancestor","main","1ef4a891ae02dc95910f747a5163bb2edd608f28","output/Step5_Model_26_Random_Detecting/2026-08-05-16-39-28","2026-08-05-16-39-28","","tree","040000","13df0ab57adbee0c5026599e2adf037c82d4eb37","","unknown","F_IRRELEVANT","False","False",""
"Drone-Motors-Unknown-Faults-Detection/Ancestor","main","1ef4a891ae02dc95910f747a5163bb2edd608f28","output/Step5_Model_26_Random_Detecting/2026-08-05-16-39-28/plot_000.png","plot_000.png",".png","blob","100644","38f133bc5ff4960e94f3e1d723c251b6208b70e8","64962","metadata","F_IRRELEVANT","False","False",""
"Drone-Motors-Unknown-Faults-Detection/Ancestor","main","1ef4a891ae02dc95910f747a5163bb2edd608f28","output/Step5_Model_26_Random_Detecting/2026-08-05-16-39-28/plot_001.png","plot_001.png",".png","blob","100644","a5795976ea060479671472246e2fb79196360d41","74686","metadata","F_IRRELEVANT","False","False",""
"Drone-Motors-Unknown-Faults-Detection/Ancestor","main","1ef4a891ae02dc95910f747a5163bb2edd608f28","output/Step5_Model_26_Random_Detecting/2026-08-05-16-39-28/plot_002.png","plot_002.png",".png","blob","100644","a5795976ea060479671472246e2fb79196360d41","74686","metadata","F_IRRELEVANT","False","False",""
"Drone-Motors-Unknown-Faults-Detection/Ancestor","main","1ef4a891ae02dc95910f747a5163bb2edd608f28","output/Step5_Model_27_Random_Detecting","Step5_Model_27_Random_Detecting","","tree","040000","b2dfbd2acd51e59b1f8e318788a121ad29c96ba1","","unknown","F_IRRELEVANT","False","False",""
"Drone-Motors-Unknown-Faults-Detection/Ancestor","main","1ef4a891ae02dc95910f747a5163bb2edd608f28","output/Step5_Model_27_Random_Detecting/2026-08-05-16-39-45","2026-08-05-16-39-45","","tree","040000","45c573ceb9cc4f297e3aa9aee342e9f25993e0ed","","unknown","F_IRRELEVANT","False","False",""
"Drone-Motors-Unknown-Faults-Detection/Ancestor","main","1ef4a891ae02dc95910f747a5163bb2edd608f28","output/Step5_Model_27_Random_Detecting/2026-08-05-16-39-45/plot_000.png","plot_000.png",".png","blob","100644","cc812d42916a4bcb87a92111c7c0de5226f635dd","65527","metadata","F_IRRELEVANT","False","False",""
"Drone-Motors-Unknown-Faults-Detection/Ancestor","main","1ef4a891ae02dc95910f747a5163bb2edd608f28","output/Step5_Model_27_Random_Detecting/2026-08-05-16-39-45/plot_001.png","plot_001.png",".png","blob","100644","d904fbb03dba1b720fbb9bf3d5f77a25ca3af19a","72210","metadata","F_IRRELEVANT","False","False",""
"Drone-Motors-Unknown-Faults-Detection/Ancestor","main","1ef4a891ae02dc95910f747a5163bb2edd608f28","output/Step5_Model_27_Random_Detecting/2026-08-05-16-39-45/plot_002.png","plot_002.png",".png","blob","100644","d904fbb03dba1b720fbb9bf3d5f77a25ca3af19a","72210","metadata","F_IRRELEVANT","False","False",""
"Drone-Motors-Unknown-Faults-Detection/Ancestor","main","1ef4a891ae02dc95910f747a5163bb2edd608f28","output/Step6_Model_01_Retrain","Step6_Model_01_Retrain","","tree","040000","8b25c436bfec689bb485e7d56c649fbc944598a2","","unknown","F_IRRELEVANT","False","False",""
"Drone-Motors-Unknown-Faults-Detection/Ancestor","main","1ef4a891ae02dc95910f747a5163bb2edd608f28","output/Step6_Model_01_Retrain/2026-08-05-16-40-40","2026-08-05-16-40-40","","tree","040000","f27c323db12aa04930bd3f3b40f08d618ea44532","","unknown","F_IRRELEVANT","False","False",""
"Drone-Motors-Unknown-Faults-Detection/Ancestor","main","1ef4a891ae02dc95910f747a5163bb2edd608f28","output/Step6_Model_01_Retrain/2026-08-05-16-40-40/plot_000.png","plot_000.png",".png","blob","100644","65002035843ad7bad23bbba1eb7bc0e90f8a0b56","104637","metadata","F_IRRELEVANT","False","False",""
"Drone-Motors-Unknown-Faults-Detection/Ancestor","main","1ef4a891ae02dc95910f747a5163bb2edd608f28","output/Step6_Model_01_Retrain/2026-08-05-16-40-40/plot_001.png","plot_001.png",".png","blob","100644","dcf0687cbac8cb215946a4cfc5a6a88bc223c5fa","96921","metadata","F_IRRELEVANT","False","False",""
"Drone-Motors-Unknown-Faults-Detection/Ancestor","main","1ef4a891ae02dc95910f747a5163bb2edd608f28","output/Step6_Model_01_Retrain/2026-08-05-16-40-40/plot_002.png","plot_002.png",".png","blob","100644","3b8953c7fcdbb9ccdbaca95e5bfbc45dce1a647b","112977","metadata","F_IRRELEVANT","False","False",""
"Drone-Motors-Unknown-Faults-Detection/Ancestor","main","1ef4a891ae02dc95910f747a5163bb2edd608f28","output/Step6_Model_02_Retrain","Step6_Model_02_Retrain","","tree","040000","dafa68b4eb546cd4bd477637104a480df47b6bc1","","unknown","F_IRRELEVANT","False","False",""
"Drone-Motors-Unknown-Faults-Detection/Ancestor","main","1ef4a891ae02dc95910f747a5163bb2edd608f28","output/Step6_Model_02_Retrain/2026-08-05-16-41-31","2026-08-05-16-41-31","","tree","040000","940572fb71a8b417f80bc567686d34140b0df49e","","unknown","F_IRRELEVANT","False","False",""
"Drone-Motors-Unknown-Faults-Detection/Ancestor","main","1ef4a891ae02dc95910f747a5163bb2edd608f28","output/Step6_Model_02_Retrain/2026-08-05-16-41-31/plot_000.png","plot_000.png",".png","blob","100644","bbc80a8290b14bc6639eac0dd195d5704b2c3c73","81802","metadata","F_IRRELEVANT","False","False",""
"Drone-Motors-Unknown-Faults-Detection/Ancestor","main","1ef4a891ae02dc95910f747a5163bb2edd608f28","output/Step6_Model_02_Retrain/2026-08-05-16-41-31/plot_001.png","plot_001.png",".png","blob","100644","bb6cacf9aeecf31801ce683ab6065ff454485c2e","84325","metadata","F_IRRELEVANT","False","False",""
"Drone-Motors-Unknown-Faults-Detection/Ancestor","main","1ef4a891ae02dc95910f747a5163bb2edd608f28","output/Step6_Model_02_Retrain/2026-08-05-16-41-31/plot_002.png","plot_002.png",".png","blob","100644","c231e8cb3edc58b1d4ed87efd3d66b5f22026956","113668","metadata","F_IRRELEVANT","False","False",""
"Drone-Motors-Unknown-Faults-Detection/Ancestor","main","1ef4a891ae02dc95910f747a5163bb2edd608f28","output/Step6_Model_03_Retrain","Step6_Model_03_Retrain","","tree","040000","f41928094f853b1e3bc56fa8a76402a1134f8c97","","unknown","F_IRRELEVANT","False","False",""
"Drone-Motors-Unknown-Faults-Detection/Ancestor","main","1ef4a891ae02dc95910f747a5163bb2edd608f28","output/Step6_Model_03_Retrain/2026-08-05-16-42-40","2026-08-05-16-42-40","","tree","040000","e7ff82304c8ea803ea0e79be5c8eabaab04a7d98","","unknown","F_IRRELEVANT","False","False",""
"Drone-Motors-Unknown-Faults-Detection/Ancestor","main","1ef4a891ae02dc95910f747a5163bb2edd608f28","output/Step6_Model_03_Retrain/2026-08-05-16-42-40/plot_000.png","plot_000.png",".png","blob","100644","81e188f093ac10e404c5a14a63fae5fcf7566b3c","94592","metadata","F_IRRELEVANT","False","False",""
"Drone-Motors-Unknown-Faults-Detection/Ancestor","main","1ef4a891ae02dc95910f747a5163bb2edd608f28","output/Step6_Model_03_Retrain/2026-08-05-16-42-40/plot_001.png","plot_001.png",".png","blob","100644","69146e0a33b82f7a4bd6a3016f42b6b42103227f","92412","metadata","F_IRRELEVANT","False","False",""
"Drone-Motors-Unknown-Faults-Detection/Ancestor","main","1ef4a891ae02dc95910f747a5163bb2edd608f28","output/Step6_Model_03_Retrain/2026-08-05-16-42-40/plot_002.png","plot_002.png",".png","blob","100644","25135dc27a7a3bd02901d3731788d0e0a780e610","113312","metadata","F_IRRELEVANT","False","False",""
"Drone-Motors-Unknown-Faults-Detection/Ancestor","main","1ef4a891ae02dc95910f747a5163bb2edd608f28","output/Step6_Model_04_Retrain","Step6_Model_04_Retrain","","tree","040000","38a0f56c6118916b2c15c79a14c70a01a05036ab","","unknown","F_IRRELEVANT","False","False",""
"Drone-Motors-Unknown-Faults-Detection/Ancestor","main","1ef4a891ae02dc95910f747a5163bb2edd608f28","output/Step6_Model_04_Retrain/2026-08-05-16-43-28","2026-08-05-16-43-28","","tree","040000","3ea22ae5788a85144743dad370b24aa201f489a7","","unknown","F_IRRELEVANT","False","False",""
"Drone-Motors-Unknown-Faults-Detection/Ancestor","main","1ef4a891ae02dc95910f747a5163bb2edd608f28","output/Step6_Model_04_Retrain/2026-08-05-16-43-28/plot_000.png","plot_000.png",".png","blob","100644","0be95bc4c3838ba4cc91692923e4d167113ce6ad","99392","metadata","F_IRRELEVANT","False","False",""
"Drone-Motors-Unknown-Faults-Detection/Ancestor","main","1ef4a891ae02dc95910f747a5163bb2edd608f28","output/Step6_Model_04_Retrain/2026-08-05-16-43-28/plot_001.png","plot_001.png",".png","blob","100644","7c5b4ef9c360523f64d9b79bcdb6f2e5a9efaf6c","96116","metadata","F_IRRELEVANT","False","False",""
"Drone-Motors-Unknown-Faults-Detection/Ancestor","main","1ef4a891ae02dc95910f747a5163bb2edd608f28","output/Step6_Model_04_Retrain/2026-08-05-16-43-28/plot_002.png","plot_002.png",".png","blob","100644","04ea2b9f62f06347f474430024a04aa4f6ce97c4","109711","metadata","F_IRRELEVANT","False","False",""
"Drone-Motors-Unknown-Faults-Detection/Ancestor","main","1ef4a891ae02dc95910f747a5163bb2edd608f28","output/Step6_Model_05_Retrain","Step6_Model_05_Retrain","","tree","040000","9d6f401b62c3126d6194aca0e5ad5052cb033eb8","","unknown","F_IRRELEVANT","False","False",""
"Drone-Motors-Unknown-Faults-Detection/Ancestor","main","1ef4a891ae02dc95910f747a5163bb2edd608f28","output/Step6_Model_05_Retrain/2026-08-05-16-44-33","2026-08-05-16-44-33","","tree","040000","9ea23ac89ba12e48a92b18e82782f55765fe3d39","","unknown","F_IRRELEVANT","False","False",""
"Drone-Motors-Unknown-Faults-Detection/Ancestor","main","1ef4a891ae02dc95910f747a5163bb2edd608f28","output/Step6_Model_05_Retrain/2026-08-05-16-44-33/plot_000.png","plot_000.png",".png","blob","100644","c8bf7e8bf78bbeb1c9fdef03ebed5646a105d9ea","73900","metadata","F_IRRELEVANT","False","False",""
"Drone-Motors-Unknown-Faults-Detection/Ancestor","main","1ef4a891ae02dc95910f747a5163bb2edd608f28","output/Step6_Model_05_Retrain/2026-08-05-16-44-33/plot_001.png","plot_001.png",".png","blob","100644","e73f16276b0894b6248f0977ad46d2c1f34c0098","71028","metadata","F_IRRELEVANT","False","False",""
"Drone-Motors-Unknown-Faults-Detection/Ancestor","main","1ef4a891ae02dc95910f747a5163bb2edd608f28","output/Step6_Model_05_Retrain/2026-08-05-16-44-33/plot_002.png","plot_002.png",".png","blob","100644","eb22084fdbfa7f4463b8fb5817eea06bf1d36e5f","109870","metadata","F_IRRELEVANT","False","False",""
"Drone-Motors-Unknown-Faults-Detection/Ancestor","main","1ef4a891ae02dc95910f747a5163bb2edd608f28","output/Step6_Model_06_Retrain","Step6_Model_06_Retrain","","tree","040000","002adacea660b7f22b34e7b475aafac9368866dd","","unknown","F_IRRELEVANT","False","False",""
"Drone-Motors-Unknown-Faults-Detection/Ancestor","main","1ef4a891ae02dc95910f747a5163bb2edd608f28","output/Step6_Model_06_Retrain/2026-08-05-16-46-54","2026-08-05-16-46-54","","tree","040000","647f51fa0f7f439bf656f3d0165c79795be7224c","","unknown","F_IRRELEVANT","False","False",""
"Drone-Motors-Unknown-Faults-Detection/Ancestor","main","1ef4a891ae02dc95910f747a5163bb2edd608f28","output/Step6_Model_06_Retrain/2026-08-05-16-46-54/plot_000.png","plot_000.png",".png","blob","100644","f854b169606a05022ca4c2eab73d83314ec3df35","90931","metadata","F_IRRELEVANT","False","False",""
"Drone-Motors-Unknown-Faults-Detection/Ancestor","main","1ef4a891ae02dc95910f747a5163bb2edd608f28","output/Step6_Model_06_Retrain/2026-08-05-16-46-54/plot_001.png","plot_001.png",".png","blob","100644","cf174d095023029c244cbdec043c228dfe0a33fa","87172","metadata","F_IRRELEVANT","False","False",""
"Drone-Motors-Unknown-Faults-Detection/Ancestor","main","1ef4a891ae02dc95910f747a5163bb2edd608f28","output/Step6_Model_06_Retrain/2026-08-05-16-46-54/plot_002.png","plot_002.png",".png","blob","100644","59abea31a6fb2aedb273586b24c713c9209cdf4b","107625","metadata","F_IRRELEVANT","False","False",""
"Drone-Motors-Unknown-Faults-Detection/Ancestor","main","1ef4a891ae02dc95910f747a5163bb2edd608f28","output/Step6_Model_07_Retrain","Step6_Model_07_Retrain","","tree","040000","69e4d1bfbc161f12bf599df40e765cf6446bdeb1","","unknown","F_IRRELEVANT","False","False",""
"Drone-Motors-Unknown-Faults-Detection/Ancestor","main","1ef4a891ae02dc95910f747a5163bb2edd608f28","output/Step6_Model_07_Retrain/2026-08-05-16-47-54","2026-08-05-16-47-54","","tree","040000","fa4ffd0237c191bb9bf78084c21b756f829a415a","","unknown","F_IRRELEVANT","False","False",""
"Drone-Motors-Unknown-Faults-Detection/Ancestor","main","1ef4a891ae02dc95910f747a5163bb2edd608f28","output/Step6_Model_07_Retrain/2026-08-05-16-47-54/plot_000.png","plot_000.png",".png","blob","100644","ddb1e718e71679bb647fca2a3fd9df0fa67bd39e","95148","metadata","F_IRRELEVANT","False","False",""
"Drone-Motors-Unknown-Faults-Detection/Ancestor","main","1ef4a891ae02dc95910f747a5163bb2edd608f28","output/Step6_Model_07_Retrain/2026-08-05-16-47-54/plot_001.png","plot_001.png",".png","blob","100644","b92edb39cf59f99268ff7cf48ff1672594f9ae11","92041","metadata","F_IRRELEVANT","False","False",""
"Drone-Motors-Unknown-Faults-Detection/Ancestor","main","1ef4a891ae02dc95910f747a5163bb2edd608f28","output/Step6_Model_07_Retrain/2026-08-05-16-47-54/plot_002.png","plot_002.png",".png","blob","100644","6b55b9ac7c018baf65bbae7c529eae1200a1e5b6","103604","metadata","F_IRRELEVANT","False","False",""
"Drone-Motors-Unknown-Faults-Detection/Ancestor","main","1ef4a891ae02dc95910f747a5163bb2edd608f28","output/Step6_Model_08_Retrain","Step6_Model_08_Retrain","","tree","040000","efe026fceccd7bf8d8c2eae83702d38b2ab1b5c7","","unknown","F_IRRELEVANT","False","False",""
"Drone-Motors-Unknown-Faults-Detection/Ancestor","main","1ef4a891ae02dc95910f747a5163bb2edd608f28","output/Step6_Model_08_Retrain/2026-08-05-16-49-15","2026-08-05-16-49-15","","tree","040000","0c2ab33c9f15f62b4e5c8683554219e171d000e5","","unknown","F_IRRELEVANT","False","False",""
"Drone-Motors-Unknown-Faults-Detection/Ancestor","main","1ef4a891ae02dc95910f747a5163bb2edd608f28","output/Step6_Model_08_Retrain/2026-08-05-16-49-15/plot_000.png","plot_000.png",".png","blob","100644","9c16ff2fa816beb545636b0c30f1c2d7525e82a3","73452","metadata","F_IRRELEVANT","False","False",""
"Drone-Motors-Unknown-Faults-Detection/Ancestor","main","1ef4a891ae02dc95910f747a5163bb2edd608f28","output/Step6_Model_08_Retrain/2026-08-05-16-49-15/plot_001.png","plot_001.png",".png","blob","100644","c372e92b1aecc728235d4123cd623f1a4701eee0","70789","metadata","F_IRRELEVANT","False","False",""
"Drone-Motors-Unknown-Faults-Detection/Ancestor","main","1ef4a891ae02dc95910f747a5163bb2edd608f28","output/Step6_Model_08_Retrain/2026-08-05-16-49-15/plot_002.png","plot_002.png",".png","blob","100644","37ec4557f70e5245ff8806917d0761a2123d0dda","107205","metadata","F_IRRELEVANT","False","False",""
"Drone-Motors-Unknown-Faults-Detection/Ancestor","main","1ef4a891ae02dc95910f747a5163bb2edd608f28","output/Step6_Model_09_Retrain","Step6_Model_09_Retrain","","tree","040000","b9d4eb5d325c663d05e4bac4701f14dae496dedd","","unknown","F_IRRELEVANT","False","False",""
"Drone-Motors-Unknown-Faults-Detection/Ancestor","main","1ef4a891ae02dc95910f747a5163bb2edd608f28","output/Step6_Model_09_Retrain/2026-08-05-16-51-23","2026-08-05-16-51-23","","tree","040000","e5f2d84b184ecb610d9950d99374f613a16ac11a","","unknown","F_IRRELEVANT","False","False",""
"Drone-Motors-Unknown-Faults-Detection/Ancestor","main","1ef4a891ae02dc95910f747a5163bb2edd608f28","output/Step6_Model_09_Retrain/2026-08-05-16-51-23/plot_000.png","plot_000.png",".png","blob","100644","79b9c1f4b852572d3d6caba0db063735c735523a","102189","metadata","F_IRRELEVANT","False","False",""
"Drone-Motors-Unknown-Faults-Detection/Ancestor","main","1ef4a891ae02dc95910f747a5163bb2edd608f28","output/Step6_Model_09_Retrain/2026-08-05-16-51-23/plot_001.png","plot_001.png",".png","blob","100644","46205831fd7bc10cfff8c3d84e1072b81394d03b","92547","metadata","F_IRRELEVANT","False","False",""
"Drone-Motors-Unknown-Faults-Detection/Ancestor","main","1ef4a891ae02dc95910f747a5163bb2edd608f28","output/Step6_Model_09_Retrain/2026-08-05-16-51-23/plot_002.png","plot_002.png",".png","blob","100644","3900c12634fce4e61aace1b0be79706208b1b777","107199","metadata","F_IRRELEVANT","False","False",""
"Drone-Motors-Unknown-Faults-Detection/Ancestor","main","1ef4a891ae02dc95910f747a5163bb2edd608f28","output/Step6_Model_10_Retrain","Step6_Model_10_Retrain","","tree","040000","42c5364acc861362f986109b2b570ac7b82e8f57","","unknown","F_IRRELEVANT","False","False",""
"Drone-Motors-Unknown-Faults-Detection/Ancestor","main","1ef4a891ae02dc95910f747a5163bb2edd608f28","output/Step6_Model_10_Retrain/2026-08-05-16-52-15","2026-08-05-16-52-15","","tree","040000","e3226e8f53ad5cc2b052244aa3ba98ee73871456","","unknown","F_IRRELEVANT","False","False",""
"Drone-Motors-Unknown-Faults-Detection/Ancestor","main","1ef4a891ae02dc95910f747a5163bb2edd608f28","output/Step6_Model_10_Retrain/2026-08-05-16-52-15/plot_000.png","plot_000.png",".png","blob","100644","9cabf4f79c4e1e36896f4424dbe63a30aef218c4","95698","metadata","F_IRRELEVANT","False","False",""
"Drone-Motors-Unknown-Faults-Detection/Ancestor","main","1ef4a891ae02dc95910f747a5163bb2edd608f28","output/Step6_Model_10_Retrain/2026-08-05-16-52-15/plot_001.png","plot_001.png",".png","blob","100644","7d12036af54bb7a990eccf4af0072603261a221e","99840","metadata","F_IRRELEVANT","False","False",""
"Drone-Motors-Unknown-Faults-Detection/Ancestor","main","1ef4a891ae02dc95910f747a5163bb2edd608f28","output/Step6_Model_10_Retrain/2026-08-05-16-52-15/plot_002.png","plot_002.png",".png","blob","100644","6f7f4033d377810e80231185d1a1167ae7a1a858","115017","metadata","F_IRRELEVANT","False","False",""
"Drone-Motors-Unknown-Faults-Detection/Ancestor","main","1ef4a891ae02dc95910f747a5163bb2edd608f28","output/Step6_Model_11_Retrain","Step6_Model_11_Retrain","","tree","040000","ee3fd29840ca1ba9af92026f0a612e7d508e737a","","unknown","F_IRRELEVANT","False","False",""
"Drone-Motors-Unknown-Faults-Detection/Ancestor","main","1ef4a891ae02dc95910f747a5163bb2edd608f28","output/Step6_Model_11_Retrain/2026-08-05-16-53-42","2026-08-05-16-53-42","","tree","040000","ae68f8bf6b5ddffeb8b9e7682e73a6f22a448259","","unknown","F_IRRELEVANT","False","False",""
"Drone-Motors-Unknown-Faults-Detection/Ancestor","main","1ef4a891ae02dc95910f747a5163bb2edd608f28","output/Step6_Model_11_Retrain/2026-08-05-16-53-42/plot_000.png","plot_000.png",".png","blob","100644","8685232dd50dc787ab4c65df92516fd978b474b8","74962","metadata","F_IRRELEVANT","False","False",""
"Drone-Motors-Unknown-Faults-Detection/Ancestor","main","1ef4a891ae02dc95910f747a5163bb2edd608f28","output/Step6_Model_11_Retrain/2026-08-05-16-53-42/plot_001.png","plot_001.png",".png","blob","100644","c5050fff5c1aa4cdfb93e702dc0bb5902407749a","71000","metadata","F_IRRELEVANT","False","False",""
"Drone-Motors-Unknown-Faults-Detection/Ancestor","main","1ef4a891ae02dc95910f747a5163bb2edd608f28","output/Step6_Model_11_Retrain/2026-08-05-16-53-42/plot_002.png","plot_002.png",".png","blob","100644","b20d87285b3a3e32664772e0fb544241f67576de","114273","metadata","F_IRRELEVANT","False","False",""
"Drone-Motors-Unknown-Faults-Detection/Ancestor","main","1ef4a891ae02dc95910f747a5163bb2edd608f28","output/Step6_Model_12_Retrain","Step6_Model_12_Retrain","","tree","040000","9415bfe73acd64ec4652cc758f446c0a75458c41","","unknown","F_IRRELEVANT","False","False",""
"Drone-Motors-Unknown-Faults-Detection/Ancestor","main","1ef4a891ae02dc95910f747a5163bb2edd608f28","output/Step6_Model_12_Retrain/2026-08-05-16-55-44","2026-08-05-16-55-44","","tree","040000","0e90b630711b76cee234a848f18def4ac0b7608d","","unknown","F_IRRELEVANT","False","False",""
"Drone-Motors-Unknown-Faults-Detection/Ancestor","main","1ef4a891ae02dc95910f747a5163bb2edd608f28","output/Step6_Model_12_Retrain/2026-08-05-16-55-44/plot_000.png","plot_000.png",".png","blob","100644","ea06ce41237c319fe58b23beb72bd7c1d38cff4e","89446","metadata","F_IRRELEVANT","False","False",""
"Drone-Motors-Unknown-Faults-Detection/Ancestor","main","1ef4a891ae02dc95910f747a5163bb2edd608f28","output/Step6_Model_12_Retrain/2026-08-05-16-55-44/plot_001.png","plot_001.png",".png","blob","100644","6976685d16fd59134631a698b438bc1ee0652f1d","87548","metadata","F_IRRELEVANT","False","False",""
"Drone-Motors-Unknown-Faults-Detection/Ancestor","main","1ef4a891ae02dc95910f747a5163bb2edd608f28","output/Step6_Model_12_Retrain/2026-08-05-16-55-44/plot_002.png","plot_002.png",".png","blob","100644","c4073f915aabc1d3d0a720d6ef0a8f090486ffe6","114844","metadata","F_IRRELEVANT","False","False",""
"Drone-Motors-Unknown-Faults-Detection/Ancestor","main","1ef4a891ae02dc95910f747a5163bb2edd608f28","output/Step6_Model_13_Retrain","Step6_Model_13_Retrain","","tree","040000","407e100bfd5187b8929a210141d5f4f121045c95","","unknown","F_IRRELEVANT","False","False",""
"Drone-Motors-Unknown-Faults-Detection/Ancestor","main","1ef4a891ae02dc95910f747a5163bb2edd608f28","output/Step6_Model_13_Retrain/2026-08-05-16-56-49","2026-08-05-16-56-49","","tree","040000","582f272bb7d14086e604e56c8112c6a689b207cc","","unknown","F_IRRELEVANT","False","False",""
"Drone-Motors-Unknown-Faults-Detection/Ancestor","main","1ef4a891ae02dc95910f747a5163bb2edd608f28","output/Step6_Model_13_Retrain/2026-08-05-16-56-49/plot_000.png","plot_000.png",".png","blob","100644","f1be546d45214861c396ed716a88944c3b11b5c1","102516","metadata","F_IRRELEVANT","False","False",""
"Drone-Motors-Unknown-Faults-Detection/Ancestor","main","1ef4a891ae02dc95910f747a5163bb2edd608f28","output/Step6_Model_13_Retrain/2026-08-05-16-56-49/plot_001.png","plot_001.png",".png","blob","100644","d066457efc86685738c74a59f521e71ea92dcfaf","92173","metadata","F_IRRELEVANT","False","False",""
"Drone-Motors-Unknown-Faults-Detection/Ancestor","main","1ef4a891ae02dc95910f747a5163bb2edd608f28","output/Step6_Model_13_Retrain/2026-08-05-16-56-49/plot_002.png","plot_002.png",".png","blob","100644","f1da7bcd277d40c1b0ac1d668f38b467e9c2a34d","115302","metadata","F_IRRELEVANT","False","False",""
"Drone-Motors-Unknown-Faults-Detection/Ancestor","main","1ef4a891ae02dc95910f747a5163bb2edd608f28","output/Step6_Model_14_Retrain","Step6_Model_14_Retrain","","tree","040000","080c2a7ac5f105756503fbcba673e69ff923bf55","","unknown","F_IRRELEVANT","False","False",""
"Drone-Motors-Unknown-Faults-Detection/Ancestor","main","1ef4a891ae02dc95910f747a5163bb2edd608f28","output/Step6_Model_14_Retrain/2026-08-05-16-58-14","2026-08-05-16-58-14","","tree","040000","5cc82eda497741f4f807857a5f1d43cc5a4eefe4","","unknown","F_IRRELEVANT","False","False",""
"Drone-Motors-Unknown-Faults-Detection/Ancestor","main","1ef4a891ae02dc95910f747a5163bb2edd608f28","output/Step6_Model_14_Retrain/2026-08-05-16-58-14/plot_000.png","plot_000.png",".png","blob","100644","0cdf9f0c6dd4042fab1f5e2521e86667fb47785a","81521","metadata","F_IRRELEVANT","False","False",""
"Drone-Motors-Unknown-Faults-Detection/Ancestor","main","1ef4a891ae02dc95910f747a5163bb2edd608f28","output/Step6_Model_14_Retrain/2026-08-05-16-58-14/plot_001.png","plot_001.png",".png","blob","100644","d58b484a72a85acd52a7cd32f2c781af122098ea","83136","metadata","F_IRRELEVANT","False","False",""
"Drone-Motors-Unknown-Faults-Detection/Ancestor","main","1ef4a891ae02dc95910f747a5163bb2edd608f28","output/Step6_Model_14_Retrain/2026-08-05-16-58-14/plot_002.png","plot_002.png",".png","blob","100644","cf8cf82e5b4727411c63fdeb75a3ac14a743a37b","114918","metadata","F_IRRELEVANT","False","False",""
"Drone-Motors-Unknown-Faults-Detection/Ancestor","main","1ef4a891ae02dc95910f747a5163bb2edd608f28","output/Step6_Model_15_Retrain","Step6_Model_15_Retrain","","tree","040000","ecf6146d572e0c5e96f7ec72a3a156df05180f19","","unknown","F_IRRELEVANT","False","False",""
"Drone-Motors-Unknown-Faults-Detection/Ancestor","main","1ef4a891ae02dc95910f747a5163bb2edd608f28","output/Step6_Model_15_Retrain/2026-08-05-17-00-15","2026-08-05-17-00-15","","tree","040000","e376cb4e7c3919eab5c5fe7e3b7db92cb064f72b","","unknown","F_IRRELEVANT","False","False",""
"Drone-Motors-Unknown-Faults-Detection/Ancestor","main","1ef4a891ae02dc95910f747a5163bb2edd608f28","output/Step6_Model_15_Retrain/2026-08-05-17-00-15/plot_000.png","plot_000.png",".png","blob","100644","e7f69218e1059ac2bf68350253226311126451a4","96663","metadata","F_IRRELEVANT","False","False",""
"Drone-Motors-Unknown-Faults-Detection/Ancestor","main","1ef4a891ae02dc95910f747a5163bb2edd608f28","output/Step6_Model_15_Retrain/2026-08-05-17-00-15/plot_001.png","plot_001.png",".png","blob","100644","fed14ae8f0217576fc5c244554c429d2c8046c5c","94795","metadata","F_IRRELEVANT","False","False",""
"Drone-Motors-Unknown-Faults-Detection/Ancestor","main","1ef4a891ae02dc95910f747a5163bb2edd608f28","output/Step6_Model_15_Retrain/2026-08-05-17-00-15/plot_002.png","plot_002.png",".png","blob","100644","c936b3c27364341725f23b0ab71d78856d82427e","114961","metadata","F_IRRELEVANT","False","False",""
"Drone-Motors-Unknown-Faults-Detection/Ancestor","main","1ef4a891ae02dc95910f747a5163bb2edd608f28","output/Step6_Model_16_Retrain","Step6_Model_16_Retrain","","tree","040000","6e0bae6056894286869f980412ba272fbbd247d7","","unknown","F_IRRELEVANT","False","False",""
"Drone-Motors-Unknown-Faults-Detection/Ancestor","main","1ef4a891ae02dc95910f747a5163bb2edd608f28","output/Step6_Model_16_Retrain/2026-08-05-17-01-08","2026-08-05-17-01-08","","tree","040000","eb283bd690941556b5ee76308f5db996a2c4c61a","","unknown","F_IRRELEVANT","False","False",""
"Drone-Motors-Unknown-Faults-Detection/Ancestor","main","1ef4a891ae02dc95910f747a5163bb2edd608f28","output/Step6_Model_16_Retrain/2026-08-05-17-01-08/plot_000.png","plot_000.png",".png","blob","100644","841d2e921341078cb0961f03e6a2c258fbd03de8","99237","metadata","F_IRRELEVANT","False","False",""
"Drone-Motors-Unknown-Faults-Detection/Ancestor","main","1ef4a891ae02dc95910f747a5163bb2edd608f28","output/Step6_Model_16_Retrain/2026-08-05-17-01-08/plot_001.png","plot_001.png",".png","blob","100644","a55b69c1a58714b56a612b17c5dfb9088e75f589","99986","metadata","F_IRRELEVANT","False","False",""
"Drone-Motors-Unknown-Faults-Detection/Ancestor","main","1ef4a891ae02dc95910f747a5163bb2edd608f28","output/Step6_Model_16_Retrain/2026-08-05-17-01-08/plot_002.png","plot_002.png",".png","blob","100644","dabc62c3b7c64c9fa4c898e72290adfdc5c83c04","116078","metadata","F_IRRELEVANT","False","False",""
"Drone-Motors-Unknown-Faults-Detection/Ancestor","main","1ef4a891ae02dc95910f747a5163bb2edd608f28","output/Step6_Model_17_Retrain","Step6_Model_17_Retrain","","tree","040000","8a840eb8c2de54e51a493b4e5aadb8e46afbd209","","unknown","F_IRRELEVANT","False","False",""
"Drone-Motors-Unknown-Faults-Detection/Ancestor","main","1ef4a891ae02dc95910f747a5163bb2edd608f28","output/Step6_Model_17_Retrain/2026-08-05-17-01-53","2026-08-05-17-01-53","","tree","040000","06e06aba23f1ef33b5cc2ee12a0a28afcc87b73b","","unknown","F_IRRELEVANT","False","False",""
"Drone-Motors-Unknown-Faults-Detection/Ancestor","main","1ef4a891ae02dc95910f747a5163bb2edd608f28","output/Step6_Model_17_Retrain/2026-08-05-17-01-53/plot_000.png","plot_000.png",".png","blob","100644","413cdb7b0e20de1869402930bd35a572e57c5ff9","84850","metadata","F_IRRELEVANT","False","False",""
"Drone-Motors-Unknown-Faults-Detection/Ancestor","main","1ef4a891ae02dc95910f747a5163bb2edd608f28","output/Step6_Model_17_Retrain/2026-08-05-17-01-53/plot_001.png","plot_001.png",".png","blob","100644","0d638f4df3eaec1a24edfba4f341412189f3db0f","79607","metadata","F_IRRELEVANT","False","False",""
"Drone-Motors-Unknown-Faults-Detection/Ancestor","main","1ef4a891ae02dc95910f747a5163bb2edd608f28","output/Step6_Model_17_Retrain/2026-08-05-17-01-53/plot_002.png","plot_002.png",".png","blob","100644","25cff527f06a56626e754db27ca6fd6e1173f350","115694","metadata","F_IRRELEVANT","False","False",""
"Drone-Motors-Unknown-Faults-Detection/Ancestor","main","1ef4a891ae02dc95910f747a5163bb2edd608f28","output/Step6_Model_18_Retrain","Step6_Model_18_Retrain","","tree","040000","592b431f46ecc0eeaa61130e7993c18f7a290ddb","","unknown","F_IRRELEVANT","False","False",""
"Drone-Motors-Unknown-Faults-Detection/Ancestor","main","1ef4a891ae02dc95910f747a5163bb2edd608f28","output/Step6_Model_18_Retrain/2026-08-05-17-03-20","2026-08-05-17-03-20","","tree","040000","5d4d1ae1771eb73d9fd2916a71b22eef211ad245","","unknown","F_IRRELEVANT","False","False",""
"Drone-Motors-Unknown-Faults-Detection/Ancestor","main","1ef4a891ae02dc95910f747a5163bb2edd608f28","output/Step6_Model_18_Retrain/2026-08-05-17-03-20/plot_000.png","plot_000.png",".png","blob","100644","d05f436cc17500e0c486d318fa0f0d4956027347","93317","metadata","F_IRRELEVANT","False","False",""
"Drone-Motors-Unknown-Faults-Detection/Ancestor","main","1ef4a891ae02dc95910f747a5163bb2edd608f28","output/Step6_Model_18_Retrain/2026-08-05-17-03-20/plot_001.png","plot_001.png",".png","blob","100644","5bef761427f288f9444357ba8da861490e77c762","94970","metadata","F_IRRELEVANT","False","False",""
"Drone-Motors-Unknown-Faults-Detection/Ancestor","main","1ef4a891ae02dc95910f747a5163bb2edd608f28","output/Step6_Model_18_Retrain/2026-08-05-17-03-20/plot_002.png","plot_002.png",".png","blob","100644","5ae1cc2d4f2b53e1deb97b2b8d0fa6c21dcb2e8c","115515","metadata","F_IRRELEVANT","False","False",""
"Drone-Motors-Unknown-Faults-Detection/Ancestor","main","1ef4a891ae02dc95910f747a5163bb2edd608f28","output/Step6_Model_19_Retrain","Step6_Model_19_Retrain","","tree","040000","4f3d7a750488b1afe12a44383f0f55a4ef0113eb","","unknown","F_IRRELEVANT","False","False",""
"Drone-Motors-Unknown-Faults-Detection/Ancestor","main","1ef4a891ae02dc95910f747a5163bb2edd608f28","output/Step6_Model_19_Retrain/2026-08-05-17-04-29","2026-08-05-17-04-29","","tree","040000","bebdcae5eaa9068c3d16efbc9b8c82e5855ce16a","","unknown","F_IRRELEVANT","False","False",""
"Drone-Motors-Unknown-Faults-Detection/Ancestor","main","1ef4a891ae02dc95910f747a5163bb2edd608f28","output/Step6_Model_19_Retrain/2026-08-05-17-04-29/plot_000.png","plot_000.png",".png","blob","100644","41c625f2d5650b7ee0a4abde4fee904608c529f4","96041","metadata","F_IRRELEVANT","False","False",""
"Drone-Motors-Unknown-Faults-Detection/Ancestor","main","1ef4a891ae02dc95910f747a5163bb2edd608f28","output/Step6_Model_19_Retrain/2026-08-05-17-04-29/plot_001.png","plot_001.png",".png","blob","100644","c495537fd176fa7113d5d3ff1e4ddc60560041c7","93343","metadata","F_IRRELEVANT","False","False",""
"Drone-Motors-Unknown-Faults-Detection/Ancestor","main","1ef4a891ae02dc95910f747a5163bb2edd608f28","output/Step6_Model_19_Retrain/2026-08-05-17-04-29/plot_002.png","plot_002.png",".png","blob","100644","e6c0c374903d84c8154f4df05a421c9e5ecd15da","115478","metadata","F_IRRELEVANT","False","False",""
"Drone-Motors-Unknown-Faults-Detection/Ancestor","main","1ef4a891ae02dc95910f747a5163bb2edd608f28","output/Step6_Model_20_Retrain","Step6_Model_20_Retrain","","tree","040000","7a72f0c298c555bfab17171d6da0d50618191798","","unknown","F_IRRELEVANT","False","False",""
"Drone-Motors-Unknown-Faults-Detection/Ancestor","main","1ef4a891ae02dc95910f747a5163bb2edd608f28","output/Step6_Model_20_Retrain/2026-08-05-17-05-54","2026-08-05-17-05-54","","tree","040000","1d71be5ef051ade3392c09d687eb56e79aefc43b","","unknown","F_IRRELEVANT","False","False",""
"Drone-Motors-Unknown-Faults-Detection/Ancestor","main","1ef4a891ae02dc95910f747a5163bb2edd608f28","output/Step6_Model_20_Retrain/2026-08-05-17-05-54/plot_000.png","plot_000.png",".png","blob","100644","e17124e136e617c6662d99e3d88e2205d17c5858","89012","metadata","F_IRRELEVANT","False","False",""
"Drone-Motors-Unknown-Faults-Detection/Ancestor","main","1ef4a891ae02dc95910f747a5163bb2edd608f28","output/Step6_Model_20_Retrain/2026-08-05-17-05-54/plot_001.png","plot_001.png",".png","blob","100644","aa1cf2cd39d78c0ff669ecad345c4e9647ae4842","79636","metadata","F_IRRELEVANT","False","False",""
"Drone-Motors-Unknown-Faults-Detection/Ancestor","main","1ef4a891ae02dc95910f747a5163bb2edd608f28","output/Step6_Model_20_Retrain/2026-08-05-17-05-54/plot_002.png","plot_002.png",".png","blob","100644","68f2fda2308fa40ba4f6f76f015fb913decd98bc","116030","metadata","F_IRRELEVANT","False","False",""
"Drone-Motors-Unknown-Faults-Detection/Ancestor","main","1ef4a891ae02dc95910f747a5163bb2edd608f28","output/Step6_Model_21_Retrain","Step6_Model_21_Retrain","","tree","040000","352ccee6eac50dc9ce0a248c3aaafd7a7f70a521","","unknown","F_IRRELEVANT","False","False",""
"Drone-Motors-Unknown-Faults-Detection/Ancestor","main","1ef4a891ae02dc95910f747a5163bb2edd608f28","output/Step6_Model_21_Retrain/2026-08-05-17-07-27","2026-08-05-17-07-27","","tree","040000","b23b958dd2cfe35bf672532a411455897de9e5a5","","unknown","F_IRRELEVANT","False","False",""
"Drone-Motors-Unknown-Faults-Detection/Ancestor","main","1ef4a891ae02dc95910f747a5163bb2edd608f28","output/Step6_Model_21_Retrain/2026-08-05-17-07-27/plot_000.png","plot_000.png",".png","blob","100644","5543af21dc8a966608e310b4ebd2e498599fae99","89412","metadata","F_IRRELEVANT","False","False",""
"Drone-Motors-Unknown-Faults-Detection/Ancestor","main","1ef4a891ae02dc95910f747a5163bb2edd608f28","output/Step6_Model_21_Retrain/2026-08-05-17-07-27/plot_001.png","plot_001.png",".png","blob","100644","df492c9b2c31a2231cce078e4987f226f7e66cd1","85970","metadata","F_IRRELEVANT","False","False",""
"Drone-Motors-Unknown-Faults-Detection/Ancestor","main","1ef4a891ae02dc95910f747a5163bb2edd608f28","output/Step6_Model_21_Retrain/2026-08-05-17-07-27/plot_002.png","plot_002.png",".png","blob","100644","17eb5253d7bfecb1f300778391018f270a05d948","115301","metadata","F_IRRELEVANT","False","False",""
"Drone-Motors-Unknown-Faults-Detection/Ancestor","main","1ef4a891ae02dc95910f747a5163bb2edd608f28","output/Step6_Model_22_Retrain","Step6_Model_22_Retrain","","tree","040000","d1689cf4d85421550ab7c331afb3318014b65c90","","unknown","F_IRRELEVANT","False","False",""
"Drone-Motors-Unknown-Faults-Detection/Ancestor","main","1ef4a891ae02dc95910f747a5163bb2edd608f28","output/Step6_Model_22_Retrain/2026-08-05-17-09-01","2026-08-05-17-09-01","","tree","040000","eb8dba237362673693efae05c91ee29e1142c976","","unknown","F_IRRELEVANT","False","False",""
"Drone-Motors-Unknown-Faults-Detection/Ancestor","main","1ef4a891ae02dc95910f747a5163bb2edd608f28","output/Step6_Model_22_Retrain/2026-08-05-17-09-01/plot_000.png","plot_000.png",".png","blob","100644","b87b6a7cfcedd70d4dccfab4a147a9403c3f6138","102275","metadata","F_IRRELEVANT","False","False",""
"Drone-Motors-Unknown-Faults-Detection/Ancestor","main","1ef4a891ae02dc95910f747a5163bb2edd608f28","output/Step6_Model_22_Retrain/2026-08-05-17-09-01/plot_001.png","plot_001.png",".png","blob","100644","d85787d1ae5cbe8a7240302ef24238ca989d5574","98944","metadata","F_IRRELEVANT","False","False",""
"Drone-Motors-Unknown-Faults-Detection/Ancestor","main","1ef4a891ae02dc95910f747a5163bb2edd608f28","output/Step6_Model_22_Retrain/2026-08-05-17-09-01/plot_002.png","plot_002.png",".png","blob","100644","c49721433609932ce3628bc7ecc148fdb7769813","116066","metadata","F_IRRELEVANT","False","False",""
"Drone-Motors-Unknown-Faults-Detection/Ancestor","main","1ef4a891ae02dc95910f747a5163bb2edd608f28","output/Step6_Model_23_Retrain","Step6_Model_23_Retrain","","tree","040000","d0803dd795d8bea6625cd7820f02bc0b9cec8dcb","","unknown","F_IRRELEVANT","False","False",""
"Drone-Motors-Unknown-Faults-Detection/Ancestor","main","1ef4a891ae02dc95910f747a5163bb2edd608f28","output/Step6_Model_23_Retrain/2026-08-05-17-10-17","2026-08-05-17-10-17","","tree","040000","f7e731d465d75c266e55816cf529a05dc9ef9a69","","unknown","F_IRRELEVANT","False","False",""
"Drone-Motors-Unknown-Faults-Detection/Ancestor","main","1ef4a891ae02dc95910f747a5163bb2edd608f28","output/Step6_Model_23_Retrain/2026-08-05-17-10-17/plot_000.png","plot_000.png",".png","blob","100644","b413041dcca844fa32ed130a028b6f7a10032eca","86521","metadata","F_IRRELEVANT","False","False",""
"Drone-Motors-Unknown-Faults-Detection/Ancestor","main","1ef4a891ae02dc95910f747a5163bb2edd608f28","output/Step6_Model_23_Retrain/2026-08-05-17-10-17/plot_001.png","plot_001.png",".png","blob","100644","36dd268e36f9e23dedceef7edb3d11493eb6a1c2","77098","metadata","F_IRRELEVANT","False","False",""
"Drone-Motors-Unknown-Faults-Detection/Ancestor","main","1ef4a891ae02dc95910f747a5163bb2edd608f28","output/Step6_Model_23_Retrain/2026-08-05-17-10-17/plot_002.png","plot_002.png",".png","blob","100644","a2c9e459c21aec8b7ce77b9e4fbfcc19183d92f7","116348","metadata","F_IRRELEVANT","False","False",""
"Drone-Motors-Unknown-Faults-Detection/Ancestor","main","1ef4a891ae02dc95910f747a5163bb2edd608f28","output/Step6_Model_24_Retrain","Step6_Model_24_Retrain","","tree","040000","2acdd64b73aa198241139d1198ea1fb810fdf958","","unknown","F_IRRELEVANT","False","False",""
"Drone-Motors-Unknown-Faults-Detection/Ancestor","main","1ef4a891ae02dc95910f747a5163bb2edd608f28","output/Step6_Model_24_Retrain/2026-08-05-17-11-32","2026-08-05-17-11-32","","tree","040000","e7d724e05b410a30c6a1bb26c09e1255253dde90","","unknown","F_IRRELEVANT","False","False",""
"Drone-Motors-Unknown-Faults-Detection/Ancestor","main","1ef4a891ae02dc95910f747a5163bb2edd608f28","output/Step6_Model_24_Retrain/2026-08-05-17-11-32/plot_000.png","plot_000.png",".png","blob","100644","2c9423527e5d486f48d08e957225388ac1368c53","102371","metadata","F_IRRELEVANT","False","False",""
"Drone-Motors-Unknown-Faults-Detection/Ancestor","main","1ef4a891ae02dc95910f747a5163bb2edd608f28","output/Step6_Model_24_Retrain/2026-08-05-17-11-32/plot_001.png","plot_001.png",".png","blob","100644","2ba7ccecfcc582e36dab085c22d55b0d8f940313","92090","metadata","F_IRRELEVANT","False","False",""
"Drone-Motors-Unknown-Faults-Detection/Ancestor","main","1ef4a891ae02dc95910f747a5163bb2edd608f28","output/Step6_Model_24_Retrain/2026-08-05-17-11-32/plot_002.png","plot_002.png",".png","blob","100644","5d82654150bce46c6a597440abeeeca91505d0e5","109349","metadata","F_IRRELEVANT","False","False",""
"Drone-Motors-Unknown-Faults-Detection/Ancestor","main","1ef4a891ae02dc95910f747a5163bb2edd608f28","output/Step6_Model_25_Retrain","Step6_Model_25_Retrain","","tree","040000","7b2e801700f84cb27272ee031fb9766ac5b4f50f","","unknown","F_IRRELEVANT","False","False",""
"Drone-Motors-Unknown-Faults-Detection/Ancestor","main","1ef4a891ae02dc95910f747a5163bb2edd608f28","output/Step6_Model_25_Retrain/2026-08-05-17-12-49","2026-08-05-17-12-49","","tree","040000","667632142284904adbe8cc2c811f8f48a68d2754","","unknown","F_IRRELEVANT","False","False",""
"Drone-Motors-Unknown-Faults-Detection/Ancestor","main","1ef4a891ae02dc95910f747a5163bb2edd608f28","output/Step6_Model_25_Retrain/2026-08-05-17-12-49/plot_000.png","plot_000.png",".png","blob","100644","d6434a24e70556b1a1be6c0c733ff97384cbbaf5","103722","metadata","F_IRRELEVANT","False","False",""
"Drone-Motors-Unknown-Faults-Detection/Ancestor","main","1ef4a891ae02dc95910f747a5163bb2edd608f28","output/Step6_Model_25_Retrain/2026-08-05-17-12-49/plot_001.png","plot_001.png",".png","blob","100644","3ce01ce9baf62b24635dd6d948233c0d43d9153f","91665","metadata","F_IRRELEVANT","False","False",""
"Drone-Motors-Unknown-Faults-Detection/Ancestor","main","1ef4a891ae02dc95910f747a5163bb2edd608f28","output/Step6_Model_25_Retrain/2026-08-05-17-12-49/plot_002.png","plot_002.png",".png","blob","100644","1cb37cff745b2bc47dd1d7712334271a15c5e99d","115604","metadata","F_IRRELEVANT","False","False",""
"Drone-Motors-Unknown-Faults-Detection/Ancestor","main","1ef4a891ae02dc95910f747a5163bb2edd608f28","output/Step6_Model_26_Retrain","Step6_Model_26_Retrain","","tree","040000","3e0363f99dc925c5666957a25ecb811a8ec90dcb","","unknown","F_IRRELEVANT","False","False",""
"Drone-Motors-Unknown-Faults-Detection/Ancestor","main","1ef4a891ae02dc95910f747a5163bb2edd608f28","output/Step6_Model_26_Retrain/2026-08-05-17-14-15","2026-08-05-17-14-15","","tree","040000","5c2c8e3e9c8662782de9a7291df69377731d5957","","unknown","F_IRRELEVANT","False","False",""
"Drone-Motors-Unknown-Faults-Detection/Ancestor","main","1ef4a891ae02dc95910f747a5163bb2edd608f28","output/Step6_Model_26_Retrain/2026-08-05-17-14-15/plot_000.png","plot_000.png",".png","blob","100644","a94c72922b91cb72b7bede881d3ff88b0cb34cdf","95095","metadata","F_IRRELEVANT","False","False",""
"Drone-Motors-Unknown-Faults-Detection/Ancestor","main","1ef4a891ae02dc95910f747a5163bb2edd608f28","output/Step6_Model_26_Retrain/2026-08-05-17-14-15/plot_001.png","plot_001.png",".png","blob","100644","8783598e38ccdd2881580bb7398d1bb9dddc0dbf","85067","metadata","F_IRRELEVANT","False","False",""
"Drone-Motors-Unknown-Faults-Detection/Ancestor","main","1ef4a891ae02dc95910f747a5163bb2edd608f28","output/Step6_Model_26_Retrain/2026-08-05-17-14-15/plot_002.png","plot_002.png",".png","blob","100644","0c093f994af566162261d6caf24d19e741ab41e6","116762","metadata","F_IRRELEVANT","False","False",""
"Drone-Motors-Unknown-Faults-Detection/Ancestor","main","1ef4a891ae02dc95910f747a5163bb2edd608f28","output/Step6_Model_27_Retrain","Step6_Model_27_Retrain","","tree","040000","40c32c249f174a8cf24427ea571f7edfb42a91d0","","unknown","F_IRRELEVANT","False","False",""
"Drone-Motors-Unknown-Faults-Detection/Ancestor","main","1ef4a891ae02dc95910f747a5163bb2edd608f28","output/Step6_Model_27_Retrain/2026-08-05-17-15-26","2026-08-05-17-15-26","","tree","040000","89eb295a14f4dd3062940a561ffb6752514b56e1","","unknown","F_IRRELEVANT","False","False",""
"Drone-Motors-Unknown-Faults-Detection/Ancestor","main","1ef4a891ae02dc95910f747a5163bb2edd608f28","output/Step6_Model_27_Retrain/2026-08-05-17-15-26/plot_000.png","plot_000.png",".png","blob","100644","749f250bc20b128266e937ea9f59c33de696fe67","90274","metadata","F_IRRELEVANT","False","False",""
"Drone-Motors-Unknown-Faults-Detection/Ancestor","main","1ef4a891ae02dc95910f747a5163bb2edd608f28","output/Step6_Model_27_Retrain/2026-08-05-17-15-26/plot_001.png","plot_001.png",".png","blob","100644","5405193882edd2ba2f4d1ced547de37c727dab17","87877","metadata","F_IRRELEVANT","False","False",""
"Drone-Motors-Unknown-Faults-Detection/Ancestor","main","1ef4a891ae02dc95910f747a5163bb2edd608f28","output/Step6_Model_27_Retrain/2026-08-05-17-15-26/plot_002.png","plot_002.png",".png","blob","100644","96b172d7724f19d5eba300043b89b791577d1da5","116285","metadata","F_IRRELEVANT","False","False",""
"Drone-Motors-Unknown-Faults-Detection/Ancestor","main","1ef4a891ae02dc95910f747a5163bb2edd608f28","pyproject.toml","pyproject.toml",".toml","blob","100644","c9114f46522d240ff39e3bd689e0516b71c890b3","535","read","F_IRRELEVANT","False","False",""
"Drone-Motors-Unknown-Faults-Detection/Ancestor","main","1ef4a891ae02dc95910f747a5163bb2edd608f28","scripts","scripts","","tree","040000","cf6dfa8fcc6c32a9159aacf99403cd12718ecd41","","unknown","F_IRRELEVANT","False","False",""
"Drone-Motors-Unknown-Faults-Detection/Ancestor","main","1ef4a891ae02dc95910f747a5163bb2edd608f28","scripts/__init__.py","__init__.py",".py","blob","100644","e69de29bb2d1d6434b8b29ae775ad8c2e48c5391","0","read","F_IRRELEVANT","False","False",""
"Drone-Motors-Unknown-Faults-Detection/Ancestor","main","1ef4a891ae02dc95910f747a5163bb2edd608f28","scripts/gpu_utils.py","gpu_utils.py",".py","blob","100644","d295e2540aeede0c5bad8d09bcb0fa1917bd02b7","1031","read","F_IRRELEVANT","False","False",""
"Drone-Motors-Unknown-Faults-Detection/Ancestor","main","1ef4a891ae02dc95910f747a5163bb2edd608f28","scripts/logger.py","logger.py",".py","blob","100644","dcb0d16c1715ed053e6487a4b5272b157ebf6b66","9296","read","F_IRRELEVANT","False","False",""
"Drone-Motors-Unknown-Faults-Detection/Ancestor","main","1ef4a891ae02dc95910f747a5163bb2edd608f28","scripts/model_utils.py","model_utils.py",".py","blob","100644","90b753e5d6d3f5aaef82935452554a2b11783cb6","1736","read","F_IRRELEVANT","False","False",""
"Drone-Motors-Unknown-Faults-Detection/Ancestor","main","1ef4a891ae02dc95910f747a5163bb2edd608f28","scripts/notebook_bootstrap.py","notebook_bootstrap.py",".py","blob","100644","bf6b870df8f6cb215810a575901e887c260074ad","2818","read","F_IRRELEVANT","False","False",""
"Drone-Motors-Unknown-Faults-Detection/Ancestor","main","1ef4a891ae02dc95910f747a5163bb2edd608f28","scripts/render_docs.py","render_docs.py",".py","blob","100644","9c6fb731cfbaadd5848b2b238e59b117e730f1e5","4081","read","F_IRRELEVANT","False","False",""
"Drone-Motors-Unknown-Faults-Detection/Ancestor","main","1ef4a891ae02dc95910f747a5163bb2edd608f28","scripts/templates","templates","","tree","040000","d3a2008c0fa2fb3500fb6c7df8f8949db9d9dddf","","unknown","F_IRRELEVANT","False","False",""
"Drone-Motors-Unknown-Faults-Detection/Ancestor","main","1ef4a891ae02dc95910f747a5163bb2edd608f28","scripts/templates/doc.css","doc.css",".css","blob","100644","97110393d11b50491fb7997f8f7be2c621ed9c6f","1754","read","F_IRRELEVANT","False","False",""
"Drone-Motors-Unknown-Faults-Detection/Ancestor","main","1ef4a891ae02dc95910f747a5163bb2edd608f28","scripts/train_guard.py","train_guard.py",".py","blob","100644","c29a4ba72dc2353f3bd560339d280a80b5b5d937","3427","read","F_IRRELEVANT","False","False",""
"Drone-Motors-Unknown-Faults-Detection/Ancestor","main","1ef4a891ae02dc95910f747a5163bb2edd608f28","論文全文.html","論文全文.html",".html","blob","100644","528cefa72d020892268b0ff359855b05bba3d5f6","104201","read","F_IRRELEVANT","False","False",""
"Drone-Motors-Unknown-Faults-Detection/Ancestor","main","1ef4a891ae02dc95910f747a5163bb2edd608f28","論文全文.md","論文全文.md",".md","blob","100644","328d0243b12302104f9b32f7b67020bbaad4758c","76386","read","F_IRRELEVANT","False","False",""
"Drone-Motors-Unknown-Faults-Detection/Ancestor","original","2708e0d31d7904aa38af8d08b9950d91b5f9c7c7",".gitignore",".gitignore",".gitignore","blob","100644","d62ac124e6cc532815556218952abb0b4def477f","4998","read","F_IRRELEVANT","False","False",""
"Drone-Motors-Unknown-Faults-Detection/Ancestor","original","2708e0d31d7904aa38af8d08b9950d91b5f9c7c7","Step1_Data_Preprocessing_figure_11000_1.py","Step1_Data_Preprocessing_figure_11000_1.py",".py","blob","100644","494033f98e67b53a674f2e34f49d4c32b031ce8a","6713","read","F_IRRELEVANT","False","False",""
"Drone-Motors-Unknown-Faults-Detection/Ancestor","original","2708e0d31d7904aa38af8d08b9950d91b5f9c7c7","Step1_Data_Preprocessing_figure_11000_2.py","Step1_Data_Preprocessing_figure_11000_2.py",".py","blob","100644","262c27a1473b554c6ce6cc6704c407b022b6a85e","6616","read","F_IRRELEVANT","False","False",""
"Drone-Motors-Unknown-Faults-Detection/Ancestor","original","2708e0d31d7904aa38af8d08b9950d91b5f9c7c7","Step1_Data_Preprocessing_figure_6000_1.py","Step1_Data_Preprocessing_figure_6000_1.py",".py","blob","100644","99761aeed4aa01082c2dced4ab76c9c5dce218da","6670","read","F_IRRELEVANT","False","False",""
"Drone-Motors-Unknown-Faults-Detection/Ancestor","original","2708e0d31d7904aa38af8d08b9950d91b5f9c7c7","Step1_Data_Preprocessing_figure_6000_2.py","Step1_Data_Preprocessing_figure_6000_2.py",".py","blob","100644","67be45f0c342328cd9b005adee45328786881408","6306","read","F_IRRELEVANT","False","False",""
"Drone-Motors-Unknown-Faults-Detection/Ancestor","original","2708e0d31d7904aa38af8d08b9950d91b5f9c7c7","Step1_Data_Preprocessing_figure_8000_1.py","Step1_Data_Preprocessing_figure_8000_1.py",".py","blob","100644","493b2e677a134ed0f20415152eca112ffee26c82","12224","read","F_IRRELEVANT","False","False",""
"Drone-Motors-Unknown-Faults-Detection/Ancestor","original","2708e0d31d7904aa38af8d08b9950d91b5f9c7c7","Step1_Data_Preprocessing_figure_8000_2.py","Step1_Data_Preprocessing_figure_8000_2.py",".py","blob","100644","743edc546a216eafbf0c0252639831f5beb4f895","3754","read","F_IRRELEVANT","False","False",""
"Drone-Motors-Unknown-Faults-Detection/Ancestor","original","2708e0d31d7904aa38af8d08b9950d91b5f9c7c7","Step1_Data_Preprocessing_save_11000_1.py","Step1_Data_Preprocessing_save_11000_1.py",".py","blob","100644","d47e5cde0efa0eeb9608af82b40d0819f5b8183a","3940","read","F_IRRELEVANT","False","False",""
"Drone-Motors-Unknown-Faults-Detection/Ancestor","original","2708e0d31d7904aa38af8d08b9950d91b5f9c7c7","Step1_Data_Preprocessing_save_11000_2.py","Step1_Data_Preprocessing_save_11000_2.py",".py","blob","100644","5d9a21d29ebf8c251a9bf10a9075ed41f26d5cd9","3896","read","F_IRRELEVANT","False","False",""
"Drone-Motors-Unknown-Faults-Detection/Ancestor","original","2708e0d31d7904aa38af8d08b9950d91b5f9c7c7","Step1_Data_Preprocessing_save_11000_3.py","Step1_Data_Preprocessing_save_11000_3.py",".py","blob","100644","d985b170fba7c677e09cc8977dec45eaa313e782","3894","read","F_IRRELEVANT","False","False",""
"Drone-Motors-Unknown-Faults-Detection/Ancestor","original","2708e0d31d7904aa38af8d08b9950d91b5f9c7c7","Step1_Data_Preprocessing_save_6000_1.py","Step1_Data_Preprocessing_save_6000_1.py",".py","blob","100644","5772c402adfdf930554828d8ed6ab9aa59ae6e8e","3934","read","F_IRRELEVANT","False","False",""
"Drone-Motors-Unknown-Faults-Detection/Ancestor","original","2708e0d31d7904aa38af8d08b9950d91b5f9c7c7","Step1_Data_Preprocessing_save_6000_2.py","Step1_Data_Preprocessing_save_6000_2.py",".py","blob","100644","afff3047fe803428647813c7ad9c3c6e4ae57142","3888","read","F_IRRELEVANT","False","False",""
"Drone-Motors-Unknown-Faults-Detection/Ancestor","original","2708e0d31d7904aa38af8d08b9950d91b5f9c7c7","Step1_Data_Preprocessing_save_6000_3.py","Step1_Data_Preprocessing_save_6000_3.py",".py","blob","100644","230ccf1941adbac8bd6f3269f498b818fb8ecc44","3888","read","F_IRRELEVANT","False","False",""
"Drone-Motors-Unknown-Faults-Detection/Ancestor","original","2708e0d31d7904aa38af8d08b9950d91b5f9c7c7","Step1_Data_Preprocessing_save_8000_1.py","Step1_Data_Preprocessing_save_8000_1.py",".py","blob","100644","e9b1bcb8f5dce99e0d94d8f76f5f8b3d14d11691","3957","read","F_IRRELEVANT","False","False",""
"Drone-Motors-Unknown-Faults-Detection/Ancestor","original","2708e0d31d7904aa38af8d08b9950d91b5f9c7c7","Step1_Data_Preprocessing_save_8000_2.py","Step1_Data_Preprocessing_save_8000_2.py",".py","blob","100644","2de94a4ab1dcafce5feadc3c1dc45657f7703a19","3886","read","F_IRRELEVANT","False","False",""
"Drone-Motors-Unknown-Faults-Detection/Ancestor","original","2708e0d31d7904aa38af8d08b9950d91b5f9c7c7","Step1_Data_Preprocessing_save_8000_3.py","Step1_Data_Preprocessing_save_8000_3.py",".py","blob","100644","4223dcdbc1016f5fd0767a34f4a015f8804940c8","3888","read","F_IRRELEVANT","False","False",""
"Drone-Motors-Unknown-Faults-Detection/Ancestor","original","2708e0d31d7904aa38af8d08b9950d91b5f9c7c7","Step2_Feature_Extraction_11000_1.py","Step2_Feature_Extraction_11000_1.py",".py","blob","100644","344a32b49024777e19701086fb00ee327ca06302","12274","read","F_IRRELEVANT","False","False",""
"Drone-Motors-Unknown-Faults-Detection/Ancestor","original","2708e0d31d7904aa38af8d08b9950d91b5f9c7c7","Step2_Feature_Extraction_11000_2.py","Step2_Feature_Extraction_11000_2.py",".py","blob","100644","d77c92c36d7aabbdaba1bdf9e3833f11f3e6299c","11714","read","F_IRRELEVANT","False","False",""
"Drone-Motors-Unknown-Faults-Detection/Ancestor","original","2708e0d31d7904aa38af8d08b9950d91b5f9c7c7","Step2_Feature_Extraction_11000_3.py","Step2_Feature_Extraction_11000_3.py",".py","blob","100644","c619fa567642efa61b3486a13973bce84d537100","11714","read","F_IRRELEVANT","False","False",""
"Drone-Motors-Unknown-Faults-Detection/Ancestor","original","2708e0d31d7904aa38af8d08b9950d91b5f9c7c7","Step2_Feature_Extraction_6000_1.py","Step2_Feature_Extraction_6000_1.py",".py","blob","100644","19f03e216b3a66917196ae538ef9eaa8905e92a4","12329","read","F_IRRELEVANT","False","False",""
"Drone-Motors-Unknown-Faults-Detection/Ancestor","original","2708e0d31d7904aa38af8d08b9950d91b5f9c7c7","Step2_Feature_Extraction_6000_2.py","Step2_Feature_Extraction_6000_2.py",".py","blob","100644","f94dc5f447a75fb4667acb08a8216435267bddec","12055","read","F_IRRELEVANT","False","False",""
"Drone-Motors-Unknown-Faults-Detection/Ancestor","original","2708e0d31d7904aa38af8d08b9950d91b5f9c7c7","Step2_Feature_Extraction_6000_3.py","Step2_Feature_Extraction_6000_3.py",".py","blob","100644","1292f9bfe87b6704a8eb28e49b07d34d7abcc855","11700","read","F_IRRELEVANT","False","False",""
"Drone-Motors-Unknown-Faults-Detection/Ancestor","original","2708e0d31d7904aa38af8d08b9950d91b5f9c7c7","Step2_Feature_Extraction_8000_1.py","Step2_Feature_Extraction_8000_1.py",".py","blob","100644","8918d981dac4eefc306f1a9b2fb5f9171dfe2be4","14159","read","F_IRRELEVANT","False","False",""
"Drone-Motors-Unknown-Faults-Detection/Ancestor","original","2708e0d31d7904aa38af8d08b9950d91b5f9c7c7","Step2_Feature_Extraction_8000_2.py","Step2_Feature_Extraction_8000_2.py",".py","blob","100644","e3d999a2eee644b1e7e6fa8782dc47dda1ae087d","11707","read","F_IRRELEVANT","False","False",""
"Drone-Motors-Unknown-Faults-Detection/Ancestor","original","2708e0d31d7904aa38af8d08b9950d91b5f9c7c7","Step2_Feature_Extraction_8000_3.py","Step2_Feature_Extraction_8000_3.py",".py","blob","100644","45fe6b2b412b994a0210565d3cdf323c626c724c","12049","read","F_IRRELEVANT","False","False",""
"Drone-Motors-Unknown-Faults-Detection/Ancestor","original","2708e0d31d7904aa38af8d08b9950d91b5f9c7c7","Step3_Model 1.ipynb","Step3_Model 1.ipynb",".ipynb","blob","100644","b52e9dfdb588c9fff00d08f119e89ee0110ddb75","150986","read","F_IRRELEVANT","False","False",""
"Drone-Motors-Unknown-Faults-Detection/Ancestor","original","2708e0d31d7904aa38af8d08b9950d91b5f9c7c7","Step3_Model 10__OneStage.ipynb","Step3_Model 10__OneStage.ipynb",".ipynb","blob","100644","623a46c076ac08437b1c54c6d7f3ea8bcceb27d6","150424","read","F_IRRELEVANT","False","False",""
"Drone-Motors-Unknown-Faults-Detection/Ancestor","original","2708e0d31d7904aa38af8d08b9950d91b5f9c7c7","Step3_Model 10__TwoStage.ipynb","Step3_Model 10__TwoStage.ipynb",".ipynb","blob","100644","ad1b4aa7e5cb52cff9ad8394d555502f59538782","150980","read","F_IRRELEVANT","False","False",""
"Drone-Motors-Unknown-Faults-Detection/Ancestor","original","2708e0d31d7904aa38af8d08b9950d91b5f9c7c7","Step3_Model 11__OneStage.ipynb","Step3_Model 11__OneStage.ipynb",".ipynb","blob","100644","aa6106a649ea045ef0e9837033770491e35fa1b8","231364","read","F_IRRELEVANT","False","False",""
"Drone-Motors-Unknown-Faults-Detection/Ancestor","original","2708e0d31d7904aa38af8d08b9950d91b5f9c7c7","Step3_Model 11__TwoStage.ipynb","Step3_Model 11__TwoStage.ipynb",".ipynb","blob","100644","84c23cd64878ccedaf16fc5aca0a2877776287de","230981","read","F_IRRELEVANT","False","False",""
"Drone-Motors-Unknown-Faults-Detection/Ancestor","original","2708e0d31d7904aa38af8d08b9950d91b5f9c7c7","Step3_Model 12__OneStage.ipynb","Step3_Model 12__OneStage.ipynb",".ipynb","blob","100644","23ed3cea034cfcc54d6f156d266f174f4190e1a4","153757","read","F_IRRELEVANT","False","False",""
"Drone-Motors-Unknown-Faults-Detection/Ancestor","original","2708e0d31d7904aa38af8d08b9950d91b5f9c7c7","Step3_Model 12__TwoStage.ipynb","Step3_Model 12__TwoStage.ipynb",".ipynb","blob","100644","82e6eafaa8362c4904302bd07e627ca2525f1fc9","150587","read","F_IRRELEVANT","False","False",""
"Drone-Motors-Unknown-Faults-Detection/Ancestor","original","2708e0d31d7904aa38af8d08b9950d91b5f9c7c7","Step3_Model 13__OneStage.ipynb","Step3_Model 13__OneStage.ipynb",".ipynb","blob","100644","182656125430c272fe6136515e0e9c276b758cde","155298","read","F_IRRELEVANT","False","False",""
"Drone-Motors-Unknown-Faults-Detection/Ancestor","original","2708e0d31d7904aa38af8d08b9950d91b5f9c7c7","Step3_Model 13__TwoStage.ipynb","Step3_Model 13__TwoStage.ipynb",".ipynb","blob","100644","72b5b2a181b486f2d052e1dc002d44e01e3b5ff5","158363","read","F_IRRELEVANT","False","False",""
"Drone-Motors-Unknown-Faults-Detection/Ancestor","original","2708e0d31d7904aa38af8d08b9950d91b5f9c7c7","Step3_Model 14__OneStage.ipynb","Step3_Model 14__OneStage.ipynb",".ipynb","blob","100644","756d6f13cf1087ca7810bab2d2e879c9957923fc","213546","read","F_IRRELEVANT","False","False",""
"Drone-Motors-Unknown-Faults-Detection/Ancestor","original","2708e0d31d7904aa38af8d08b9950d91b5f9c7c7","Step3_Model 14__TwoStage.ipynb","Step3_Model 14__TwoStage.ipynb",".ipynb","blob","100644","1c991b176aac4e74ed501f2c94b805ad3c6ef43b","227709","read","F_IRRELEVANT","False","False",""
"Drone-Motors-Unknown-Faults-Detection/Ancestor","original","2708e0d31d7904aa38af8d08b9950d91b5f9c7c7","Step3_Model 15__OneStage.ipynb","Step3_Model 15__OneStage.ipynb",".ipynb","blob","100644","646567639570deed89c3b18845096fca80b68905","146599","read","F_IRRELEVANT","False","False",""
"Drone-Motors-Unknown-Faults-Detection/Ancestor","original","2708e0d31d7904aa38af8d08b9950d91b5f9c7c7","Step3_Model 15__TwoStage.ipynb","Step3_Model 15__TwoStage.ipynb",".ipynb","blob","100644","faea823bedcb221f5404fc30724291a7899fefec","149133","read","F_IRRELEVANT","False","False",""
"Drone-Motors-Unknown-Faults-Detection/Ancestor","original","2708e0d31d7904aa38af8d08b9950d91b5f9c7c7","Step3_Model 16__OneStage.ipynb","Step3_Model 16__OneStage.ipynb",".ipynb","blob","100644","2cccbfb0d06a838ef2adfcf6d3e5d7584f211a4f","157112","read","F_IRRELEVANT","False","False",""
"Drone-Motors-Unknown-Faults-Detection/Ancestor","original","2708e0d31d7904aa38af8d08b9950d91b5f9c7c7","Step3_Model 16__TwoStage.ipynb","Step3_Model 16__TwoStage.ipynb",".ipynb","blob","100644","7a76e018b6aa27c67a7df7acaf2edc5faeace251","159585","read","F_IRRELEVANT","False","False",""
"Drone-Motors-Unknown-Faults-Detection/Ancestor","original","2708e0d31d7904aa38af8d08b9950d91b5f9c7c7","Step3_Model 17__OneStage.ipynb","Step3_Model 17__OneStage.ipynb",".ipynb","blob","100644","8bb59e6620603ffd6f04ec970d581e41cd1b56f1","223492","read","F_IRRELEVANT","False","False",""
"Drone-Motors-Unknown-Faults-Detection/Ancestor","original","2708e0d31d7904aa38af8d08b9950d91b5f9c7c7","Step3_Model 17__TwoStage.ipynb","Step3_Model 17__TwoStage.ipynb",".ipynb","blob","100644","0826ed170b1e4a4e56168ead7587a62b8976a58d","231592","read","F_IRRELEVANT","False","False",""
"Drone-Motors-Unknown-Faults-Detection/Ancestor","original","2708e0d31d7904aa38af8d08b9950d91b5f9c7c7","Step3_Model 18__OneStage.ipynb","Step3_Model 18__OneStage.ipynb",".ipynb","blob","100644","d86e08c0f84719578be6eb736df8858f3708247e","166953","read","F_IRRELEVANT","False","False",""
"Drone-Motors-Unknown-Faults-Detection/Ancestor","original","2708e0d31d7904aa38af8d08b9950d91b5f9c7c7","Step3_Model 18__TwoStage.ipynb","Step3_Model 18__TwoStage.ipynb",".ipynb","blob","100644","fae655ebcdcb309980efca923624c19ef96b6e91","160355","read","F_IRRELEVANT","False","False",""
"Drone-Motors-Unknown-Faults-Detection/Ancestor","original","2708e0d31d7904aa38af8d08b9950d91b5f9c7c7","Step3_Model 19__OneStage.ipynb","Step3_Model 19__OneStage.ipynb",".ipynb","blob","100644","cb7a87769d8f48eb329de75e20c07195c653c86c","153659","read","F_IRRELEVANT","False","False",""
"Drone-Motors-Unknown-Faults-Detection/Ancestor","original","2708e0d31d7904aa38af8d08b9950d91b5f9c7c7","Step3_Model 19__TwoStage.ipynb","Step3_Model 19__TwoStage.ipynb",".ipynb","blob","100644","032dab0b7355454a50f503c40544cb085bccab27","153759","read","F_IRRELEVANT","False","False",""
"Drone-Motors-Unknown-Faults-Detection/Ancestor","original","2708e0d31d7904aa38af8d08b9950d91b5f9c7c7","Step3_Model 2.ipynb","Step3_Model 2.ipynb",".ipynb","blob","100644","5c6ca205f1c915a97a3263358078c05e98508518","507092","read","F_IRRELEVANT","False","False",""
"Drone-Motors-Unknown-Faults-Detection/Ancestor","original","2708e0d31d7904aa38af8d08b9950d91b5f9c7c7","Step3_Model 20__OneStage.ipynb","Step3_Model 20__OneStage.ipynb",".ipynb","blob","100644","b8d7a34e01a614a994849c4cc32c23af2affc285","222359","read","F_IRRELEVANT","False","False",""
"Drone-Motors-Unknown-Faults-Detection/Ancestor","original","2708e0d31d7904aa38af8d08b9950d91b5f9c7c7","Step3_Model 20__TwoStage.ipynb","Step3_Model 20__TwoStage.ipynb",".ipynb","blob","100644","a2817a0c9c7e0b2ad0f4e6f86237f3139ac70956","213832","read","F_IRRELEVANT","False","False",""
"Drone-Motors-Unknown-Faults-Detection/Ancestor","original","2708e0d31d7904aa38af8d08b9950d91b5f9c7c7","Step3_Model 21__OneStage.ipynb","Step3_Model 21__OneStage.ipynb",".ipynb","blob","100644","98f5065cd92582792ef0973c40b60c9e46f6a510","183011","read","F_IRRELEVANT","False","False",""
"Drone-Motors-Unknown-Faults-Detection/Ancestor","original","2708e0d31d7904aa38af8d08b9950d91b5f9c7c7","Step3_Model 21__TwoStage.ipynb","Step3_Model 21__TwoStage.ipynb",".ipynb","blob","100644","30f7c461d74f807120d7b832fd4a2e5e8bbf53bd","157271","read","F_IRRELEVANT","False","False",""
"Drone-Motors-Unknown-Faults-Detection/Ancestor","original","2708e0d31d7904aa38af8d08b9950d91b5f9c7c7","Step3_Model 22__OneStage.ipynb","Step3_Model 22__OneStage.ipynb",".ipynb","blob","100644","a2c32cd25251e27803c7bb11231a78968ff591ac","158183","read","F_IRRELEVANT","False","False",""
"Drone-Motors-Unknown-Faults-Detection/Ancestor","original","2708e0d31d7904aa38af8d08b9950d91b5f9c7c7","Step3_Model 22__TwoStage.ipynb","Step3_Model 22__TwoStage.ipynb",".ipynb","blob","100644","f4f19ed01fba80b47328ace3b29d473bd5f7792d","156418","read","F_IRRELEVANT","False","False",""
"Drone-Motors-Unknown-Faults-Detection/Ancestor","original","2708e0d31d7904aa38af8d08b9950d91b5f9c7c7","Step3_Model 23__OneStage.ipynb","Step3_Model 23__OneStage.ipynb",".ipynb","blob","100644","f1d87aebaeafa1e4dc1ae528dc0f4ae08f174b37","213354","read","F_IRRELEVANT","False","False",""
"Drone-Motors-Unknown-Faults-Detection/Ancestor","original","2708e0d31d7904aa38af8d08b9950d91b5f9c7c7","Step3_Model 23__TwoStage.ipynb","Step3_Model 23__TwoStage.ipynb",".ipynb","blob","100644","4f6e25cd663fc373465683a2433a8ef00ccf4d56","213130","read","F_IRRELEVANT","False","False",""
"Drone-Motors-Unknown-Faults-Detection/Ancestor","original","2708e0d31d7904aa38af8d08b9950d91b5f9c7c7","Step3_Model 24__OneStage.ipynb","Step3_Model 24__OneStage.ipynb",".ipynb","blob","100644","21a5a98aab382c9cd1c4f958e18d42734dd51f3b","180486","read","F_IRRELEVANT","False","False",""
"Drone-Motors-Unknown-Faults-Detection/Ancestor","original","2708e0d31d7904aa38af8d08b9950d91b5f9c7c7","Step3_Model 24__TwoStage.ipynb","Step3_Model 24__TwoStage.ipynb",".ipynb","blob","100644","39135fa9b1dc409d3aadea27ee09705bed070b30","154050","read","F_IRRELEVANT","False","False",""
"Drone-Motors-Unknown-Faults-Detection/Ancestor","original","2708e0d31d7904aa38af8d08b9950d91b5f9c7c7","Step3_Model 25__OneStage.ipynb","Step3_Model 25__OneStage.ipynb",".ipynb","blob","100644","234dcd44e79fb92d4b32c9039e873fa6c9230c70","156481","read","F_IRRELEVANT","False","False",""
"Drone-Motors-Unknown-Faults-Detection/Ancestor","original","2708e0d31d7904aa38af8d08b9950d91b5f9c7c7","Step3_Model 25__TwoStage.ipynb","Step3_Model 25__TwoStage.ipynb",".ipynb","blob","100644","a16d9ddf1f4159a74a2311d4ab873a6ed7f7a10d","153301","read","F_IRRELEVANT","False","False",""
"Drone-Motors-Unknown-Faults-Detection/Ancestor","original","2708e0d31d7904aa38af8d08b9950d91b5f9c7c7","Step3_Model 26__OneStage.ipynb","Step3_Model 26__OneStage.ipynb",".ipynb","blob","100644","6463dda225dd612e13d73aac1278f818deac6d56","9914","read","F_IRRELEVANT","False","False",""
"Drone-Motors-Unknown-Faults-Detection/Ancestor","original","2708e0d31d7904aa38af8d08b9950d91b5f9c7c7","Step3_Model 26__TwoStage.ipynb","Step3_Model 26__TwoStage.ipynb",".ipynb","blob","100644","7f42e7085551d044bce0f77ed7b531732d2c00aa","227569","read","F_IRRELEVANT","False","False",""
"Drone-Motors-Unknown-Faults-Detection/Ancestor","original","2708e0d31d7904aa38af8d08b9950d91b5f9c7c7","Step3_Model 27__OneStage.ipynb","Step3_Model 27__OneStage.ipynb",".ipynb","blob","100644","c477c097a24258380917ea8a2c2659626776f437","155324","read","F_IRRELEVANT","False","False",""
"Drone-Motors-Unknown-Faults-Detection/Ancestor","original","2708e0d31d7904aa38af8d08b9950d91b5f9c7c7","Step3_Model 27__TwoStage.ipynb","Step3_Model 27__TwoStage.ipynb",".ipynb","blob","100644","210fa37c468ead3dbb86b6af815475c1d1d57be1","164777","read","F_IRRELEVANT","False","False",""
"Drone-Motors-Unknown-Faults-Detection/Ancestor","original","2708e0d31d7904aa38af8d08b9950d91b5f9c7c7","Step3_Model 3.ipynb","Step3_Model 3.ipynb",".ipynb","blob","100644","07709d9aef4e4d29883aa7834567a6c1c9f2fa66","561636","read","F_IRRELEVANT","False","False",""
"Drone-Motors-Unknown-Faults-Detection/Ancestor","original","2708e0d31d7904aa38af8d08b9950d91b5f9c7c7","Step3_Model 4.ipynb","Step3_Model 4.ipynb",".ipynb","blob","100644","4b60a0dcca6fd5f450d390235d3dbd1b3e708dbe","150256","read","F_IRRELEVANT","False","False",""
"Drone-Motors-Unknown-Faults-Detection/Ancestor","original","2708e0d31d7904aa38af8d08b9950d91b5f9c7c7","Step3_Model 5.ipynb","Step3_Model 5.ipynb",".ipynb","blob","100644","fe3b2a3b3193c8e5800d0ac7ae017af1eb63959a","224947","read","F_IRRELEVANT","False","False",""
"Drone-Motors-Unknown-Faults-Detection/Ancestor","original","2708e0d31d7904aa38af8d08b9950d91b5f9c7c7","Step3_Model 6.ipynb","Step3_Model 6.ipynb",".ipynb","blob","100644","10ddc6eebd5f1103ef8bfff3e1c5e9c3a55ab3c3","152533","read","F_IRRELEVANT","False","False",""
"Drone-Motors-Unknown-Faults-Detection/Ancestor","original","2708e0d31d7904aa38af8d08b9950d91b5f9c7c7","Step3_Model 7.ipynb","Step3_Model 7.ipynb",".ipynb","blob","100644","f6899e972ec119c03096f4e8e36dd0bba3dd2c31","145443","read","F_IRRELEVANT","False","False",""
"Drone-Motors-Unknown-Faults-Detection/Ancestor","original","2708e0d31d7904aa38af8d08b9950d91b5f9c7c7","Step3_Model 8.ipynb","Step3_Model 8.ipynb",".ipynb","blob","100644","313cb68166c6ae1622055810fbc752f30855061d","225046","read","F_IRRELEVANT","False","False",""
"Drone-Motors-Unknown-Faults-Detection/Ancestor","original","2708e0d31d7904aa38af8d08b9950d91b5f9c7c7","Step3_Model 9.ipynb","Step3_Model 9.ipynb",".ipynb","blob","100644","556a38b21e63b8d81f68f7c22914c7bef8f5a6ed","154408","read","F_IRRELEVANT","False","False",""
"Drone-Motors-Unknown-Faults-Detection/Ancestor","original","2708e0d31d7904aa38af8d08b9950d91b5f9c7c7","Step4_Model 10__Detecting.ipynb","Step4_Model 10__Detecting.ipynb",".ipynb","blob","100644","3f7a713e062a1da79eb34fb4104aa1b5bc052c17","10156","read","F_IRRELEVANT","False","False",""
"Drone-Motors-Unknown-Faults-Detection/Ancestor","original","2708e0d31d7904aa38af8d08b9950d91b5f9c7c7","Step4_Model 11__Detecting.ipynb","Step4_Model 11__Detecting.ipynb",".ipynb","blob","100644","30f745e6ddcb9c1f00512e47924799aab37eb582","10153","read","F_IRRELEVANT","False","False",""
"Drone-Motors-Unknown-Faults-Detection/Ancestor","original","2708e0d31d7904aa38af8d08b9950d91b5f9c7c7","Step4_Model 12__Detecting.ipynb","Step4_Model 12__Detecting.ipynb",".ipynb","blob","100644","a57437c4c1f36b184307c429ad81bd98a47607c0","10152","read","F_IRRELEVANT","False","False",""
"Drone-Motors-Unknown-Faults-Detection/Ancestor","original","2708e0d31d7904aa38af8d08b9950d91b5f9c7c7","Step4_Model 13__Detecting.ipynb","Step4_Model 13__Detecting.ipynb",".ipynb","blob","100644","7d13b6dc7e6b6690426a5606195a26ee3c574efd","10156","read","F_IRRELEVANT","False","False",""
"Drone-Motors-Unknown-Faults-Detection/Ancestor","original","2708e0d31d7904aa38af8d08b9950d91b5f9c7c7","Step4_Model 14__Detecting.ipynb","Step4_Model 14__Detecting.ipynb",".ipynb","blob","100644","cde970f02072d3a0ad7db415226477a701a19bcf","10153","read","F_IRRELEVANT","False","False",""
"Drone-Motors-Unknown-Faults-Detection/Ancestor","original","2708e0d31d7904aa38af8d08b9950d91b5f9c7c7","Step4_Model 15__Detecting.ipynb","Step4_Model 15__Detecting.ipynb",".ipynb","blob","100644","680fc0ac7a0730a485072b407fe1a94c0e073898","10152","read","F_IRRELEVANT","False","False",""
"Drone-Motors-Unknown-Faults-Detection/Ancestor","original","2708e0d31d7904aa38af8d08b9950d91b5f9c7c7","Step4_Model 16__Detecting.ipynb","Step4_Model 16__Detecting.ipynb",".ipynb","blob","100644","e0831e40cad6056ef774661e3a8417cfa606ccd1","10160","read","F_IRRELEVANT","False","False",""
"Drone-Motors-Unknown-Faults-Detection/Ancestor","original","2708e0d31d7904aa38af8d08b9950d91b5f9c7c7","Step4_Model 17__Detecting.ipynb","Step4_Model 17__Detecting.ipynb",".ipynb","blob","100644","2f8989d9b8edd675042942b838842ca5cd034200","10157","read","F_IRRELEVANT","False","False",""
"Drone-Motors-Unknown-Faults-Detection/Ancestor","original","2708e0d31d7904aa38af8d08b9950d91b5f9c7c7","Step4_Model 18__Detecting.ipynb","Step4_Model 18__Detecting.ipynb",".ipynb","blob","100644","1c5e957e53bad2cc9d531b01fb06b1b1571b7be6","10156","read","F_IRRELEVANT","False","False",""
"Drone-Motors-Unknown-Faults-Detection/Ancestor","original","2708e0d31d7904aa38af8d08b9950d91b5f9c7c7","Step4_Model 19__Detecting.ipynb","Step4_Model 19__Detecting.ipynb",".ipynb","blob","100644","302dd645e8c9cb4b42ada89bcdc47f12a526f875","10156","read","F_IRRELEVANT","False","False",""
"Drone-Motors-Unknown-Faults-Detection/Ancestor","original","2708e0d31d7904aa38af8d08b9950d91b5f9c7c7","Step4_Model 1__Detecting.ipynb","Step4_Model 1__Detecting.ipynb",".ipynb","blob","100644","12f08f11369230f38efc8f957bda060e6f30960b","417235","read","F_IRRELEVANT","False","False",""
"Drone-Motors-Unknown-Faults-Detection/Ancestor","original","2708e0d31d7904aa38af8d08b9950d91b5f9c7c7","Step4_Model 20__Detecting.ipynb","Step4_Model 20__Detecting.ipynb",".ipynb","blob","100644","710edd6f283c5a1ac009d61cd889a2de83d643ba","10153","read","F_IRRELEVANT","False","False",""
"Drone-Motors-Unknown-Faults-Detection/Ancestor","original","2708e0d31d7904aa38af8d08b9950d91b5f9c7c7","Step4_Model 21__Detecting.ipynb","Step4_Model 21__Detecting.ipynb",".ipynb","blob","100644","3a7b4ff99b6a06e229707d29b1462ddfdfe0953f","10152","read","F_IRRELEVANT","False","False",""
"Drone-Motors-Unknown-Faults-Detection/Ancestor","original","2708e0d31d7904aa38af8d08b9950d91b5f9c7c7","Step4_Model 22__Detecting.ipynb","Step4_Model 22__Detecting.ipynb",".ipynb","blob","100644","97905d29c345f094222f81f50a934f68e9025c81","65326","read","F_IRRELEVANT","False","False",""
"Drone-Motors-Unknown-Faults-Detection/Ancestor","original","2708e0d31d7904aa38af8d08b9950d91b5f9c7c7","Step4_Model 23__Detecting.ipynb","Step4_Model 23__Detecting.ipynb",".ipynb","blob","100644","0471d8602301fa661e098106303320a4d84a1e35","49745","read","F_IRRELEVANT","False","False",""
"Drone-Motors-Unknown-Faults-Detection/Ancestor","original","2708e0d31d7904aa38af8d08b9950d91b5f9c7c7","Step4_Model 24__Detecting.ipynb","Step4_Model 24__Detecting.ipynb",".ipynb","blob","100644","6b00a29fd3e045cc61d30d235e0753903bb16550","10152","read","F_IRRELEVANT","False","False",""
"Drone-Motors-Unknown-Faults-Detection/Ancestor","original","2708e0d31d7904aa38af8d08b9950d91b5f9c7c7","Step4_Model 25__Detecting.ipynb","Step4_Model 25__Detecting.ipynb",".ipynb","blob","100644","75337cc70bcbb161327f0f0ee759b096ebd7e13c","10160","read","F_IRRELEVANT","False","False",""
"Drone-Motors-Unknown-Faults-Detection/Ancestor","original","2708e0d31d7904aa38af8d08b9950d91b5f9c7c7","Step4_Model 26__Detecting.ipynb","Step4_Model 26__Detecting.ipynb",".ipynb","blob","100644","7f21ae362376ede79ae6b7c0bd6e0522ceed863b","10157","read","F_IRRELEVANT","False","False",""
"Drone-Motors-Unknown-Faults-Detection/Ancestor","original","2708e0d31d7904aa38af8d08b9950d91b5f9c7c7","Step4_Model 27__Detecting.ipynb","Step4_Model 27__Detecting.ipynb",".ipynb","blob","100644","d60678b319cb8ec0466d36f70dd899e7b715950b","10156","read","F_IRRELEVANT","False","False",""
"Drone-Motors-Unknown-Faults-Detection/Ancestor","original","2708e0d31d7904aa38af8d08b9950d91b5f9c7c7","Step4_Model 2__Detecting.ipynb","Step4_Model 2__Detecting.ipynb",".ipynb","blob","100644","3fc30984a30d3004e2318b96ce47e08abc3632a3","23851","read","F_IRRELEVANT","False","False",""
"Drone-Motors-Unknown-Faults-Detection/Ancestor","original","2708e0d31d7904aa38af8d08b9950d91b5f9c7c7","Step4_Model 3__Detecting.ipynb","Step4_Model 3__Detecting.ipynb",".ipynb","blob","100644","c8cc39d56d9d98d465c774aa7c75fd4e2bfe73f6","23466","read","F_IRRELEVANT","False","False",""
"Drone-Motors-Unknown-Faults-Detection/Ancestor","original","2708e0d31d7904aa38af8d08b9950d91b5f9c7c7","Step4_Model 4__Detecting.ipynb","Step4_Model 4__Detecting.ipynb",".ipynb","blob","100644","c0891f698449c001ab718bef0af85f158283aaca","10156","read","F_IRRELEVANT","False","False",""
"Drone-Motors-Unknown-Faults-Detection/Ancestor","original","2708e0d31d7904aa38af8d08b9950d91b5f9c7c7","Step4_Model 5__Detecting.ipynb","Step4_Model 5__Detecting.ipynb",".ipynb","blob","100644","8ca0eb7855646c1435cf36bc9cf99047477ebe93","10154","read","F_IRRELEVANT","False","False",""
"Drone-Motors-Unknown-Faults-Detection/Ancestor","original","2708e0d31d7904aa38af8d08b9950d91b5f9c7c7","Step4_Model 6__Detecting.ipynb","Step4_Model 6__Detecting.ipynb",".ipynb","blob","100644","7f8fbf11f761c2aa0fa1251608610d392b0b4280","10153","read","F_IRRELEVANT","False","False",""
"Drone-Motors-Unknown-Faults-Detection/Ancestor","original","2708e0d31d7904aa38af8d08b9950d91b5f9c7c7","Step4_Model 7__Detecting.ipynb","Step4_Model 7__Detecting.ipynb",".ipynb","blob","100644","fc16eb78d97e0a45877772a19073ebc8669c8d2e","10161","read","F_IRRELEVANT","False","False",""
"Drone-Motors-Unknown-Faults-Detection/Ancestor","original","2708e0d31d7904aa38af8d08b9950d91b5f9c7c7","Step4_Model 8__Detecting.ipynb","Step4_Model 8__Detecting.ipynb",".ipynb","blob","100644","dc24fa0bbda36caab823dac31d05012b8f9620ea","10157","read","F_IRRELEVANT","False","False",""
"Drone-Motors-Unknown-Faults-Detection/Ancestor","original","2708e0d31d7904aa38af8d08b9950d91b5f9c7c7","Step4_Model 9__Detecting.ipynb","Step4_Model 9__Detecting.ipynb",".ipynb","blob","100644","d71e5fbc75116c874a2637636e1f826ab037edac","10157","read","F_IRRELEVANT","False","False",""
"Drone-Motors-Unknown-Faults-Detection/Ancestor","original","2708e0d31d7904aa38af8d08b9950d91b5f9c7c7","Step5_Model 10__Random_Detecting.ipynb","Step5_Model 10__Random_Detecting.ipynb",".ipynb","blob","100644","c639fa7348f9cef9843a95d047228d00b312a97e","124843","read","F_IRRELEVANT","False","False",""
"Drone-Motors-Unknown-Faults-Detection/Ancestor","original","2708e0d31d7904aa38af8d08b9950d91b5f9c7c7","Step5_Model 11__Random_Detecting.ipynb","Step5_Model 11__Random_Detecting.ipynb",".ipynb","blob","100644","8e6eda910ccccc26fd64c293505c30607cb1fc4c","108649","read","F_IRRELEVANT","False","False",""
"Drone-Motors-Unknown-Faults-Detection/Ancestor","original","2708e0d31d7904aa38af8d08b9950d91b5f9c7c7","Step5_Model 12__Random_Detecting.ipynb","Step5_Model 12__Random_Detecting.ipynb",".ipynb","blob","100644","5986437cdb665f9c127ea642997862c41a9b1df3","126184","read","F_IRRELEVANT","False","False",""
"Drone-Motors-Unknown-Faults-Detection/Ancestor","original","2708e0d31d7904aa38af8d08b9950d91b5f9c7c7","Step5_Model 13__Random_Detecting.ipynb","Step5_Model 13__Random_Detecting.ipynb",".ipynb","blob","100644","16a2968e1ae485cadd3306b3ce3cbc983d318a72","114009","read","F_IRRELEVANT","False","False",""
"Drone-Motors-Unknown-Faults-Detection/Ancestor","original","2708e0d31d7904aa38af8d08b9950d91b5f9c7c7","Step5_Model 14__Random_Detecting.ipynb","Step5_Model 14__Random_Detecting.ipynb",".ipynb","blob","100644","6542f0a358d76f2919bcf4d0b15fe80c1eca6440","120211","read","F_IRRELEVANT","False","False",""
"Drone-Motors-Unknown-Faults-Detection/Ancestor","original","2708e0d31d7904aa38af8d08b9950d91b5f9c7c7","Step5_Model 15__Random_Detecting.ipynb","Step5_Model 15__Random_Detecting.ipynb",".ipynb","blob","100644","778b341f87fc454396293e9b00250d7712fee9ef","133501","read","F_IRRELEVANT","False","False",""
"Drone-Motors-Unknown-Faults-Detection/Ancestor","original","2708e0d31d7904aa38af8d08b9950d91b5f9c7c7","Step5_Model 16__Random_Detecting.ipynb","Step5_Model 16__Random_Detecting.ipynb",".ipynb","blob","100644","6f3dc07c583dfc89aaff5ec17900475a7eef634d","119386","read","F_IRRELEVANT","False","False",""
"Drone-Motors-Unknown-Faults-Detection/Ancestor","original","2708e0d31d7904aa38af8d08b9950d91b5f9c7c7","Step5_Model 17__Random_Detecting.ipynb","Step5_Model 17__Random_Detecting.ipynb",".ipynb","blob","100644","a483b5ef78530f7e3483e3d75544e1e83549db5f","119935","read","F_IRRELEVANT","False","False",""
"Drone-Motors-Unknown-Faults-Detection/Ancestor","original","2708e0d31d7904aa38af8d08b9950d91b5f9c7c7","Step5_Model 18__Random_Detecting.ipynb","Step5_Model 18__Random_Detecting.ipynb",".ipynb","blob","100644","c298a43cf8707389c21ff7118313bd1d54ccf5cd","117066","read","F_IRRELEVANT","False","False",""
"Drone-Motors-Unknown-Faults-Detection/Ancestor","original","2708e0d31d7904aa38af8d08b9950d91b5f9c7c7","Step5_Model 19__Random_Detecting.ipynb","Step5_Model 19__Random_Detecting.ipynb",".ipynb","blob","100644","0d648aeed6d10eb33006e6e537d895b7129e2a3c","118538","read","F_IRRELEVANT","False","False",""
"Drone-Motors-Unknown-Faults-Detection/Ancestor","original","2708e0d31d7904aa38af8d08b9950d91b5f9c7c7","Step5_Model 1__Random_Detecting.ipynb","Step5_Model 1__Random_Detecting.ipynb",".ipynb","blob","100644","d27e924ee1c8730a557f77689b5e66371b6093f9","114278","read","F_IRRELEVANT","False","False",""
"Drone-Motors-Unknown-Faults-Detection/Ancestor","original","2708e0d31d7904aa38af8d08b9950d91b5f9c7c7","Step5_Model 20__Random_Detecting.ipynb","Step5_Model 20__Random_Detecting.ipynb",".ipynb","blob","100644","a7601fe24cb1f4761ebe8d48d1cf483996b75cd3","107657","read","F_IRRELEVANT","False","False",""
"Drone-Motors-Unknown-Faults-Detection/Ancestor","original","2708e0d31d7904aa38af8d08b9950d91b5f9c7c7","Step5_Model 21__Random_Detecting.ipynb","Step5_Model 21__Random_Detecting.ipynb",".ipynb","blob","100644","fca60f418f8c5638652101eb1b61a19c5c39a1b9","107840","read","F_IRRELEVANT","False","False",""
"Drone-Motors-Unknown-Faults-Detection/Ancestor","original","2708e0d31d7904aa38af8d08b9950d91b5f9c7c7","Step5_Model 22__Random_Detecting.ipynb","Step5_Model 22__Random_Detecting.ipynb",".ipynb","blob","100644","44aa13ac4f003e22123d7f36e039b3c1ebe5c8e8","118990","read","F_IRRELEVANT","False","False",""
"Drone-Motors-Unknown-Faults-Detection/Ancestor","original","2708e0d31d7904aa38af8d08b9950d91b5f9c7c7","Step5_Model 23__Random_Detecting.ipynb","Step5_Model 23__Random_Detecting.ipynb",".ipynb","blob","100644","55a8082c46d385a634cba41114bd7b045cae3f2e","106905","read","F_IRRELEVANT","False","False",""
"Drone-Motors-Unknown-Faults-Detection/Ancestor","original","2708e0d31d7904aa38af8d08b9950d91b5f9c7c7","Step5_Model 24__Random_Detecting.ipynb","Step5_Model 24__Random_Detecting.ipynb",".ipynb","blob","100644","481e882d46d6f555f80c5bda2122f70671578929","131794","read","F_IRRELEVANT","False","False",""
"Drone-Motors-Unknown-Faults-Detection/Ancestor","original","2708e0d31d7904aa38af8d08b9950d91b5f9c7c7","Step5_Model 25__Random_Detecting.ipynb","Step5_Model 25__Random_Detecting.ipynb",".ipynb","blob","100644","511a08b3c1bc88514e52030237e7a6af0ea5fc92","124323","read","F_IRRELEVANT","False","False",""
"Drone-Motors-Unknown-Faults-Detection/Ancestor","original","2708e0d31d7904aa38af8d08b9950d91b5f9c7c7","Step5_Model 26__Random_Detecting.ipynb","Step5_Model 26__Random_Detecting.ipynb",".ipynb","blob","100644","90a8bfc98cff1e525ca1e839c4bbafb73423a354","125728","read","F_IRRELEVANT","False","False",""
"Drone-Motors-Unknown-Faults-Detection/Ancestor","original","2708e0d31d7904aa38af8d08b9950d91b5f9c7c7","Step5_Model 27__Random_Detecting.ipynb","Step5_Model 27__Random_Detecting.ipynb",".ipynb","blob","100644","c2bd5f388bfa86519dd94b1e99cc42269a7734d6","125983","read","F_IRRELEVANT","False","False",""
"Drone-Motors-Unknown-Faults-Detection/Ancestor","original","2708e0d31d7904aa38af8d08b9950d91b5f9c7c7","Step5_Model 2__Random_Detecting.ipynb","Step5_Model 2__Random_Detecting.ipynb",".ipynb","blob","100644","45bff769d1627d97bdbbaa295f62c3eb9825b34a","125939","read","F_IRRELEVANT","False","False",""
"Drone-Motors-Unknown-Faults-Detection/Ancestor","original","2708e0d31d7904aa38af8d08b9950d91b5f9c7c7","Step5_Model 3__Random_Detecting.ipynb","Step5_Model 3__Random_Detecting.ipynb",".ipynb","blob","100644","e8bc35fce5e614893b428c20b7e8e1c1ebcdd90d","115107","read","F_IRRELEVANT","False","False",""
"Drone-Motors-Unknown-Faults-Detection/Ancestor","original","2708e0d31d7904aa38af8d08b9950d91b5f9c7c7","Step5_Model 4__Random_Detecting.ipynb","Step5_Model 4__Random_Detecting.ipynb",".ipynb","blob","100644","399df6c70a569027a81744c231fbf162b6555aed","113985","read","F_IRRELEVANT","False","False",""
"Drone-Motors-Unknown-Faults-Detection/Ancestor","original","2708e0d31d7904aa38af8d08b9950d91b5f9c7c7","Step5_Model 5__Random_Detecting.ipynb","Step5_Model 5__Random_Detecting.ipynb",".ipynb","blob","100644","336e9bbef176472eed6c8f96a295c01aef2de32c","108733","read","F_IRRELEVANT","False","False",""
"Drone-Motors-Unknown-Faults-Detection/Ancestor","original","2708e0d31d7904aa38af8d08b9950d91b5f9c7c7","Step5_Model 6__Random_Detecting.ipynb","Step5_Model 6__Random_Detecting.ipynb",".ipynb","blob","100644","468b457a022a8cb33356fc40555fc8ab8a35f8a2","114914","read","F_IRRELEVANT","False","False",""
"Drone-Motors-Unknown-Faults-Detection/Ancestor","original","2708e0d31d7904aa38af8d08b9950d91b5f9c7c7","Step5_Model 7__Random_Detecting.ipynb","Step5_Model 7__Random_Detecting.ipynb",".ipynb","blob","100644","bdbadc08b52821d7b99af98c7aab6dbfd894e23d","130216","read","F_IRRELEVANT","False","False",""
"Drone-Motors-Unknown-Faults-Detection/Ancestor","original","2708e0d31d7904aa38af8d08b9950d91b5f9c7c7","Step5_Model 8__Random_Detecting.ipynb","Step5_Model 8__Random_Detecting.ipynb",".ipynb","blob","100644","14f9314ca57ac96122db16a21890adf854dd0e7e","119251","read","F_IRRELEVANT","False","False",""
"Drone-Motors-Unknown-Faults-Detection/Ancestor","original","2708e0d31d7904aa38af8d08b9950d91b5f9c7c7","Step5_Model 9__Random_Detecting.ipynb","Step5_Model 9__Random_Detecting.ipynb",".ipynb","blob","100644","9c3d06bea42f2ab4a892bc0a35f48c6e7415cdd4","127071","read","F_IRRELEVANT","False","False",""
"Drone-Motors-Unknown-Faults-Detection/Ancestor","original","2708e0d31d7904aa38af8d08b9950d91b5f9c7c7","Step6_Model 10__Retrain.ipynb","Step6_Model 10__Retrain.ipynb",".ipynb","blob","100644","1929af01932697198d569a10f8f80c76f4975a06","165357","read","F_IRRELEVANT","False","False",""
"Drone-Motors-Unknown-Faults-Detection/Ancestor","original","2708e0d31d7904aa38af8d08b9950d91b5f9c7c7","Step6_Model 11__Retrain.ipynb","Step6_Model 11__Retrain.ipynb",".ipynb","blob","100644","0be146d878ae71caa378bba4c66c18d0d80a21c7","239186","read","F_IRRELEVANT","False","False",""
"Drone-Motors-Unknown-Faults-Detection/Ancestor","original","2708e0d31d7904aa38af8d08b9950d91b5f9c7c7","Step6_Model 12__Retrain.ipynb","Step6_Model 12__Retrain.ipynb",".ipynb","blob","100644","22d7a3fdf25c933d6fc6cca3d9f2694c19ad1658","169489","read","F_IRRELEVANT","False","False",""
"Drone-Motors-Unknown-Faults-Detection/Ancestor","original","2708e0d31d7904aa38af8d08b9950d91b5f9c7c7","Step6_Model 13__Retrain.ipynb","Step6_Model 13__Retrain.ipynb",".ipynb","blob","100644","cab9693ae78b269802332516079aec1c0f2e1373","167757","read","F_IRRELEVANT","False","False",""
"Drone-Motors-Unknown-Faults-Detection/Ancestor","original","2708e0d31d7904aa38af8d08b9950d91b5f9c7c7","Step6_Model 14__Retrain.ipynb","Step6_Model 14__Retrain.ipynb",".ipynb","blob","100644","cfa213d94b045c123972a990ed592e29b12c81f6","239922","read","F_IRRELEVANT","False","False",""
"Drone-Motors-Unknown-Faults-Detection/Ancestor","original","2708e0d31d7904aa38af8d08b9950d91b5f9c7c7","Step6_Model 15__Retrain.ipynb","Step6_Model 15__Retrain.ipynb",".ipynb","blob","100644","f5a81caca6c1f97753a60f16750f29b8bbda7018","169180","read","F_IRRELEVANT","False","False",""
"Drone-Motors-Unknown-Faults-Detection/Ancestor","original","2708e0d31d7904aa38af8d08b9950d91b5f9c7c7","Step6_Model 16__Retrain.ipynb","Step6_Model 16__Retrain.ipynb",".ipynb","blob","100644","9aeaac3c9300c4a914976807df2fb8e318ce778d","167127","read","F_IRRELEVANT","False","False",""
"Drone-Motors-Unknown-Faults-Detection/Ancestor","original","2708e0d31d7904aa38af8d08b9950d91b5f9c7c7","Step6_Model 17__Retrain.ipynb","Step6_Model 17__Retrain.ipynb",".ipynb","blob","100644","35d6c6d4fe562d070a22a68b47ebfdcc3c21bfcc","240201","read","F_IRRELEVANT","False","False",""
"Drone-Motors-Unknown-Faults-Detection/Ancestor","original","2708e0d31d7904aa38af8d08b9950d91b5f9c7c7","Step6_Model 18__Retrain.ipynb","Step6_Model 18__Retrain.ipynb",".ipynb","blob","100644","432602c6681f3ae4fab72963d716496dd152b6aa","173536","read","F_IRRELEVANT","False","False",""
"Drone-Motors-Unknown-Faults-Detection/Ancestor","original","2708e0d31d7904aa38af8d08b9950d91b5f9c7c7","Step6_Model 19__Retrain.ipynb","Step6_Model 19__Retrain.ipynb",".ipynb","blob","100644","7fa3d8f3a97585f895f305e238e9ecb38c5296f9","160052","read","F_IRRELEVANT","False","False",""
"Drone-Motors-Unknown-Faults-Detection/Ancestor","original","2708e0d31d7904aa38af8d08b9950d91b5f9c7c7","Step6_Model 1__Retrain.ipynb","Step6_Model 1__Retrain.ipynb",".ipynb","blob","100644","54668f66d80a16a4071de7df28ee0af8a91e97aa","169826","read","F_IRRELEVANT","False","False",""
"Drone-Motors-Unknown-Faults-Detection/Ancestor","original","2708e0d31d7904aa38af8d08b9950d91b5f9c7c7","Step6_Model 20__Retrain.ipynb","Step6_Model 20__Retrain.ipynb",".ipynb","blob","100644","984189be3203593a5401b5a0f571543821e3390d","200427","read","F_IRRELEVANT","False","False",""
"Drone-Motors-Unknown-Faults-Detection/Ancestor","original","2708e0d31d7904aa38af8d08b9950d91b5f9c7c7","Step6_Model 21__Retrain.ipynb","Step6_Model 21__Retrain.ipynb",".ipynb","blob","100644","c18f204a722f8b053f26d495a8ae4041d682718c","171112","read","F_IRRELEVANT","False","False",""
"Drone-Motors-Unknown-Faults-Detection/Ancestor","original","2708e0d31d7904aa38af8d08b9950d91b5f9c7c7","Step6_Model 22__Retrain.ipynb","Step6_Model 22__Retrain.ipynb",".ipynb","blob","100644","7001c8d08c43c4df6679d7dc2799be31a0bd0fda","160663","read","F_IRRELEVANT","False","False",""
"Drone-Motors-Unknown-Faults-Detection/Ancestor","original","2708e0d31d7904aa38af8d08b9950d91b5f9c7c7","Step6_Model 23__Retrain.ipynb","Step6_Model 23__Retrain.ipynb",".ipynb","blob","100644","ffeec3c277d8bdaf75224ab864e8fc7862272e2f","221014","read","F_IRRELEVANT","False","False",""
"Drone-Motors-Unknown-Faults-Detection/Ancestor","original","2708e0d31d7904aa38af8d08b9950d91b5f9c7c7","Step6_Model 24__Retrain.ipynb","Step6_Model 24__Retrain.ipynb",".ipynb","blob","100644","ce626a97d92e98ee4baec63c80de9c1e9d2293f8","169409","read","F_IRRELEVANT","False","False",""
"Drone-Motors-Unknown-Faults-Detection/Ancestor","original","2708e0d31d7904aa38af8d08b9950d91b5f9c7c7","Step6_Model 25__Retrain.ipynb","Step6_Model 25__Retrain.ipynb",".ipynb","blob","100644","a1bba7f2ff83e270f795f49d6c74e026d6f4e9a6","165993","read","F_IRRELEVANT","False","False",""
"Drone-Motors-Unknown-Faults-Detection/Ancestor","original","2708e0d31d7904aa38af8d08b9950d91b5f9c7c7","Step6_Model 26__Retrain.ipynb","Step6_Model 26__Retrain.ipynb",".ipynb","blob","100644","57f27e063501dfe7a25e0963118433075ff20130","199490","read","F_IRRELEVANT","False","False",""
"Drone-Motors-Unknown-Faults-Detection/Ancestor","original","2708e0d31d7904aa38af8d08b9950d91b5f9c7c7","Step6_Model 27__Retrain.ipynb","Step6_Model 27__Retrain.ipynb",".ipynb","blob","100644","686419507c8a16a564030027ee2e5b4b0863eca8","175045","read","F_IRRELEVANT","False","False",""
"Drone-Motors-Unknown-Faults-Detection/Ancestor","original","2708e0d31d7904aa38af8d08b9950d91b5f9c7c7","Step6_Model 2__Retrain.ipynb","Step6_Model 2__Retrain.ipynb",".ipynb","blob","100644","fcf1866c669fdfa474d54a12122db6faf9500b61","236301","read","F_IRRELEVANT","False","False",""
"Drone-Motors-Unknown-Faults-Detection/Ancestor","original","2708e0d31d7904aa38af8d08b9950d91b5f9c7c7","Step6_Model 3__Retrain.ipynb","Step6_Model 3__Retrain.ipynb",".ipynb","blob","100644","7a8a4ea42ce05a33de8bbb9d27cc5d3a02424c24","179633","read","F_IRRELEVANT","False","False",""
"Drone-Motors-Unknown-Faults-Detection/Ancestor","original","2708e0d31d7904aa38af8d08b9950d91b5f9c7c7","Step6_Model 4__Retrain.ipynb","Step6_Model 4__Retrain.ipynb",".ipynb","blob","100644","0736a2b202e519d31be59870735d6cf244287a23","158481","read","F_IRRELEVANT","False","False",""
"Drone-Motors-Unknown-Faults-Detection/Ancestor","original","2708e0d31d7904aa38af8d08b9950d91b5f9c7c7","Step6_Model 5__Retrain.ipynb","Step6_Model 5__Retrain.ipynb",".ipynb","blob","100644","d5d6929a8641249634bb0aea9ecfb463a70c8580","230643","read","F_IRRELEVANT","False","False",""
"Drone-Motors-Unknown-Faults-Detection/Ancestor","original","2708e0d31d7904aa38af8d08b9950d91b5f9c7c7","Step6_Model 6__Retrain.ipynb","Step6_Model 6__Retrain.ipynb",".ipynb","blob","100644","9873f681a2a5e9d5da3f21f1c414b9a446ac95e7","170831","read","F_IRRELEVANT","False","False",""
"Drone-Motors-Unknown-Faults-Detection/Ancestor","original","2708e0d31d7904aa38af8d08b9950d91b5f9c7c7","Step6_Model 7__Retrain.ipynb","Step6_Model 7__Retrain.ipynb",".ipynb","blob","100644","0ef3015f609155abd895178b1bbcb86f9a6c7ae9","165926","read","F_IRRELEVANT","False","False",""
"Drone-Motors-Unknown-Faults-Detection/Ancestor","original","2708e0d31d7904aa38af8d08b9950d91b5f9c7c7","Step6_Model 8__Retrain.ipynb","Step6_Model 8__Retrain.ipynb",".ipynb","blob","100644","5a594a8f1da8c0f5acaa86fb112fbbbe135e1c5a","238022","read","F_IRRELEVANT","False","False",""
"Drone-Motors-Unknown-Faults-Detection/Ancestor","original","2708e0d31d7904aa38af8d08b9950d91b5f9c7c7","Step6_Model 9__Retrain.ipynb","Step6_Model 9__Retrain.ipynb",".ipynb","blob","100644","994a9d6a38c98e1db9925c28aa245360070fcfd3","170723","read","F_IRRELEVANT","False","False",""
"Drone-Motors-Unknown-Faults-Detection/Ancestor","original","2708e0d31d7904aa38af8d08b9950d91b5f9c7c7","T1_T2_T3.ipynb","T1_T2_T3.ipynb",".ipynb","blob","100644","331849671093156e2e91be10aa626fd63de1bfb1","278707","read","F_IRRELEVANT","False","False",""
"Drone-Motors-Unknown-Faults-Detection/GPU-Learning-PyTorch","main","156de327373017df07e7feb4c4dd8664d70cc98a",".gitignore",".gitignore",".gitignore","blob","100644","034295676c8036e3eb36a830c3715dcd4c0e9b3d","4686","read","F_IRRELEVANT","False","False",""
"Drone-Motors-Unknown-Faults-Detection/GPU-Learning-PyTorch","main","156de327373017df07e7feb4c4dd8664d70cc98a","Build_Linux_VENV.sh","Build_Linux_VENV.sh",".sh","blob","100755","dbba334b751803a18bff7402bfcc5214deed4179","489","read","F_IRRELEVANT","False","False",""
"Drone-Motors-Unknown-Faults-Detection/GPU-Learning-PyTorch","main","156de327373017df07e7feb4c4dd8664d70cc98a","Build_Windows_UV.bat","Build_Windows_UV.bat",".bat","blob","100644","692186c80ba090d1c2b7c28d02f1b04798c68996","757","read","F_IRRELEVANT","False","False",""
"Drone-Motors-Unknown-Faults-Detection/GPU-Learning-PyTorch","main","156de327373017df07e7feb4c4dd8664d70cc98a","CNN_GUIDE.md","CNN_GUIDE.md",".md","blob","100644","2271767075e5b9bbb6f09dfdc6dcfc8cfcfdb044","5989","read","F_IRRELEVANT","False","False",""
"Drone-Motors-Unknown-Faults-Detection/GPU-Learning-PyTorch","main","156de327373017df07e7feb4c4dd8664d70cc98a","Claude.md","Claude.md",".md","blob","100644","9a5457d85cd91cfbf7ee05beb177c6ca0740a461","3615","read","F_IRRELEVANT","False","False",""
"Drone-Motors-Unknown-Faults-Detection/GPU-Learning-PyTorch","main","156de327373017df07e7feb4c4dd8664d70cc98a","LICENSE","LICENSE","","blob","100644","d20b6e45dc1c7e0ecc6254bb0da71f6146a57bb9","1094","metadata","F_IRRELEVANT","False","False",""
"Drone-Motors-Unknown-Faults-Detection/GPU-Learning-PyTorch","main","156de327373017df07e7feb4c4dd8664d70cc98a","README.md","README.md",".md","blob","100644","1f35a99745a497ce01ec9be6eb223ce35a1e1acf","7448","read","F_IRRELEVANT","False","False",""
"Drone-Motors-Unknown-Faults-Detection/GPU-Learning-PyTorch","main","156de327373017df07e7feb4c4dd8664d70cc98a","docs","docs","","tree","040000","ebca0f3348dd0622884fc54c4c155302e8857a15",,"unknown","F_IRRELEVANT","False","False",""
"Drone-Motors-Unknown-Faults-Detection/GPU-Learning-PyTorch","main","156de327373017df07e7feb4c4dd8664d70cc98a","docs/CIFAR10.md","CIFAR10.md",".md","blob","100644","47a1533419ef21f75d3d2c9504a6edccb7eca273","4853","read","F_IRRELEVANT","False","False",""
"Drone-Motors-Unknown-Faults-Detection/GPU-Learning-PyTorch","main","156de327373017df07e7feb4c4dd8664d70cc98a","docs/CIFAR100.md","CIFAR100.md",".md","blob","100644","a16921ef355226483e9b5b6402ff9126f520cba9","6453","read","F_IRRELEVANT","False","False",""
"Drone-Motors-Unknown-Faults-Detection/GPU-Learning-PyTorch","main","156de327373017df07e7feb4c4dd8664d70cc98a","docs/MNIST.md","MNIST.md",".md","blob","100644","d68b8402fac81f88fadb9e709e275175df321720","2790","read","F_IRRELEVANT","False","False",""
"Drone-Motors-Unknown-Faults-Detection/GPU-Learning-PyTorch","main","156de327373017df07e7feb4c4dd8664d70cc98a","logs","logs","","tree","040000","71e7aa525842a574c468b63afc7a1aa6b01d6118",,"unknown","F_IRRELEVANT","False","False",""
"Drone-Motors-Unknown-Faults-Detection/GPU-Learning-PyTorch","main","156de327373017df07e7feb4c4dd8664d70cc98a","logs/CIFAR10","CIFAR10","","tree","040000","aeabacc6a3b45e62ad3a8a03af67cc55ad023825",,"unknown","F_IRRELEVANT","False","False",""
"Drone-Motors-Unknown-Faults-Detection/GPU-Learning-PyTorch","main","156de327373017df07e7feb4c4dd8664d70cc98a","logs/CIFAR10/training_log_20260502_004939.txt","training_log_20260502_004939.txt",".txt","blob","100644","dc8767e26135d955ff7edc28c8232843ebd5dbf1","1549","read","F_IRRELEVANT","False","False",""
"Drone-Motors-Unknown-Faults-Detection/GPU-Learning-PyTorch","main","156de327373017df07e7feb4c4dd8664d70cc98a","logs/CIFAR10/training_log_20260502_011032.txt","training_log_20260502_011032.txt",".txt","blob","100644","1a9c697399936f0884ed9083f5b97bdf0197f373","1550","read","F_IRRELEVANT","False","False",""
"Drone-Motors-Unknown-Faults-Detection/GPU-Learning-PyTorch","main","156de327373017df07e7feb4c4dd8664d70cc98a","logs/CIFAR10/training_log_20260502_015704.txt","training_log_20260502_015704.txt",".txt","blob","100644","2d50771bae21c272875f2019434755ffd14e56d8","1564","read","F_IRRELEVANT","False","False",""
"Drone-Motors-Unknown-Faults-Detection/GPU-Learning-PyTorch","main","156de327373017df07e7feb4c4dd8664d70cc98a","logs/CIFAR10/training_log_20260502_021433.txt","training_log_20260502_021433.txt",".txt","blob","100644","ada399dc93a9b8e09fc5b87e44c0aace8a8d8953","1602","read","F_IRRELEVANT","False","False",""
"Drone-Motors-Unknown-Faults-Detection/GPU-Learning-PyTorch","main","156de327373017df07e7feb4c4dd8664d70cc98a","logs/CIFAR10/training_log_20260502_120538.txt","training_log_20260502_120538.txt",".txt","blob","100644","7fb6b263c1390b4743ba65c684ee9ea4d0a90064","1653","read","F_IRRELEVANT","False","False",""
"Drone-Motors-Unknown-Faults-Detection/GPU-Learning-PyTorch","main","156de327373017df07e7feb4c4dd8664d70cc98a","logs/CIFAR10/training_log_20260502_120940.txt","training_log_20260502_120940.txt",".txt","blob","100644","4677efd661a128991c49dc860e6e4ccd62a885a4","2193","read","F_IRRELEVANT","False","False",""
"Drone-Motors-Unknown-Faults-Detection/GPU-Learning-PyTorch","main","156de327373017df07e7feb4c4dd8664d70cc98a","logs/CIFAR10/training_log_20260502_125915.txt","training_log_20260502_125915.txt",".txt","blob","100644","7a09496176f7d619d5f93df9fbcc51b482ba1bbb","3293","read","F_IRRELEVANT","False","False",""
"Drone-Motors-Unknown-Faults-Detection/GPU-Learning-PyTorch","main","156de327373017df07e7feb4c4dd8664d70cc98a","logs/CIFAR10/training_log_20260502_133058.txt","training_log_20260502_133058.txt",".txt","blob","100644","635e1fe26fb1c37dad23543e4692c652cea4a9a5","6033","read","F_IRRELEVANT","False","False",""
"Drone-Motors-Unknown-Faults-Detection/GPU-Learning-PyTorch","main","156de327373017df07e7feb4c4dd8664d70cc98a","logs/CIFAR10/training_log_20260502_150608.txt","training_log_20260502_150608.txt",".txt","blob","100644","16c64142c517ac82cdcc2703f9898f5f3cf04272","1650","read","F_IRRELEVANT","False","False",""
"Drone-Motors-Unknown-Faults-Detection/GPU-Learning-PyTorch","main","156de327373017df07e7feb4c4dd8664d70cc98a","logs/CIFAR10/training_log_20260504_224647.txt","training_log_20260504_224647.txt",".txt","blob","100644","8c661f9c0a5957ef1a0fcf34a321e4819b6471b9","1689","read","F_IRRELEVANT","False","False",""
"Drone-Motors-Unknown-Faults-Detection/GPU-Learning-PyTorch","main","156de327373017df07e7feb4c4dd8664d70cc98a","logs/CIFAR10/training_log_20260504_225003.txt","training_log_20260504_225003.txt",".txt","blob","100644","f2b6cfe267be17727edcd3bef825e70f9065e8a6","1662","read","F_IRRELEVANT","False","False",""
"Drone-Motors-Unknown-Faults-Detection/GPU-Learning-PyTorch","main","156de327373017df07e7feb4c4dd8664d70cc98a","logs/CIFAR10/training_log_20260504_232713.txt","training_log_20260504_232713.txt",".txt","blob","100644","d7ee162ca8f56c452dc642d75fcf8ec5e860ad02","1666","read","F_IRRELEVANT","False","False",""
"Drone-Motors-Unknown-Faults-Detection/GPU-Learning-PyTorch","main","156de327373017df07e7feb4c4dd8664d70cc98a","logs/CIFAR10/training_log_20260504_233923.txt","training_log_20260504_233923.txt",".txt","blob","100644","276adbd35559a2a6adbac6441118aab1b018a019","6044","read","F_IRRELEVANT","False","False",""
"Drone-Motors-Unknown-Faults-Detection/GPU-Learning-PyTorch","main","156de327373017df07e7feb4c4dd8664d70cc98a","logs/CIFAR100","CIFAR100","","tree","040000","3591e76620e39a0913431071c0ab30bad660fd2b",,"unknown","F_IRRELEVANT","False","False",""
"Drone-Motors-Unknown-Faults-Detection/GPU-Learning-PyTorch","main","156de327373017df07e7feb4c4dd8664d70cc98a","logs/CIFAR100/training_log_20260504_225204.txt","training_log_20260504_225204.txt",".txt","blob","100644","e01cd2693d1d28bbb208c2a9b12235051453bd2a","2208","read","F_IRRELEVANT","False","False",""
"Drone-Motors-Unknown-Faults-Detection/GPU-Learning-PyTorch","main","156de327373017df07e7feb4c4dd8664d70cc98a","logs/CIFAR100/training_log_20260504_225551.txt","training_log_20260504_225551.txt",".txt","blob","100644","8ba2c3f2a05736c6ad72aebbd0e0434747d75165","2202","read","F_IRRELEVANT","False","False",""
"Drone-Motors-Unknown-Faults-Detection/GPU-Learning-PyTorch","main","156de327373017df07e7feb4c4dd8664d70cc98a","logs/CIFAR100/training_log_20260504_232717.txt","training_log_20260504_232717.txt",".txt","blob","100644","77dd82658fe4db518525b678c3cf28b2e74d61a0","2208","read","F_IRRELEVANT","False","False",""
"Drone-Motors-Unknown-Faults-Detection/GPU-Learning-PyTorch","main","156de327373017df07e7feb4c4dd8664d70cc98a","logs/CIFAR100/training_log_20260504_233402.txt","training_log_20260504_233402.txt",".txt","blob","100644","3a6e1775bf890c981e359409d6dbc639ec16e7f9","2237","read","F_IRRELEVANT","False","False",""
"Drone-Motors-Unknown-Faults-Detection/GPU-Learning-PyTorch","main","156de327373017df07e7feb4c4dd8664d70cc98a","logs/CIFAR100/training_log_20260504_233801.txt","training_log_20260504_233801.txt",".txt","blob","100644","7b521d44798efa6f2288a9a7070482e8db2e268e","6044","read","F_IRRELEVANT","False","False",""
"Drone-Motors-Unknown-Faults-Detection/GPU-Learning-PyTorch","main","156de327373017df07e7feb4c4dd8664d70cc98a","logs/CIFAR100/training_log_20260504_235319.txt","training_log_20260504_235319.txt",".txt","blob","100644","fc19eb9481814da07008db615e325ab118edfbb4","6053","read","F_IRRELEVANT","False","False",""
"Drone-Motors-Unknown-Faults-Detection/GPU-Learning-PyTorch","main","156de327373017df07e7feb4c4dd8664d70cc98a","logs/CIFAR100/training_log_20260505_010407.txt","training_log_20260505_010407.txt",".txt","blob","100644","7f6a1d33c012d5e883b022152b3e8e7afa5de02b","6026","read","F_IRRELEVANT","False","False",""
"Drone-Motors-Unknown-Faults-Detection/GPU-Learning-PyTorch","main","156de327373017df07e7feb4c4dd8664d70cc98a","logs/CIFAR100/training_log_20260919_114022.txt","training_log_20260919_114022.txt",".txt","blob","100644","7f3e213c7edd8b12f722e58819573355e9692390","3317","read","F_IRRELEVANT","False","False",""
"Drone-Motors-Unknown-Faults-Detection/GPU-Learning-PyTorch","main","156de327373017df07e7feb4c4dd8664d70cc98a","logs/MNIST","MNIST","","tree","040000","22ef9d8fba8fca6e4af5a0d9c34685bd2a11651e",,"unknown","F_IRRELEVANT","False","False",""
"Drone-Motors-Unknown-Faults-Detection/GPU-Learning-PyTorch","main","156de327373017df07e7feb4c4dd8664d70cc98a","logs/MNIST/training_log_20260502_001118.txt","training_log_20260502_001118.txt",".txt","blob","100644","6e63160c42b792e8461ca177f4eae64d2ee80a6c","998","read","F_IRRELEVANT","False","False",""
"Drone-Motors-Unknown-Faults-Detection/GPU-Learning-PyTorch","main","156de327373017df07e7feb4c4dd8664d70cc98a","logs/MNIST/training_log_20260502_003006.txt","training_log_20260502_003006.txt",".txt","blob","100644","d26c9faafaf88645e7a6ec1d87dbbee17c765df8","1007","read","F_IRRELEVANT","False","False",""
"Drone-Motors-Unknown-Faults-Detection/GPU-Learning-PyTorch","main","156de327373017df07e7feb4c4dd8664d70cc98a","logs/MNIST/training_log_20260502_004218.txt","training_log_20260502_004218.txt",".txt","blob","100644","e9bfe3d92b8d394512255c4fcd488cc6eb250d02","1000","read","F_IRRELEVANT","False","False",""
"Drone-Motors-Unknown-Faults-Detection/GPU-Learning-PyTorch","main","156de327373017df07e7feb4c4dd8664d70cc98a","logs/MNIST/training_log_20260502_011013.txt","training_log_20260502_011013.txt",".txt","blob","100644","eaf469d0b1a0dd8e0dea0f3a39195076f6044950","1007","read","F_IRRELEVANT","False","False",""
"Drone-Motors-Unknown-Faults-Detection/GPU-Learning-PyTorch","main","156de327373017df07e7feb4c4dd8664d70cc98a","logs/MNIST/training_log_20260502_015555.txt","training_log_20260502_015555.txt",".txt","blob","100644","651039faf01a91ece625c46296deb651d9426bd5","1008","read","F_IRRELEVANT","False","False",""
"Drone-Motors-Unknown-Faults-Detection/GPU-Learning-PyTorch","main","156de327373017df07e7feb4c4dd8664d70cc98a","logs/MNIST/training_log_20260502_020627.txt","training_log_20260502_020627.txt",".txt","blob","100644","acfaf99284e8a2d68552108f35657f00fcb9ca77","1047","read","F_IRRELEVANT","False","False",""
"Drone-Motors-Unknown-Faults-Detection/GPU-Learning-PyTorch","main","156de327373017df07e7feb4c4dd8664d70cc98a","logs/MNIST/training_log_20260502_021404.txt","training_log_20260502_021404.txt",".txt","blob","100644","b4e820a1593f598ee77442f764641871f6e8c3e2","1026","read","F_IRRELEVANT","False","False",""
"Drone-Motors-Unknown-Faults-Detection/GPU-Learning-PyTorch","main","156de327373017df07e7feb4c4dd8664d70cc98a","logs/MNIST/training_log_20260502_115007.txt","training_log_20260502_115007.txt",".txt","blob","100644","ebbacd6c9a41bd65c208b5b37d2157c380b636f2","1081","read","F_IRRELEVANT","False","False",""
"Drone-Motors-Unknown-Faults-Detection/GPU-Learning-PyTorch","main","156de327373017df07e7feb4c4dd8664d70cc98a","logs/MNIST/training_log_20260502_115640.txt","training_log_20260502_115640.txt",".txt","blob","100644","0bf158dbeec5e4c6c530a8282de1a150214d4b99","1109","read","F_IRRELEVANT","False","False",""
"Drone-Motors-Unknown-Faults-Detection/GPU-Learning-PyTorch","main","156de327373017df07e7feb4c4dd8664d70cc98a","logs/MNIST/training_log_20260502_133101.txt","training_log_20260502_133101.txt",".txt","blob","100644","b656657e6447a8691470380ab67123e03b1ba605","3242","read","F_IRRELEVANT","False","False",""
"Drone-Motors-Unknown-Faults-Detection/GPU-Learning-PyTorch","main","156de327373017df07e7feb4c4dd8664d70cc98a","logs/MNIST/training_log_20260502_144959.txt","training_log_20260502_144959.txt",".txt","blob","100644","b5d96d03d5912dcc11c9ffe32a5c905e093a64d3","3234","read","F_IRRELEVANT","False","False",""
"Drone-Motors-Unknown-Faults-Detection/GPU-Learning-PyTorch","main","156de327373017df07e7feb4c4dd8664d70cc98a","logs/MNIST/training_log_20260503_111646.txt","training_log_20260503_111646.txt",".txt","blob","100644","e9f55e5c3434e98ed41424199afa425843d7662b","3234","read","F_IRRELEVANT","False","False",""
"Drone-Motors-Unknown-Faults-Detection/GPU-Learning-PyTorch","main","156de327373017df07e7feb4c4dd8664d70cc98a","logs/MNIST/training_log_20260503_145806.txt","training_log_20260503_145806.txt",".txt","blob","100644","d6c4ddb7f1fc8d02ab21ec4ba1b6f4ae07380b9e","3243","read","F_IRRELEVANT","False","False",""
"Drone-Motors-Unknown-Faults-Detection/GPU-Learning-PyTorch","main","156de327373017df07e7feb4c4dd8664d70cc98a","logs/MNIST/training_log_20260504_224455.txt","training_log_20260504_224455.txt",".txt","blob","100644","f5f4ab94a0fc52498d19498b55ca167a7db9d19c","3290","read","F_IRRELEVANT","False","False",""
"Drone-Motors-Unknown-Faults-Detection/GPU-Learning-PyTorch","main","156de327373017df07e7feb4c4dd8664d70cc98a","logs/MNIST/training_log_20260504_234502.txt","training_log_20260504_234502.txt",".txt","blob","100644","662e3629079db551ac3fec11a32514a927562a2e","3293","read","F_IRRELEVANT","False","False",""
"Drone-Motors-Unknown-Faults-Detection/GPU-Learning-PyTorch","main","156de327373017df07e7feb4c4dd8664d70cc98a","logs/MNIST/training_log_20260505_010033.txt","training_log_20260505_010033.txt",".txt","blob","100644","0ad72a23affa93be5c154a35ce08cc073723c7da","3243","read","F_IRRELEVANT","False","False",""
"Drone-Motors-Unknown-Faults-Detection/GPU-Learning-PyTorch","main","156de327373017df07e7feb4c4dd8664d70cc98a","logs/MNIST/training_log_20260505_010212.txt","training_log_20260505_010212.txt",".txt","blob","100644","b0149d2d80cf16f97047c0fac235f5aa0f2ee882","3290","read","F_IRRELEVANT","False","False",""
"Drone-Motors-Unknown-Faults-Detection/GPU-Learning-PyTorch","main","156de327373017df07e7feb4c4dd8664d70cc98a","logs/MNIST/training_log_20260505_013419.txt","training_log_20260505_013419.txt",".txt","blob","100644","f20b9b6035480b0967e31a0a552c8b026860ef97","3272","read","F_IRRELEVANT","False","False",""
"Drone-Motors-Unknown-Faults-Detection/GPU-Learning-PyTorch","main","156de327373017df07e7feb4c4dd8664d70cc98a","logs/MNIST/training_log_20260919_114747.txt","training_log_20260919_114747.txt",".txt","blob","100644","84b9a3dca9178802f17bd83d77bb35ce2d46b7fb","3274","read","F_IRRELEVANT","False","False",""
"Drone-Motors-Unknown-Faults-Detection/GPU-Learning-PyTorch","main","156de327373017df07e7feb4c4dd8664d70cc98a","logs/MNIST/training_log_20260919_121040.txt","training_log_20260919_121040.txt",".txt","blob","100644","5049cc7120ca3b7d70fe129f9816a8401a214712","3251","read","F_IRRELEVANT","False","False",""
"Drone-Motors-Unknown-Faults-Detection/GPU-Learning-PyTorch","main","156de327373017df07e7feb4c4dd8664d70cc98a","logs/ResNet","ResNet","","tree","040000","2c230ae8a74a9b1a8e3f4e721c05585a58945bb2",,"unknown","F_IRRELEVANT","False","False",""
"Drone-Motors-Unknown-Faults-Detection/GPU-Learning-PyTorch","main","156de327373017df07e7feb4c4dd8664d70cc98a","logs/ResNet/training_log_20260919_113922.txt","training_log_20260919_113922.txt",".txt","blob","100644","48a2678114ce59ec369d6640ea39692c99c4e779","2214","read","F_IRRELEVANT","False","False",""
"Drone-Motors-Unknown-Faults-Detection/GPU-Learning-PyTorch","main","156de327373017df07e7feb4c4dd8664d70cc98a","requirements.txt","requirements.txt",".txt","blob","100644","71304f595fff7a2d0a11ae4312b9f45c70f7190a","45","read","F_IRRELEVANT","False","False",""
"Drone-Motors-Unknown-Faults-Detection/GPU-Learning-PyTorch","main","156de327373017df07e7feb4c4dd8664d70cc98a","src","src","","tree","040000","2bef8dcd1ea1ea3972fcf61eead102d47c2f70b5",,"unknown","F_IRRELEVANT","False","False",""
"Drone-Motors-Unknown-Faults-Detection/GPU-Learning-PyTorch","main","156de327373017df07e7feb4c4dd8664d70cc98a","src/cifar10.py","cifar10.py",".py","blob","100644","6e2399fc1824aeb766d4e6fd2cbceac534d17f48","8716","read","F_IRRELEVANT","False","False",""
"Drone-Motors-Unknown-Faults-Detection/GPU-Learning-PyTorch","main","156de327373017df07e7feb4c4dd8664d70cc98a","src/cifar100.py","cifar100.py",".py","blob","100644","c8b36c5b9a31e6dbc24b3498a449aabec794c595","8263","read","F_IRRELEVANT","False","False",""
"Drone-Motors-Unknown-Faults-Detection/GPU-Learning-PyTorch","main","156de327373017df07e7feb4c4dd8664d70cc98a","src/device.py","device.py",".py","blob","100644","7b5acd026f81faa5676187132a00adede52b8fb1","2822","read","F_IRRELEVANT","False","False",""
"Drone-Motors-Unknown-Faults-Detection/GPU-Learning-PyTorch","main","156de327373017df07e7feb4c4dd8664d70cc98a","src/logger.py","logger.py",".py","blob","100644","63213a45c64988a039c2bd0321a0ac31df8350db","5844","read","F_IRRELEVANT","False","False",""
"Drone-Motors-Unknown-Faults-Detection/GPU-Learning-PyTorch","main","156de327373017df07e7feb4c4dd8664d70cc98a","src/mnist.py","mnist.py",".py","blob","100644","1177cf1db065d1f9862840980bdf27ec89cd28ef","6977","read","F_IRRELEVANT","False","False",""
"Drone-Motors-Unknown-Faults-Detection/GPU-Learning-PyTorch","main","156de327373017df07e7feb4c4dd8664d70cc98a","src/resnet.py","resnet.py",".py","blob","100644","a00062405bc7cc17615fba51551edf3e188254c8","7052","read","F_IRRELEVANT","False","False",""
