epoch,t,truth,score,verdict,predicted,ewma,cusum,quarantine,n_known,source_mode
1,1,5screws,82.6353,unknown,,0.08,81.64,1,1,manual
1,2,5screws,85.6174,unknown,,0.1536,166.25,2,1,manual
1,3,5screws,85.2653,unknown,,0.2213,250.52,3,1,manual
1,4,5screws,78.9283,unknown,,0.2836,328.45,4,1,manual
1,5,5screws,85.6824,unknown,,0.3409,413.13,5,1,manual
1,6,5screws,79.9166,unknown,,0.3936,492.05,6,1,manual
1,7,5screws,85.5772,unknown,,0.4422,576.62,7,1,manual
1,8,5screws,86.0534,unknown,,0.4868,661.68,8,1,manual
1,9,5screws,81.7213,unknown,,0.5278,742.4,9,1,manual
1,10,5screws,80.218,unknown,,0.5656,821.62,10,1,manual
1,11,5screws,82.5901,unknown,,0.6004,903.21,11,1,manual
1,12,5screws,80.3659,unknown,,0.6323,982.57,12,1,manual
1,13,5screws,85.6824,unknown,,0.6617,1067.25,13,1,manual
1,14,5screws,81.8174,unknown,,0.6888,1148.07,14,1,manual
1,15,5screws,84.7227,unknown,,0.7137,1231.79,15,1,manual
1,16,5screws,80.3458,unknown,,0.7366,1311.14,16,1,manual
1,17,5screws,83.5247,unknown,,0.7577,1393.66,17,1,manual
1,18,5screws,80.8063,unknown,,0.7771,1473.47,18,1,manual
1,19,5screws,81.0652,unknown,,0.7949,1553.54,19,1,manual
1,20,5screws,85.9319,unknown,,0.8113,1638.47,20,1,manual
1,21,5screws,85.6935,unknown,,0.8264,1723.16,21,1,manual
1,22,5screws,83.7533,unknown,,0.8403,1805.91,22,1,manual
1,23,5screws,81.3976,unknown,,0.8531,1886.31,23,1,manual
1,24,5screws,83.0695,unknown,,0.8648,1968.38,24,1,manual
1,25,5screws,85.0949,unknown,,0.8756,2052.48,25,1,manual
1,26,5screws,83.8019,unknown,,0.8856,2135.28,26,1,manual
1,27,5screws,84.5842,unknown,,0.8947,2218.86,27,1,manual
1,28,5screws,83.5376,unknown,,0.9032,2301.4,28,1,manual
1,29,5screws,85.1399,unknown,,0.9109,2385.54,29,1,manual
1,30,5screws,82.7392,unknown,,0.918,2467.28,30,1,manual
1,31,5screws,85.4618,unknown,,0.9246,2551.74,31,1,manual
1,32,5screws,85.6666,unknown,,0.9306,2636.41,32,1,manual
1,33,5screws,76.5833,unknown,,0.9362,2711.99,33,1,manual
1,34,5screws,83.4959,unknown,,0.9413,2794.49,34,1,manual
1,35,5screws,85.2655,unknown,,0.946,2878.75,35,1,manual
1,36,5screws,85.6941,unknown,,0.9503,2963.45,36,1,manual
1,37,5screws,83.0052,unknown,,0.9543,3045.45,37,1,manual
1,38,5screws,85.4651,unknown,,0.9579,3129.92,38,1,manual
1,39,5screws,82.9336,unknown,,0.9613,3211.85,39,1,manual
1,40,5screws,82.8521,unknown,,0.9644,3293.7,40,1,manual
1,41,5screws,83.0864,unknown,,0.9672,3375.79,41,1,manual
1,42,5screws,83.6736,unknown,,0.9699,3458.46,42,1,manual
1,43,5screws,82.3294,unknown,,0.9723,3539.79,43,1,manual
1,44,5screws,84.7902,unknown,,0.9745,3623.58,44,1,manual
1,45,5screws,85.1682,unknown,,0.9765,3707.75,45,1,manual
1,46,5screws,85.5392,unknown,,0.9784,3792.29,46,1,manual
1,47,5screws,85.743,unknown,,0.9801,3877.03,47,1,manual
1,48,5screws,81.9913,unknown,,0.9817,3958.02,48,1,manual
1,49,5screws,85.6762,unknown,,0.9832,4042.7,49,1,manual
1,50,5screws,85.3872,unknown,,0.9845,4127.09,50,1,manual
1,51,5screws,85.3918,unknown,,0.9858,4211.48,51,1,manual
1,52,5screws,79.8397,unknown,,0.9869,4290.32,52,1,manual
1,53,5screws,85.57,unknown,,0.988,4374.89,53,1,manual
1,54,5screws,80.296,unknown,,0.9889,4454.18,54,1,manual
1,55,5screws,85.6984,unknown,,0.9898,4538.88,55,1,manual
1,56,5screws,84.2888,unknown,,0.9906,4622.17,56,1,manual
1,57,5screws,85.034,unknown,,0.9914,4706.21,57,1,manual
1,58,5screws,85.2271,unknown,,0.9921,4790.43,58,1,manual
1,59,5screws,82.9135,unknown,,0.9927,4872.35,59,1,manual
1,60,5screws,85.8112,unknown,,0.9933,4957.16,60,1,manual
1,61,5screws,78.9314,unknown,,0.9938,5035.09,61,1,manual
1,62,5screws,85.72,unknown,,0.9943,5119.81,62,1,manual
1,63,5screws,85.5148,unknown,,0.9948,5204.32,63,1,manual
1,64,5screws,85.54,unknown,,0.9952,5288.86,64,1,manual
1,65,5screws,81.462,unknown,,0.9956,5369.33,65,1,manual
1,66,5screws,85.3997,unknown,,0.9959,5453.73,66,1,manual
1,67,5screws,83.4169,unknown,,0.9963,5536.14,67,1,manual
1,68,5screws,82.7131,unknown,,0.9966,5617.86,68,1,manual
1,69,5screws,82.1824,unknown,,0.9968,5699.04,69,1,manual
1,70,5screws,82.3136,unknown,,0.9971,5780.35,70,1,manual
1,71,5screws,85.4582,unknown,,0.9973,5864.81,71,1,manual
1,72,5screws,82.7906,unknown,,0.9975,5946.6,72,1,manual
1,73,5screws,81.5095,unknown,,0.9977,6027.11,73,1,manual
1,74,5screws,85.6016,unknown,,0.9979,6111.71,74,1,manual
1,75,5screws,80.8983,unknown,,0.9981,6191.61,75,1,manual
1,76,5screws,85.549,unknown,,0.9982,6276.16,76,1,manual
1,77,5screws,85.5407,unknown,,0.9984,6360.7,77,1,manual
1,78,5screws,84.8055,unknown,,0.9985,6444.5,78,1,manual
1,79,5screws,80.9036,unknown,,0.9986,6524.41,79,1,manual
1,80,5screws,81.4698,unknown,,0.9987,6604.88,80,1,manual
1,81,5screws,85.4153,unknown,,0.9988,6689.29,81,1,manual
1,82,5screws,76.6978,unknown,,0.9989,6764.99,82,1,manual
1,83,5screws,78.6586,unknown,,0.999,6842.65,83,1,manual
1,84,5screws,85.1964,unknown,,0.9991,6926.85,84,1,manual
1,85,5screws,84.5132,unknown,,0.9992,7010.36,85,1,manual
1,86,5screws,81.4095,unknown,,0.9992,7090.77,86,1,manual
1,87,5screws,85.7958,unknown,,0.9993,7175.56,87,1,manual
1,88,5screws,84.6949,unknown,,0.9993,7259.26,88,1,manual
1,89,5screws,85.3072,unknown,,0.9994,7343.57,89,1,manual
1,90,5screws,85.4682,unknown,,0.9994,7428.03,90,1,manual
1,91,5screws,85.7121,unknown,,0.9995,7512.75,91,1,manual
1,92,5screws,82.3605,unknown,,0.9995,7594.11,92,1,manual
1,93,5screws,85.3009,unknown,,0.9996,7678.41,93,1,manual
1,94,5screws,83.73,unknown,,0.9996,7761.14,94,1,manual
1,95,5screws,82.9024,unknown,,0.9996,7843.04,95,1,manual
1,96,5screws,82.9427,unknown,,0.9997,7924.98,96,1,manual
1,97,5screws,81.4133,unknown,,0.9997,8005.4,97,1,manual
1,98,5screws,85.7359,unknown,,0.9997,8090.13,98,1,manual
1,99,5screws,85.9066,unknown,,0.9997,8175.04,99,1,manual
1,100,5screws,85.8318,unknown,,0.9998,8259.87,100,1,manual
1,101,5screws,85.5505,unknown,,0.9998,8344.42,101,1,manual
1,102,5screws,79.5054,unknown,,0.9998,8422.93,102,1,manual
1,103,5screws,83.1986,unknown,,0.9998,8505.13,103,1,manual
1,104,5screws,84.0649,unknown,,0.9998,8588.19,104,1,manual
1,105,5screws,82.4933,unknown,,0.9998,8669.68,105,1,manual
1,106,5screws,81.5653,unknown,,0.9999,8750.25,106,1,manual
1,107,5screws,85.7769,unknown,,0.9999,8835.03,107,1,manual
1,108,5screws,85.5649,unknown,,0.9999,8919.59,108,1,manual
1,109,5screws,83.0528,unknown,,0.9999,9001.64,109,1,manual
1,110,5screws,85.7678,unknown,,0.9999,9086.41,110,1,manual
1,111,5screws,79.0914,unknown,,0.9999,9164.5,111,1,manual
1,112,5screws,83.436,unknown,,0.9999,9246.94,112,1,manual
1,113,5screws,84.5985,unknown,,0.9999,9330.54,113,1,manual
1,114,5screws,85.4246,unknown,,0.9999,9414.96,114,1,manual
1,115,5screws,84.2578,unknown,,0.9999,9498.22,115,1,manual
1,116,5screws,85.8103,unknown,,0.9999,9583.03,116,1,manual
1,117,5screws,85.5077,unknown,,0.9999,9667.54,117,1,manual
1,118,5screws,85.576,unknown,,0.9999,9752.11,118,1,manual
1,119,5screws,79.7984,unknown,,1.0,9830.91,119,1,manual
1,120,5screws,82.7477,unknown,,1.0,9912.66,120,1,manual
1,121,5screws,83.1201,unknown,,1.0,9994.78,121,1,manual
1,122,5screws,79.3376,unknown,,1.0,10073.12,122,1,manual
1,123,5screws,85.619,unknown,,1.0,10157.74,123,1,manual
1,124,5screws,82.2074,unknown,,1.0,10238.94,124,1,manual
1,125,5screws,80.4856,unknown,,1.0,10318.43,125,1,manual
1,126,5screws,79.3321,unknown,,1.0,10396.76,126,1,manual
1,127,5screws,85.1056,unknown,,1.0,10480.87,127,1,manual
1,128,5screws,83.0455,unknown,,1.0,10562.91,128,1,manual
1,129,5screws,85.4699,unknown,,1.0,10647.38,129,1,manual
1,130,5screws,85.0552,unknown,,1.0,10731.44,130,1,manual
1,131,5screws,85.3345,unknown,,1.0,10815.77,131,1,manual
1,132,5screws,78.3724,unknown,,1.0,10893.14,132,1,manual
1,133,5screws,85.3862,unknown,,1.0,10977.53,133,1,manual
1,134,5screws,85.1001,unknown,,1.0,11061.63,134,1,manual
1,135,5screws,85.2174,unknown,,1.0,11145.85,135,1,manual
1,136,5screws,84.4159,unknown,,1.0,11229.26,136,1,manual
1,137,5screws,84.6055,unknown,,1.0,11312.87,137,1,manual
1,138,5screws,86.015,unknown,,1.0,11397.88,138,1,manual
1,139,5screws,83.19,unknown,,1.0,11480.08,139,1,manual
1,140,5screws,84.0034,unknown,,1.0,11563.08,140,1,manual
1,141,5screws,86.0296,unknown,,1.0,11648.11,141,1,manual
1,142,5screws,83.0794,unknown,,1.0,11730.19,142,1,manual
1,143,5screws,81.364,unknown,,1.0,11810.55,143,1,manual
1,144,5screws,82.7778,unknown,,1.0,11892.33,144,1,manual
1,145,5screws,84.9734,unknown,,1.0,11976.3,145,1,manual
1,146,5screws,79.7637,unknown,,1.0,12055.07,146,1,manual
1,147,5screws,82.9539,unknown,,1.0,12137.02,147,1,manual
1,148,5screws,79.6179,unknown,,1.0,12215.64,148,1,manual
1,149,5screws,85.6735,unknown,,1.0,12300.31,149,1,manual
1,150,5screws,85.0343,unknown,,1.0,12384.35,150,1,manual
1,151,5screws,85.7318,unknown,,1.0,12469.08,151,1,manual
1,152,5screws,82.7733,unknown,,1.0,12550.85,152,1,manual
1,153,5screws,84.506,unknown,,1.0,12634.36,153,1,manual
1,154,5screws,78.1408,unknown,,1.0,12711.5,154,1,manual
1,155,5screws,85.3981,unknown,,1.0,12795.9,155,1,manual
1,156,5screws,85.8,unknown,,1.0,12880.7,156,1,manual
1,157,5screws,82.5796,unknown,,1.0,12962.28,157,1,manual
1,158,5screws,82.599,unknown,,1.0,13043.87,158,1,manual
1,159,5screws,85.4628,unknown,,1.0,13128.34,159,1,manual
1,160,5screws,85.5322,unknown,,1.0,13212.87,160,1,manual
1,161,5screws,85.4742,unknown,,1.0,13297.34,161,1,manual
1,162,5screws,85.0286,unknown,,1.0,13381.37,162,1,manual
1,163,5screws,83.8248,unknown,,1.0,13464.2,163,1,manual
1,164,5screws,83.8373,unknown,,1.0,13547.03,164,1,manual
1,165,5screws,81.3468,unknown,,1.0,13627.38,165,1,manual
1,166,5screws,80.4143,unknown,,1.0,13706.8,166,1,manual
1,167,5screws,80.1163,unknown,,1.0,13785.91,167,1,manual
1,168,5screws,82.854,unknown,,1.0,13867.77,168,1,manual
1,169,5screws,84.6099,unknown,,1.0,13951.38,169,1,manual
1,170,5screws,85.6289,unknown,,1.0,14036.0,170,1,manual
1,171,5screws,82.2387,unknown,,1.0,14117.24,171,1,manual
1,172,5screws,85.4172,unknown,,1.0,14201.66,172,1,manual
1,173,5screws,82.7914,unknown,,1.0,14283.45,173,1,manual
1,174,5screws,85.6309,unknown,,1.0,14368.08,174,1,manual
1,175,5screws,80.1485,unknown,,1.0,14447.23,175,1,manual
1,176,5screws,82.0054,unknown,,1.0,14528.24,176,1,manual
1,177,5screws,79.1137,unknown,,1.0,14606.35,177,1,manual
1,178,5screws,82.5856,unknown,,1.0,14687.94,178,1,manual
1,179,5screws,84.6891,unknown,,1.0,14771.62,179,1,manual
1,180,5screws,85.7944,unknown,,1.0,14856.42,180,1,manual
1,181,5screws,85.9457,unknown,,1.0,14941.36,181,1,manual
1,182,5screws,85.3547,unknown,,1.0,15025.72,182,1,manual
1,183,5screws,82.9056,unknown,,1.0,15107.63,183,1,manual
1,184,5screws,79.4929,unknown,,1.0,15186.12,184,1,manual
1,185,5screws,82.5341,unknown,,1.0,15267.65,185,1,manual
1,186,5screws,85.8795,unknown,,1.0,15352.53,186,1,manual
1,187,5screws,80.5751,unknown,,1.0,15432.11,187,1,manual
1,188,5screws,86.0726,unknown,,1.0,15517.18,188,1,manual
1,189,5screws,85.7431,unknown,,1.0,15601.92,189,1,manual
1,190,5screws,82.7666,unknown,,1.0,15683.69,190,1,manual
1,191,5screws,83.9605,unknown,,1.0,15766.65,191,1,manual
1,192,5screws,82.0885,unknown,,1.0,15847.74,192,1,manual
1,193,5screws,85.4143,unknown,,1.0,15932.15,193,1,manual
1,194,5screws,85.7168,unknown,,1.0,16016.87,194,1,manual
1,195,5screws,81.5111,unknown,,1.0,16097.38,195,1,manual
1,196,5screws,82.9112,unknown,,1.0,16179.29,196,1,manual
1,197,5screws,85.4079,unknown,,1.0,16263.7,197,1,manual
1,198,5screws,81.2445,unknown,,1.0,16343.94,198,1,manual
1,199,5screws,85.239,unknown,,1.0,16428.18,199,1,manual
1,200,5screws,82.881,unknown,,1.0,16510.06,200,1,manual
1,201,5screws,84.8328,unknown,,1.0,16593.9,201,1,manual
1,202,5screws,85.6656,unknown,,1.0,16678.56,202,1,manual
1,203,5screws,82.6848,unknown,,1.0,16760.25,203,1,manual
1,204,5screws,82.7964,unknown,,1.0,16842.04,204,1,manual
1,205,5screws,83.0896,unknown,,1.0,16924.13,205,1,manual
1,206,5screws,82.2379,unknown,,1.0,17005.37,206,1,manual
1,207,5screws,82.4198,unknown,,1.0,17086.79,207,1,manual
1,208,5screws,82.0376,unknown,,1.0,17167.83,208,1,manual
1,209,5screws,82.8776,unknown,,1.0,17249.71,209,1,manual
1,210,5screws,81.2666,unknown,,1.0,17329.97,210,1,manual
1,211,5screws,85.7339,unknown,,1.0,17414.71,211,1,manual
1,212,5screws,82.1277,unknown,,1.0,17495.83,212,1,manual
1,213,5screws,85.7678,unknown,,1.0,17580.6,213,1,manual
1,214,5screws,85.4246,unknown,,1.0,17665.03,214,1,manual
1,215,5screws,81.0652,unknown,,1.0,17745.09,215,1,manual
1,216,5screws,81.7213,unknown,,1.0,17825.81,216,1,manual
1,217,5screws,81.4698,unknown,,1.0,17906.28,217,1,manual
1,218,5screws,84.2578,unknown,,1.0,17989.54,218,1,manual
1,219,5screws,85.3981,unknown,,1.0,18073.94,219,1,manual
1,220,5screws,85.4682,unknown,,1.0,18158.41,220,1,manual
1,221,5screws,86.0296,unknown,,1.0,18243.44,221,1,manual
1,222,5screws,83.5376,unknown,,1.0,18325.97,222,1,manual
1,223,5screws,85.576,unknown,,1.0,18410.55,223,1,manual
1,224,5screws,85.0949,unknown,,1.0,18494.65,224,1,manual
1,225,5screws,85.8318,unknown,,1.0,18579.48,225,1,manual
1,226,5screws,85.6984,unknown,,1.0,18664.18,226,1,manual
1,227,5screws,82.5856,unknown,,1.0,18745.76,227,1,manual
1,228,5screws,85.0343,unknown,,1.0,18829.8,228,1,manual
1,229,5screws,85.619,unknown,,1.0,18914.41,229,1,manual
1,230,5screws,85.8,unknown,,1.0,18999.21,230,1,manual
1,231,5screws,85.5322,unknown,,1.0,19083.75,231,1,manual
1,232,5screws,85.7339,unknown,,1.0,19168.48,232,1,manual
1,233,5screws,85.549,unknown,,1.0,19253.03,233,1,manual
1,234,5screws,84.7902,unknown,,1.0,19336.82,234,1,manual
1,235,5screws,85.2655,unknown,,1.0,19421.09,235,1,manual
1,236,5screws,85.4153,unknown,,1.0,19505.5,236,1,manual
1,237,5screws,85.4628,unknown,,1.0,19589.96,237,1,manual
1,238,5screws,81.5653,unknown,,1.0,19670.53,238,1,manual
1,239,5screws,79.0914,unknown,,1.0,19748.62,239,1,manual
1,240,5screws,85.7359,unknown,,1.0,19833.36,240,1,manual
1,241,5screws,84.0034,unknown,,1.0,19916.36,241,1,manual
1,242,5screws,84.506,unknown,,1.0,19999.87,242,1,manual
1,243,5screws,85.239,unknown,,1.0,20084.1,243,1,manual
1,244,5screws,82.3294,unknown,,1.0,20165.43,244,1,manual
1,245,5screws,82.9427,unknown,,1.0,20247.38,245,1,manual
1,246,5screws,84.5842,unknown,,1.0,20330.96,246,1,manual
1,247,5screws,83.8373,unknown,,1.0,20413.8,247,1,manual
1,248,5screws,85.3072,unknown,,1.0,20498.11,248,1,manual
1,249,5screws,85.5392,unknown,,1.0,20582.64,249,1,manual
1,250,5screws,82.6848,unknown,,1.0,20664.33,250,1,manual
1,251,5screws,85.8112,unknown,,1.0,20749.14,251,1,manual
1,252,5screws,84.4159,unknown,,1.0,20832.56,252,1,manual
1,253,5screws,85.7168,unknown,,1.0,20917.27,253,1,manual
1,254,5screws,83.5247,unknown,,1.0,20999.8,254,1,manual
1,255,5screws,81.4133,unknown,,1.0,21080.21,255,1,manual
1,256,5screws,82.7131,unknown,,1.0,21161.92,256,1,manual
1,257,5screws,85.7958,unknown,,1.0,21246.72,257,1,manual
1,258,5screws,85.3918,unknown,,1.0,21331.11,258,1,manual
1,259,5screws,85.3862,unknown,,1.0,21415.5,259,1,manual
1,260,5screws,82.5796,unknown,,1.0,21497.08,260,1,manual
1,261,5screws,78.9314,unknown,,1.0,21575.01,261,1,manual
1,262,5screws,85.3872,unknown,,1.0,21659.4,262,1,manual
1,263,5screws,86.0726,unknown,,1.0,21744.47,263,1,manual
1,264,5screws,76.5833,unknown,,1.0,21820.05,264,1,manual
1,265,5screws,85.4699,unknown,,1.0,21904.52,265,1,manual
1,266,5screws,81.5111,unknown,,1.0,21985.03,266,1,manual
1,267,5screws,85.6824,unknown,,1.0,22069.72,267,1,manual
1,268,5screws,85.6941,unknown,,1.0,22154.41,268,1,manual
1,269,5screws,81.4095,unknown,,1.0,22234.82,269,1,manual
1,270,5screws,80.8063,unknown,,1.0,22314.63,270,1,manual
1,271,5screws,80.4143,unknown,,1.0,22394.04,271,1,manual
1,272,5screws,83.9605,unknown,,1.0,22477.0,272,1,manual
1,273,5screws,81.3976,unknown,,1.0,22557.4,273,1,manual
1,274,5screws,82.6353,unknown,,1.0,22639.03,274,1,manual
1,275,5screws,85.72,unknown,,1.0,22723.75,275,1,manual
1,276,5screws,82.2074,unknown,,1.0,22804.96,276,1,manual
1,277,5screws,85.8795,unknown,,1.0,22889.84,277,1,manual
1,278,5screws,83.19,unknown,,1.0,22972.03,278,1,manual
1,279,5screws,81.2666,unknown,,1.0,23052.3,279,1,manual
1,280,5screws,78.3724,unknown,,1.0,23129.67,280,1,manual
1,281,5screws,85.54,unknown,,1.0,23214.21,281,1,manual
1,282,5screws,86.0534,unknown,,1.0,23299.26,282,1,manual
1,283,5screws,83.436,unknown,,1.0,23381.7,283,1,manual
1,284,5screws,85.5649,unknown,,1.0,23466.26,284,1,manual
1,285,5screws,83.0695,unknown,,1.0,23548.33,285,1,manual
1,286,5screws,80.296,unknown,,1.0,23627.63,286,1,manual
1,287,5screws,79.7984,unknown,,1.0,23706.43,287,1,manual
1,288,5screws,85.9319,unknown,,1.0,23791.36,288,1,manual
1,289,5screws,85.4618,unknown,,1.0,23875.82,289,1,manual
1,290,5screws,82.1277,unknown,,1.0,23956.95,290,1,manual
1,291,5screws,85.7769,unknown,,1.0,24041.73,291,1,manual
1,292,5screws,85.9066,unknown,,1.0,24126.63,292,1,manual
1,293,5screws,82.7964,unknown,,1.0,24208.43,293,1,manual
1,294,5screws,82.1824,unknown,,1.0,24289.61,294,1,manual
1,295,5screws,83.0455,unknown,,1.0,24371.66,295,1,manual
1,296,5screws,84.8328,unknown,,1.0,24455.49,296,1,manual
1,297,5screws,83.0896,unknown,,1.0,24537.58,297,1,manual
1,298,5screws,85.4742,unknown,,1.0,24622.05,298,1,manual
1,299,5screws,85.5148,unknown,,1.0,24706.57,299,1,manual
1,300,5screws,83.8019,unknown,,1.0,24789.37,300,1,manual
1,301,5screws,84.9734,unknown,,1.0,24873.34,301,1,manual
1,302,5screws,82.7778,unknown,,1.0,24955.12,302,1,manual
1,303,5screws,80.4856,unknown,,1.0,25034.61,303,1,manual
1,304,5screws,79.8397,unknown,,1.0,25113.45,304,1,manual
1,305,5screws,85.1056,unknown,,1.0,25197.55,305,1,manual
1,306,5screws,85.1964,unknown,,1.0,25281.75,306,1,manual
1,307,5screws,84.5132,unknown,,1.0,25365.26,307,1,manual
1,308,5screws,85.0552,unknown,,1.0,25449.32,308,1,manual
1,309,5screws,80.1485,unknown,,1.0,25528.47,309,1,manual
1,310,5screws,83.73,unknown,,1.0,25611.2,310,1,manual
1,311,5screws,81.364,unknown,,1.0,25691.56,311,1,manual
1,312,5screws,84.5985,unknown,,1.0,25775.16,312,1,manual
1,313,5screws,76.6978,unknown,,1.0,25850.86,313,1,manual
1,314,5screws,81.8174,unknown,,1.0,25931.67,314,1,manual
1,315,5screws,78.6586,unknown,,1.0,26009.33,315,1,manual
1,316,5screws,82.7477,unknown,,1.0,26091.08,316,1,manual
1,317,5screws,85.7121,unknown,,1.0,26175.79,317,1,manual
1,318,5screws,80.3458,unknown,,1.0,26255.14,318,1,manual
1,319,5screws,85.5407,unknown,,1.0,26339.68,319,1,manual
1,320,5screws,80.3659,unknown,,1.0,26419.04,320,1,manual
1,321,5screws,82.8521,unknown,,1.0,26500.9,321,1,manual
1,322,5screws,79.3321,unknown,,1.0,26579.23,322,1,manual
1,323,5screws,84.6099,unknown,,1.0,26662.84,323,1,manual
1,324,5screws,85.5772,unknown,,1.0,26747.41,324,1,manual
1,325,5screws,82.9056,unknown,,1.0,26829.32,325,1,manual
1,326,5screws,82.4198,unknown,,1.0,26910.74,326,1,manual
1,327,5screws,85.6309,unknown,,1.0,26995.37,327,1,manual
1,328,5screws,80.218,unknown,,1.0,27074.59,328,1,manual
1,329,5screws,79.3376,unknown,,1.0,27152.93,329,1,manual
1,330,5screws,82.0054,unknown,,1.0,27233.93,330,1,manual
1,331,5screws,82.9336,unknown,,1.0,27315.87,331,1,manual
1,332,5screws,85.4172,unknown,,1.0,27400.28,332,1,manual
1,333,5screws,85.57,unknown,,1.0,27484.85,333,1,manual
1,334,5screws,86.015,unknown,,1.0,27569.87,334,1,manual
1,335,5screws,82.8776,unknown,,1.0,27651.75,335,1,manual
1,336,5screws,82.9024,unknown,,1.0,27733.65,336,1,manual
1,337,5screws,85.4079,unknown,,1.0,27818.06,337,1,manual
1,338,5screws,84.7227,unknown,,1.0,27901.78,338,1,manual
1,339,5screws,82.5901,unknown,,1.0,27983.37,339,1,manual
1,340,5screws,85.5077,unknown,,1.0,28067.88,340,1,manual
1,341,5screws,80.1163,unknown,,1.0,28146.99,341,1,manual
1,342,5screws,83.7533,unknown,,1.0,28229.75,342,1,manual
1,343,5screws,82.9135,unknown,,1.0,28311.66,343,1,manual
1,344,5screws,85.6824,unknown,,1.0,28396.34,344,1,manual
1,345,5screws,81.5095,unknown,,1.0,28476.85,345,1,manual
1,346,5screws,85.9457,unknown,,1.0,28561.8,346,1,manual
1,347,5screws,82.2387,unknown,,1.0,28643.04,347,1,manual
1,348,5screws,85.4651,unknown,,1.0,28727.5,348,1,manual
1,349,5screws,82.4933,unknown,,1.0,28808.99,349,1,manual
1,350,5screws,82.5341,unknown,,1.0,28890.53,350,1,manual
1,351,5screws,82.7392,unknown,,1.0,28972.27,351,1,manual
1,352,5screws,85.7431,unknown,,1.0,29057.01,352,1,manual
1,353,5screws,83.0794,unknown,,1.0,29139.09,353,1,manual
1,354,5screws,85.1682,unknown,,1.0,29223.26,354,1,manual
1,355,5screws,83.1986,unknown,,1.0,29305.46,355,1,manual
1,356,5screws,83.0528,unknown,,1.0,29387.51,356,1,manual
1,357,5screws,83.4169,unknown,,1.0,29469.93,357,1,manual
1,358,5screws,84.0649,unknown,,1.0,29552.99,358,1,manual
1,359,5screws,83.6736,unknown,,1.0,29635.66,359,1,manual
1,360,5screws,85.1399,unknown,,1.0,29719.8,360,1,manual
1,361,5screws,82.0376,unknown,,1.0,29800.84,361,1,manual
1,362,5screws,85.3997,unknown,,1.0,29885.24,362,1,manual
1,363,5screws,79.4929,unknown,,1.0,29963.74,363,1,manual
1,364,5screws,85.2271,unknown,,1.0,30047.96,364,1,manual
1,365,5screws,82.854,unknown,,1.0,30129.82,365,1,manual
1,366,5screws,83.0864,unknown,,1.0,30211.9,366,1,manual
1,367,5screws,82.9112,unknown,,1.0,30293.81,367,1,manual
1,368,5screws,82.2379,unknown,,1.0,30375.05,368,1,manual
1,369,5screws,79.9166,unknown,,1.0,30453.97,369,1,manual
1,370,5screws,85.6735,unknown,,1.0,30538.64,370,1,manual
1,371,5screws,85.7318,unknown,,1.0,30623.37,371,1,manual
1,372,5screws,82.9539,unknown,,1.0,30705.33,372,1,manual
1,373,5screws,85.3547,unknown,,1.0,30789.68,373,1,manual
1,374,5screws,81.3468,unknown,,1.0,30870.03,374,1,manual
1,375,5screws,85.6666,unknown,,1.0,30954.7,375,1,manual
1,376,5screws,82.7666,unknown,,1.0,31036.46,376,1,manual
1,377,5screws,85.743,unknown,,1.0,31121.21,377,1,manual
1,378,5screws,80.5751,unknown,,1.0,31200.78,378,1,manual
1,379,5screws,85.2653,unknown,,1.0,31285.05,379,1,manual
1,380,5screws,85.5505,unknown,,1.0,31369.6,380,1,manual
1,381,5screws,85.8103,unknown,,1.0,31454.41,381,1,manual
1,382,5screws,85.6935,unknown,,1.0,31539.1,382,1,manual
1,383,5screws,84.8055,unknown,,1.0,31622.91,383,1,manual
1,384,5screws,78.9283,unknown,,1.0,31700.83,384,1,manual
1,385,5screws,79.7637,unknown,,1.0,31779.6,385,1,manual
1,386,5screws,85.0286,unknown,,1.0,31863.63,386,1,manual
1,387,5screws,85.2174,unknown,,1.0,31947.84,387,1,manual
1,388,5screws,85.4582,unknown,,1.0,32032.3,388,1,manual
1,389,5screws,82.3605,unknown,,1.0,32113.66,389,1,manual
1,390,5screws,84.6949,unknown,,1.0,32197.36,390,1,manual
1,391,5screws,85.3009,unknown,,1.0,32281.66,391,1,manual
1,392,5screws,79.5054,unknown,,1.0,32360.16,392,1,manual
1,393,5screws,85.3345,unknown,,1.0,32444.5,393,1,manual
1,394,5screws,80.8983,unknown,,1.0,32524.4,394,1,manual
1,395,5screws,83.8248,unknown,,1.0,32607.22,395,1,manual
1,396,5screws,85.6289,unknown,,1.0,32691.85,396,1,manual
1,397,5screws,83.1201,unknown,,1.0,32773.97,397,1,manual
1,398,5screws,84.6891,unknown,,1.0,32857.66,398,1,manual
1,399,5screws,82.599,unknown,,1.0,32939.26,399,1,manual
1,400,5screws,81.2445,unknown,,1.0,33019.5,400,1,manual
1,401,5screws,83.0052,unknown,,1.0,33101.51,401,1,manual
1,402,5screws,85.4143,unknown,,1.0,33185.92,402,1,manual
1,403,5screws,85.6656,unknown,,1.0,33270.59,403,1,manual
1,404,5screws,83.4959,unknown,,1.0,33353.08,404,1,manual
1,405,5screws,85.6762,unknown,,1.0,33437.76,405,1,manual
1,406,5screws,81.462,unknown,,1.0,33518.22,406,1,manual
1,407,5screws,82.3136,unknown,,1.0,33599.54,407,1,manual
1,408,5screws,85.6174,unknown,,1.0,33684.15,408,1,manual
1,409,5screws,78.1408,unknown,,1.0,33761.29,409,1,manual
1,410,5screws,85.1001,unknown,,1.0,33845.39,410,1,manual
1,411,5screws,79.1137,unknown,,1.0,33923.51,411,1,manual
1,412,5screws,82.0885,unknown,,1.0,34004.6,412,1,manual
1,413,5screws,80.9036,unknown,,1.0,34084.5,413,1,manual
1,414,5screws,85.034,unknown,,1.0,34168.53,414,1,manual
1,415,5screws,82.7914,unknown,,1.0,34250.32,415,1,manual
1,416,5screws,82.7906,unknown,,1.0,34332.11,416,1,manual
1,417,5screws,84.6055,unknown,,1.0,34415.72,417,1,manual
1,418,5screws,82.7733,unknown,,1.0,34497.49,418,1,manual
1,419,5screws,79.6179,unknown,,1.0,34576.11,419,1,manual
1,420,5screws,85.6016,unknown,,1.0,34660.71,420,1,manual
1,421,5screws,82.881,unknown,,1.0,34742.59,421,1,manual
1,422,5screws,81.9913,unknown,,1.0,34823.59,422,1,manual
1,423,5screws,84.2888,unknown,,1.0,34906.87,423,1,manual
1,424,5screws,85.7944,unknown,,1.0,34991.67,424,1,manual
1,425,5screws,82.2379,unknown,,1.0,35072.91,425,1,manual
1,426,5screws,85.1056,unknown,,1.0,35157.01,426,1,manual
1,427,5screws,82.9024,unknown,,1.0,35238.91,427,1,manual
1,428,5screws,85.239,unknown,,1.0,35323.15,428,1,manual
1,429,5screws,81.5653,unknown,,1.0,35403.72,429,1,manual
1,430,5screws,85.1399,unknown,,1.0,35487.86,430,1,manual
1,431,5screws,85.4143,unknown,,1.0,35572.27,431,1,manual
1,432,5screws,85.6935,unknown,,1.0,35656.97,432,1,manual
1,433,5screws,82.7964,unknown,,1.0,35738.76,433,1,manual
1,434,5screws,85.6762,unknown,,1.0,35823.44,434,1,manual
1,435,5screws,82.5901,unknown,,1.0,35905.03,435,1,manual
1,436,5screws,82.2387,unknown,,1.0,35986.27,436,1,manual
1,437,5screws,85.4079,unknown,,1.0,36070.68,437,1,manual
1,438,5screws,81.5111,unknown,,1.0,36151.19,438,1,manual
1,439,5screws,82.8521,unknown,,1.0,36233.04,439,1,manual
1,440,5screws,82.3605,unknown,,1.0,36314.4,440,1,manual
1,441,5screws,85.3072,unknown,,1.0,36398.71,441,1,manual
1,442,5screws,84.4159,unknown,,1.0,36482.12,442,1,manual
1,443,5screws,80.296,unknown,,1.0,36561.42,443,1,manual
1,444,5screws,83.0052,unknown,,1.0,36643.42,444,1,manual
1,445,5screws,80.1485,unknown,,1.0,36722.57,445,1,manual
1,446,5screws,85.0949,unknown,,1.0,36806.67,446,1,manual
1,447,5screws,76.5833,unknown,,1.0,36882.25,447,1,manual
1,448,5screws,85.6735,unknown,,1.0,36966.92,448,1,manual
1,449,5screws,83.8373,unknown,,1.0,37049.76,449,1,manual
1,450,5screws,85.7168,unknown,,1.0,37134.48,450,1,manual
1,451,5screws,84.6099,unknown,,1.0,37218.09,451,1,manual
1,452,5screws,86.0534,unknown,,1.0,37303.14,452,1,manual
1,453,5screws,84.5985,unknown,,1.0,37386.74,453,1,manual
1,454,5screws,82.4933,unknown,,1.0,37468.23,454,1,manual
1,455,5screws,85.4246,unknown,,1.0,37552.66,455,1,manual
1,456,5screws,81.4095,unknown,,1.0,37633.07,456,1,manual
1,457,5screws,79.5054,unknown,,1.0,37711.57,457,1,manual
1,458,5screws,85.3918,unknown,,1.0,37795.96,458,1,manual
1,459,5screws,83.5376,unknown,,1.0,37878.5,459,1,manual
1,460,5screws,85.743,unknown,,1.0,37963.25,460,1,manual
1,461,5screws,85.4699,unknown,,1.0,38047.72,461,1,manual
1,462,5screws,85.3997,unknown,,1.0,38132.12,462,1,manual
1,463,5screws,85.7359,unknown,,1.0,38216.85,463,1,manual
1,464,5screws,81.2666,unknown,,1.0,38297.12,464,1,manual
1,465,5screws,82.6353,unknown,,1.0,38378.75,465,1,manual
1,466,5screws,85.619,unknown,,1.0,38463.37,466,1,manual
1,467,5screws,85.6656,unknown,,1.0,38548.04,467,1,manual
1,468,5screws,85.6941,unknown,,1.0,38632.73,468,1,manual
1,469,5screws,83.73,unknown,,1.0,38715.46,469,1,manual
1,470,5screws,85.5407,unknown,,1.0,38800.0,470,1,manual
1,471,5screws,83.0455,unknown,,1.0,38882.05,471,1,manual
1,472,5screws,85.2271,unknown,,1.0,38966.27,472,1,manual
1,473,5screws,79.8397,unknown,,1.0,39045.11,473,1,manual
1,474,5screws,83.1986,unknown,,1.0,39127.31,474,1,manual
1,475,5screws,85.576,unknown,,1.0,39211.89,475,1,manual
1,476,5screws,82.9336,unknown,,1.0,39293.82,476,1,manual
1,477,5screws,85.6824,unknown,,1.0,39378.51,477,1,manual
1,478,5screws,85.6309,unknown,,1.0,39463.14,478,1,manual
1,479,5screws,85.5392,unknown,,1.0,39547.68,479,1,manual
1,480,5screws,83.0864,unknown,,1.0,39629.76,480,1,manual
1,481,5screws,85.549,unknown,,1.0,39714.31,481,1,manual
1,482,5screws,81.5095,unknown,,1.0,39794.82,482,1,manual
1,483,5screws,85.4742,unknown,,1.0,39879.29,483,1,manual
1,484,5screws,83.7533,unknown,,1.0,39962.05,484,1,manual
1,485,5screws,83.0896,unknown,,1.0,40044.14,485,1,manual
1,486,5screws,84.6891,unknown,,1.0,40127.83,486,1,manual
1,487,5screws,85.6666,unknown,,1.0,40212.49,487,1,manual
1,488,5screws,79.7984,unknown,,1.0,40291.29,488,1,manual
1,489,5screws,82.0376,unknown,,1.0,40372.33,489,1,manual
1,490,5screws,85.1682,unknown,,1.0,40456.5,490,1,manual
1,491,5screws,78.1408,unknown,,1.0,40533.64,491,1,manual
1,492,5screws,79.7637,unknown,,1.0,40612.4,492,1,manual
1,493,5screws,81.8174,unknown,,1.0,40693.22,493,1,manual
1,494,5screws,82.7477,unknown,,1.0,40774.97,494,1,manual
1,495,5screws,82.3136,unknown,,1.0,40856.28,495,1,manual
1,496,5screws,85.0343,unknown,,1.0,40940.31,496,1,manual
1,497,5screws,86.0296,unknown,,1.0,41025.34,497,1,manual
1,498,5screws,82.9056,unknown,,1.0,41107.25,498,1,manual
1,499,5screws,80.8063,unknown,,1.0,41187.06,499,1,manual
1,500,5screws,82.9539,unknown,,1.0,41269.01,500,1,manual
1,501,5screws,85.1001,unknown,,1.0,41353.11,501,1,manual
1,502,5screws,80.9036,unknown,,1.0,41433.01,502,1,manual
1,503,5screws,82.7392,unknown,,1.0,41514.75,503,1,manual
1,504,5screws,85.5077,unknown,,1.0,41599.26,504,1,manual
1,505,5screws,81.4698,unknown,,1.0,41679.73,505,1,manual
1,506,5screws,85.54,unknown,,1.0,41764.27,506,1,manual
1,507,5screws,84.8328,unknown,,1.0,41848.1,507,1,manual
1,508,5screws,82.0885,unknown,,1.0,41929.19,508,1,manual
1,509,5screws,85.034,unknown,,1.0,42013.23,509,1,manual
1,510,5screws,84.7227,unknown,,1.0,42096.95,510,1,manual
1,511,5screws,82.6848,unknown,,1.0,42178.63,511,1,manual
1,512,5screws,85.6016,unknown,,1.0,42263.23,512,1,manual
1,513,5screws,83.436,unknown,,1.0,42345.67,513,1,manual
1,514,5screws,85.5772,unknown,,1.0,42430.25,514,1,manual
1,515,5screws,79.6179,unknown,,1.0,42508.87,515,1,manual
1,516,5screws,85.7121,unknown,,1.0,42593.58,516,1,manual
1,517,5screws,82.5856,unknown,,1.0,42675.16,517,1,manual
1,518,5screws,83.9605,unknown,,1.0,42758.12,518,1,manual
1,519,5screws,82.3294,unknown,,1.0,42839.45,519,1,manual
1,520,5screws,76.6978,unknown,,1.0,42915.15,520,1,manual
1,521,5screws,85.4628,unknown,,1.0,42999.61,521,1,manual
1,522,5screws,85.6984,unknown,,1.0,43084.31,522,1,manual
1,523,5screws,85.3862,unknown,,1.0,43168.7,523,1,manual
1,524,5screws,83.0528,unknown,,1.0,43250.75,524,1,manual
1,525,5screws,84.6949,unknown,,1.0,43334.45,525,1,manual
1,526,5screws,82.9112,unknown,,1.0,43416.36,526,1,manual
1,527,5screws,85.8103,unknown,,1.0,43501.17,527,1,manual
1,528,5screws,85.8318,unknown,,1.0,43586.0,528,1,manual
1,529,5screws,78.3724,unknown,,1.0,43663.37,529,1,manual
1,530,5screws,85.3547,unknown,,1.0,43747.73,530,1,manual
1,531,5screws,84.2578,unknown,,1.0,43830.98,531,1,manual
1,532,5screws,85.7318,unknown,,1.0,43915.72,532,1,manual
1,533,5screws,85.8112,unknown,,1.0,44000.53,533,1,manual
1,534,5screws,81.364,unknown,,1.0,44080.89,534,1,manual
1,535,5screws,82.1824,unknown,,1.0,44162.07,535,1,manual
1,536,5screws,85.7431,unknown,,1.0,44246.82,536,1,manual
1,537,5screws,80.4856,unknown,,1.0,44326.3,537,1,manual
1,538,5screws,85.6174,unknown,,1.0,44410.92,538,1,manual
1,539,5screws,85.9319,unknown,,1.0,44495.85,539,1,manual
1,540,5screws,83.8019,unknown,,1.0,44578.65,540,1,manual
1,541,5screws,85.1964,unknown,,1.0,44662.85,541,1,manual
1,542,5screws,85.3345,unknown,,1.0,44747.18,542,1,manual
1,543,5screws,85.4153,unknown,,1.0,44831.6,543,1,manual
1,544,5screws,84.0034,unknown,,1.0,44914.6,544,1,manual
1,545,5screws,83.5247,unknown,,1.0,44997.13,545,1,manual
1,546,5screws,80.5751,unknown,,1.0,45076.7,546,1,manual
1,547,5screws,85.8795,unknown,,1.0,45161.58,547,1,manual
1,548,5screws,85.7944,unknown,,1.0,45246.38,548,1,manual
1,549,5screws,83.4169,unknown,,1.0,45328.79,549,1,manual
1,550,5screws,85.4618,unknown,,1.0,45413.26,550,1,manual
1,551,5screws,81.9913,unknown,,1.0,45494.25,551,1,manual
1,552,5screws,85.72,unknown,,1.0,45578.97,552,1,manual
1,553,5screws,86.015,unknown,,1.0,45663.98,553,1,manual
1,554,5screws,82.9427,unknown,,1.0,45745.92,554,1,manual
1,555,5screws,79.1137,unknown,,1.0,45824.04,555,1,manual
1,556,5screws,82.7666,unknown,,1.0,45905.81,556,1,manual
1,557,5screws,84.506,unknown,,1.0,45989.31,557,1,manual
1,558,5screws,85.7958,unknown,,1.0,46074.11,558,1,manual
1,559,5screws,82.7733,unknown,,1.0,46155.88,559,1,manual
1,560,5screws,84.5842,unknown,,1.0,46239.46,560,1,manual
1,561,5screws,81.462,unknown,,1.0,46319.93,561,1,manual
1,562,5screws,82.5341,unknown,,1.0,46401.46,562,1,manual
1,563,5screws,80.4143,unknown,,1.0,46480.87,563,1,manual
1,564,5screws,85.2174,unknown,,1.0,46565.09,564,1,manual
1,565,5screws,85.0286,unknown,,1.0,46649.12,565,1,manual
1,566,5screws,85.5148,unknown,,1.0,46733.64,566,1,manual
1,567,5screws,85.7339,unknown,,1.0,46818.37,567,1,manual
1,568,5screws,85.6824,unknown,,1.0,46903.05,568,1,manual
1,569,5screws,85.5505,unknown,,1.0,46987.6,569,1,manual
1,570,5screws,85.3009,unknown,,1.0,47071.9,570,1,manual
1,571,5screws,82.7131,unknown,,1.0,47153.62,571,1,manual
1,572,5screws,83.1201,unknown,,1.0,47235.74,572,1,manual
1,573,5screws,85.9457,unknown,,1.0,47320.68,573,1,manual
1,574,5screws,78.9283,unknown,,1.0,47398.61,574,1,manual
1,575,5screws,80.1163,unknown,,1.0,47477.73,575,1,manual
1,576,5screws,82.7914,unknown,,1.0,47559.52,576,1,manual
1,577,5screws,83.4959,unknown,,1.0,47642.01,577,1,manual
1,578,5screws,85.8,unknown,,1.0,47726.81,578,1,manual
1,579,5screws,84.6055,unknown,,1.0,47810.42,579,1,manual
1,580,5screws,83.0794,unknown,,1.0,47892.5,580,1,manual
1,581,5screws,79.4929,unknown,,1.0,47970.99,581,1,manual
1,582,5screws,82.599,unknown,,1.0,48052.59,582,1,manual
1,583,5screws,80.218,unknown,,1.0,48131.81,583,1,manual
1,584,5screws,85.7678,unknown,,1.0,48216.58,584,1,manual
1,585,5screws,84.9734,unknown,,1.0,48300.55,585,1,manual
1,586,5screws,85.2653,unknown,,1.0,48384.82,586,1,manual
1,587,5screws,80.8983,unknown,,1.0,48464.71,587,1,manual
1,588,5screws,78.9314,unknown,,1.0,48542.65,588,1,manual
1,589,5screws,81.7213,unknown,,1.0,48623.37,589,1,manual
1,590,5screws,85.4651,unknown,,1.0,48707.83,590,1,manual
1,591,5screws,82.7906,unknown,,1.0,48789.62,591,1,manual
1,592,5screws,81.2445,unknown,,1.0,48869.87,592,1,manual
1,593,5screws,80.3659,unknown,,1.0,48949.23,593,1,manual
1,594,5screws,79.9166,unknown,,1.0,49028.15,594,1,manual
1,595,5screws,82.1277,unknown,,1.0,49109.28,595,1,manual
1,596,5screws,83.6736,unknown,,1.0,49191.95,596,1,manual
1,597,5screws,85.6289,unknown,,1.0,49276.58,597,1,manual
1,598,5screws,86.0726,unknown,,1.0,49361.65,598,1,manual
1,599,5screws,84.7902,unknown,,1.0,49445.44,599,1,manual
1,600,5screws,82.9135,unknown,,1.0,49527.36,600,1,manual
1,601,5screws,85.2655,unknown,,1.0,49611.62,601,1,manual
1,602,5screws,83.0695,unknown,,1.0,49693.69,602,1,manual
1,603,5screws,84.8055,unknown,,1.0,49777.5,603,1,manual
1,604,5screws,85.3872,unknown,,1.0,49861.88,604,1,manual
1,605,5screws,84.2888,unknown,,1.0,49945.17,605,1,manual
1,606,5screws,83.19,unknown,,1.0,50027.36,606,1,manual
1,607,5screws,84.0649,unknown,,1.0,50110.43,607,1,manual
1,608,5screws,78.6586,unknown,,1.0,50188.09,608,1,manual
1,609,5screws,79.0914,unknown,,1.0,50266.18,609,1,manual
1,610,5screws,85.4582,unknown,,1.0,50350.64,610,1,manual
1,611,5screws,79.3321,unknown,,1.0,50428.97,611,1,manual
1,612,5screws,82.2074,unknown,,1.0,50510.17,612,1,manual
1,613,5screws,83.8248,unknown,,1.0,50593.0,613,1,manual
1,614,5screws,81.3976,unknown,,1.0,50673.4,614,1,manual
1,615,5screws,81.3468,unknown,,1.0,50753.74,615,1,manual
1,616,5screws,82.881,unknown,,1.0,50835.62,616,1,manual
1,617,5screws,85.4682,unknown,,1.0,50920.09,617,1,manual
1,618,5screws,82.0054,unknown,,1.0,51001.1,618,1,manual
1,619,5screws,82.854,unknown,,1.0,51082.95,619,1,manual
1,620,5screws,85.9066,unknown,,1.0,51167.86,620,1,manual
1,621,5screws,85.7769,unknown,,1.0,51252.64,621,1,manual
1,622,5screws,82.5796,unknown,,1.0,51334.22,622,1,manual
1,623,5screws,80.3458,unknown,,1.0,51413.56,623,1,manual
1,624,5screws,81.0652,unknown,,1.0,51493.63,624,1,manual
1,625,5screws,85.4172,unknown,,1.0,51578.04,625,1,manual
1,626,5screws,84.5132,unknown,,1.0,51661.56,626,1,manual
1,627,5screws,85.5649,unknown,,1.0,51746.12,627,1,manual
1,628,5screws,81.4133,unknown,,1.0,51826.53,628,1,manual
1,629,5screws,79.3376,unknown,,1.0,51904.87,629,1,manual
1,630,5screws,82.4198,unknown,,1.0,51986.29,630,1,manual
1,631,5screws,85.0552,unknown,,1.0,52070.35,631,1,manual
1,632,5screws,85.5322,unknown,,1.0,52154.88,632,1,manual
1,633,5screws,85.57,unknown,,1.0,52239.45,633,1,manual
1,634,5screws,85.3981,unknown,,1.0,52323.85,634,1,manual
1,635,5screws,82.7778,unknown,,1.0,52405.63,635,1,manual
1,636,5screws,82.8776,unknown,,1.0,52487.5,636,1,manual
1,637,5screws,85.7678,unknown,,1.0,52572.27,637,1,manual
1,638,5screws,81.3468,unknown,,1.0,52652.62,638,1,manual
1,639,5screws,85.2174,unknown,,1.0,52736.84,639,1,manual
1,640,5screws,78.9314,unknown,,1.0,52814.77,640,1,manual
1,641,5screws,84.6891,unknown,,1.0,52898.46,641,1,manual
1,642,5screws,84.506,unknown,,1.0,52981.96,642,1,manual
1,643,5screws,84.6099,unknown,,1.0,53065.57,643,1,manual
1,644,5screws,79.9166,unknown,,1.0,53144.49,644,1,manual
1,645,5screws,82.599,unknown,,1.0,53226.09,645,1,manual
1,646,5screws,85.6289,unknown,,1.0,53310.72,646,1,manual
1,647,5screws,82.2074,unknown,,1.0,53391.92,647,1,manual
1,648,5screws,82.7964,unknown,,1.0,53473.72,648,1,manual
1,649,5screws,82.3605,unknown,,1.0,53555.08,649,1,manual
1,650,5screws,85.7958,unknown,,1.0,53639.88,650,1,manual
1,651,5screws,85.6309,unknown,,1.0,53724.51,651,1,manual
1,652,5screws,85.4628,unknown,,1.0,53808.97,652,1,manual
1,653,5screws,81.4133,unknown,,1.0,53889.38,653,1,manual
1,654,5screws,82.7131,unknown,,1.0,53971.1,654,1,manual
1,655,5screws,79.3321,unknown,,1.0,54049.43,655,1,manual
1,656,5screws,81.3976,unknown,,1.0,54129.83,656,1,manual
1,657,5screws,85.5148,unknown,,1.0,54214.34,657,1,manual
1,658,5screws,85.6656,unknown,,1.0,54299.01,658,1,manual
1,659,5screws,82.0885,unknown,,1.0,54380.09,659,1,manual
1,660,5screws,82.7914,unknown,,1.0,54461.89,660,1,manual
1,661,5screws,85.7339,unknown,,1.0,54546.62,661,1,manual
1,662,5screws,83.0052,unknown,,1.0,54628.63,662,1,manual
1,663,5screws,82.5796,unknown,,1.0,54710.2,663,1,manual
1,664,5screws,85.0286,unknown,,1.0,54794.23,664,1,manual
1,665,5screws,85.3547,unknown,,1.0,54878.59,665,1,manual
1,666,5screws,84.5985,unknown,,1.0,54962.19,666,1,manual
1,667,5screws,82.6848,unknown,,1.0,55043.87,667,1,manual
1,668,5screws,79.8397,unknown,,1.0,55122.71,668,1,manual
1,669,5screws,85.9319,unknown,,1.0,55207.64,669,1,manual
1,670,5screws,83.6736,unknown,,1.0,55290.32,670,1,manual
1,671,5screws,80.296,unknown,,1.0,55369.61,671,1,manual
1,672,5screws,83.7533,unknown,,1.0,55452.37,672,1,manual
1,673,5screws,85.5392,unknown,,1.0,55536.91,673,1,manual
1,674,5screws,85.7769,unknown,,1.0,55621.68,674,1,manual
1,675,5screws,79.7637,unknown,,1.0,55700.45,675,1,manual
1,676,5screws,85.7318,unknown,,1.0,55785.18,676,1,manual
1,677,5screws,85.1964,unknown,,1.0,55869.37,677,1,manual
1,678,5screws,82.9336,unknown,,1.0,55951.31,678,1,manual
1,679,5screws,85.7431,unknown,,1.0,56036.05,679,1,manual
1,680,5screws,83.0695,unknown,,1.0,56118.12,680,1,manual
1,681,5screws,82.8521,unknown,,1.0,56199.97,681,1,manual
1,682,5screws,82.7733,unknown,,1.0,56281.75,682,1,manual
1,683,5screws,85.4699,unknown,,1.0,56366.22,683,1,manual
1,684,5screws,83.8373,unknown,,1.0,56449.05,684,1,manual
1,685,5screws,81.462,unknown,,1.0,56529.51,685,1,manual
1,686,5screws,85.3009,unknown,,1.0,56613.82,686,1,manual
1,687,5screws,85.4153,unknown,,1.0,56698.23,687,1,manual
1,688,5screws,82.7477,unknown,,1.0,56779.98,688,1,manual
1,689,5screws,85.3872,unknown,,1.0,56864.37,689,1,manual
1,690,5screws,80.5751,unknown,,1.0,56943.94,690,1,manual
1,691,5screws,85.6016,unknown,,1.0,57028.54,691,1,manual
1,692,5screws,81.7213,unknown,,1.0,57109.26,692,1,manual
1,693,5screws,80.1163,unknown,,1.0,57188.38,693,1,manual
1,694,5screws,85.6735,unknown,,1.0,57273.05,694,1,manual
1,695,5screws,83.0794,unknown,,1.0,57355.13,695,1,manual
1,696,5screws,84.0649,unknown,,1.0,57438.2,696,1,manual
1,697,5screws,85.5322,unknown,,1.0,57522.73,697,1,manual
1,698,5screws,84.2888,unknown,,1.0,57606.02,698,1,manual
1,699,5screws,85.54,unknown,,1.0,57690.56,699,1,manual
1,700,5screws,85.4246,unknown,,1.0,57774.98,700,1,manual
1,701,5screws,83.1201,unknown,,1.0,57857.1,701,1,manual
1,702,5screws,83.436,unknown,,1.0,57939.54,702,1,manual
1,703,5screws,85.3862,unknown,,1.0,58023.93,703,1,manual
1,704,5screws,85.239,unknown,,1.0,58108.16,704,1,manual
1,705,5screws,82.9112,unknown,,1.0,58190.08,705,1,manual
1,706,5screws,83.8019,unknown,,1.0,58272.88,706,1,manual
1,707,5screws,76.5833,unknown,,1.0,58348.46,707,1,manual
1,708,5screws,83.1986,unknown,,1.0,58430.66,708,1,manual
1,709,5screws,85.5505,unknown,,1.0,58515.21,709,1,manual
1,710,5screws,82.5341,unknown,,1.0,58596.74,710,1,manual
1,711,5screws,85.8103,unknown,,1.0,58681.55,711,1,manual
1,712,5screws,81.5111,unknown,,1.0,58762.07,712,1,manual
1,713,5screws,85.5407,unknown,,1.0,58846.61,713,1,manual
1,714,5screws,84.6949,unknown,,1.0,58930.3,714,1,manual
1,715,5screws,85.6941,unknown,,1.0,59015.0,715,1,manual
1,716,5screws,85.4618,unknown,,1.0,59099.46,716,1,manual
1,717,5screws,82.7778,unknown,,1.0,59181.23,717,1,manual
1,718,5screws,79.4929,unknown,,1.0,59259.73,718,1,manual
1,719,5screws,78.6586,unknown,,1.0,59337.39,719,1,manual
1,720,5screws,83.9605,unknown,,1.0,59420.35,720,1,manual
1,721,5screws,85.4143,unknown,,1.0,59504.76,721,1,manual
1,722,5screws,84.6055,unknown,,1.0,59588.37,722,1,manual
1,723,5screws,85.6824,unknown,,1.0,59673.05,723,1,manual
1,724,5screws,85.6984,unknown,,1.0,59757.75,724,1,manual
1,725,5screws,80.3659,unknown,,1.0,59837.11,725,1,manual
1,726,5screws,83.5247,unknown,,1.0,59919.64,726,1,manual
1,727,5screws,82.4198,unknown,,1.0,60001.06,727,1,manual
1,728,5screws,82.8776,unknown,,1.0,60082.94,728,1,manual
1,729,5screws,79.6179,unknown,,1.0,60161.55,729,1,manual
1,730,5screws,81.2666,unknown,,1.0,60241.82,730,1,manual
1,731,5screws,85.0949,unknown,,1.0,60325.91,731,1,manual
1,732,5screws,82.3294,unknown,,1.0,60407.24,732,1,manual
1,733,5screws,85.3997,unknown,,1.0,60491.64,733,1,manual
1,734,5screws,85.1056,unknown,,1.0,60575.75,734,1,manual
1,735,5screws,82.0054,unknown,,1.0,60656.75,735,1,manual
1,736,5screws,81.5095,unknown,,1.0,60737.26,736,1,manual
1,737,5screws,79.5054,unknown,,1.0,60815.77,737,1,manual
1,738,5screws,84.5842,unknown,,1.0,60899.35,738,1,manual
1,739,5screws,85.2653,unknown,,1.0,60983.62,739,1,manual
1,740,5screws,81.5653,unknown,,1.0,61064.18,740,1,manual
1,741,5screws,84.5132,unknown,,1.0,61147.7,741,1,manual
1,742,5screws,85.8318,unknown,,1.0,61232.53,742,1,manual
1,743,5screws,82.2379,unknown,,1.0,61313.77,743,1,manual
1,744,5screws,85.72,unknown,,1.0,61398.49,744,1,manual
1,745,5screws,83.5376,unknown,,1.0,61481.03,745,1,manual
1,746,5screws,85.619,unknown,,1.0,61565.64,746,1,manual
1,747,5screws,82.3136,unknown,,1.0,61646.96,747,1,manual
1,748,5screws,79.3376,unknown,,1.0,61725.3,748,1,manual
1,749,5screws,82.9056,unknown,,1.0,61807.2,749,1,manual
1,750,5screws,82.4933,unknown,,1.0,61888.69,750,1,manual
1,751,5screws,82.2387,unknown,,1.0,61969.93,751,1,manual
1,752,5screws,81.364,unknown,,1.0,62050.3,752,1,manual
1,753,5screws,85.7359,unknown,,1.0,62135.03,753,1,manual
1,754,5screws,82.881,unknown,,1.0,62216.91,754,1,manual
1,755,5screws,86.0534,unknown,,1.0,62301.97,755,1,manual
1,756,5screws,85.743,unknown,,1.0,62386.71,756,1,manual
1,757,5screws,81.4095,unknown,,1.0,62467.12,757,1,manual
1,758,5screws,84.4159,unknown,,1.0,62550.54,758,1,manual
1,759,5screws,85.3918,unknown,,1.0,62634.93,759,1,manual
1,760,5screws,82.1824,unknown,,1.0,62716.11,760,1,manual
1,761,5screws,80.4143,unknown,,1.0,62795.52,761,1,manual
1,762,5screws,84.8055,unknown,,1.0,62879.33,762,1,manual
1,763,5screws,78.1408,unknown,,1.0,62956.47,763,1,manual
1,764,5screws,82.1277,unknown,,1.0,63037.6,764,1,manual
1,765,5screws,85.0552,unknown,,1.0,63121.65,765,1,manual
1,766,5screws,85.6762,unknown,,1.0,63206.33,766,1,manual
1,767,5screws,80.8063,unknown,,1.0,63286.14,767,1,manual
1,768,5screws,85.6666,unknown,,1.0,63370.8,768,1,manual
1,769,5screws,85.5077,unknown,,1.0,63455.31,769,1,manual
1,770,5screws,81.2445,unknown,,1.0,63535.55,770,1,manual
1,771,5screws,82.5901,unknown,,1.0,63617.14,771,1,manual
1,772,5screws,83.0864,unknown,,1.0,63699.23,772,1,manual
1,773,5screws,76.6978,unknown,,1.0,63774.93,773,1,manual
1,774,5screws,84.0034,unknown,,1.0,63857.93,774,1,manual
1,775,5screws,82.9135,unknown,,1.0,63939.85,775,1,manual
1,776,5screws,85.5649,unknown,,1.0,64024.41,776,1,manual
1,777,5screws,82.6353,unknown,,1.0,64106.05,777,1,manual
1,778,5screws,85.9066,unknown,,1.0,64190.95,778,1,manual
1,779,5screws,82.854,unknown,,1.0,64272.81,779,1,manual
1,780,5screws,80.3458,unknown,,1.0,64352.15,780,1,manual
1,781,5screws,82.9427,unknown,,1.0,64434.1,781,1,manual
1,782,5screws,85.6935,unknown,,1.0,64518.79,782,1,manual
1,783,5screws,85.8,unknown,,1.0,64603.59,783,1,manual
1,784,5screws,85.4582,unknown,,1.0,64688.05,784,1,manual
1,785,5screws,85.1682,unknown,,1.0,64772.21,785,1,manual
1,786,5screws,85.8795,unknown,,1.0,64857.09,786,1,manual
1,787,5screws,81.9913,unknown,,1.0,64938.09,787,1,manual
1,788,5screws,85.4651,unknown,,1.0,65022.55,788,1,manual
1,789,5screws,79.7984,unknown,,1.0,65101.35,789,1,manual
1,790,5screws,86.015,unknown,,1.0,65186.36,790,1,manual
1,791,5screws,85.5772,unknown,,1.0,65270.94,791,1,manual
1,792,5screws,84.7227,unknown,,1.0,65354.66,792,1,manual
1,793,5screws,85.4682,unknown,,1.0,65439.13,793,1,manual
1,794,5screws,84.9734,unknown,,1.0,65523.11,794,1,manual
1,795,5screws,82.0376,unknown,,1.0,65604.14,795,1,manual
1,796,5screws,81.0652,unknown,,1.0,65684.21,796,1,manual
1,797,5screws,83.8248,unknown,,1.0,65767.03,797,1,manual
1,798,5screws,82.5856,unknown,,1.0,65848.62,798,1,manual
1,799,5screws,85.7944,unknown,,1.0,65933.41,799,1,manual
1,800,5screws,82.9539,unknown,,1.0,66015.37,800,1,manual
1,801,5screws,81.8174,unknown,,1.0,66096.18,801,1,manual
1,802,5screws,82.7392,unknown,,1.0,66177.92,802,1,manual
1,803,5screws,85.3345,unknown,,1.0,66262.26,803,1,manual
1,804,5screws,85.4172,unknown,,1.0,66346.68,804,1,manual
1,805,5screws,86.0296,unknown,,1.0,66431.71,805,1,manual
1,806,5screws,85.3072,unknown,,1.0,66516.01,806,1,manual
1,807,5screws,83.73,unknown,,1.0,66598.74,807,1,manual
1,808,5screws,79.0914,unknown,,1.0,66676.83,808,1,manual
1,809,5screws,83.0455,unknown,,1.0,66758.88,809,1,manual
1,810,5screws,82.7906,unknown,,1.0,66840.67,810,1,manual
1,811,5screws,85.034,unknown,,1.0,66924.7,811,1,manual
1,812,5screws,80.218,unknown,,1.0,67003.92,812,1,manual
1,813,5screws,82.9024,unknown,,1.0,67085.82,813,1,manual
1,814,5screws,86.0726,unknown,,1.0,67170.9,814,1,manual
1,815,5screws,80.1485,unknown,,1.0,67250.05,815,1,manual
1,816,5screws,78.3724,unknown,,1.0,67327.42,816,1,manual
1,817,5screws,85.0343,unknown,,1.0,67411.45,817,1,manual
1,818,5screws,85.2271,unknown,,1.0,67495.68,818,1,manual
1,819,5screws,85.6174,unknown,,1.0,67580.3,819,1,manual
1,820,5screws,85.1399,unknown,,1.0,67664.44,820,1,manual
1,821,5screws,83.4959,unknown,,1.0,67746.93,821,1,manual
1,822,5screws,85.57,unknown,,1.0,67831.5,822,1,manual
1,823,5screws,84.8328,unknown,,1.0,67915.34,823,1,manual
1,824,5screws,85.7121,unknown,,1.0,68000.05,824,1,manual
1,825,5screws,85.8112,unknown,,1.0,68084.86,825,1,manual
1,826,5screws,83.0896,unknown,,1.0,68166.95,826,1,manual
1,827,5screws,80.8983,unknown,,1.0,68246.85,827,1,manual
1,828,5screws,83.19,unknown,,1.0,68329.04,828,1,manual
1,829,5screws,80.4856,unknown,,1.0,68408.52,829,1,manual
1,830,5screws,78.9283,unknown,,1.0,68486.45,830,1,manual
1,831,5screws,85.4079,unknown,,1.0,68570.86,831,1,manual
1,832,5screws,84.2578,unknown,,1.0,68654.12,832,1,manual
1,833,5screws,85.1001,unknown,,1.0,68738.22,833,1,manual
1,834,5screws,85.6824,unknown,,1.0,68822.9,834,1,manual
1,835,5screws,85.7168,unknown,,1.0,68907.62,835,1,manual
1,836,5screws,85.2655,unknown,,1.0,68991.88,836,1,manual
1,837,5screws,85.576,unknown,,1.0,69076.46,837,1,manual
1,838,5screws,85.549,unknown,,1.0,69161.01,838,1,manual
1,839,5screws,83.0528,unknown,,1.0,69243.06,839,1,manual
1,840,5screws,79.1137,unknown,,1.0,69321.17,840,1,manual
1,841,5screws,84.7902,unknown,,1.0,69404.96,841,1,manual
1,842,5screws,81.4698,unknown,,1.0,69485.43,842,1,manual
1,843,5screws,85.4742,unknown,,1.0,69569.91,843,1,manual
1,844,5screws,85.9457,unknown,,1.0,69654.85,844,1,manual
1,845,5screws,82.7666,unknown,,1.0,69736.62,845,1,manual
1,846,5screws,85.3981,unknown,,1.0,69821.02,846,1,manual
1,847,5screws,80.9036,unknown,,1.0,69900.92,847,1,manual
1,848,5screws,83.4169,unknown,,1.0,69983.34,848,1,manual
1,849,5screws,78.3724,unknown,,1.0,70060.71,849,1,manual
1,850,5screws,82.0376,unknown,,1.0,70141.75,850,1,manual
1,851,5screws,83.1986,unknown,,1.0,70223.95,851,1,manual
1,852,5screws,84.6891,unknown,,1.0,70307.64,852,1,manual
1,853,5screws,85.8112,unknown,,1.0,70392.45,853,1,manual
1,854,5screws,79.3321,unknown,,1.0,70470.78,854,1,manual
1,855,5screws,85.743,unknown,,1.0,70555.52,855,1,manual
1,856,5screws,85.6941,unknown,,1.0,70640.22,856,1,manual
1,857,5screws,80.1485,unknown,,1.0,70719.36,857,1,manual
1,858,5screws,82.8776,unknown,,1.0,70801.24,858,1,manual
1,859,5screws,83.8373,unknown,,1.0,70884.08,859,1,manual
1,860,5screws,86.0726,unknown,,1.0,70969.15,860,1,manual
1,861,5screws,81.4095,unknown,,1.0,71049.56,861,1,manual
1,862,5screws,82.2074,unknown,,1.0,71130.77,862,1,manual
1,863,5screws,82.9024,unknown,,1.0,71212.67,863,1,manual
1,864,5screws,85.1682,unknown,,1.0,71296.84,864,1,manual
1,865,5screws,85.3872,unknown,,1.0,71381.23,865,1,manual
1,866,5screws,85.0552,unknown,,1.0,71465.28,866,1,manual
1,867,5screws,79.1137,unknown,,1.0,71543.4,867,1,manual
1,868,5screws,82.1277,unknown,,1.0,71624.52,868,1,manual
1,869,5screws,85.5077,unknown,,1.0,71709.03,869,1,manual
1,870,5screws,85.72,unknown,,1.0,71793.75,870,1,manual
1,871,5screws,85.3072,unknown,,1.0,71878.06,871,1,manual
1,872,5screws,79.7637,unknown,,1.0,71956.82,872,1,manual
1,873,5screws,85.4246,unknown,,1.0,72041.25,873,1,manual
1,874,5screws,85.5322,unknown,,1.0,72125.78,874,1,manual
1,875,5screws,85.7359,unknown,,1.0,72210.51,875,1,manual
1,876,5screws,85.4582,unknown,,1.0,72294.97,876,1,manual
1,877,5screws,83.0794,unknown,,1.0,72377.05,877,1,manual
1,878,5screws,82.7477,unknown,,1.0,72458.8,878,1,manual
1,879,5screws,79.0914,unknown,,1.0,72536.89,879,1,manual
1,880,5screws,85.5148,unknown,,1.0,72621.41,880,1,manual
1,881,5screws,84.8055,unknown,,1.0,72705.21,881,1,manual
1,882,5screws,85.2655,unknown,,1.0,72789.48,882,1,manual
1,883,5screws,83.7533,unknown,,1.0,72872.23,883,1,manual
1,884,5screws,81.4698,unknown,,1.0,72952.7,884,1,manual
1,885,5screws,84.5842,unknown,,1.0,73036.28,885,1,manual
1,886,5screws,85.3997,unknown,,1.0,73120.68,886,1,manual
1,887,5screws,83.6736,unknown,,1.0,73203.36,887,1,manual
1,888,5screws,86.0296,unknown,,1.0,73288.39,888,1,manual
1,889,5screws,84.0649,unknown,,1.0,73371.45,889,1,manual
1,890,5screws,81.5095,unknown,,1.0,73451.96,890,1,manual
1,891,5screws,84.9734,unknown,,1.0,73535.93,891,1,manual
1,892,5screws,85.2653,unknown,,1.0,73620.2,892,1,manual
1,893,5screws,79.4929,unknown,,1.0,73698.69,893,1,manual
1,894,5screws,83.5376,unknown,,1.0,73781.23,894,1,manual
1,895,5screws,80.5751,unknown,,1.0,73860.81,895,1,manual
1,896,5screws,82.2379,unknown,,1.0,73942.04,896,1,manual
1,897,5screws,85.3345,unknown,,1.0,74026.38,897,1,manual
1,898,5screws,80.4856,unknown,,1.0,74105.86,898,1,manual
1,899,5screws,82.5796,unknown,,1.0,74187.44,899,1,manual
1,900,5screws,85.7339,unknown,,1.0,74272.18,900,1,manual
1,901,5screws,82.5856,unknown,,1.0,74353.76,901,1,manual
1,902,5screws,82.7778,unknown,,1.0,74435.54,902,1,manual
1,903,5screws,82.7392,unknown,,1.0,74517.28,903,1,manual
1,904,5screws,84.4159,unknown,,1.0,74600.7,904,1,manual
1,905,5screws,83.1201,unknown,,1.0,74682.82,905,1,manual
1,906,5screws,85.4079,unknown,,1.0,74767.22,906,1,manual
1,907,5screws,82.9112,unknown,,1.0,74849.13,907,1,manual
1,908,5screws,82.9135,unknown,,1.0,74931.05,908,1,manual
1,909,5screws,84.506,unknown,,1.0,75014.55,909,1,manual
1,910,5screws,84.0034,unknown,,1.0,75097.56,910,1,manual
1,911,5screws,85.6289,unknown,,1.0,75182.19,911,1,manual
1,912,5screws,83.0052,unknown,,1.0,75264.19,912,1,manual
1,913,5screws,81.5653,unknown,,1.0,75344.76,913,1,manual
1,914,5screws,85.6174,unknown,,1.0,75429.37,914,1,manual
1,915,5screws,85.4153,unknown,,1.0,75513.79,915,1,manual
1,916,5screws,84.2578,unknown,,1.0,75597.05,916,1,manual
1,917,5screws,81.364,unknown,,1.0,75677.41,917,1,manual
1,918,5screws,85.9066,unknown,,1.0,75762.32,918,1,manual
1,919,5screws,80.296,unknown,,1.0,75841.61,919,1,manual
1,920,5screws,85.57,unknown,,1.0,75926.18,920,1,manual
1,921,5screws,85.6016,unknown,,1.0,76010.79,921,1,manual
1,922,5screws,82.4933,unknown,,1.0,76092.28,922,1,manual
1,923,5screws,85.239,unknown,,1.0,76176.52,923,1,manual
1,924,5screws,85.8795,unknown,,1.0,76261.4,924,1,manual
1,925,5screws,83.8019,unknown,,1.0,76344.2,925,1,manual
1,926,5screws,85.619,unknown,,1.0,76428.82,926,1,manual
1,927,5screws,85.3547,unknown,,1.0,76513.17,927,1,manual
1,928,5screws,83.73,unknown,,1.0,76595.9,928,1,manual
1,929,5screws,81.7213,unknown,,1.0,76676.62,929,1,manual
1,930,5screws,78.1408,unknown,,1.0,76753.77,930,1,manual
1,931,5screws,85.4618,unknown,,1.0,76838.23,931,1,manual
1,932,5screws,83.9605,unknown,,1.0,76921.19,932,1,manual
1,933,5screws,85.8,unknown,,1.0,77005.99,933,1,manual
1,934,5screws,83.0695,unknown,,1.0,77088.06,934,1,manual
1,935,5screws,85.4143,unknown,,1.0,77172.47,935,1,manual
1,936,5screws,85.7944,unknown,,1.0,77257.27,936,1,manual
1,937,5screws,85.3009,unknown,,1.0,77341.57,937,1,manual
1,938,5screws,85.034,unknown,,1.0,77425.6,938,1,manual
1,939,5screws,85.5772,unknown,,1.0,77510.18,939,1,manual
1,940,5screws,84.2888,unknown,,1.0,77593.47,940,1,manual
1,941,5screws,83.4169,unknown,,1.0,77675.88,941,1,manual
1,942,5screws,84.6099,unknown,,1.0,77759.49,942,1,manual
1,943,5screws,82.9539,unknown,,1.0,77841.45,943,1,manual
1,944,5screws,82.599,unknown,,1.0,77923.05,944,1,manual
1,945,5screws,85.4682,unknown,,1.0,78007.51,945,1,manual
1,946,5screws,84.5132,unknown,,1.0,78091.03,946,1,manual
1,947,5screws,79.9166,unknown,,1.0,78169.94,947,1,manual
1,948,5screws,82.881,unknown,,1.0,78251.83,948,1,manual
1,949,5screws,85.4651,unknown,,1.0,78336.29,949,1,manual
1,950,5screws,81.3976,unknown,,1.0,78416.69,950,1,manual
1,951,5screws,85.9319,unknown,,1.0,78501.62,951,1,manual
1,952,5screws,82.9427,unknown,,1.0,78583.56,952,1,manual
1,953,5screws,82.8521,unknown,,1.0,78665.41,953,1,manual
1,954,5screws,85.5407,unknown,,1.0,78749.96,954,1,manual
1,955,5screws,85.6762,unknown,,1.0,78834.63,955,1,manual
1,956,5screws,85.6984,unknown,,1.0,78919.33,956,1,manual
1,957,5screws,85.5505,unknown,,1.0,79003.88,957,1,manual
1,958,5screws,85.0949,unknown,,1.0,79087.98,958,1,manual
1,959,5screws,81.2666,unknown,,1.0,79168.24,959,1,manual
1,960,5screws,78.9283,unknown,,1.0,79246.17,960,1,manual
1,961,5screws,82.3294,unknown,,1.0,79327.5,961,1,manual
1,962,5screws,80.1163,unknown,,1.0,79406.62,962,1,manual
1,963,5screws,85.6935,unknown,,1.0,79491.31,963,1,manual
1,964,5screws,85.8103,unknown,,1.0,79576.12,964,1,manual
1,965,5screws,85.4742,unknown,,1.0,79660.59,965,1,manual
1,966,5screws,85.6666,unknown,,1.0,79745.26,966,1,manual
1,967,5screws,85.8318,unknown,,1.0,79830.09,967,1,manual
1,968,5screws,84.7227,unknown,,1.0,79913.82,968,1,manual
1,969,5screws,83.436,unknown,,1.0,79996.25,969,1,manual
1,970,5screws,78.9314,unknown,,1.0,80074.18,970,1,manual
1,971,5screws,85.549,unknown,,1.0,80158.73,971,1,manual
1,972,5screws,85.3918,unknown,,1.0,80243.12,972,1,manual
1,973,5screws,81.8174,unknown,,1.0,80323.94,973,1,manual
1,974,5screws,82.7964,unknown,,1.0,80405.74,974,1,manual
1,975,5screws,85.1001,unknown,,1.0,80489.84,975,1,manual
1,976,5screws,82.0885,unknown,,1.0,80570.93,976,1,manual
1,977,5screws,82.6848,unknown,,1.0,80652.61,977,1,manual
1,978,5screws,83.8248,unknown,,1.0,80735.44,978,1,manual
1,979,5screws,86.0534,unknown,,1.0,80820.49,979,1,manual
1,980,5screws,84.7902,unknown,,1.0,80904.28,980,1,manual
1,981,5screws,81.3468,unknown,,1.0,80984.63,981,1,manual
1,982,5screws,85.1399,unknown,,1.0,81068.77,982,1,manual
1,983,5screws,82.5901,unknown,,1.0,81150.36,983,1,manual
1,984,5screws,85.0343,unknown,,1.0,81234.39,984,1,manual
1,985,5screws,84.8328,unknown,,1.0,81318.22,985,1,manual
1,986,5screws,85.7318,unknown,,1.0,81402.95,986,1,manual
1,987,5screws,82.5341,unknown,,1.0,81484.49,987,1,manual
1,988,5screws,80.3458,unknown,,1.0,81563.83,988,1,manual
1,989,5screws,85.4172,unknown,,1.0,81648.25,989,1,manual
1,990,5screws,81.0652,unknown,,1.0,81728.32,990,1,manual
1,991,5screws,79.6179,unknown,,1.0,81806.93,991,1,manual
1,992,5screws,83.0528,unknown,,1.0,81888.99,992,1,manual
1,993,5screws,78.6586,unknown,,1.0,81966.65,993,1,manual
1,994,5screws,85.5392,unknown,,1.0,82051.19,994,1,manual
1,995,5screws,85.4628,unknown,,1.0,82135.65,995,1,manual
1,996,5screws,85.0286,unknown,,1.0,82219.68,996,1,manual
1,997,5screws,85.54,unknown,,1.0,82304.22,997,1,manual
1,998,5screws,85.3862,unknown,,1.0,82388.6,998,1,manual
1,999,5screws,83.0896,unknown,,1.0,82470.69,999,1,manual
1,1000,5screws,85.6824,unknown,,1.0,82555.38,1000,1,manual
1,1001,5screws,82.7666,unknown,,1.0,82637.14,1001,1,manual
1,1002,5screws,85.7958,unknown,,1.0,82721.94,1002,1,manual
1,1003,5screws,82.854,unknown,,1.0,82803.79,1003,1,manual
1,1004,5screws,85.4699,unknown,,1.0,82888.26,1004,1,manual
1,1005,5screws,85.1964,unknown,,1.0,82972.46,1005,1,manual
1,1006,5screws,82.7131,unknown,,1.0,83054.17,1006,1,manual
1,1007,5screws,83.4959,unknown,,1.0,83136.67,1007,1,manual
1,1008,5screws,81.462,unknown,,1.0,83217.13,1008,1,manual
1,1009,5screws,83.19,unknown,,1.0,83299.32,1009,1,manual
1,1010,5screws,81.4133,unknown,,1.0,83379.73,1010,1,manual
1,1011,5screws,85.576,unknown,,1.0,83464.31,1011,1,manual
1,1012,5screws,85.9457,unknown,,1.0,83549.25,1012,1,manual
1,1013,5screws,85.7121,unknown,,1.0,83633.97,1013,1,manual
1,1014,5screws,85.7678,unknown,,1.0,83718.73,1014,1,manual
1,1015,5screws,85.6824,unknown,,1.0,83803.42,1015,1,manual
1,1016,5screws,82.9056,unknown,,1.0,83885.32,1016,1,manual
1,1017,5screws,76.6978,unknown,,1.0,83961.02,1017,1,manual
1,1018,5screws,82.3605,unknown,,1.0,84042.38,1018,1,manual
1,1019,5screws,85.5649,unknown,,1.0,84126.94,1019,1,manual
1,1020,5screws,85.2271,unknown,,1.0,84211.17,1020,1,manual
1,1021,5screws,85.7769,unknown,,1.0,84295.95,1021,1,manual
1,1022,5screws,85.6309,unknown,,1.0,84380.58,1022,1,manual
1,1023,5screws,85.3981,unknown,,1.0,84464.98,1023,1,manual
1,1024,5screws,82.6353,unknown,,1.0,84546.61,1024,1,manual
1,1025,5screws,85.2174,unknown,,1.0,84630.83,1025,1,manual
1,1026,5screws,80.8063,unknown,,1.0,84710.64,1026,1,manual
1,1027,5screws,79.8397,unknown,,1.0,84789.48,1027,1,manual
1,1028,5screws,81.5111,unknown,,1.0,84869.99,1028,1,manual
1,1029,5screws,80.9036,unknown,,1.0,84949.89,1029,1,manual
1,1030,5screws,82.9336,unknown,,1.0,85031.82,1030,1,manual
1,1031,5screws,85.7168,unknown,,1.0,85116.54,1031,1,manual
1,1032,5screws,80.4143,unknown,,1.0,85195.96,1032,1,manual
1,1033,5screws,79.3376,unknown,,1.0,85274.29,1033,1,manual
1,1034,5screws,85.6735,unknown,,1.0,85358.97,1034,1,manual
1,1035,5screws,81.2445,unknown,,1.0,85439.21,1035,1,manual
1,1036,5screws,80.218,unknown,,1.0,85518.43,1036,1,manual
1,1037,5screws,79.7984,unknown,,1.0,85597.23,1037,1,manual
1,1038,5screws,82.7733,unknown,,1.0,85679.0,1038,1,manual
1,1039,5screws,82.4198,unknown,,1.0,85760.42,1039,1,manual
1,1040,5screws,80.8983,unknown,,1.0,85840.32,1040,1,manual
1,1041,5screws,85.6656,unknown,,1.0,85924.98,1041,1,manual
1,1042,5screws,83.0864,unknown,,1.0,86007.07,1042,1,manual
1,1043,5screws,84.6055,unknown,,1.0,86090.68,1043,1,manual
1,1044,5screws,76.5833,unknown,,1.0,86166.26,1044,1,manual
1,1045,5screws,82.7906,unknown,,1.0,86248.05,1045,1,manual
1,1046,5screws,83.0455,unknown,,1.0,86330.1,1046,1,manual
1,1047,5screws,82.0054,unknown,,1.0,86411.1,1047,1,manual
1,1048,5screws,86.015,unknown,,1.0,86496.12,1048,1,manual
1,1049,5screws,81.9913,unknown,,1.0,86577.11,1049,1,manual
1,1050,5screws,84.6949,unknown,,1.0,86660.8,1050,1,manual
1,1051,5screws,82.2387,unknown,,1.0,86742.04,1051,1,manual
1,1052,5screws,84.5985,unknown,,1.0,86825.64,1052,1,manual
1,1053,5screws,79.5054,unknown,,1.0,86904.15,1053,1,manual
1,1054,5screws,82.1824,unknown,,1.0,86985.33,1054,1,manual
1,1055,5screws,82.3136,unknown,,1.0,87066.64,1055,1,manual
1,1056,5screws,83.5247,unknown,,1.0,87149.17,1056,1,manual
1,1057,5screws,85.7431,unknown,,1.0,87233.91,1057,1,manual
1,1058,5screws,80.3659,unknown,,1.0,87313.27,1058,1,manual
1,1059,5screws,85.1056,unknown,,1.0,87397.38,1059,1,manual
1,1060,5screws,82.7914,unknown,,1.0,87479.17,1060,1,manual
1,1061,5screws,85.6016,unknown,,1.0,87563.77,1061,1,manual
1,1062,5screws,81.9913,unknown,,1.0,87644.76,1062,1,manual
1,1063,5screws,85.5505,unknown,,1.0,87729.32,1063,1,manual
1,1064,5screws,85.4742,unknown,,1.0,87813.79,1064,1,manual
1,1065,5screws,85.4172,unknown,,1.0,87898.21,1065,1,manual
1,1066,5screws,85.4153,unknown,,1.0,87982.62,1066,1,manual
1,1067,5screws,81.4698,unknown,,1.0,88063.09,1067,1,manual
1,1068,5screws,82.7477,unknown,,1.0,88144.84,1068,1,manual
1,1069,5screws,82.5796,unknown,,1.0,88226.42,1069,1,manual
1,1070,5screws,82.7906,unknown,,1.0,88308.21,1070,1,manual
1,1071,5screws,85.0286,unknown,,1.0,88392.24,1071,1,manual
1,1072,5screws,85.3009,unknown,,1.0,88476.54,1072,1,manual
1,1073,5screws,85.5322,unknown,,1.0,88561.07,1073,1,manual
1,1074,5screws,86.0296,unknown,,1.0,88646.1,1074,1,manual
1,1075,5screws,85.8318,unknown,,1.0,88730.93,1075,1,manual
1,1076,5screws,78.1408,unknown,,1.0,88808.07,1076,1,manual
1,1077,5screws,82.5341,unknown,,1.0,88889.61,1077,1,manual
1,1078,5screws,85.7431,unknown,,1.0,88974.35,1078,1,manual
1,1079,5screws,82.9112,unknown,,1.0,89056.26,1079,1,manual
1,1080,5screws,81.2666,unknown,,1.0,89136.53,1080,1,manual
1,1081,5screws,82.6848,unknown,,1.0,89218.21,1081,1,manual
1,1082,5screws,83.5376,unknown,,1.0,89300.75,1082,1,manual
1,1083,5screws,85.3862,unknown,,1.0,89385.14,1083,1,manual
1,1084,5screws,85.3981,unknown,,1.0,89469.54,1084,1,manual
1,1085,5screws,85.743,unknown,,1.0,89554.28,1085,1,manual
1,1086,5screws,82.599,unknown,,1.0,89635.88,1086,1,manual
1,1087,5screws,83.7533,unknown,,1.0,89718.63,1087,1,manual
1,1088,5screws,79.8397,unknown,,1.0,89797.47,1088,1,manual
1,1089,5screws,85.1964,unknown,,1.0,89881.67,1089,1,manual
1,1090,5screws,80.4143,unknown,,1.0,89961.08,1090,1,manual
1,1091,5screws,85.0552,unknown,,1.0,90045.14,1091,1,manual
1,1092,5screws,85.5148,unknown,,1.0,90129.65,1092,1,manual
1,1093,5screws,82.881,unknown,,1.0,90211.53,1093,1,manual
1,1094,5screws,83.1201,unknown,,1.0,90293.65,1094,1,manual
1,1095,5screws,85.4246,unknown,,1.0,90378.08,1095,1,manual
1,1096,5screws,85.7958,unknown,,1.0,90462.87,1096,1,manual
1,1097,5screws,85.2174,unknown,,1.0,90547.09,1097,1,manual
1,1098,5screws,83.0695,unknown,,1.0,90629.16,1098,1,manual
1,1099,5screws,84.4159,unknown,,1.0,90712.58,1099,1,manual
1,1100,5screws,85.4143,unknown,,1.0,90796.99,1100,1,manual
1,1101,5screws,80.218,unknown,,1.0,90876.21,1101,1,manual
1,1102,5screws,85.3997,unknown,,1.0,90960.61,1102,1,manual
1,1103,5screws,82.3605,unknown,,1.0,91041.97,1103,1,manual
1,1104,5screws,81.7213,unknown,,1.0,91122.69,1104,1,manual
1,1105,5screws,81.4133,unknown,,1.0,91203.1,1105,1,manual
1,1106,5screws,78.6586,unknown,,1.0,91280.76,1106,1,manual
1,1107,5screws,84.6891,unknown,,1.0,91364.45,1107,1,manual
1,1108,5screws,78.9283,unknown,,1.0,91442.38,1108,1,manual
1,1109,5screws,85.7339,unknown,,1.0,91527.11,1109,1,manual
1,1110,5screws,82.9336,unknown,,1.0,91609.05,1110,1,manual
1,1111,5screws,85.5772,unknown,,1.0,91693.62,1111,1,manual
1,1112,5screws,82.7914,unknown,,1.0,91775.41,1112,1,manual
1,1113,5screws,85.72,unknown,,1.0,91860.13,1113,1,manual
1,1114,5screws,85.4628,unknown,,1.0,91944.6,1114,1,manual
1,1115,5screws,85.3547,unknown,,1.0,92028.95,1115,1,manual
1,1116,5screws,85.4618,unknown,,1.0,92113.41,1116,1,manual
1,1117,5screws,84.2888,unknown,,1.0,92196.7,1117,1,manual
1,1118,5screws,81.0652,unknown,,1.0,92276.77,1118,1,manual
1,1119,5screws,85.2271,unknown,,1.0,92360.99,1119,1,manual
1,1120,5screws,85.8103,unknown,,1.0,92445.8,1120,1,manual
1,1121,5screws,85.7944,unknown,,1.0,92530.6,1121,1,manual
1,1122,5screws,82.7733,unknown,,1.0,92612.37,1122,1,manual
1,1123,5screws,80.1163,unknown,,1.0,92691.49,1123,1,manual
1,1124,5screws,82.3136,unknown,,1.0,92772.8,1124,1,manual
1,1125,5screws,81.5095,unknown,,1.0,92853.31,1125,1,manual
1,1126,5screws,82.6353,unknown,,1.0,92934.95,1126,1,manual
1,1127,5screws,85.8,unknown,,1.0,93019.75,1127,1,manual
1,1128,5screws,85.1001,unknown,,1.0,93103.85,1128,1,manual
1,1129,5screws,84.2578,unknown,,1.0,93187.11,1129,1,manual
1,1130,5screws,78.3724,unknown,,1.0,93264.48,1130,1,manual
1,1131,5screws,82.854,unknown,,1.0,93346.33,1131,1,manual
1,1132,5screws,82.5901,unknown,,1.0,93427.92,1132,1,manual
1,1133,5screws,83.1986,unknown,,1.0,93510.12,1133,1,manual
1,1134,5screws,85.2653,unknown,,1.0,93594.39,1134,1,manual
1,1135,5screws,84.9734,unknown,,1.0,93678.36,1135,1,manual
1,1136,5screws,85.3072,unknown,,1.0,93762.67,1136,1,manual
1,1137,5screws,85.3345,unknown,,1.0,93847.0,1137,1,manual
1,1138,5screws,83.0864,unknown,,1.0,93929.09,1138,1,manual
1,1139,5screws,85.6935,unknown,,1.0,94013.78,1139,1,manual
1,1140,5screws,84.8328,unknown,,1.0,94097.61,1140,1,manual
1,1141,5screws,82.0885,unknown,,1.0,94178.7,1141,1,manual
1,1142,5screws,85.6735,unknown,,1.0,94263.38,1142,1,manual
1,1143,5screws,85.6824,unknown,,1.0,94348.06,1143,1,manual
1,1144,5screws,85.4079,unknown,,1.0,94432.47,1144,1,manual
1,1145,5screws,80.3659,unknown,,1.0,94511.83,1145,1,manual
1,1146,5screws,85.7678,unknown,,1.0,94596.6,1146,1,manual
1,1147,5screws,83.436,unknown,,1.0,94679.04,1147,1,manual
1,1148,5screws,83.19,unknown,,1.0,94761.23,1148,1,manual
1,1149,5screws,82.1824,unknown,,1.0,94842.41,1149,1,manual
1,1150,5screws,83.0052,unknown,,1.0,94924.41,1150,1,manual
1,1151,5screws,82.5856,unknown,,1.0,95006.0,1151,1,manual
1,1152,5screws,85.5407,unknown,,1.0,95090.54,1152,1,manual
1,1153,5screws,80.4856,unknown,,1.0,95170.03,1153,1,manual
1,1154,5screws,82.7131,unknown,,1.0,95251.74,1154,1,manual
1,1155,5screws,85.57,unknown,,1.0,95336.31,1155,1,manual
1,1156,5screws,82.7666,unknown,,1.0,95418.07,1156,1,manual
1,1157,5screws,85.2655,unknown,,1.0,95502.34,1157,1,manual
1,1158,5screws,84.8055,unknown,,1.0,95586.15,1158,1,manual
1,1159,5screws,81.3976,unknown,,1.0,95666.54,1159,1,manual
1,1160,5screws,80.9036,unknown,,1.0,95746.45,1160,1,manual
1,1161,5screws,83.9605,unknown,,1.0,95829.41,1161,1,manual
1,1162,5screws,79.6179,unknown,,1.0,95908.03,1162,1,manual
1,1163,5screws,82.3294,unknown,,1.0,95989.35,1163,1,manual
1,1164,5screws,85.6941,unknown,,1.0,96074.05,1164,1,manual
1,1165,5screws,80.8983,unknown,,1.0,96153.95,1165,1,manual
1,1166,5screws,85.4582,unknown,,1.0,96238.41,1166,1,manual
1,1167,5screws,83.4169,unknown,,1.0,96320.82,1167,1,manual
1,1168,5screws,85.4699,unknown,,1.0,96405.29,1168,1,manual
1,1169,5screws,79.4929,unknown,,1.0,96483.78,1169,1,manual
1,1170,5screws,83.4959,unknown,,1.0,96566.28,1170,1,manual
1,1171,5screws,82.7392,unknown,,1.0,96648.02,1171,1,manual
1,1172,5screws,80.1485,unknown,,1.0,96727.17,1172,1,manual
1,1173,5screws,83.0528,unknown,,1.0,96809.22,1173,1,manual
1,1174,5screws,82.2074,unknown,,1.0,96890.43,1174,1,manual
1,1175,5screws,82.9539,unknown,,1.0,96972.38,1175,1,manual
1,1176,5screws,82.1277,unknown,,1.0,97053.51,1176,1,manual
1,1177,5screws,79.5054,unknown,,1.0,97132.02,1177,1,manual
1,1178,5screws,85.034,unknown,,1.0,97216.05,1178,1,manual
1,1179,5screws,81.8174,unknown,,1.0,97296.87,1179,1,manual
1,1180,5screws,84.0034,unknown,,1.0,97379.87,1180,1,manual
1,1181,5screws,85.8795,unknown,,1.0,97464.75,1181,1,manual
1,1182,5screws,85.7168,unknown,,1.0,97549.47,1182,1,manual
1,1183,5screws,83.0794,unknown,,1.0,97631.55,1183,1,manual
1,1184,5screws,85.9066,unknown,,1.0,97716.45,1184,1,manual
1,1185,5screws,82.9024,unknown,,1.0,97798.36,1185,1,manual
1,1186,5screws,83.8019,unknown,,1.0,97881.16,1186,1,manual
1,1187,5screws,82.4933,unknown,,1.0,97962.65,1187,1,manual
1,1188,5screws,85.549,unknown,,1.0,98047.2,1188,1,manual
1,1189,5screws,85.9457,unknown,,1.0,98132.15,1189,1,manual
1,1190,5screws,82.9135,unknown,,1.0,98214.06,1190,1,manual
1,1191,5screws,84.5132,unknown,,1.0,98297.57,1191,1,manual
1,1192,5screws,85.5392,unknown,,1.0,98382.11,1192,1,manual
1,1193,5screws,85.3872,unknown,,1.0,98466.5,1193,1,manual
1,1194,5screws,78.9314,unknown,,1.0,98544.43,1194,1,manual
1,1195,5screws,82.7964,unknown,,1.0,98626.23,1195,1,manual
1,1196,5screws,85.6762,unknown,,1.0,98710.9,1196,1,manual
1,1197,5screws,80.8063,unknown,,1.0,98790.71,1197,1,manual
1,1198,5screws,85.6666,unknown,,1.0,98875.38,1198,1,manual
1,1199,5screws,85.1056,unknown,,1.0,98959.48,1199,1,manual
1,1200,5screws,82.2387,unknown,,1.0,99040.72,1200,1,manual
1,1201,5screws,83.6736,unknown,,1.0,99123.39,1201,1,manual
1,1202,5screws,85.1682,unknown,,1.0,99207.56,1202,1,manual
1,1203,5screws,85.7359,unknown,,1.0,99292.3,1203,1,manual
1,1204,5screws,82.8521,unknown,,1.0,99374.15,1204,1,manual
1,1205,5screws,85.6656,unknown,,1.0,99458.81,1205,1,manual
1,1206,5screws,85.5649,unknown,,1.0,99543.38,1206,1,manual
1,1207,5screws,82.9427,unknown,,1.0,99625.32,1207,1,manual
1,1208,5screws,79.3376,unknown,,1.0,99703.66,1208,1,manual
1,1209,5screws,84.6949,unknown,,1.0,99787.35,1209,1,manual
1,1210,5screws,85.239,unknown,,1.0,99871.59,1210,1,manual
1,1211,5screws,79.1137,unknown,,1.0,99949.71,1211,1,manual
1,1212,5screws,79.3321,unknown,,1.0,100028.04,1212,1,manual
1,1213,5screws,84.7227,unknown,,1.0,100111.76,1213,1,manual
1,1214,5screws,85.6309,unknown,,1.0,100196.39,1214,1,manual
1,1215,5screws,85.7769,unknown,,1.0,100281.17,1215,1,manual
1,1216,5screws,83.0455,unknown,,1.0,100363.22,1216,1,manual
1,1217,5screws,81.2445,unknown,,1.0,100443.46,1217,1,manual
1,1218,5screws,84.5842,unknown,,1.0,100527.04,1218,1,manual
1,1219,5screws,85.4682,unknown,,1.0,100611.51,1219,1,manual
1,1220,5screws,84.0649,unknown,,1.0,100694.58,1220,1,manual
1,1221,5screws,84.6055,unknown,,1.0,100778.18,1221,1,manual
1,1222,5screws,84.6099,unknown,,1.0,100861.79,1222,1,manual
1,1223,5screws,85.576,unknown,,1.0,100946.37,1223,1,manual
1,1224,5screws,80.3458,unknown,,1.0,101025.71,1224,1,manual
1,1225,5screws,79.7984,unknown,,1.0,101104.51,1225,1,manual
1,1226,5screws,86.0534,unknown,,1.0,101189.57,1226,1,manual
1,1227,5screws,82.4198,unknown,,1.0,101270.99,1227,1,manual
1,1228,5screws,82.8776,unknown,,1.0,101352.86,1228,1,manual
1,1229,5screws,84.506,unknown,,1.0,101436.37,1229,1,manual
1,1230,5screws,86.0726,unknown,,1.0,101521.44,1230,1,manual
1,1231,5screws,81.364,unknown,,1.0,101601.81,1231,1,manual
1,1232,5screws,81.462,unknown,,1.0,101682.27,1232,1,manual
1,1233,5screws,79.0914,unknown,,1.0,101760.36,1233,1,manual
1,1234,5screws,85.6984,unknown,,1.0,101845.06,1234,1,manual
1,1235,5screws,79.9166,unknown,,1.0,101923.97,1235,1,manual
1,1236,5screws,81.4095,unknown,,1.0,102004.38,1236,1,manual
1,1237,5screws,85.54,unknown,,1.0,102088.92,1237,1,manual
1,1238,5screws,85.3918,unknown,,1.0,102173.32,1238,1,manual
1,1239,5screws,81.3468,unknown,,1.0,102253.66,1239,1,manual
1,1240,5screws,79.7637,unknown,,1.0,102332.43,1240,1,manual
1,1241,5screws,85.9319,unknown,,1.0,102417.36,1241,1,manual
1,1242,5screws,82.9056,unknown,,1.0,102499.26,1242,1,manual
1,1243,5screws,84.7902,unknown,,1.0,102583.05,1243,1,manual
1,1244,5screws,85.0343,unknown,,1.0,102667.09,1244,1,manual
1,1245,5screws,86.015,unknown,,1.0,102752.1,1245,1,manual
1,1246,5screws,76.6978,unknown,,1.0,102827.8,1246,1,manual
1,1247,5screws,83.5247,unknown,,1.0,102910.33,1247,1,manual
1,1248,5screws,76.5833,unknown,,1.0,102985.91,1248,1,manual
1,1249,5screws,85.8112,unknown,,1.0,103070.72,1249,1,manual
1,1250,5screws,85.6289,unknown,,1.0,103155.35,1250,1,manual
1,1251,5screws,80.296,unknown,,1.0,103234.65,1251,1,manual
1,1252,5screws,85.7121,unknown,,1.0,103319.36,1252,1,manual
1,1253,5screws,80.5751,unknown,,1.0,103398.93,1253,1,manual
1,1254,5screws,81.5111,unknown,,1.0,103479.44,1254,1,manual
1,1255,5screws,83.0896,unknown,,1.0,103561.53,1255,1,manual
1,1256,5screws,85.1399,unknown,,1.0,103645.67,1256,1,manual
1,1257,5screws,85.6824,unknown,,1.0,103730.36,1257,1,manual
1,1258,5screws,85.4651,unknown,,1.0,103814.82,1258,1,manual
1,1259,5screws,83.8248,unknown,,1.0,103897.65,1259,1,manual
1,1260,5screws,82.0054,unknown,,1.0,103978.65,1260,1,manual
1,1261,5screws,85.619,unknown,,1.0,104063.27,1261,1,manual
1,1262,5screws,82.2379,unknown,,1.0,104144.51,1262,1,manual
1,1263,5screws,83.8373,unknown,,1.0,104227.35,1263,1,manual
1,1264,5screws,82.7778,unknown,,1.0,104309.12,1264,1,manual
1,1265,5screws,81.5653,unknown,,1.0,104389.69,1265,1,manual
1,1266,5screws,84.5985,unknown,,1.0,104473.29,1266,1,manual
1,1267,5screws,85.5077,unknown,,1.0,104557.79,1267,1,manual
1,1268,5screws,85.6174,unknown,,1.0,104642.41,1268,1,manual
1,1269,5screws,82.0376,unknown,,1.0,104723.45,1269,1,manual
1,1270,5screws,83.73,unknown,,1.0,104806.18,1270,1,manual
1,1271,5screws,85.7318,unknown,,1.0,104890.91,1271,1,manual
1,1272,5screws,85.0949,unknown,,1.0,104975.01,1272,1,manual
1,1273,5screws,81.364,unknown,,1.0,105055.37,1273,1,manual
1,1274,5screws,81.9913,unknown,,1.0,105136.36,1274,1,manual
1,1275,5screws,82.5856,unknown,,1.0,105217.95,1275,1,manual
1,1276,5screws,85.5077,unknown,,1.0,105302.45,1276,1,manual
1,1277,5screws,85.9066,unknown,,1.0,105387.36,1277,1,manual
1,1278,5screws,85.6174,unknown,,1.0,105471.98,1278,1,manual
1,1279,5screws,85.0286,unknown,,1.0,105556.01,1279,1,manual
1,1280,5screws,84.0034,unknown,,1.0,105639.01,1280,1,manual
1,1281,5screws,79.6179,unknown,,1.0,105717.63,1281,1,manual
1,1282,5screws,80.1485,unknown,,1.0,105796.78,1282,1,manual
1,1283,5screws,83.5247,unknown,,1.0,105879.3,1283,1,manual
1,1284,5screws,83.0052,unknown,,1.0,105961.31,1284,1,manual
1,1285,5screws,85.4682,unknown,,1.0,106045.78,1285,1,manual
1,1286,5screws,82.599,unknown,,1.0,106127.37,1286,1,manual
1,1287,5screws,85.8103,unknown,,1.0,106212.18,1287,1,manual
1,1288,5screws,85.7121,unknown,,1.0,106296.9,1288,1,manual
1,1289,5screws,82.5901,unknown,,1.0,106378.49,1289,1,manual
1,1290,5screws,83.0896,unknown,,1.0,106460.58,1290,1,manual
1,1291,5screws,82.881,unknown,,1.0,106542.46,1291,1,manual
1,1292,5screws,85.2174,unknown,,1.0,106626.67,1292,1,manual
1,1293,5screws,85.549,unknown,,1.0,106711.22,1293,1,manual
1,1294,5screws,84.7227,unknown,,1.0,106794.95,1294,1,manual
1,1295,5screws,83.8248,unknown,,1.0,106877.77,1295,1,manual
1,1296,5screws,79.3321,unknown,,1.0,106956.1,1296,1,manual
1,1297,5screws,85.57,unknown,,1.0,107040.67,1297,1,manual
1,1298,5screws,84.6891,unknown,,1.0,107124.36,1298,1,manual
1,1299,5screws,82.1824,unknown,,1.0,107205.54,1299,1,manual
1,1300,5screws,82.854,unknown,,1.0,107287.4,1300,1,manual
1,1301,5screws,85.7678,unknown,,1.0,107372.17,1301,1,manual
1,1302,5screws,85.3997,unknown,,1.0,107456.57,1302,1,manual
1,1303,5screws,84.5132,unknown,,1.0,107540.08,1303,1,manual
1,1304,5screws,85.6984,unknown,,1.0,107624.78,1304,1,manual
1,1305,5screws,85.4172,unknown,,1.0,107709.2,1305,1,manual
1,1306,5screws,82.9427,unknown,,1.0,107791.14,1306,1,manual
1,1307,5screws,81.5653,unknown,,1.0,107871.7,1307,1,manual
1,1308,5screws,85.1399,unknown,,1.0,107955.84,1308,1,manual
1,1309,5screws,82.7392,unknown,,1.0,108037.58,1309,1,manual
1,1310,5screws,85.2653,unknown,,1.0,108121.85,1310,1,manual
1,1311,5screws,82.1277,unknown,,1.0,108202.98,1311,1,manual
1,1312,5screws,82.0054,unknown,,1.0,108283.98,1312,1,manual
1,1313,5screws,79.7637,unknown,,1.0,108362.74,1313,1,manual
1,1314,5screws,85.6735,unknown,,1.0,108447.42,1314,1,manual
1,1315,5screws,83.0864,unknown,,1.0,108529.5,1315,1,manual
1,1316,5screws,82.9539,unknown,,1.0,108611.46,1316,1,manual
1,1317,5screws,85.2271,unknown,,1.0,108695.69,1317,1,manual
1,1318,5screws,85.5505,unknown,,1.0,108780.24,1318,1,manual
1,1319,5screws,85.0343,unknown,,1.0,108864.27,1319,1,manual
1,1320,5screws,82.9112,unknown,,1.0,108946.18,1320,1,manual
1,1321,5screws,83.0528,unknown,,1.0,109028.23,1321,1,manual
1,1322,5screws,85.576,unknown,,1.0,109112.81,1322,1,manual
1,1323,5screws,83.0695,unknown,,1.0,109194.88,1323,1,manual
1,1324,5screws,82.3294,unknown,,1.0,109276.21,1324,1,manual
1,1325,5screws,85.3009,unknown,,1.0,109360.51,1325,1,manual
1,1326,5screws,82.4198,unknown,,1.0,109441.93,1326,1,manual
1,1327,5screws,85.5407,unknown,,1.0,109526.47,1327,1,manual
1,1328,5screws,83.436,unknown,,1.0,109608.91,1328,1,manual
1,1329,5screws,85.7318,unknown,,1.0,109693.64,1329,1,manual
1,1330,5screws,76.5833,unknown,,1.0,109769.22,1330,1,manual
1,1331,5screws,85.3072,unknown,,1.0,109853.53,1331,1,manual
1,1332,5screws,83.73,unknown,,1.0,109936.26,1332,1,manual
1,1333,5screws,86.0726,unknown,,1.0,110021.33,1333,1,manual
1,1334,5screws,81.5111,unknown,,1.0,110101.84,1334,1,manual
1,1335,5screws,84.7902,unknown,,1.0,110185.63,1335,1,manual
1,1336,5screws,85.4618,unknown,,1.0,110270.09,1336,1,manual
1,1337,5screws,81.0652,unknown,,1.0,110350.16,1337,1,manual
1,1338,5screws,82.7778,unknown,,1.0,110431.94,1338,1,manual
1,1339,5screws,84.5985,unknown,,1.0,110515.54,1339,1,manual
1,1340,5screws,85.54,unknown,,1.0,110600.08,1340,1,manual
1,1341,5screws,85.4246,unknown,,1.0,110684.5,1341,1,manual
1,1342,5screws,80.218,unknown,,1.0,110763.72,1342,1,manual
1,1343,5screws,84.9734,unknown,,1.0,110847.69,1343,1,manual
1,1344,5screws,85.0949,unknown,,1.0,110931.79,1344,1,manual
1,1345,5screws,82.6848,unknown,,1.0,111013.47,1345,1,manual
1,1346,5screws,81.4095,unknown,,1.0,111093.88,1346,1,manual
1,1347,5screws,85.6656,unknown,,1.0,111178.55,1347,1,manual
1,1348,5screws,85.0552,unknown,,1.0,111262.6,1348,1,manual
1,1349,5screws,80.1163,unknown,,1.0,111341.72,1349,1,manual
1,1350,5screws,82.0376,unknown,,1.0,111422.76,1350,1,manual
1,1351,5screws,85.6824,unknown,,1.0,111507.44,1351,1,manual
1,1352,5screws,79.3376,unknown,,1.0,111585.78,1352,1,manual
1,1353,5screws,85.743,unknown,,1.0,111670.52,1353,1,manual
1,1354,5screws,78.3724,unknown,,1.0,111747.89,1354,1,manual
1,1355,5screws,82.4933,unknown,,1.0,111829.38,1355,1,manual
1,1356,5screws,85.4742,unknown,,1.0,111913.86,1356,1,manual
1,1357,5screws,85.3872,unknown,,1.0,111998.25,1357,1,manual
1,1358,5screws,80.296,unknown,,1.0,112077.54,1358,1,manual
1,1359,5screws,85.5148,unknown,,1.0,112162.06,1359,1,manual
1,1360,5screws,81.2666,unknown,,1.0,112242.32,1360,1,manual
1,1361,5screws,84.8328,unknown,,1.0,112326.16,1361,1,manual
1,1362,5screws,85.6016,unknown,,1.0,112410.76,1362,1,manual
1,1363,5screws,83.1201,unknown,,1.0,112492.88,1363,1,manual
1,1364,5screws,85.4079,unknown,,1.0,112577.29,1364,1,manual
1,1365,5screws,82.7914,unknown,,1.0,112659.08,1365,1,manual
1,1366,5screws,85.6824,unknown,,1.0,112743.76,1366,1,manual
1,1367,5screws,85.4153,unknown,,1.0,112828.17,1367,1,manual
1,1368,5screws,86.0296,unknown,,1.0,112913.2,1368,1,manual
1,1369,5screws,85.1056,unknown,,1.0,112997.31,1369,1,manual
1,1370,5screws,82.8776,unknown,,1.0,113079.19,1370,1,manual
1,1371,5screws,83.19,unknown,,1.0,113161.38,1371,1,manual
1,1372,5screws,85.7944,unknown,,1.0,113246.17,1372,1,manual
1,1373,5screws,82.9336,unknown,,1.0,113328.11,1373,1,manual
1,1374,5screws,83.4169,unknown,,1.0,113410.52,1374,1,manual
1,1375,5screws,79.1137,unknown,,1.0,113488.64,1375,1,manual
1,1376,5screws,85.5322,unknown,,1.0,113573.17,1376,1,manual
1,1377,5screws,82.6353,unknown,,1.0,113654.8,1377,1,manual
1,1378,5screws,82.9135,unknown,,1.0,113736.72,1378,1,manual
1,1379,5screws,82.3605,unknown,,1.0,113818.08,1379,1,manual
1,1380,5screws,85.7958,unknown,,1.0,113902.87,1380,1,manual
1,1381,5screws,85.2655,unknown,,1.0,113987.14,1381,1,manual
1,1382,5screws,83.7533,unknown,,1.0,114069.89,1382,1,manual
1,1383,5screws,85.8112,unknown,,1.0,114154.7,1383,1,manual
1,1384,5screws,85.3547,unknown,,1.0,114239.06,1384,1,manual
1,1385,5screws,82.8521,unknown,,1.0,114320.91,1385,1,manual
1,1386,5screws,83.1986,unknown,,1.0,114403.11,1386,1,manual
1,1387,5screws,84.4159,unknown,,1.0,114486.52,1387,1,manual
1,1388,5screws,82.5341,unknown,,1.0,114568.06,1388,1,manual
1,1389,5screws,82.2074,unknown,,1.0,114649.27,1389,1,manual
1,1390,5screws,83.5376,unknown,,1.0,114731.8,1390,1,manual
1,1391,5screws,82.7131,unknown,,1.0,114813.52,1391,1,manual
1,1392,5screws,86.0534,unknown,,1.0,114898.57,1392,1,manual
1,1393,5screws,79.8397,unknown,,1.0,114977.41,1393,1,manual
1,1394,5screws,80.3458,unknown,,1.0,115056.76,1394,1,manual
1,1395,5screws,82.2387,unknown,,1.0,115137.99,1395,1,manual
1,1396,5screws,83.9605,unknown,,1.0,115220.96,1396,1,manual
1,1397,5screws,83.8373,unknown,,1.0,115303.79,1397,1,manual
1,1398,5screws,85.6941,unknown,,1.0,115388.49,1398,1,manual
1,1399,5screws,85.8318,unknown,,1.0,115473.32,1399,1,manual
1,1400,5screws,79.0914,unknown,,1.0,115551.41,1400,1,manual
1,1401,5screws,84.506,unknown,,1.0,115634.92,1401,1,manual
1,1402,5screws,82.7477,unknown,,1.0,115716.66,1402,1,manual
1,1403,5screws,82.7733,unknown,,1.0,115798.44,1403,1,manual
1,1404,5screws,85.4699,unknown,,1.0,115882.91,1404,1,manual
1,1405,5screws,85.239,unknown,,1.0,115967.15,1405,1,manual
1,1406,5screws,82.3136,unknown,,1.0,116048.46,1406,1,manual
1,1407,5screws,82.7906,unknown,,1.0,116130.25,1407,1,manual
1,1408,5screws,85.5772,unknown,,1.0,116214.83,1408,1,manual
1,1409,5screws,84.5842,unknown,,1.0,116298.41,1409,1,manual
1,1410,5screws,85.9319,unknown,,1.0,116383.34,1410,1,manual
1,1411,5screws,85.6762,unknown,,1.0,116468.02,1411,1,manual
1,1412,5screws,85.6289,unknown,,1.0,116552.65,1412,1,manual
1,1413,5screws,85.1682,unknown,,1.0,116636.82,1413,1,manual
1,1414,5screws,81.2445,unknown,,1.0,116717.06,1414,1,manual
1,1415,5screws,85.4651,unknown,,1.0,116801.53,1415,1,manual
1,1416,5screws,80.5751,unknown,,1.0,116881.1,1416,1,manual
1,1417,5screws,83.4959,unknown,,1.0,116963.6,1417,1,manual
1,1418,5screws,85.6309,unknown,,1.0,117048.23,1418,1,manual
1,1419,5screws,85.5392,unknown,,1.0,117132.77,1419,1,manual
1,1420,5screws,85.9457,unknown,,1.0,117217.71,1420,1,manual
1,1421,5screws,79.4929,unknown,,1.0,117296.21,1421,1,manual
1,1422,5screws,85.6935,unknown,,1.0,117380.9,1422,1,manual
1,1423,5screws,85.5649,unknown,,1.0,117465.46,1423,1,manual
1,1424,5screws,85.8795,unknown,,1.0,117550.34,1424,1,manual
1,1425,5screws,81.4698,unknown,,1.0,117630.81,1425,1,manual
1,1426,5screws,80.4143,unknown,,1.0,117710.23,1426,1,manual
1,1427,5screws,85.034,unknown,,1.0,117794.26,1427,1,manual
1,1428,5screws,84.6099,unknown,,1.0,117877.87,1428,1,manual
1,1429,5screws,85.619,unknown,,1.0,117962.49,1429,1,manual
1,1430,5screws,82.2379,unknown,,1.0,118043.73,1430,1,manual
1,1431,5screws,82.9056,unknown,,1.0,118125.63,1431,1,manual
1,1432,5screws,83.8019,unknown,,1.0,118208.44,1432,1,manual
1,1433,5screws,85.4582,unknown,,1.0,118292.89,1433,1,manual
1,1434,5screws,82.7964,unknown,,1.0,118374.69,1434,1,manual
1,1435,5screws,85.3918,unknown,,1.0,118459.08,1435,1,manual
1,1436,5screws,83.6736,unknown,,1.0,118541.76,1436,1,manual
1,1437,5screws,83.0455,unknown,,1.0,118623.8,1437,1,manual
1,1438,5screws,81.7213,unknown,,1.0,118704.52,1438,1,manual
1,1439,5screws,80.3659,unknown,,1.0,118783.89,1439,1,manual
1,1440,5screws,85.6666,unknown,,1.0,118868.56,1440,1,manual
1,1441,5screws,79.7984,unknown,,1.0,118947.35,1441,1,manual
1,1442,5screws,76.6978,unknown,,1.0,119023.05,1442,1,manual
1,1443,5screws,85.4143,unknown,,1.0,119107.47,1443,1,manual
1,1444,5screws,84.0649,unknown,,1.0,119190.53,1444,1,manual
1,1445,5screws,81.8174,unknown,,1.0,119271.35,1445,1,manual
1,1446,5screws,80.4856,unknown,,1.0,119350.83,1446,1,manual
1,1447,5screws,80.8983,unknown,,1.0,119430.73,1447,1,manual
1,1448,5screws,85.72,unknown,,1.0,119515.45,1448,1,manual
1,1449,5screws,84.6949,unknown,,1.0,119599.15,1449,1,manual
1,1450,5screws,78.1408,unknown,,1.0,119676.29,1450,1,manual
1,1451,5screws,86.015,unknown,,1.0,119761.3,1451,1,manual
1,1452,5screws,85.7339,unknown,,1.0,119846.04,1452,1,manual
1,1453,5screws,82.7666,unknown,,1.0,119927.8,1453,1,manual
1,1454,5screws,78.9283,unknown,,1.0,120005.73,1454,1,manual
1,1455,5screws,81.4133,unknown,,1.0,120086.14,1455,1,manual
1,1456,5screws,84.8055,unknown,,1.0,120169.95,1456,1,manual
1,1457,5screws,83.0794,unknown,,1.0,120252.03,1457,1,manual
1,1458,5screws,82.9024,unknown,,1.0,120333.93,1458,1,manual
1,1459,5screws,81.5095,unknown,,1.0,120414.44,1459,1,manual
1,1460,5screws,85.3981,unknown,,1.0,120498.84,1460,1,manual
1,1461,5screws,78.6586,unknown,,1.0,120576.5,1461,1,manual
1,1462,5screws,81.3468,unknown,,1.0,120656.84,1462,1,manual
1,1463,5screws,85.4628,unknown,,1.0,120741.31,1463,1,manual
1,1464,5screws,78.9314,unknown,,1.0,120819.24,1464,1,manual
1,1465,5screws,85.8,unknown,,1.0,120904.04,1465,1,manual
1,1466,5screws,85.7359,unknown,,1.0,120988.78,1466,1,manual
1,1467,5screws,80.9036,unknown,,1.0,121068.68,1467,1,manual
1,1468,5screws,84.2888,unknown,,1.0,121151.97,1468,1,manual
1,1469,5screws,85.1964,unknown,,1.0,121236.16,1469,1,manual
1,1470,5screws,84.2578,unknown,,1.0,121319.42,1470,1,manual
1,1471,5screws,82.0885,unknown,,1.0,121400.51,1471,1,manual
1,1472,5screws,85.3862,unknown,,1.0,121484.9,1472,1,manual
1,1473,5screws,79.5054,unknown,,1.0,121563.4,1473,1,manual
1,1474,5screws,79.9166,unknown,,1.0,121642.32,1474,1,manual
1,1475,5screws,82.5796,unknown,,1.0,121723.9,1475,1,manual
1,1476,5screws,84.6055,unknown,,1.0,121807.5,1476,1,manual
1,1477,5screws,81.462,unknown,,1.0,121887.97,1477,1,manual
1,1478,5screws,80.8063,unknown,,1.0,121967.77,1478,1,manual
1,1479,5screws,81.3976,unknown,,1.0,122048.17,1479,1,manual
1,1480,5screws,85.7431,unknown,,1.0,122132.91,1480,1,manual
1,1481,5screws,85.7769,unknown,,1.0,122217.69,1481,1,manual
1,1482,5screws,85.7168,unknown,,1.0,122302.41,1482,1,manual
1,1483,5screws,85.1001,unknown,,1.0,122386.51,1483,1,manual
1,1484,5screws,85.3345,unknown,,1.0,122470.84,1484,1,manual
1,1485,5screws,82.5796,unknown,,1.0,122552.42,1485,1,manual
1,1486,5screws,85.4079,unknown,,1.0,122636.83,1486,1,manual
1,1487,5screws,85.0343,unknown,,1.0,122720.86,1487,1,manual
1,1488,5screws,85.034,unknown,,1.0,122804.9,1488,1,manual
1,1489,5screws,86.0726,unknown,,1.0,122889.97,1489,1,manual
1,1490,5screws,85.7431,unknown,,1.0,122974.71,1490,1,manual
1,1491,5screws,83.0052,unknown,,1.0,123056.72,1491,1,manual
1,1492,5screws,85.3918,unknown,,1.0,123141.11,1492,1,manual
1,1493,5screws,83.0864,unknown,,1.0,123223.2,1493,1,manual
1,1494,5screws,83.5376,unknown,,1.0,123305.73,1494,1,manual
1,1495,5screws,82.4933,unknown,,1.0,123387.23,1495,1,manual
1,1496,5screws,84.8328,unknown,,1.0,123471.06,1496,1,manual
1,1497,5screws,82.0376,unknown,,1.0,123552.1,1497,1,manual
1,1498,5screws,83.73,unknown,,1.0,123634.83,1498,1,manual
1,1499,5screws,82.5901,unknown,,1.0,123716.42,1499,1,manual
1,1500,5screws,80.4143,unknown,,1.0,123795.83,1500,1,manual
1,1501,5screws,83.6736,unknown,,1.0,123878.5,1501,1,manual
1,1502,5screws,86.0296,unknown,,1.0,123963.53,1502,1,manual
1,1503,5screws,85.4172,unknown,,1.0,124047.95,1503,1,manual
1,1504,5screws,81.2445,unknown,,1.0,124128.2,1504,1,manual
1,1505,5screws,85.1056,unknown,,1.0,124212.3,1505,1,manual
1,1506,5screws,85.7121,unknown,,1.0,124297.01,1506,1,manual
1,1507,5screws,82.9112,unknown,,1.0,124378.93,1507,1,manual
1,1508,5screws,79.0914,unknown,,1.0,124457.02,1508,1,manual
1,1509,5screws,85.3872,unknown,,1.0,124541.4,1509,1,manual
1,1510,5screws,85.0552,unknown,,1.0,124625.46,1510,1,manual
1,1511,5screws,83.0896,unknown,,1.0,124707.55,1511,1,manual
1,1512,5screws,85.5392,unknown,,1.0,124792.09,1512,1,manual
1,1513,5screws,84.9734,unknown,,1.0,124876.06,1513,1,manual
1,1514,5screws,82.9427,unknown,,1.0,124958.0,1514,1,manual
1,1515,5screws,85.0286,unknown,,1.0,125042.03,1515,1,manual
1,1516,5screws,84.506,unknown,,1.0,125125.54,1516,1,manual
1,1517,5screws,80.8983,unknown,,1.0,125205.44,1517,1,manual
1,1518,5screws,81.4095,unknown,,1.0,125285.85,1518,1,manual
1,1519,5screws,82.9056,unknown,,1.0,125367.75,1519,1,manual
1,1520,5screws,85.6824,unknown,,1.0,125452.43,1520,1,manual
1,1521,5screws,85.7769,unknown,,1.0,125537.21,1521,1,manual
1,1522,5screws,84.6891,unknown,,1.0,125620.9,1522,1,manual
1,1523,5screws,83.8248,unknown,,1.0,125703.72,1523,1,manual
1,1524,5screws,80.218,unknown,,1.0,125782.94,1524,1,manual
1,1525,5screws,85.8112,unknown,,1.0,125867.75,1525,1,manual
1,1526,5screws,85.7168,unknown,,1.0,125952.47,1526,1,manual
1,1527,5screws,85.7359,unknown,,1.0,126037.21,1527,1,manual
1,1528,5screws,82.0054,unknown,,1.0,126118.21,1528,1,manual
1,1529,5screws,85.2655,unknown,,1.0,126202.48,1529,1,manual
1,1530,5screws,81.3468,unknown,,1.0,126282.82,1530,1,manual
1,1531,5screws,81.364,unknown,,1.0,126363.19,1531,1,manual
1,1532,5screws,85.4143,unknown,,1.0,126447.6,1532,1,manual
1,1533,5screws,84.0649,unknown,,1.0,126530.67,1533,1,manual
1,1534,5screws,79.7984,unknown,,1.0,126609.47,1534,1,manual
1,1535,5screws,85.6309,unknown,,1.0,126694.1,1535,1,manual
1,1536,5screws,85.3009,unknown,,1.0,126778.4,1536,1,manual
1,1537,5screws,85.6824,unknown,,1.0,126863.08,1537,1,manual
1,1538,5screws,84.5842,unknown,,1.0,126946.66,1538,1,manual
1,1539,5screws,81.8174,unknown,,1.0,127027.48,1539,1,manual
1,1540,5screws,84.6949,unknown,,1.0,127111.18,1540,1,manual
1,1541,5screws,84.5985,unknown,,1.0,127194.78,1541,1,manual
1,1542,5screws,82.599,unknown,,1.0,127276.37,1542,1,manual
1,1543,5screws,82.9024,unknown,,1.0,127358.28,1543,1,manual
1,1544,5screws,82.7666,unknown,,1.0,127440.04,1544,1,manual
1,1545,5screws,78.1408,unknown,,1.0,127517.18,1545,1,manual
1,1546,5screws,83.4169,unknown,,1.0,127599.6,1546,1,manual
1,1547,5screws,85.4628,unknown,,1.0,127684.06,1547,1,manual
1,1548,5screws,82.0885,unknown,,1.0,127765.15,1548,1,manual
1,1549,5screws,85.4246,unknown,,1.0,127849.58,1549,1,manual
1,1550,5screws,78.3724,unknown,,1.0,127926.95,1550,1,manual
1,1551,5screws,85.57,unknown,,1.0,128011.52,1551,1,manual
1,1552,5screws,82.854,unknown,,1.0,128093.37,1552,1,manual
1,1553,5screws,85.1964,unknown,,1.0,128177.57,1553,1,manual
1,1554,5screws,85.6016,unknown,,1.0,128262.17,1554,1,manual
1,1555,5screws,85.576,unknown,,1.0,128346.75,1555,1,manual
1,1556,5screws,83.0794,unknown,,1.0,128428.83,1556,1,manual
1,1557,5screws,84.2578,unknown,,1.0,128512.08,1557,1,manual
1,1558,5screws,85.5649,unknown,,1.0,128596.65,1558,1,manual
1,1559,5screws,85.6762,unknown,,1.0,128681.33,1559,1,manual
1,1560,5screws,82.7477,unknown,,1.0,128763.07,1560,1,manual
1,1561,5screws,83.0528,unknown,,1.0,128845.13,1561,1,manual
1,1562,5screws,85.4742,unknown,,1.0,128929.6,1562,1,manual
1,1563,5screws,82.7131,unknown,,1.0,129011.31,1563,1,manual
1,1564,5screws,82.6848,unknown,,1.0,129093.0,1564,1,manual
1,1565,5screws,84.4159,unknown,,1.0,129176.41,1565,1,manual
1,1566,5screws,82.881,unknown,,1.0,129258.3,1566,1,manual
1,1567,5screws,85.6984,unknown,,1.0,129342.99,1567,1,manual
1,1568,5screws,86.015,unknown,,1.0,129428.01,1568,1,manual
1,1569,5screws,85.2653,unknown,,1.0,129512.27,1569,1,manual
1,1570,5screws,85.4618,unknown,,1.0,129596.74,1570,1,manual
1,1571,5screws,85.3072,unknown,,1.0,129681.04,1571,1,manual
1,1572,5screws,82.7914,unknown,,1.0,129762.83,1572,1,manual
1,1573,5screws,85.4153,unknown,,1.0,129847.25,1573,1,manual
1,1574,5screws,79.5054,unknown,,1.0,129925.75,1574,1,manual
1,1575,5screws,85.5505,unknown,,1.0,130010.31,1575,1,manual
1,1576,5screws,82.3136,unknown,,1.0,130091.62,1576,1,manual
1,1577,5screws,80.1485,unknown,,1.0,130170.77,1577,1,manual
1,1578,5screws,81.3976,unknown,,1.0,130251.17,1578,1,manual
1,1579,5screws,83.0455,unknown,,1.0,130333.21,1579,1,manual
1,1580,5screws,79.6179,unknown,,1.0,130411.83,1580,1,manual
1,1581,5screws,80.296,unknown,,1.0,130491.12,1581,1,manual
1,1582,5screws,82.9336,unknown,,1.0,130573.06,1582,1,manual
1,1583,5screws,85.6735,unknown,,1.0,130657.73,1583,1,manual
1,1584,5screws,85.7339,unknown,,1.0,130742.47,1584,1,manual
1,1585,5screws,83.19,unknown,,1.0,130824.66,1585,1,manual
1,1586,5screws,83.8019,unknown,,1.0,130907.46,1586,1,manual
1,1587,5screws,83.9605,unknown,,1.0,130990.42,1587,1,manual
1,1588,5screws,85.4651,unknown,,1.0,131074.88,1588,1,manual
1,1589,5screws,79.8397,unknown,,1.0,131153.72,1589,1,manual
1,1590,5screws,85.239,unknown,,1.0,131237.96,1590,1,manual
1,1591,5screws,82.1277,unknown,,1.0,131319.09,1591,1,manual
1,1592,5screws,81.2666,unknown,,1.0,131399.36,1592,1,manual
1,1593,5screws,85.9319,unknown,,1.0,131484.29,1593,1,manual
1,1594,5screws,84.7902,unknown,,1.0,131568.08,1594,1,manual
1,1595,5screws,78.6586,unknown,,1.0,131645.74,1595,1,manual
1,1596,5screws,85.4682,unknown,,1.0,131730.21,1596,1,manual
1,1597,5screws,85.7944,unknown,,1.0,131815.0,1597,1,manual
1,1598,5screws,86.0534,unknown,,1.0,131900.05,1598,1,manual
1,1599,5screws,82.7392,unknown,,1.0,131981.79,1599,1,manual
1,1600,5screws,85.8103,unknown,,1.0,132066.6,1600,1,manual
1,1601,5screws,81.4133,unknown,,1.0,132147.02,1601,1,manual
1,1602,5screws,81.0652,unknown,,1.0,132227.08,1602,1,manual
1,1603,5screws,83.0695,unknown,,1.0,132309.15,1603,1,manual
1,1604,5screws,80.1163,unknown,,1.0,132388.27,1604,1,manual
1,1605,5screws,84.8055,unknown,,1.0,132472.07,1605,1,manual
1,1606,5screws,82.8776,unknown,,1.0,132553.95,1606,1,manual
1,1607,5screws,85.6666,unknown,,1.0,132638.62,1607,1,manual
1,1608,5screws,81.4698,unknown,,1.0,132719.09,1608,1,manual
1,1609,5screws,85.2174,unknown,,1.0,132803.3,1609,1,manual
1,1610,5screws,82.9135,unknown,,1.0,132885.22,1610,1,manual
1,1611,5screws,76.5833,unknown,,1.0,132960.8,1611,1,manual
1,1612,5screws,85.5077,unknown,,1.0,133045.31,1612,1,manual
1,1613,5screws,85.6289,unknown,,1.0,133129.94,1613,1,manual
1,1614,5screws,79.3376,unknown,,1.0,133208.27,1614,1,manual
1,1615,5screws,85.1001,unknown,,1.0,133292.37,1615,1,manual
1,1616,5screws,85.7678,unknown,,1.0,133377.14,1616,1,manual
1,1617,5screws,85.0949,unknown,,1.0,133461.24,1617,1,manual
1,1618,5screws,85.6174,unknown,,1.0,133545.85,1618,1,manual
1,1619,5screws,85.1682,unknown,,1.0,133630.02,1619,1,manual
1,1620,5screws,81.5095,unknown,,1.0,133710.53,1620,1,manual
1,1621,5screws,85.5322,unknown,,1.0,133795.06,1621,1,manual
1,1622,5screws,81.462,unknown,,1.0,133875.53,1622,1,manual
1,1623,5screws,85.3547,unknown,,1.0,133959.88,1623,1,manual
1,1624,5screws,83.1201,unknown,,1.0,134042.0,1624,1,manual
1,1625,5screws,85.5772,unknown,,1.0,134126.58,1625,1,manual
1,1626,5screws,78.9283,unknown,,1.0,134204.51,1626,1,manual
1,1627,5screws,85.72,unknown,,1.0,134289.23,1627,1,manual
1,1628,5screws,85.743,unknown,,1.0,134373.97,1628,1,manual
1,1629,5screws,80.8063,unknown,,1.0,134453.78,1629,1,manual
1,1630,5screws,79.9166,unknown,,1.0,134532.69,1630,1,manual
1,1631,5screws,82.3294,unknown,,1.0,134614.02,1631,1,manual
1,1632,5screws,85.8,unknown,,1.0,134698.82,1632,1,manual
1,1633,5screws,85.3345,unknown,,1.0,134783.16,1633,1,manual
1,1634,5screws,84.0034,unknown,,1.0,134866.16,1634,1,manual
1,1635,5screws,85.9066,unknown,,1.0,134951.07,1635,1,manual
1,1636,5screws,79.1137,unknown,,1.0,135029.18,1636,1,manual
1,1637,5screws,78.9314,unknown,,1.0,135107.11,1637,1,manual
1,1638,5screws,84.6099,unknown,,1.0,135190.72,1638,1,manual
1,1639,5screws,81.9913,unknown,,1.0,135271.71,1639,1,manual
1,1640,5screws,82.2387,unknown,,1.0,135352.95,1640,1,manual
1,1641,5screws,85.3997,unknown,,1.0,135437.35,1641,1,manual
1,1642,5screws,85.549,unknown,,1.0,135521.9,1642,1,manual
1,1643,5screws,82.6353,unknown,,1.0,135603.54,1643,1,manual
1,1644,5screws,82.3605,unknown,,1.0,135684.9,1644,1,manual
1,1645,5screws,85.3981,unknown,,1.0,135769.29,1645,1,manual
1,1646,5screws,85.1399,unknown,,1.0,135853.43,1646,1,manual
1,1647,5screws,85.6935,unknown,,1.0,135938.13,1647,1,manual
1,1648,5screws,85.4582,unknown,,1.0,136022.59,1648,1,manual
1,1649,5screws,83.7533,unknown,,1.0,136105.34,1649,1,manual
1,1650,5screws,84.5132,unknown,,1.0,136188.85,1650,1,manual
1,1651,5screws,82.7778,unknown,,1.0,136270.63,1651,1,manual
1,1652,5screws,85.2271,unknown,,1.0,136354.86,1652,1,manual
1,1653,5screws,84.7227,unknown,,1.0,136438.58,1653,1,manual
1,1654,5screws,82.5856,unknown,,1.0,136520.17,1654,1,manual
1,1655,5screws,82.9539,unknown,,1.0,136602.12,1655,1,manual
1,1656,5screws,82.7733,unknown,,1.0,136683.89,1656,1,manual
1,1657,5screws,80.5751,unknown,,1.0,136763.47,1657,1,manual
1,1658,5screws,85.6656,unknown,,1.0,136848.13,1658,1,manual
1,1659,5screws,83.4959,unknown,,1.0,136930.63,1659,1,manual
1,1660,5screws,85.5407,unknown,,1.0,137015.17,1660,1,manual
1,1661,5screws,84.2888,unknown,,1.0,137098.46,1661,1,manual
1,1662,5screws,79.3321,unknown,,1.0,137176.79,1662,1,manual
1,1663,5screws,81.7213,unknown,,1.0,137257.51,1663,1,manual
1,1664,5screws,80.4856,unknown,,1.0,137337.0,1664,1,manual
1,1665,5screws,85.8795,unknown,,1.0,137421.88,1665,1,manual
1,1666,5screws,84.6055,unknown,,1.0,137505.48,1666,1,manual
1,1667,5screws,79.4929,unknown,,1.0,137583.98,1667,1,manual
1,1668,5screws,80.3458,unknown,,1.0,137663.32,1668,1,manual
1,1669,5screws,85.8318,unknown,,1.0,137748.15,1669,1,manual
1,1670,5screws,85.7958,unknown,,1.0,137832.95,1670,1,manual
1,1671,5screws,85.5148,unknown,,1.0,137917.46,1671,1,manual
1,1672,5screws,82.4198,unknown,,1.0,137998.88,1672,1,manual
1,1673,5screws,81.5653,unknown,,1.0,138079.45,1673,1,manual
1,1674,5screws,83.1986,unknown,,1.0,138161.65,1674,1,manual
1,1675,5screws,85.6941,unknown,,1.0,138246.34,1675,1,manual
1,1676,5screws,79.7637,unknown,,1.0,138325.11,1676,1,manual
1,1677,5screws,82.7964,unknown,,1.0,138406.9,1677,1,manual
1,1678,5screws,80.3659,unknown,,1.0,138486.27,1678,1,manual
1,1679,5screws,85.4699,unknown,,1.0,138570.74,1679,1,manual
1,1680,5screws,85.7318,unknown,,1.0,138655.47,1680,1,manual
1,1681,5screws,85.54,unknown,,1.0,138740.01,1681,1,manual
1,1682,5screws,83.5247,unknown,,1.0,138822.53,1682,1,manual
1,1683,5screws,85.9457,unknown,,1.0,138907.48,1683,1,manual
1,1684,5screws,80.9036,unknown,,1.0,138987.38,1684,1,manual
1,1685,5screws,85.619,unknown,,1.0,139072.0,1685,1,manual
1,1686,5screws,82.7906,unknown,,1.0,139153.79,1686,1,manual
1,1687,5screws,85.3862,unknown,,1.0,139238.18,1687,1,manual
1,1688,5screws,83.436,unknown,,1.0,139320.61,1688,1,manual
1,1689,5screws,82.2379,unknown,,1.0,139401.85,1689,1,manual
1,1690,5screws,82.5341,unknown,,1.0,139483.39,1690,1,manual
1,1691,5screws,82.2074,unknown,,1.0,139564.59,1691,1,manual
1,1692,5screws,83.8373,unknown,,1.0,139647.43,1692,1,manual
1,1693,5screws,76.6978,unknown,,1.0,139723.13,1693,1,manual
1,1694,5screws,81.5111,unknown,,1.0,139803.64,1694,1,manual
1,1695,5screws,82.1824,unknown,,1.0,139884.82,1695,1,manual
1,1696,5screws,82.8521,unknown,,1.0,139966.67,1696,1,manual
1,1697,5screws,85.3862,unknown,,1.0,140051.06,1697,1,manual
1,1698,5screws,76.5833,unknown,,1.0,140126.64,1698,1,manual
1,1699,5screws,85.6935,unknown,,1.0,140211.34,1699,1,manual
1,1700,5screws,85.9319,unknown,,1.0,140296.27,1700,1,manual
1,1701,5screws,85.7944,unknown,,1.0,140381.06,1701,1,manual
1,1702,5screws,80.5751,unknown,,1.0,140460.64,1702,1,manual
1,1703,5screws,78.3724,unknown,,1.0,140538.01,1703,1,manual
1,1704,5screws,85.549,unknown,,1.0,140622.56,1704,1,manual
1,1705,5screws,82.7477,unknown,,1.0,140704.31,1705,1,manual
1,1706,5screws,85.6289,unknown,,1.0,140788.94,1706,1,manual
1,1707,5screws,80.296,unknown,,1.0,140868.23,1707,1,manual
1,1708,5screws,85.4143,unknown,,1.0,140952.65,1708,1,manual
1,1709,5screws,85.6941,unknown,,1.0,141037.34,1709,1,manual
1,1710,5screws,79.5054,unknown,,1.0,141115.85,1710,1,manual
1,1711,5screws,85.1056,unknown,,1.0,141199.95,1711,1,manual
1,1712,5screws,81.4133,unknown,,1.0,141280.37,1712,1,manual
1,1713,5screws,79.6179,unknown,,1.0,141358.98,1713,1,manual
1,1714,5screws,86.0534,unknown,,1.0,141444.04,1714,1,manual
1,1715,5screws,79.0914,unknown,,1.0,141522.13,1715,1,manual
1,1716,5screws,79.7637,unknown,,1.0,141600.89,1716,1,manual
1,1717,5screws,85.1964,unknown,,1.0,141685.09,1717,1,manual
1,1718,5screws,85.54,unknown,,1.0,141769.63,1718,1,manual
1,1719,5screws,82.7906,unknown,,1.0,141851.42,1719,1,manual
1,1720,5screws,82.7914,unknown,,1.0,141933.21,1720,1,manual
1,1721,5screws,81.5653,unknown,,1.0,142013.78,1721,1,manual
1,1722,5screws,82.7964,unknown,,1.0,142095.57,1722,1,manual
1,1723,5screws,82.9056,unknown,,1.0,142177.48,1723,1,manual
1,1724,5screws,82.2387,unknown,,1.0,142258.72,1724,1,manual
1,1725,5screws,85.1682,unknown,,1.0,142342.88,1725,1,manual
1,1726,5screws,85.4153,unknown,,1.0,142427.3,1726,1,manual
1,1727,5screws,86.0726,unknown,,1.0,142512.37,1727,1,manual
1,1728,5screws,85.8795,unknown,,1.0,142597.25,1728,1,manual
1,1729,5screws,85.4682,unknown,,1.0,142681.72,1729,1,manual
1,1730,5screws,84.0034,unknown,,1.0,142764.72,1730,1,manual
1,1731,5screws,83.0455,unknown,,1.0,142846.77,1731,1,manual
1,1732,5screws,82.3605,unknown,,1.0,142928.13,1732,1,manual
1,1733,5screws,82.7733,unknown,,1.0,143009.9,1733,1,manual
1,1734,5screws,83.0052,unknown,,1.0,143091.91,1734,1,manual
1,1735,5screws,84.506,unknown,,1.0,143175.41,1735,1,manual
1,1736,5screws,81.7213,unknown,,1.0,143256.14,1736,1,manual
1,1737,5screws,85.034,unknown,,1.0,143340.17,1737,1,manual
1,1738,5screws,80.1163,unknown,,1.0,143419.29,1738,1,manual
1,1739,5screws,85.3981,unknown,,1.0,143503.68,1739,1,manual
1,1740,5screws,85.4246,unknown,,1.0,143588.11,1740,1,manual
1,1741,5screws,85.4699,unknown,,1.0,143672.58,1741,1,manual
1,1742,5screws,81.462,unknown,,1.0,143753.04,1742,1,manual
1,1743,5screws,85.9457,unknown,,1.0,143837.99,1743,1,manual
1,1744,5screws,81.364,unknown,,1.0,143918.35,1744,1,manual
1,1745,5screws,79.3376,unknown,,1.0,143996.69,1745,1,manual
1,1746,5screws,79.8397,unknown,,1.0,144075.53,1746,1,manual
1,1747,5screws,81.4095,unknown,,1.0,144155.94,1747,1,manual
1,1748,5screws,83.4169,unknown,,1.0,144238.35,1748,1,manual
1,1749,5screws,78.1408,unknown,,1.0,144315.49,1749,1,manual
1,1750,5screws,85.4651,unknown,,1.0,144399.96,1750,1,manual
1,1751,5screws,81.0652,unknown,,1.0,144480.02,1751,1,manual
1,1752,5screws,85.7958,unknown,,1.0,144564.82,1752,1,manual
1,1753,5screws,82.881,unknown,,1.0,144646.7,1753,1,manual
1,1754,5screws,85.6824,unknown,,1.0,144731.38,1754,1,manual
1,1755,5screws,76.6978,unknown,,1.0,144807.08,1755,1,manual
1,1756,5screws,84.7902,unknown,,1.0,144890.87,1756,1,manual
1,1757,5screws,85.8103,unknown,,1.0,144975.68,1757,1,manual
1,1758,5screws,79.3321,unknown,,1.0,145054.01,1758,1,manual
1,1759,5screws,83.1201,unknown,,1.0,145136.13,1759,1,manual
1,1760,5screws,85.2655,unknown,,1.0,145220.4,1760,1,manual
1,1761,5screws,83.73,unknown,,1.0,145303.13,1761,1,manual
1,1762,5screws,84.8055,unknown,,1.0,145386.94,1762,1,manual
1,1763,5screws,85.8318,unknown,,1.0,145471.77,1763,1,manual
1,1764,5screws,83.8373,unknown,,1.0,145554.6,1764,1,manual
1,1765,5screws,85.5505,unknown,,1.0,145639.15,1765,1,manual
1,1766,5screws,85.5392,unknown,,1.0,145723.69,1766,1,manual
1,1767,5screws,85.6762,unknown,,1.0,145808.37,1767,1,manual
1,1768,5screws,84.6891,unknown,,1.0,145892.06,1768,1,manual
1,1769,5screws,81.2445,unknown,,1.0,145972.3,1769,1,manual
1,1770,5screws,84.5842,unknown,,1.0,146055.89,1770,1,manual
1,1771,5screws,82.2379,unknown,,1.0,146137.13,1771,1,manual
1,1772,5screws,85.4079,unknown,,1.0,146221.53,1772,1,manual
1,1773,5screws,86.015,unknown,,1.0,146306.55,1773,1,manual
1,1774,5screws,84.2578,unknown,,1.0,146389.81,1774,1,manual
1,1775,5screws,81.5095,unknown,,1.0,146470.32,1775,1,manual
1,1776,5screws,82.7778,unknown,,1.0,146552.09,1776,1,manual
1,1777,5screws,82.9427,unknown,,1.0,146634.04,1777,1,manual
1,1778,5screws,80.3458,unknown,,1.0,146713.38,1778,1,manual
1,1779,5screws,85.4628,unknown,,1.0,146797.85,1779,1,manual
1,1780,5screws,82.5901,unknown,,1.0,146879.44,1780,1,manual
1,1781,5screws,80.8063,unknown,,1.0,146959.24,1781,1,manual
1,1782,5screws,83.0794,unknown,,1.0,147041.32,1782,1,manual
1,1783,5screws,82.0054,unknown,,1.0,147122.33,1783,1,manual
1,1784,5screws,78.9314,unknown,,1.0,147200.26,1784,1,manual
1,1785,5screws,85.9066,unknown,,1.0,147285.16,1785,1,manual
1,1786,5screws,83.8019,unknown,,1.0,147367.97,1786,1,manual
1,1787,5screws,82.8521,unknown,,1.0,147449.82,1787,1,manual
1,1788,5screws,85.3345,unknown,,1.0,147534.15,1788,1,manual
1,1789,5screws,85.7318,unknown,,1.0,147618.88,1789,1,manual
1,1790,5screws,80.4143,unknown,,1.0,147698.3,1790,1,manual
1,1791,5screws,85.6735,unknown,,1.0,147782.97,1791,1,manual
1,1792,5screws,85.0949,unknown,,1.0,147867.07,1792,1,manual
1,1793,5screws,85.1399,unknown,,1.0,147951.21,1793,1,manual
1,1794,5screws,83.19,unknown,,1.0,148033.4,1794,1,manual
1,1795,5screws,81.3976,unknown,,1.0,148113.8,1795,1,manual
1,1796,5screws,85.6824,unknown,,1.0,148198.48,1796,1,manual
1,1797,5screws,83.5247,unknown,,1.0,148281.0,1797,1,manual
1,1798,5screws,85.2174,unknown,,1.0,148365.22,1798,1,manual
1,1799,5screws,85.3997,unknown,,1.0,148449.62,1799,1,manual
1,1800,5screws,83.0864,unknown,,1.0,148531.71,1800,1,manual
1,1801,5screws,83.8248,unknown,,1.0,148614.53,1801,1,manual
1,1802,5screws,79.9166,unknown,,1.0,148693.45,1802,1,manual
1,1803,5screws,81.3468,unknown,,1.0,148773.79,1803,1,manual
1,1804,5screws,85.0552,unknown,,1.0,148857.85,1804,1,manual
1,1805,5screws,85.3009,unknown,,1.0,148942.15,1805,1,manual
1,1806,5screws,85.576,unknown,,1.0,149026.73,1806,1,manual
1,1807,5screws,84.5132,unknown,,1.0,149110.24,1807,1,manual
1,1808,5screws,82.9135,unknown,,1.0,149192.15,1808,1,manual
1,1809,5screws,80.8983,unknown,,1.0,149272.05,1809,1,manual
1,1810,5screws,81.4698,unknown,,1.0,149352.52,1810,1,manual
1,1811,5screws,78.9283,unknown,,1.0,149430.45,1811,1,manual
1,1812,5screws,85.2653,unknown,,1.0,149514.71,1812,1,manual
1,1813,5screws,84.5985,unknown,,1.0,149598.31,1813,1,manual
1,1814,5screws,86.0296,unknown,,1.0,149683.34,1814,1,manual
1,1815,5screws,84.6099,unknown,,1.0,149766.95,1815,1,manual
1,1816,5screws,85.4582,unknown,,1.0,149851.41,1816,1,manual
1,1817,5screws,82.9024,unknown,,1.0,149933.31,1817,1,manual
1,1818,5screws,85.5772,unknown,,1.0,150017.89,1818,1,manual
1,1819,5screws,83.4959,unknown,,1.0,150100.39,1819,1,manual
1,1820,5screws,84.2888,unknown,,1.0,150183.68,1820,1,manual
1,1821,5screws,79.4929,unknown,,1.0,150262.17,1821,1,manual
1,1822,5screws,82.4933,unknown,,1.0,150343.66,1822,1,manual
1,1823,5screws,83.7533,unknown,,1.0,150426.41,1823,1,manual
1,1824,5screws,85.8112,unknown,,1.0,150511.23,1824,1,manual
1,1825,5screws,82.599,unknown,,1.0,150592.82,1825,1,manual
1,1826,5screws,83.6736,unknown,,1.0,150675.5,1826,1,manual
1,1827,5screws,85.4172,unknown,,1.0,150759.92,1827,1,manual
1,1828,5screws,82.3136,unknown,,1.0,150841.23,1828,1,manual
1,1829,5screws,85.7121,unknown,,1.0,150925.94,1829,1,manual
1,1830,5screws,83.0896,unknown,,1.0,151008.03,1830,1,manual
1,1831,5screws,85.5077,unknown,,1.0,151092.54,1831,1,manual
1,1832,5screws,81.8174,unknown,,1.0,151173.36,1832,1,manual
1,1833,5screws,85.3872,unknown,,1.0,151257.74,1833,1,manual
1,1834,5screws,84.0649,unknown,,1.0,151340.81,1834,1,manual
1,1835,5screws,85.7769,unknown,,1.0,151425.59,1835,1,manual
1,1836,5screws,79.7984,unknown,,1.0,151504.38,1836,1,manual
1,1837,5screws,85.6174,unknown,,1.0,151589.0,1837,1,manual
1,1838,5screws,82.0885,unknown,,1.0,151670.09,1838,1,manual
1,1839,5screws,82.1277,unknown,,1.0,151751.22,1839,1,manual
1,1840,5screws,85.57,unknown,,1.0,151835.79,1840,1,manual
1,1841,5screws,82.6353,unknown,,1.0,151917.42,1841,1,manual
1,1842,5screws,85.7359,unknown,,1.0,152002.16,1842,1,manual
1,1843,5screws,85.7168,unknown,,1.0,152086.88,1843,1,manual
1,1844,5screws,82.9336,unknown,,1.0,152168.81,1844,1,manual
1,1845,5screws,85.3072,unknown,,1.0,152253.12,1845,1,manual
1,1846,5screws,83.1986,unknown,,1.0,152335.31,1846,1,manual
1,1847,5screws,80.4856,unknown,,1.0,152414.8,1847,1,manual
1,1848,5screws,81.2666,unknown,,1.0,152495.07,1848,1,manual
1,1849,5screws,81.5111,unknown,,1.0,152575.58,1849,1,manual
1,1850,5screws,82.5341,unknown,,1.0,152657.11,1850,1,manual
1,1851,5screws,82.854,unknown,,1.0,152738.97,1851,1,manual
1,1852,5screws,84.8328,unknown,,1.0,152822.8,1852,1,manual
1,1853,5screws,81.9913,unknown,,1.0,152903.79,1853,1,manual
1,1854,5screws,85.6666,unknown,,1.0,152988.46,1854,1,manual
1,1855,5screws,85.6016,unknown,,1.0,153073.06,1855,1,manual
1,1856,5screws,80.1485,unknown,,1.0,153152.21,1856,1,manual
1,1857,5screws,85.6309,unknown,,1.0,153236.84,1857,1,manual
1,1858,5screws,80.3659,unknown,,1.0,153316.2,1858,1,manual
1,1859,5screws,82.7666,unknown,,1.0,153397.97,1859,1,manual
1,1860,5screws,82.9112,unknown,,1.0,153479.88,1860,1,manual
1,1861,5screws,84.6949,unknown,,1.0,153563.58,1861,1,manual
1,1862,5screws,85.3547,unknown,,1.0,153647.93,1862,1,manual
1,1863,5screws,84.4159,unknown,,1.0,153731.35,1863,1,manual
1,1864,5screws,82.0376,unknown,,1.0,153812.38,1864,1,manual
1,1865,5screws,79.1137,unknown,,1.0,153890.5,1865,1,manual
1,1866,5screws,85.0343,unknown,,1.0,153974.53,1866,1,manual
1,1867,5screws,83.0528,unknown,,1.0,154056.59,1867,1,manual
1,1868,5screws,85.1001,unknown,,1.0,154140.69,1868,1,manual
1,1869,5screws,85.4742,unknown,,1.0,154225.16,1869,1,manual
1,1870,5screws,85.7431,unknown,,1.0,154309.9,1870,1,manual
1,1871,5screws,82.9539,unknown,,1.0,154391.86,1871,1,manual
1,1872,5screws,82.3294,unknown,,1.0,154473.19,1872,1,manual
1,1873,5screws,85.6984,unknown,,1.0,154557.88,1873,1,manual
1,1874,5screws,85.239,unknown,,1.0,154642.12,1874,1,manual
1,1875,5screws,85.7339,unknown,,1.0,154726.86,1875,1,manual
1,1876,5screws,78.6586,unknown,,1.0,154804.52,1876,1,manual
1,1877,5screws,82.2074,unknown,,1.0,154885.72,1877,1,manual
1,1878,5screws,85.0286,unknown,,1.0,154969.75,1878,1,manual
1,1879,5screws,83.0695,unknown,,1.0,155051.82,1879,1,manual
1,1880,5screws,82.5856,unknown,,1.0,155133.41,1880,1,manual
1,1881,5screws,82.7392,unknown,,1.0,155215.15,1881,1,manual
1,1882,5screws,84.9734,unknown,,1.0,155299.12,1882,1,manual
1,1883,5screws,82.4198,unknown,,1.0,155380.54,1883,1,manual
1,1884,5screws,85.3918,unknown,,1.0,155464.93,1884,1,manual
1,1885,5screws,84.7227,unknown,,1.0,155548.65,1885,1,manual
1,1886,5screws,80.9036,unknown,,1.0,155628.56,1886,1,manual
1,1887,5screws,83.5376,unknown,,1.0,155711.1,1887,1,manual
1,1888,5screws,85.72,unknown,,1.0,155795.81,1888,1,manual
1,1889,5screws,82.6848,unknown,,1.0,155877.5,1889,1,manual
1,1890,5screws,82.7131,unknown,,1.0,155959.21,1890,1,manual
1,1891,5screws,85.5649,unknown,,1.0,156043.78,1891,1,manual
1,1892,5screws,85.5148,unknown,,1.0,156128.29,1892,1,manual
1,1893,5screws,80.218,unknown,,1.0,156207.51,1893,1,manual
1,1894,5screws,85.7678,unknown,,1.0,156292.28,1894,1,manual
1,1895,5screws,85.2271,unknown,,1.0,156376.51,1895,1,manual
1,1896,5screws,85.8,unknown,,1.0,156461.31,1896,1,manual
1,1897,5screws,83.9605,unknown,,1.0,156544.27,1897,1,manual
1,1898,5screws,85.619,unknown,,1.0,156628.89,1898,1,manual
1,1899,5screws,83.436,unknown,,1.0,156711.32,1899,1,manual
1,1900,5screws,82.8776,unknown,,1.0,156793.2,1900,1,manual
1,1901,5screws,82.5796,unknown,,1.0,156874.78,1901,1,manual
1,1902,5screws,85.6656,unknown,,1.0,156959.44,1902,1,manual
1,1903,5screws,85.5407,unknown,,1.0,157043.98,1903,1,manual
1,1904,5screws,84.6055,unknown,,1.0,157127.59,1904,1,manual
1,1905,5screws,85.743,unknown,,1.0,157212.33,1905,1,manual
1,1906,5screws,85.5322,unknown,,1.0,157296.87,1906,1,manual
1,1907,5screws,82.1824,unknown,,1.0,157378.05,1907,1,manual
1,1908,5screws,85.4618,unknown,,1.0,157462.51,1908,1,manual
1,1909,5screws,85.3862,unknown,,1.0,157546.9,1909,1,manual
1,1910,5screws,85.6016,unknown,,1.0,157631.5,1910,1,manual
1,1911,5screws,85.5148,unknown,,1.0,157716.01,1911,1,manual
1,1912,5screws,82.5901,unknown,,1.0,157797.6,1912,1,manual
1,1913,5screws,85.619,unknown,,1.0,157882.22,1913,1,manual
1,1914,5screws,85.8318,unknown,,1.0,157967.05,1914,1,manual
1,1915,5screws,85.2653,unknown,,1.0,158051.32,1915,1,manual
1,1916,5screws,85.4079,unknown,,1.0,158135.73,1916,1,manual
1,1917,5screws,81.3976,unknown,,1.0,158216.12,1917,1,manual
1,1918,5screws,82.7131,unknown,,1.0,158297.84,1918,1,manual
1,1919,5screws,86.0296,unknown,,1.0,158382.87,1919,1,manual
1,1920,5screws,82.7392,unknown,,1.0,158464.61,1920,1,manual
1,1921,5screws,83.0864,unknown,,1.0,158546.69,1921,1,manual
1,1922,5screws,81.2445,unknown,,1.0,158626.94,1922,1,manual
1,1923,5screws,85.4628,unknown,,1.0,158711.4,1923,1,manual
1,1924,5screws,83.8019,unknown,,1.0,158794.2,1924,1,manual
1,1925,5screws,85.8,unknown,,1.0,158879.0,1925,1,manual
1,1926,5screws,83.1986,unknown,,1.0,158961.2,1926,1,manual
1,1927,5screws,84.8055,unknown,,1.0,159045.01,1927,1,manual
1,1928,5screws,82.8521,unknown,,1.0,159126.86,1928,1,manual
1,1929,5screws,85.0286,unknown,,1.0,159210.89,1929,1,manual
1,1930,5screws,85.6735,unknown,,1.0,159295.56,1930,1,manual
1,1931,5screws,82.881,unknown,,1.0,159377.44,1931,1,manual
1,1932,5screws,81.462,unknown,,1.0,159457.9,1932,1,manual
1,1933,5screws,81.5111,unknown,,1.0,159538.41,1933,1,manual
1,1934,5screws,85.4682,unknown,,1.0,159622.88,1934,1,manual
1,1935,5screws,82.0885,unknown,,1.0,159703.97,1935,1,manual
1,1936,5screws,85.8112,unknown,,1.0,159788.78,1936,1,manual
1,1937,5screws,85.549,unknown,,1.0,159873.33,1937,1,manual
1,1938,5screws,85.7318,unknown,,1.0,159958.06,1938,1,manual
1,1939,5screws,81.0652,unknown,,1.0,160038.13,1939,1,manual
1,1940,5screws,83.9605,unknown,,1.0,160121.09,1940,1,manual
1,1941,5screws,81.4095,unknown,,1.0,160201.5,1941,1,manual
1,1942,5screws,82.7964,unknown,,1.0,160283.29,1942,1,manual
1,1943,5screws,79.3321,unknown,,1.0,160361.63,1943,1,manual
1,1944,5screws,85.4172,unknown,,1.0,160446.04,1944,1,manual
1,1945,5screws,82.0054,unknown,,1.0,160527.05,1945,1,manual
1,1946,5screws,85.239,unknown,,1.0,160611.29,1946,1,manual
1,1947,5screws,85.7944,unknown,,1.0,160696.08,1947,1,manual
1,1948,5screws,84.5985,unknown,,1.0,160779.68,1948,1,manual
1,1949,5screws,85.7168,unknown,,1.0,160864.4,1949,1,manual
1,1950,5screws,84.6055,unknown,,1.0,160948.0,1950,1,manual
1,1951,5screws,84.2578,unknown,,1.0,161031.26,1951,1,manual
1,1952,5screws,84.8328,unknown,,1.0,161115.09,1952,1,manual
1,1953,5screws,85.3345,unknown,,1.0,161199.43,1953,1,manual
1,1954,5screws,83.7533,unknown,,1.0,161282.18,1954,1,manual
1,1955,5screws,85.7121,unknown,,1.0,161366.89,1955,1,manual
1,1956,5screws,83.4169,unknown,,1.0,161449.31,1956,1,manual
1,1957,5screws,85.5392,unknown,,1.0,161533.85,1957,1,manual
1,1958,5screws,85.1964,unknown,,1.0,161618.05,1958,1,manual
1,1959,5screws,85.6174,unknown,,1.0,161702.66,1959,1,manual
1,1960,5screws,82.7477,unknown,,1.0,161784.41,1960,1,manual
1,1961,5screws,82.0376,unknown,,1.0,161865.45,1961,1,manual
1,1962,5screws,85.1682,unknown,,1.0,161949.62,1962,1,manual
1,1963,5screws,80.9036,unknown,,1.0,162029.52,1963,1,manual
1,1964,5screws,85.6941,unknown,,1.0,162114.21,1964,1,manual
1,1965,5screws,85.5407,unknown,,1.0,162198.76,1965,1,manual
1,1966,5screws,76.5833,unknown,,1.0,162274.34,1966,1,manual
1,1967,5screws,85.7678,unknown,,1.0,162359.11,1967,1,manual
1,1968,5screws,79.7984,unknown,,1.0,162437.9,1968,1,manual
1,1969,5screws,80.8063,unknown,,1.0,162517.71,1969,1,manual
1,1970,5screws,78.1408,unknown,,1.0,162594.85,1970,1,manual
1,1971,5screws,85.3072,unknown,,1.0,162679.16,1971,1,manual
1,1972,5screws,79.3376,unknown,,1.0,162757.5,1972,1,manual
1,1973,5screws,82.1277,unknown,,1.0,162838.62,1973,1,manual
1,1974,5screws,85.034,unknown,,1.0,162922.66,1974,1,manual
1,1975,5screws,82.5341,unknown,,1.0,163004.19,1975,1,manual
1,1976,5screws,85.8103,unknown,,1.0,163089.0,1976,1,manual
1,1977,5screws,81.5653,unknown,,1.0,163169.57,1977,1,manual
1,1978,5screws,82.854,unknown,,1.0,163251.42,1978,1,manual
1,1979,5screws,85.2271,unknown,,1.0,163335.65,1979,1,manual
1,1980,5screws,84.6891,unknown,,1.0,163419.34,1980,1,manual
1,1981,5screws,83.436,unknown,,1.0,163501.77,1981,1,manual
1,1982,5screws,83.0896,unknown,,1.0,163583.86,1982,1,manual
1,1983,5screws,81.4133,unknown,,1.0,163664.28,1983,1,manual
1,1984,5screws,82.2379,unknown,,1.0,163745.51,1984,1,manual
1,1985,5screws,84.0034,unknown,,1.0,163828.52,1985,1,manual
1,1986,5screws,85.743,unknown,,1.0,163913.26,1986,1,manual
1,1987,5screws,85.5649,unknown,,1.0,163997.83,1987,1,manual
1,1988,5screws,80.8983,unknown,,1.0,164077.72,1988,1,manual
1,1989,5screws,84.506,unknown,,1.0,164161.23,1989,1,manual
1,1990,5screws,81.4698,unknown,,1.0,164241.7,1990,1,manual
1,1991,5screws,82.9427,unknown,,1.0,164323.64,1991,1,manual
1,1992,5screws,82.6353,unknown,,1.0,164405.28,1992,1,manual
1,1993,5screws,83.1201,unknown,,1.0,164487.4,1993,1,manual
1,1994,5screws,85.1399,unknown,,1.0,164571.54,1994,1,manual
1,1995,5screws,82.599,unknown,,1.0,164653.14,1995,1,manual
1,1996,5screws,82.3294,unknown,,1.0,164734.47,1996,1,manual
1,1997,5screws,82.4198,unknown,,1.0,164815.89,1997,1,manual
1,1998,5screws,84.7902,unknown,,1.0,164899.68,1998,1,manual
1,1999,5screws,84.6949,unknown,,1.0,164983.37,1999,1,manual
1,2000,5screws,85.5505,unknown,,1.0,165067.92,2000,1,manual
1,2001,5screws,79.8397,unknown,,1.0,165146.76,2001,1,manual
1,2002,5screws,85.3997,unknown,,1.0,165231.16,2002,1,manual
1,2003,5screws,79.1137,unknown,,1.0,165309.28,2003,1,manual
1,2004,5screws,83.5247,unknown,,1.0,165391.8,2004,1,manual
1,2005,5screws,82.9539,unknown,,1.0,165473.75,2005,1,manual
1,2006,5screws,80.3659,unknown,,1.0,165553.12,2006,1,manual
1,2007,5screws,84.6099,unknown,,1.0,165636.73,2007,1,manual
1,2008,5screws,86.015,unknown,,1.0,165721.74,2008,1,manual
1,2009,5screws,78.6586,unknown,,1.0,165799.4,2009,1,manual
1,2010,5screws,81.5095,unknown,,1.0,165879.91,2010,1,manual
1,2011,5screws,85.3547,unknown,,1.0,165964.27,2011,1,manual
1,2012,5screws,82.7666,unknown,,1.0,166046.03,2012,1,manual
1,2013,5screws,81.2666,unknown,,1.0,166126.3,2013,1,manual
1,2014,5screws,85.6656,unknown,,1.0,166210.97,2014,1,manual
1,2015,5screws,84.5842,unknown,,1.0,166294.55,2015,1,manual
1,2016,5screws,85.4153,unknown,,1.0,166378.97,2016,1,manual
1,2017,5screws,85.54,unknown,,1.0,166463.51,2017,1,manual
1,2018,5screws,82.9024,unknown,,1.0,166545.41,2018,1,manual
1,2019,5screws,83.8373,unknown,,1.0,166628.25,2019,1,manual
1,2020,5screws,82.9336,unknown,,1.0,166710.18,2020,1,manual
1,2021,5screws,85.9319,unknown,,1.0,166795.11,2021,1,manual
1,2022,5screws,83.5376,unknown,,1.0,166877.65,2022,1,manual
1,2023,5screws,83.0455,unknown,,1.0,166959.69,2023,1,manual
1,2024,5screws,81.9913,unknown,,1.0,167040.69,2024,1,manual
1,2025,5screws,82.7733,unknown,,1.0,167122.46,2025,1,manual
1,2026,5screws,85.0552,unknown,,1.0,167206.51,2026,1,manual
1,2027,5screws,85.6824,unknown,,1.0,167291.2,2027,1,manual
1,2028,5screws,85.0949,unknown,,1.0,167375.29,2028,1,manual
1,2029,5screws,85.7769,unknown,,1.0,167460.07,2029,1,manual
1,2030,5screws,85.1056,unknown,,1.0,167544.17,2030,1,manual
1,2031,5screws,80.1485,unknown,,1.0,167623.32,2031,1,manual
1,2032,5screws,79.7637,unknown,,1.0,167702.09,2032,1,manual
1,2033,5screws,82.7906,unknown,,1.0,167783.88,2033,1,manual
1,2034,5screws,85.4699,unknown,,1.0,167868.35,2034,1,manual
1,2035,5screws,84.4159,unknown,,1.0,167951.76,2035,1,manual
1,2036,5screws,85.6824,unknown,,1.0,168036.44,2036,1,manual
1,2037,5screws,85.72,unknown,,1.0,168121.16,2037,1,manual
1,2038,5screws,83.4959,unknown,,1.0,168203.66,2038,1,manual
1,2039,5screws,79.9166,unknown,,1.0,168282.58,2039,1,manual
1,2040,5screws,83.0695,unknown,,1.0,168364.65,2040,1,manual
1,2041,5screws,82.9112,unknown,,1.0,168446.56,2041,1,manual
1,2042,5screws,82.4933,unknown,,1.0,168528.05,2042,1,manual
1,2043,5screws,83.0528,unknown,,1.0,168610.1,2043,1,manual
1,2044,5screws,85.0343,unknown,,1.0,168694.14,2044,1,manual
1,2045,5screws,85.6289,unknown,,1.0,168778.77,2045,1,manual
1,2046,5screws,85.5772,unknown,,1.0,168863.34,2046,1,manual
1,2047,5screws,83.0052,unknown,,1.0,168945.35,2047,1,manual
1,2048,5screws,84.2888,unknown,,1.0,169028.64,2048,1,manual
1,2049,5screws,83.19,unknown,,1.0,169110.83,2049,1,manual
1,2050,5screws,85.6666,unknown,,1.0,169195.49,2050,1,manual
1,2051,5screws,83.8248,unknown,,1.0,169278.32,2051,1,manual
1,2052,5screws,82.6848,unknown,,1.0,169360.0,2052,1,manual
1,2053,5screws,85.4742,unknown,,1.0,169444.48,2053,1,manual
1,2054,5screws,85.9457,unknown,,1.0,169529.42,2054,1,manual
1,2055,5screws,85.8795,unknown,,1.0,169614.3,2055,1,manual
1,2056,5screws,83.0794,unknown,,1.0,169696.38,2056,1,manual
1,2057,5screws,82.7778,unknown,,1.0,169778.16,2057,1,manual
1,2058,5screws,80.296,unknown,,1.0,169857.46,2058,1,manual
1,2059,5screws,85.6935,unknown,,1.0,169942.15,2059,1,manual
1,2060,5screws,85.1001,unknown,,1.0,170026.25,2060,1,manual
1,2061,5screws,78.9283,unknown,,1.0,170104.18,2061,1,manual
1,2062,5screws,82.9056,unknown,,1.0,170186.08,2062,1,manual
1,2063,5screws,84.5132,unknown,,1.0,170269.6,2063,1,manual
1,2064,5screws,83.73,unknown,,1.0,170352.33,2064,1,manual
1,2065,5screws,80.1163,unknown,,1.0,170431.44,2065,1,manual
1,2066,5screws,85.5077,unknown,,1.0,170515.95,2066,1,manual
1,2067,5screws,85.3981,unknown,,1.0,170600.35,2067,1,manual
1,2068,5screws,82.7914,unknown,,1.0,170682.14,2068,1,manual
1,2069,5screws,82.2074,unknown,,1.0,170763.35,2069,1,manual
1,2070,5screws,85.6309,unknown,,1.0,170847.98,2070,1,manual
1,2071,5screws,85.6984,unknown,,1.0,170932.68,2071,1,manual
1,2072,5screws,85.4582,unknown,,1.0,171017.14,2072,1,manual
1,2073,5screws,80.4856,unknown,,1.0,171096.62,2073,1,manual
1,2074,5screws,82.9135,unknown,,1.0,171178.54,2074,1,manual
1,2075,5screws,82.5856,unknown,,1.0,171260.12,2075,1,manual
1,2076,5screws,86.0534,unknown,,1.0,171345.17,2076,1,manual
1,2077,5screws,85.7359,unknown,,1.0,171429.91,2077,1,manual
1,2078,5screws,85.4143,unknown,,1.0,171514.32,2078,1,manual
1,2079,5screws,85.7431,unknown,,1.0,171599.07,2079,1,manual
1,2080,5screws,85.3872,unknown,,1.0,171683.45,2080,1,manual
1,2081,5screws,85.2174,unknown,,1.0,171767.67,2081,1,manual
1,2082,5screws,80.218,unknown,,1.0,171846.89,2082,1,manual
1,2083,5screws,79.5054,unknown,,1.0,171925.4,2083,1,manual
1,2084,5screws,82.3605,unknown,,1.0,172006.76,2084,1,manual
1,2085,5screws,82.1824,unknown,,1.0,172087.94,2085,1,manual
1,2086,5screws,85.4246,unknown,,1.0,172172.36,2086,1,manual
1,2087,5screws,81.3468,unknown,,1.0,172252.71,2087,1,manual
1,2088,5screws,80.4143,unknown,,1.0,172332.12,2088,1,manual
1,2089,5screws,79.0914,unknown,,1.0,172410.22,2089,1,manual
1,2090,5screws,80.5751,unknown,,1.0,172489.79,2090,1,manual
1,2091,5screws,84.7227,unknown,,1.0,172573.51,2091,1,manual
1,2092,5screws,82.2387,unknown,,1.0,172654.75,2092,1,manual
1,2093,5screws,85.5322,unknown,,1.0,172739.28,2093,1,manual
1,2094,5screws,85.57,unknown,,1.0,172823.85,2094,1,manual
1,2095,5screws,81.8174,unknown,,1.0,172904.67,2095,1,manual
1,2096,5screws,84.0649,unknown,,1.0,172987.74,2096,1,manual
1,2097,5screws,82.3136,unknown,,1.0,173069.05,2097,1,manual
1,2098,5screws,84.9734,unknown,,1.0,173153.02,2098,1,manual
1,2099,5screws,81.364,unknown,,1.0,173233.39,2099,1,manual
1,2100,5screws,78.9314,unknown,,1.0,173311.32,2100,1,manual
1,2101,5screws,85.4651,unknown,,1.0,173395.78,2101,1,manual
1,2102,5screws,85.3009,unknown,,1.0,173480.08,2102,1,manual
1,2103,5screws,85.7958,unknown,,1.0,173564.88,2103,1,manual
1,2104,5screws,85.7339,unknown,,1.0,173649.61,2104,1,manual
1,2105,5screws,83.6736,unknown,,1.0,173732.29,2105,1,manual
1,2106,5screws,81.7213,unknown,,1.0,173813.01,2106,1,manual
1,2107,5screws,85.6762,unknown,,1.0,173897.69,2107,1,manual
1,2108,5screws,86.0726,unknown,,1.0,173982.76,2108,1,manual
1,2109,5screws,85.2655,unknown,,1.0,174067.02,2109,1,manual
1,2110,5screws,85.3918,unknown,,1.0,174151.42,2110,1,manual
1,2111,5screws,82.8776,unknown,,1.0,174233.29,2111,1,manual
1,2112,5screws,80.3458,unknown,,1.0,174312.64,2112,1,manual
1,2113,5screws,76.6978,unknown,,1.0,174388.34,2113,1,manual
1,2114,5screws,85.9066,unknown,,1.0,174473.24,2114,1,manual
1,2115,5screws,85.4618,unknown,,1.0,174557.71,2115,1,manual
1,2116,5screws,85.576,unknown,,1.0,174642.28,2116,1,manual
1,2117,5screws,82.5796,unknown,,1.0,174723.86,2117,1,manual
1,2118,5screws,79.4929,unknown,,1.0,174802.35,2118,1,manual
1,2119,5screws,79.6179,unknown,,1.0,174880.97,2119,1,manual
1,2120,5screws,78.3724,unknown,,1.0,174958.34,2120,1,manual
1,2121,5screws,85.72,unknown,,1.0,175043.06,2121,1,manual
1,2122,5screws,82.0054,unknown,,1.0,175124.07,2122,1,manual
1,2123,5screws,85.4143,unknown,,1.0,175208.48,2123,1,manual
1,2124,5screws,85.3547,unknown,,1.0,175292.84,2124,1,manual
1,2125,5screws,83.1986,unknown,,1.0,175375.04,2125,1,manual
1,2126,5screws,82.9024,unknown,,1.0,175456.94,2126,1,manual
1,2127,5screws,82.4933,unknown,,1.0,175538.43,2127,1,manual
1,2128,5screws,82.1824,unknown,,1.0,175619.61,2128,1,manual
1,2129,5screws,80.296,unknown,,1.0,175698.91,2129,1,manual
1,2130,5screws,79.1137,unknown,,1.0,175777.02,2130,1,manual
1,2131,5screws,79.8397,unknown,,1.0,175855.86,2131,1,manual
1,2132,5screws,83.6736,unknown,,1.0,175938.54,2132,1,manual
1,2133,5screws,81.3468,unknown,,1.0,176018.88,2133,1,manual
1,2134,5screws,81.8174,unknown,,1.0,176099.7,2134,1,manual
1,2135,5screws,82.2074,unknown,,1.0,176180.91,2135,1,manual
1,2136,5screws,82.9336,unknown,,1.0,176262.84,2136,1,manual
1,2137,5screws,85.6762,unknown,,1.0,176347.52,2137,1,manual
1,2138,5screws,79.3321,unknown,,1.0,176425.85,2138,1,manual
1,2139,5screws,85.239,unknown,,1.0,176510.09,2139,1,manual
1,2140,5screws,85.0552,unknown,,1.0,176594.15,2140,1,manual
1,2141,5screws,86.015,unknown,,1.0,176679.16,2141,1,manual
1,2142,5screws,79.0914,unknown,,1.0,176757.25,2142,1,manual
1,2143,5screws,82.0376,unknown,,1.0,176838.29,2143,1,manual
1,2144,5screws,82.0885,unknown,,1.0,176919.38,2144,1,manual
1,2145,5screws,85.0343,unknown,,1.0,177003.41,2145,1,manual
1,2146,5screws,82.881,unknown,,1.0,177085.29,2146,1,manual
1,2147,5screws,85.1001,unknown,,1.0,177169.39,2147,1,manual
1,2148,5screws,85.4246,unknown,,1.0,177253.82,2148,1,manual
1,2149,5screws,83.0052,unknown,,1.0,177335.82,2149,1,manual
1,2150,5screws,84.4159,unknown,,1.0,177419.24,2150,1,manual
1,2151,5screws,82.854,unknown,,1.0,177501.09,2151,1,manual
1,2152,5screws,80.8983,unknown,,1.0,177580.99,2152,1,manual
1,2153,5screws,82.8521,unknown,,1.0,177662.84,2153,1,manual
1,2154,5screws,85.57,unknown,,1.0,177747.41,2154,1,manual
1,2155,5screws,82.8776,unknown,,1.0,177829.29,2155,1,manual
1,2156,5screws,83.0896,unknown,,1.0,177911.38,2156,1,manual
1,2157,5screws,85.5322,unknown,,1.0,177995.91,2157,1,manual
1,2158,5screws,85.0949,unknown,,1.0,178080.01,2158,1,manual
1,2159,5screws,85.4172,unknown,,1.0,178164.43,2159,1,manual
1,2160,5screws,85.9457,unknown,,1.0,178249.37,2160,1,manual
1,2161,5screws,84.6055,unknown,,1.0,178332.98,2161,1,manual
1,2162,5screws,84.6949,unknown,,1.0,178416.67,2162,1,manual
1,2163,5screws,85.7359,unknown,,1.0,178501.41,2163,1,manual
1,2164,5screws,85.3009,unknown,,1.0,178585.71,2164,1,manual
1,2165,5screws,86.0726,unknown,,1.0,178670.78,2165,1,manual
1,2166,5screws,82.3605,unknown,,1.0,178752.14,2166,1,manual
1,2167,5screws,85.2653,unknown,,1.0,178836.41,2167,1,manual
1,2168,5screws,80.4143,unknown,,1.0,178915.82,2168,1,manual
1,2169,5screws,82.7131,unknown,,1.0,178997.53,2169,1,manual
1,2170,5screws,79.4929,unknown,,1.0,179076.03,2170,1,manual
1,2171,5screws,79.9166,unknown,,1.0,179154.94,2171,1,manual
1,2172,5screws,82.5796,unknown,,1.0,179236.52,2172,1,manual
1,2173,5screws,85.4651,unknown,,1.0,179320.99,2173,1,manual
1,2174,5screws,78.3724,unknown,,1.0,179398.36,2174,1,manual
1,2175,5screws,85.7958,unknown,,1.0,179483.16,2175,1,manual
1,2176,5screws,83.73,unknown,,1.0,179565.89,2176,1,manual
1,2177,5screws,85.6935,unknown,,1.0,179650.58,2177,1,manual
1,2178,5screws,85.3862,unknown,,1.0,179734.97,2178,1,manual
1,2179,5screws,82.7666,unknown,,1.0,179816.73,2179,1,manual
1,2180,5screws,82.9135,unknown,,1.0,179898.65,2180,1,manual
1,2181,5screws,85.6984,unknown,,1.0,179983.34,2181,1,manual
1,2182,5screws,84.0649,unknown,,1.0,180066.41,2182,1,manual
1,2183,5screws,83.0864,unknown,,1.0,180148.5,2183,1,manual
1,2184,5screws,82.9056,unknown,,1.0,180230.4,2184,1,manual
1,2185,5screws,85.6309,unknown,,1.0,180315.03,2185,1,manual
1,2186,5screws,85.3345,unknown,,1.0,180399.37,2186,1,manual
1,2187,5screws,85.6289,unknown,,1.0,180484.0,2187,1,manual
1,2188,5screws,85.5148,unknown,,1.0,180568.51,2188,1,manual
1,2189,5screws,81.462,unknown,,1.0,180648.97,2189,1,manual
1,2190,5screws,85.5077,unknown,,1.0,180733.48,2190,1,manual
1,2191,5screws,85.1682,unknown,,1.0,180817.65,2191,1,manual
1,2192,5screws,82.7906,unknown,,1.0,180899.44,2192,1,manual
1,2193,5screws,83.7533,unknown,,1.0,180982.19,2193,1,manual
1,2194,5screws,84.0034,unknown,,1.0,181065.2,2194,1,manual
1,2195,5screws,85.9319,unknown,,1.0,181150.13,2195,1,manual
1,2196,5screws,83.19,unknown,,1.0,181232.32,2196,1,manual
1,2197,5screws,78.9314,unknown,,1.0,181310.25,2197,1,manual
1,2198,5screws,83.1201,unknown,,1.0,181392.37,2198,1,manual
1,2199,5screws,85.5407,unknown,,1.0,181476.91,2199,1,manual
1,2200,5screws,83.4169,unknown,,1.0,181559.33,2200,1,manual
1,2201,5screws,85.1964,unknown,,1.0,181643.52,2201,1,manual
1,2202,5screws,81.2666,unknown,,1.0,181723.79,2202,1,manual
1,2203,5screws,81.4698,unknown,,1.0,181804.26,2203,1,manual
1,2204,5screws,82.4198,unknown,,1.0,181885.68,2204,1,manual
1,2205,5screws,82.9112,unknown,,1.0,181967.59,2205,1,manual
1,2206,5screws,81.4095,unknown,,1.0,182048.0,2206,1,manual
1,2207,5screws,85.8318,unknown,,1.0,182132.83,2207,1,manual
1,2208,5screws,84.7902,unknown,,1.0,182216.62,2208,1,manual
1,2209,5screws,83.436,unknown,,1.0,182299.06,2209,1,manual
1,2210,5screws,76.5833,unknown,,1.0,182374.64,2210,1,manual
1,2211,5screws,81.5653,unknown,,1.0,182455.21,2211,1,manual
1,2212,5screws,82.7964,unknown,,1.0,182537.0,2212,1,manual
1,2213,5screws,84.8328,unknown,,1.0,182620.84,2213,1,manual
1,2214,5screws,76.6978,unknown,,1.0,182696.53,2214,1,manual
1,2215,5screws,85.3981,unknown,,1.0,182780.93,2215,1,manual
1,2216,5screws,84.5842,unknown,,1.0,182864.52,2216,1,manual
1,2217,5screws,85.6174,unknown,,1.0,182949.13,2217,1,manual
1,2218,5screws,79.7984,unknown,,1.0,183027.93,2218,1,manual
1,2219,5screws,83.9605,unknown,,1.0,183110.89,2219,1,manual
1,2220,5screws,78.9283,unknown,,1.0,183188.82,2220,1,manual
1,2221,5screws,85.5392,unknown,,1.0,183273.36,2221,1,manual
1,2222,5screws,85.54,unknown,,1.0,183357.9,2222,1,manual
1,2223,5screws,85.6824,unknown,,1.0,183442.58,2223,1,manual
1,2224,5screws,84.6891,unknown,,1.0,183526.27,2224,1,manual
1,2225,5screws,85.743,unknown,,1.0,183611.01,2225,1,manual
1,2226,5screws,85.6824,unknown,,1.0,183695.7,2226,1,manual
1,2227,5screws,85.2174,unknown,,1.0,183779.91,2227,1,manual
1,2228,5screws,85.4699,unknown,,1.0,183864.38,2228,1,manual
1,2229,5screws,85.3872,unknown,,1.0,183948.77,2229,1,manual
1,2230,5screws,85.7318,unknown,,1.0,184033.5,2230,1,manual
1,2231,5screws,83.8373,unknown,,1.0,184116.34,2231,1,manual
1,2232,5screws,85.6666,unknown,,1.0,184201.01,2232,1,manual
1,2233,5screws,83.5376,unknown,,1.0,184283.54,2233,1,manual
1,2234,5screws,84.7227,unknown,,1.0,184367.27,2234,1,manual
1,2235,5screws,85.6941,unknown,,1.0,184451.96,2235,1,manual
1,2236,5screws,84.2888,unknown,,1.0,184535.25,2236,1,manual
1,2237,5screws,82.599,unknown,,1.0,184616.85,2237,1,manual
1,2238,5screws,82.7477,unknown,,1.0,184698.6,2238,1,manual
1,2239,5screws,85.7944,unknown,,1.0,184783.39,2239,1,manual
1,2240,5screws,85.7678,unknown,,1.0,184868.16,2240,1,manual
1,2241,5screws,85.1399,unknown,,1.0,184952.3,2241,1,manual
1,2242,5screws,85.5772,unknown,,1.0,185036.88,2242,1,manual
1,2243,5screws,85.8112,unknown,,1.0,185121.69,2243,1,manual
1,2244,5screws,84.5132,unknown,,1.0,185205.2,2244,1,manual
1,2245,5screws,83.8248,unknown,,1.0,185288.02,2245,1,manual
1,2246,5screws,81.7213,unknown,,1.0,185368.75,2246,1,manual
1,2247,5screws,82.7733,unknown,,1.0,185450.52,2247,1,manual
1,2248,5screws,80.4856,unknown,,1.0,185530.01,2248,1,manual
1,2249,5screws,85.7168,unknown,,1.0,185614.72,2249,1,manual
1,2250,5screws,85.4682,unknown,,1.0,185699.19,2250,1,manual
1,2251,5screws,83.0455,unknown,,1.0,185781.24,2251,1,manual
1,2252,5screws,81.5111,unknown,,1.0,185861.75,2252,1,manual
1,2253,5screws,85.7339,unknown,,1.0,185946.48,2253,1,manual
1,2254,5screws,82.6848,unknown,,1.0,186028.17,2254,1,manual
1,2255,5screws,82.3294,unknown,,1.0,186109.49,2255,1,manual
1,2256,5screws,79.7637,unknown,,1.0,186188.26,2256,1,manual
1,2257,5screws,80.3458,unknown,,1.0,186267.6,2257,1,manual
1,2258,5screws,79.6179,unknown,,1.0,186346.22,2258,1,manual
1,2259,5screws,85.4079,unknown,,1.0,186430.63,2259,1,manual
1,2260,5screws,83.0528,unknown,,1.0,186512.68,2260,1,manual
1,2261,5screws,85.6656,unknown,,1.0,186597.35,2261,1,manual
1,2262,5screws,83.8019,unknown,,1.0,186680.15,2262,1,manual
1,2263,5screws,85.4628,unknown,,1.0,186764.61,2263,1,manual
1,2264,5screws,80.5751,unknown,,1.0,186844.19,2264,1,manual
1,2265,5screws,80.1485,unknown,,1.0,186923.34,2265,1,manual
1,2266,5screws,83.0695,unknown,,1.0,187005.41,2266,1,manual
1,2267,5screws,82.2379,unknown,,1.0,187086.64,2267,1,manual
1,2268,5screws,81.364,unknown,,1.0,187167.01,2268,1,manual
1,2269,5screws,79.5054,unknown,,1.0,187245.51,2269,1,manual
1,2270,5screws,85.3918,unknown,,1.0,187329.91,2270,1,manual
1,2271,5screws,86.0534,unknown,,1.0,187414.96,2271,1,manual
1,2272,5screws,85.3072,unknown,,1.0,187499.27,2272,1,manual
1,2273,5screws,81.0652,unknown,,1.0,187579.33,2273,1,manual
1,2274,5screws,81.9913,unknown,,1.0,187660.32,2274,1,manual
1,2275,5screws,81.5095,unknown,,1.0,187740.83,2275,1,manual
1,2276,5screws,80.9036,unknown,,1.0,187820.74,2276,1,manual
1,2277,5screws,85.4153,unknown,,1.0,187905.15,2277,1,manual
1,2278,5screws,80.1163,unknown,,1.0,187984.27,2278,1,manual
1,2279,5screws,85.7121,unknown,,1.0,188068.98,2279,1,manual
1,2280,5screws,85.8103,unknown,,1.0,188153.79,2280,1,manual
1,2281,5screws,78.6586,unknown,,1.0,188231.45,2281,1,manual
1,2282,5screws,82.9427,unknown,,1.0,188313.39,2282,1,manual
1,2283,5screws,82.2387,unknown,,1.0,188394.63,2283,1,manual
1,2284,5screws,85.6735,unknown,,1.0,188479.3,2284,1,manual
1,2285,5screws,80.8063,unknown,,1.0,188559.11,2285,1,manual
1,2286,5screws,85.1056,unknown,,1.0,188643.21,2286,1,manual
1,2287,5screws,85.4742,unknown,,1.0,188727.69,2287,1,manual
1,2288,5screws,85.6016,unknown,,1.0,188812.29,2288,1,manual
1,2289,5screws,82.3136,unknown,,1.0,188893.6,2289,1,manual
1,2290,5screws,85.5505,unknown,,1.0,188978.15,2290,1,manual
1,2291,5screws,85.7769,unknown,,1.0,189062.93,2291,1,manual
1,2292,5screws,84.506,unknown,,1.0,189146.44,2292,1,manual
1,2293,5screws,85.4618,unknown,,1.0,189230.9,2293,1,manual
1,2294,5screws,85.2655,unknown,,1.0,189315.16,2294,1,manual
1,2295,5screws,83.0794,unknown,,1.0,189397.24,2295,1,manual
1,2296,5screws,84.9734,unknown,,1.0,189481.22,2296,1,manual
1,2297,5screws,82.5901,unknown,,1.0,189562.81,2297,1,manual
1,2298,5screws,85.619,unknown,,1.0,189647.43,2298,1,manual
1,2299,5screws,84.2578,unknown,,1.0,189730.68,2299,1,manual
1,2300,5screws,85.549,unknown,,1.0,189815.23,2300,1,manual
1,2301,5screws,85.2271,unknown,,1.0,189899.46,2301,1,manual
1,2302,5screws,85.7431,unknown,,1.0,189984.2,2302,1,manual
1,2303,5screws,83.4959,unknown,,1.0,190066.7,2303,1,manual
1,2304,5screws,82.9539,unknown,,1.0,190148.65,2304,1,manual
1,2305,5screws,81.2445,unknown,,1.0,190228.9,2305,1,manual
1,2306,5screws,80.3659,unknown,,1.0,190308.26,2306,1,manual
1,2307,5screws,82.6353,unknown,,1.0,190389.9,2307,1,manual
1,2308,5screws,85.0286,unknown,,1.0,190473.93,2308,1,manual
1,2309,5screws,85.8,unknown,,1.0,190558.73,2309,1,manual
1,2310,5screws,82.7914,unknown,,1.0,190640.52,2310,1,manual
1,2311,5screws,83.5247,unknown,,1.0,190723.04,2311,1,manual
1,2312,5screws,85.4582,unknown,,1.0,190807.5,2312,1,manual
1,2313,5screws,79.3376,unknown,,1.0,190885.84,2313,1,manual
1,2314,5screws,81.3976,unknown,,1.0,190966.24,2314,1,manual
1,2315,5screws,86.0296,unknown,,1.0,191051.27,2315,1,manual
1,2316,5screws,85.576,unknown,,1.0,191135.84,2316,1,manual
1,2317,5screws,81.4133,unknown,,1.0,191216.26,2317,1,manual
1,2318,5screws,80.218,unknown,,1.0,191295.47,2318,1,manual
1,2319,5screws,84.6099,unknown,,1.0,191379.08,2319,1,manual
1,2320,5screws,85.8795,unknown,,1.0,191463.96,2320,1,manual
1,2321,5screws,78.1408,unknown,,1.0,191541.1,2321,1,manual
1,2322,5screws,82.7392,unknown,,1.0,191622.84,2322,1,manual
1,2323,5screws,84.8055,unknown,,1.0,191706.65,2323,1,manual
1,2324,5screws,82.7778,unknown,,1.0,191788.43,2324,1,manual
1,2325,5screws,82.1277,unknown,,1.0,191869.55,2325,1,manual
1,2326,5screws,85.034,unknown,,1.0,191953.59,2326,1,manual
1,2327,5screws,85.3997,unknown,,1.0,192037.99,2327,1,manual
1,2328,5screws,82.5341,unknown,,1.0,192119.52,2328,1,manual
1,2329,5screws,84.5985,unknown,,1.0,192203.12,2329,1,manual
1,2330,5screws,85.9066,unknown,,1.0,192288.03,2330,1,manual
1,2331,5screws,85.5649,unknown,,1.0,192372.59,2331,1,manual
1,2332,5screws,82.5856,unknown,,1.0,192454.18,2332,1,manual
1,2333,5screws,85.5077,unknown,,1.0,192538.69,2333,1,manual
1,2334,5screws,85.7431,unknown,,1.0,192623.43,2334,1,manual
1,2335,5screws,82.3136,unknown,,1.0,192704.74,2335,1,manual
1,2336,5screws,85.9319,unknown,,1.0,192789.67,2336,1,manual
1,2337,5screws,85.3918,unknown,,1.0,192874.07,2337,1,manual
1,2338,5screws,82.0054,unknown,,1.0,192955.07,2338,1,manual
1,2339,5screws,85.8318,unknown,,1.0,193039.9,2339,1,manual
1,2340,5screws,82.6848,unknown,,1.0,193121.59,2340,1,manual
1,2341,5screws,81.4133,unknown,,1.0,193202.0,2341,1,manual
1,2342,5screws,82.7733,unknown,,1.0,193283.77,2342,1,manual
1,2343,5screws,83.4959,unknown,,1.0,193366.27,2343,1,manual
1,2344,5screws,83.0794,unknown,,1.0,193448.35,2344,1,manual
1,2345,5screws,82.1277,unknown,,1.0,193529.48,2345,1,manual
1,2346,5screws,78.1408,unknown,,1.0,193606.62,2346,1,manual
1,2347,5screws,78.9283,unknown,,1.0,193684.55,2347,1,manual
1,2348,5screws,85.7121,unknown,,1.0,193769.26,2348,1,manual
1,2349,5screws,79.4929,unknown,,1.0,193847.75,2349,1,manual
1,2350,5screws,79.9166,unknown,,1.0,193926.67,2350,1,manual
1,2351,5screws,85.8112,unknown,,1.0,194011.48,2351,1,manual
1,2352,5screws,84.6949,unknown,,1.0,194095.17,2352,1,manual
1,2353,5screws,85.4153,unknown,,1.0,194179.59,2353,1,manual
1,2354,5screws,82.6353,unknown,,1.0,194261.23,2354,1,manual
1,2355,5screws,85.6824,unknown,,1.0,194345.91,2355,1,manual
1,2356,5screws,80.5751,unknown,,1.0,194425.48,2356,1,manual
1,2357,5screws,84.6055,unknown,,1.0,194509.09,2357,1,manual
1,2358,5screws,85.4628,unknown,,1.0,194593.55,2358,1,manual
1,2359,5screws,80.296,unknown,,1.0,194672.85,2359,1,manual
1,2360,5screws,79.1137,unknown,,1.0,194750.96,2360,1,manual
1,2361,5screws,85.7318,unknown,,1.0,194835.69,2361,1,manual
1,2362,5screws,81.2445,unknown,,1.0,194915.94,2362,1,manual
1,2363,5screws,83.8019,unknown,,1.0,194998.74,2363,1,manual
1,2364,5screws,79.7984,unknown,,1.0,195077.54,2364,1,manual
1,2365,5screws,85.0949,unknown,,1.0,195161.63,2365,1,manual
1,2366,5screws,83.1986,unknown,,1.0,195243.83,2366,1,manual
1,2367,5screws,82.4933,unknown,,1.0,195325.32,2367,1,manual
1,2368,5screws,82.9539,unknown,,1.0,195407.28,2368,1,manual
1,2369,5screws,83.8373,unknown,,1.0,195490.12,2369,1,manual
1,2370,5screws,85.5407,unknown,,1.0,195574.66,2370,1,manual
1,2371,5screws,85.4079,unknown,,1.0,195659.06,2371,1,manual
1,2372,5screws,82.599,unknown,,1.0,195740.66,2372,1,manual
1,2373,5screws,85.7678,unknown,,1.0,195825.43,2373,1,manual
1,2374,5screws,81.3468,unknown,,1.0,195905.78,2374,1,manual
1,2375,5screws,80.218,unknown,,1.0,195985.0,2375,1,manual
1,2376,5screws,82.0376,unknown,,1.0,196066.03,2376,1,manual
1,2377,5screws,85.7769,unknown,,1.0,196150.81,2377,1,manual
1,2378,5screws,78.3724,unknown,,1.0,196228.18,2378,1,manual
1,2379,5screws,82.854,unknown,,1.0,196310.04,2379,1,manual
1,2380,5screws,85.6984,unknown,,1.0,196394.73,2380,1,manual
1,2381,5screws,85.619,unknown,,1.0,196479.35,2381,1,manual
1,2382,5screws,85.7958,unknown,,1.0,196564.15,2382,1,manual
1,2383,5screws,84.0034,unknown,,1.0,196647.15,2383,1,manual
1,2384,5screws,85.3345,unknown,,1.0,196731.49,2384,1,manual
1,2385,5screws,84.2888,unknown,,1.0,196814.78,2385,1,manual
1,2386,5screws,80.3458,unknown,,1.0,196894.12,2386,1,manual
1,2387,5screws,85.7359,unknown,,1.0,196978.86,2387,1,manual
1,2388,5screws,85.5392,unknown,,1.0,197063.4,2388,1,manual
1,2389,5screws,82.3605,unknown,,1.0,197144.76,2389,1,manual
1,2390,5screws,85.6762,unknown,,1.0,197229.43,2390,1,manual
1,2391,5screws,85.5649,unknown,,1.0,197314.0,2391,1,manual
1,2392,5screws,82.5856,unknown,,1.0,197395.58,2392,1,manual
1,2393,5screws,82.9427,unknown,,1.0,197477.53,2393,1,manual
1,2394,5screws,83.0864,unknown,,1.0,197559.61,2394,1,manual
1,2395,5screws,85.6289,unknown,,1.0,197644.24,2395,1,manual
1,2396,5screws,85.57,unknown,,1.0,197728.81,2396,1,manual
1,2397,5screws,85.5148,unknown,,1.0,197813.33,2397,1,manual
1,2398,5screws,85.0343,unknown,,1.0,197897.36,2398,1,manual
1,2399,5screws,84.8055,unknown,,1.0,197981.17,2399,1,manual
1,2400,5screws,85.743,unknown,,1.0,198065.91,2400,1,manual
1,2401,5screws,84.2578,unknown,,1.0,198149.17,2401,1,manual
1,2402,5screws,82.5901,unknown,,1.0,198230.76,2402,1,manual
1,2403,5screws,85.3981,unknown,,1.0,198315.16,2403,1,manual
1,2404,5screws,85.5505,unknown,,1.0,198399.71,2404,1,manual
1,2405,5screws,82.881,unknown,,1.0,198481.59,2405,1,manual
1,2406,5screws,85.1056,unknown,,1.0,198565.69,2406,1,manual
1,2407,5screws,79.5054,unknown,,1.0,198644.2,2407,1,manual
1,2408,5screws,85.6309,unknown,,1.0,198728.83,2408,1,manual
1,2409,5screws,85.4582,unknown,,1.0,198813.29,2409,1,manual
1,2410,5screws,85.5772,unknown,,1.0,198897.86,2410,1,manual
1,2411,5screws,85.4246,unknown,,1.0,198982.29,2411,1,manual
1,2412,5screws,85.2653,unknown,,1.0,199066.55,2412,1,manual
1,2413,5screws,82.5341,unknown,,1.0,199148.09,2413,1,manual
1,2414,5screws,80.8983,unknown,,1.0,199227.99,2414,1,manual
1,2415,5screws,82.9336,unknown,,1.0,199309.92,2415,1,manual
1,2416,5screws,82.9056,unknown,,1.0,199391.83,2416,1,manual
1,2417,5screws,85.6824,unknown,,1.0,199476.51,2417,1,manual
1,2418,5screws,83.0052,unknown,,1.0,199558.51,2418,1,manual
1,2419,5screws,82.4198,unknown,,1.0,199639.93,2419,1,manual
1,2420,5screws,82.7778,unknown,,1.0,199721.71,2420,1,manual
1,2421,5screws,85.4699,unknown,,1.0,199806.18,2421,1,manual
1,2422,5screws,81.4095,unknown,,1.0,199886.59,2422,1,manual
1,2423,5screws,81.5095,unknown,,1.0,199967.1,2423,1,manual
1,2424,5screws,85.0286,unknown,,1.0,200051.13,2424,1,manual
1,2425,5screws,85.576,unknown,,1.0,200135.71,2425,1,manual
1,2426,5screws,82.7131,unknown,,1.0,200217.42,2426,1,manual
1,2427,5screws,83.0455,unknown,,1.0,200299.46,2427,1,manual
1,2428,5screws,81.462,unknown,,1.0,200379.93,2428,1,manual
1,2429,5screws,80.4856,unknown,,1.0,200459.41,2429,1,manual
1,2430,5screws,78.6586,unknown,,1.0,200537.07,2430,1,manual
1,2431,5screws,85.549,unknown,,1.0,200621.62,2431,1,manual
1,2432,5screws,82.9024,unknown,,1.0,200703.52,2432,1,manual
1,2433,5screws,81.7213,unknown,,1.0,200784.24,2433,1,manual
1,2434,5screws,85.239,unknown,,1.0,200868.48,2434,1,manual
1,2435,5screws,85.3872,unknown,,1.0,200952.87,2435,1,manual
1,2436,5screws,85.3997,unknown,,1.0,201037.27,2436,1,manual
1,2437,5screws,80.4143,unknown,,1.0,201116.68,2437,1,manual
1,2438,5screws,83.19,unknown,,1.0,201198.87,2438,1,manual
1,2439,5screws,82.9135,unknown,,1.0,201280.79,2439,1,manual
1,2440,5screws,82.2379,unknown,,1.0,201362.02,2440,1,manual
1,2441,5screws,85.3009,unknown,,1.0,201446.33,2441,1,manual
1,2442,5screws,84.5132,unknown,,1.0,201529.84,2442,1,manual
1,2443,5screws,86.0534,unknown,,1.0,201614.89,2443,1,manual
1,2444,5screws,82.8521,unknown,,1.0,201696.74,2444,1,manual
1,2445,5screws,85.5322,unknown,,1.0,201781.28,2445,1,manual
1,2446,5screws,81.364,unknown,,1.0,201861.64,2446,1,manual
1,2447,5screws,84.4159,unknown,,1.0,201945.06,2447,1,manual
1,2448,5screws,79.7637,unknown,,1.0,202023.82,2448,1,manual
1,2449,5screws,85.9457,unknown,,1.0,202108.77,2449,1,manual
1,2450,5screws,76.5833,unknown,,1.0,202184.35,2450,1,manual
1,2451,5screws,85.4618,unknown,,1.0,202268.81,2451,1,manual
1,2452,5screws,82.7477,unknown,,1.0,202350.56,2452,1,manual
1,2453,5screws,81.8174,unknown,,1.0,202431.38,2453,1,manual
1,2454,5screws,79.3376,unknown,,1.0,202509.71,2454,1,manual
1,2455,5screws,83.4169,unknown,,1.0,202592.13,2455,1,manual
1,2456,5screws,82.9112,unknown,,1.0,202674.04,2456,1,manual
1,2457,5screws,79.0914,unknown,,1.0,202752.13,2457,1,manual
1,2458,5screws,85.1964,unknown,,1.0,202836.33,2458,1,manual
1,2459,5screws,78.9314,unknown,,1.0,202914.26,2459,1,manual
1,2460,5screws,84.0649,unknown,,1.0,202997.33,2460,1,manual
1,2461,5screws,85.6666,unknown,,1.0,203081.99,2461,1,manual
1,2462,5screws,82.7914,unknown,,1.0,203163.78,2462,1,manual
1,2463,5screws,82.8776,unknown,,1.0,203245.66,2463,1,manual
1,2464,5screws,82.1824,unknown,,1.0,203326.84,2464,1,manual
1,2465,5screws,85.72,unknown,,1.0,203411.56,2465,1,manual
1,2466,5screws,79.6179,unknown,,1.0,203490.18,2466,1,manual
1,2467,5screws,84.6891,unknown,,1.0,203573.87,2467,1,manual
1,2468,5screws,80.1485,unknown,,1.0,203653.02,2468,1,manual
1,2469,5screws,83.6736,unknown,,1.0,203735.69,2469,1,manual
1,2470,5screws,85.1399,unknown,,1.0,203819.83,2470,1,manual
1,2471,5screws,85.3072,unknown,,1.0,203904.14,2471,1,manual
1,2472,5screws,85.4742,unknown,,1.0,203988.61,2472,1,manual
1,2473,5screws,85.8795,unknown,,1.0,204073.49,2473,1,manual
1,2474,5screws,84.506,unknown,,1.0,204157.0,2474,1,manual
1,2475,5screws,83.7533,unknown,,1.0,204239.75,2475,1,manual
1,2476,5screws,82.7392,unknown,,1.0,204321.49,2476,1,manual
1,2477,5screws,85.8,unknown,,1.0,204406.29,2477,1,manual
1,2478,5screws,83.8248,unknown,,1.0,204489.12,2478,1,manual
1,2479,5screws,80.8063,unknown,,1.0,204568.92,2479,1,manual
1,2480,5screws,83.436,unknown,,1.0,204651.36,2480,1,manual
1,2481,5screws,82.7906,unknown,,1.0,204733.15,2481,1,manual
1,2482,5screws,82.0885,unknown,,1.0,204814.24,2482,1,manual
1,2483,5screws,84.9734,unknown,,1.0,204898.21,2483,1,manual
1,2484,5screws,83.5376,unknown,,1.0,204980.75,2484,1,manual
1,2485,5screws,85.6735,unknown,,1.0,205065.42,2485,1,manual
1,2486,5screws,81.0652,unknown,,1.0,205145.49,2486,1,manual
1,2487,5screws,82.3294,unknown,,1.0,205226.82,2487,1,manual
1,2488,5screws,81.5653,unknown,,1.0,205307.38,2488,1,manual
1,2489,5screws,81.3976,unknown,,1.0,205387.78,2489,1,manual
1,2490,5screws,86.0726,unknown,,1.0,205472.85,2490,1,manual
1,2491,5screws,85.2271,unknown,,1.0,205557.08,2491,1,manual
1,2492,5screws,85.6016,unknown,,1.0,205641.68,2492,1,manual
1,2493,5screws,85.4172,unknown,,1.0,205726.1,2493,1,manual
1,2494,5screws,85.1682,unknown,,1.0,205810.27,2494,1,manual
1,2495,5screws,85.3547,unknown,,1.0,205894.62,2495,1,manual
1,2496,5screws,85.4651,unknown,,1.0,205979.09,2496,1,manual
1,2497,5screws,82.7666,unknown,,1.0,206060.85,2497,1,manual
1,2498,5screws,84.5842,unknown,,1.0,206144.44,2498,1,manual
1,2499,5screws,82.2387,unknown,,1.0,206225.68,2499,1,manual
1,2500,5screws,83.1201,unknown,,1.0,206307.8,2500,1,manual
1,2501,5screws,85.3862,unknown,,1.0,206392.18,2501,1,manual
1,2502,5screws,85.0552,unknown,,1.0,206476.24,2502,1,manual
1,2503,5screws,83.0896,unknown,,1.0,206558.33,2503,1,manual
1,2504,5screws,85.1001,unknown,,1.0,206642.43,2504,1,manual
1,2505,5screws,85.034,unknown,,1.0,206726.46,2505,1,manual
1,2506,5screws,85.6941,unknown,,1.0,206811.15,2506,1,manual
1,2507,5screws,85.54,unknown,,1.0,206895.69,2507,1,manual
1,2508,5screws,85.2655,unknown,,1.0,206979.96,2508,1,manual
1,2509,5screws,83.9605,unknown,,1.0,207062.92,2509,1,manual
1,2510,5screws,81.5111,unknown,,1.0,207143.43,2510,1,manual
1,2511,5screws,85.7339,unknown,,1.0,207228.17,2511,1,manual
1,2512,5screws,86.015,unknown,,1.0,207313.18,2512,1,manual
1,2513,5screws,85.7168,unknown,,1.0,207397.9,2513,1,manual
1,2514,5screws,85.6174,unknown,,1.0,207482.52,2514,1,manual
1,2515,5screws,81.4698,unknown,,1.0,207562.98,2515,1,manual
1,2516,5screws,85.4143,unknown,,1.0,207647.4,2516,1,manual
1,2517,5screws,81.2666,unknown,,1.0,207727.67,2517,1,manual
1,2518,5screws,76.6978,unknown,,1.0,207803.36,2518,1,manual
1,2519,5screws,79.3321,unknown,,1.0,207881.7,2519,1,manual
1,2520,5screws,85.7944,unknown,,1.0,207966.49,2520,1,manual
1,2521,5screws,80.3659,unknown,,1.0,208045.86,2521,1,manual
1,2522,5screws,83.0695,unknown,,1.0,208127.93,2522,1,manual
1,2523,5screws,82.2074,unknown,,1.0,208209.13,2523,1,manual
1,2524,5screws,83.73,unknown,,1.0,208291.86,2524,1,manual
1,2525,5screws,82.7964,unknown,,1.0,208373.66,2525,1,manual
1,2526,5screws,84.8328,unknown,,1.0,208457.49,2526,1,manual
1,2527,5screws,84.6099,unknown,,1.0,208541.1,2527,1,manual
1,2528,5screws,80.1163,unknown,,1.0,208620.22,2528,1,manual
1,2529,5screws,83.0528,unknown,,1.0,208702.27,2529,1,manual
1,2530,5screws,84.5985,unknown,,1.0,208785.87,2530,1,manual
1,2531,5screws,83.5247,unknown,,1.0,208868.39,2531,1,manual
1,2532,5screws,81.9913,unknown,,1.0,208949.39,2532,1,manual
1,2533,5screws,85.4682,unknown,,1.0,209033.85,2533,1,manual
1,2534,5screws,85.2174,unknown,,1.0,209118.07,2534,1,manual
1,2535,5screws,84.7227,unknown,,1.0,209201.79,2535,1,manual
1,2536,5screws,79.8397,unknown,,1.0,209280.63,2536,1,manual
1,2537,5screws,80.9036,unknown,,1.0,209360.54,2537,1,manual
1,2538,5screws,82.5796,unknown,,1.0,209442.12,2538,1,manual
1,2539,5screws,85.9066,unknown,,1.0,209527.02,2539,1,manual
1,2540,5screws,84.7902,unknown,,1.0,209610.81,2540,1,manual
1,2541,5screws,86.0296,unknown,,1.0,209695.84,2541,1,manual
1,2542,5screws,85.8103,unknown,,1.0,209780.65,2542,1,manual
1,2543,5screws,85.6656,unknown,,1.0,209865.32,2543,1,manual
1,2544,5screws,85.6935,unknown,,1.0,209950.01,2544,1,manual
1,2545,5screws,83.0455,unknown,,1.0,210032.06,2545,1,manual
1,2546,5screws,85.3862,unknown,,1.0,210116.44,2546,1,manual
1,2547,5screws,79.4929,unknown,,1.0,210194.94,2547,1,manual
1,2548,5screws,80.1163,unknown,,1.0,210274.05,2548,1,manual
1,2549,5screws,82.9336,unknown,,1.0,210355.99,2549,1,manual
1,2550,5screws,85.8318,unknown,,1.0,210440.82,2550,1,manual
1,2551,5screws,82.881,unknown,,1.0,210522.7,2551,1,manual
1,2552,5screws,82.7666,unknown,,1.0,210604.47,2552,1,manual
1,2553,5screws,82.7733,unknown,,1.0,210686.24,2553,1,manual
1,2554,5screws,83.7533,unknown,,1.0,210768.99,2554,1,manual
1,2555,5screws,85.6824,unknown,,1.0,210853.68,2555,1,manual
1,2556,5screws,85.6174,unknown,,1.0,210938.29,2556,1,manual
1,2557,5screws,85.7359,unknown,,1.0,211023.03,2557,1,manual
1,2558,5screws,82.5901,unknown,,1.0,211104.62,2558,1,manual
1,2559,5screws,81.5653,unknown,,1.0,211185.18,2559,1,manual
1,2560,5screws,83.5376,unknown,,1.0,211267.72,2560,1,manual
1,2561,5screws,78.1408,unknown,,1.0,211344.86,2561,1,manual
1,2562,5screws,82.3136,unknown,,1.0,211426.18,2562,1,manual
1,2563,5screws,80.296,unknown,,1.0,211505.47,2563,1,manual
1,2564,5screws,85.7168,unknown,,1.0,211590.19,2564,1,manual
1,2565,5screws,81.7213,unknown,,1.0,211670.91,2565,1,manual
1,2566,5screws,85.5649,unknown,,1.0,211755.48,2566,1,manual
1,2567,5screws,84.8055,unknown,,1.0,211839.28,2567,1,manual
1,2568,5screws,81.4095,unknown,,1.0,211919.69,2568,1,manual
1,2569,5screws,81.3468,unknown,,1.0,212000.04,2569,1,manual
1,2570,5screws,81.3976,unknown,,1.0,212080.43,2570,1,manual
1,2571,5screws,85.7944,unknown,,1.0,212165.23,2571,1,manual
1,2572,5screws,85.7121,unknown,,1.0,212249.94,2572,1,manual
1,2573,5screws,82.6353,unknown,,1.0,212331.58,2573,1,manual
1,2574,5screws,85.6941,unknown,,1.0,212416.27,2574,1,manual
1,2575,5screws,85.5392,unknown,,1.0,212500.81,2575,1,manual
1,2576,5screws,85.8795,unknown,,1.0,212585.69,2576,1,manual
1,2577,5screws,83.4959,unknown,,1.0,212668.19,2577,1,manual
1,2578,5screws,82.0376,unknown,,1.0,212749.22,2578,1,manual
1,2579,5screws,85.4172,unknown,,1.0,212833.64,2579,1,manual
1,2580,5screws,82.7906,unknown,,1.0,212915.43,2580,1,manual
1,2581,5screws,85.0949,unknown,,1.0,212999.53,2581,1,manual
1,2582,5screws,85.4651,unknown,,1.0,213083.99,2582,1,manual
1,2583,5screws,83.6736,unknown,,1.0,213166.66,2583,1,manual
1,2584,5screws,85.6656,unknown,,1.0,213251.33,2584,1,manual
1,2585,5screws,82.7477,unknown,,1.0,213333.08,2585,1,manual
1,2586,5screws,84.5985,unknown,,1.0,213416.68,2586,1,manual
1,2587,5screws,85.3918,unknown,,1.0,213501.07,2587,1,manual
1,2588,5screws,84.4159,unknown,,1.0,213584.48,2588,1,manual
1,2589,5screws,84.2578,unknown,,1.0,213667.74,2589,1,manual
1,2590,5screws,84.0034,unknown,,1.0,213750.74,2590,1,manual
1,2591,5screws,79.8397,unknown,,1.0,213829.58,2591,1,manual
1,2592,5screws,85.3547,unknown,,1.0,213913.94,2592,1,manual
1,2593,5screws,76.5833,unknown,,1.0,213989.52,2593,1,manual
1,2594,5screws,85.9066,unknown,,1.0,214074.43,2594,1,manual
1,2595,5screws,81.2666,unknown,,1.0,214154.7,2595,1,manual
1,2596,5screws,85.9457,unknown,,1.0,214239.64,2596,1,manual
1,2597,5screws,82.5341,unknown,,1.0,214321.18,2597,1,manual
1,2598,5screws,85.3072,unknown,,1.0,214405.48,2598,1,manual
1,2599,5screws,85.2174,unknown,,1.0,214489.7,2599,1,manual
1,2600,5screws,82.2074,unknown,,1.0,214570.91,2600,1,manual
1,2601,5screws,83.1201,unknown,,1.0,214653.03,2601,1,manual
1,2602,5screws,85.5077,unknown,,1.0,214737.54,2602,1,manual
1,2603,5screws,85.5148,unknown,,1.0,214822.05,2603,1,manual
1,2604,5screws,85.4079,unknown,,1.0,214906.46,2604,1,manual
1,2605,5screws,79.7984,unknown,,1.0,214985.26,2605,1,manual
1,2606,5screws,84.8328,unknown,,1.0,215069.09,2606,1,manual
1,2607,5screws,82.4933,unknown,,1.0,215150.58,2607,1,manual
1,2608,5screws,79.0914,unknown,,1.0,215228.67,2608,1,manual
1,2609,5screws,78.9314,unknown,,1.0,215306.61,2609,1,manual
1,2610,5screws,84.2888,unknown,,1.0,215389.89,2610,1,manual
1,2611,5screws,84.7902,unknown,,1.0,215473.68,2611,1,manual
1,2612,5screws,84.506,unknown,,1.0,215557.19,2612,1,manual
1,2613,5screws,81.5111,unknown,,1.0,215637.7,2613,1,manual
1,2614,5screws,80.3659,unknown,,1.0,215717.07,2614,1,manual
1,2615,5screws,85.6935,unknown,,1.0,215801.76,2615,1,manual
1,2616,5screws,85.72,unknown,,1.0,215886.48,2616,1,manual
1,2617,5screws,85.0286,unknown,,1.0,215970.51,2617,1,manual
1,2618,5screws,84.5842,unknown,,1.0,216054.09,2618,1,manual
1,2619,5screws,83.73,unknown,,1.0,216136.82,2619,1,manual
1,2620,5screws,83.9605,unknown,,1.0,216219.78,2620,1,manual
1,2621,5screws,79.6179,unknown,,1.0,216298.4,2621,1,manual
1,2622,5screws,85.2655,unknown,,1.0,216382.67,2622,1,manual
1,2623,5screws,85.549,unknown,,1.0,216467.22,2623,1,manual
1,2624,5screws,83.0695,unknown,,1.0,216549.29,2624,1,manual
1,2625,5screws,85.5322,unknown,,1.0,216633.82,2625,1,manual
1,2626,5screws,85.5772,unknown,,1.0,216718.4,2626,1,manual
1,2627,5screws,83.0896,unknown,,1.0,216800.49,2627,1,manual
1,2628,5screws,80.4143,unknown,,1.0,216879.9,2628,1,manual
1,2629,5screws,85.4246,unknown,,1.0,216964.32,2629,1,manual
1,2630,5screws,83.0864,unknown,,1.0,217046.41,2630,1,manual
1,2631,5screws,86.0534,unknown,,1.0,217131.46,2631,1,manual
1,2632,5screws,80.218,unknown,,1.0,217210.68,2632,1,manual
1,2633,5screws,79.9166,unknown,,1.0,217289.6,2633,1,manual
1,2634,5screws,85.4742,unknown,,1.0,217374.07,2634,1,manual
1,2635,5screws,81.462,unknown,,1.0,217454.53,2635,1,manual
1,2636,5screws,85.4153,unknown,,1.0,217538.95,2636,1,manual
1,2637,5screws,79.7637,unknown,,1.0,217617.71,2637,1,manual
1,2638,5screws,80.8983,unknown,,1.0,217697.61,2638,1,manual
1,2639,5screws,80.4856,unknown,,1.0,217777.1,2639,1,manual
1,2640,5screws,85.7339,unknown,,1.0,217861.83,2640,1,manual
1,2641,5screws,82.5856,unknown,,1.0,217943.42,2641,1,manual
1,2642,5screws,79.3376,unknown,,1.0,218021.75,2642,1,manual
1,2643,5screws,85.1399,unknown,,1.0,218105.89,2643,1,manual
1,2644,5screws,82.854,unknown,,1.0,218187.75,2644,1,manual
1,2645,5screws,85.0552,unknown,,1.0,218271.8,2645,1,manual
1,2646,5screws,82.5796,unknown,,1.0,218353.38,2646,1,manual
1,2647,5screws,85.8,unknown,,1.0,218438.18,2647,1,manual
1,2648,5screws,85.239,unknown,,1.0,218522.42,2648,1,manual
1,2649,5screws,85.57,unknown,,1.0,218606.99,2649,1,manual
1,2650,5screws,85.7958,unknown,,1.0,218691.79,2650,1,manual
1,2651,5screws,81.5095,unknown,,1.0,218772.3,2651,1,manual
1,2652,5screws,85.6735,unknown,,1.0,218856.97,2652,1,manual
1,2653,5screws,80.8063,unknown,,1.0,218936.78,2653,1,manual
1,2654,5screws,78.3724,unknown,,1.0,219014.15,2654,1,manual
1,2655,5screws,85.1964,unknown,,1.0,219098.35,2655,1,manual
1,2656,5screws,85.6762,unknown,,1.0,219183.02,2656,1,manual
1,2657,5screws,85.7431,unknown,,1.0,219267.77,2657,1,manual
1,2658,5screws,84.9734,unknown,,1.0,219351.74,2658,1,manual
1,2659,5screws,83.436,unknown,,1.0,219434.17,2659,1,manual
1,2660,5screws,82.2387,unknown,,1.0,219515.41,2660,1,manual
1,2661,5screws,83.4169,unknown,,1.0,219597.83,2661,1,manual
1,2662,5screws,85.4143,unknown,,1.0,219682.24,2662,1,manual
1,2663,5screws,83.19,unknown,,1.0,219764.43,2663,1,manual
1,2664,5screws,82.2379,unknown,,1.0,219845.67,2664,1,manual
1,2665,5screws,85.4618,unknown,,1.0,219930.13,2665,1,manual
1,2666,5screws,85.1001,unknown,,1.0,220014.23,2666,1,manual
1,2667,5screws,83.0794,unknown,,1.0,220096.31,2667,1,manual
1,2668,5screws,85.1056,unknown,,1.0,220180.42,2668,1,manual
1,2669,5screws,85.4628,unknown,,1.0,220264.88,2669,1,manual
1,2670,5screws,82.3294,unknown,,1.0,220346.21,2670,1,manual
1,2671,5screws,85.619,unknown,,1.0,220430.83,2671,1,manual
1,2672,5screws,82.9112,unknown,,1.0,220512.74,2672,1,manual
1,2673,5screws,84.6055,unknown,,1.0,220596.35,2673,1,manual
1,2674,5screws,85.2653,unknown,,1.0,220680.61,2674,1,manual
1,2675,5screws,85.4682,unknown,,1.0,220765.08,2675,1,manual
1,2676,5screws,82.7392,unknown,,1.0,220846.82,2676,1,manual
1,2677,5screws,84.5132,unknown,,1.0,220930.33,2677,1,manual
1,2678,5screws,80.1485,unknown,,1.0,221009.48,2678,1,manual
1,2679,5screws,85.4582,unknown,,1.0,221093.94,2679,1,manual
1,2680,5screws,83.0528,unknown,,1.0,221175.99,2680,1,manual
1,2681,5screws,83.8019,unknown,,1.0,221258.79,2681,1,manual
1,2682,5screws,85.3345,unknown,,1.0,221343.13,2682,1,manual
1,2683,5screws,82.8776,unknown,,1.0,221425.01,2683,1,manual
1,2684,5screws,85.3872,unknown,,1.0,221509.39,2684,1,manual
1,2685,5screws,79.3321,unknown,,1.0,221587.73,2685,1,manual
1,2686,5screws,79.1137,unknown,,1.0,221665.84,2686,1,manual
1,2687,5screws,85.4699,unknown,,1.0,221750.31,2687,1,manual
1,2688,5screws,85.6824,unknown,,1.0,221834.99,2688,1,manual
1,2689,5screws,86.015,unknown,,1.0,221920.01,2689,1,manual
1,2690,5screws,82.3605,unknown,,1.0,222001.37,2690,1,manual
1,2691,5screws,81.4133,unknown,,1.0,222081.78,2691,1,manual
1,2692,5screws,85.5505,unknown,,1.0,222166.33,2692,1,manual
1,2693,5screws,85.3997,unknown,,1.0,222250.73,2693,1,manual
1,2694,5screws,82.599,unknown,,1.0,222332.33,2694,1,manual
1,2695,5screws,85.2271,unknown,,1.0,222416.56,2695,1,manual
1,2696,5screws,85.576,unknown,,1.0,222501.13,2696,1,manual
1,2697,5screws,82.7964,unknown,,1.0,222582.93,2697,1,manual
1,2698,5screws,81.2445,unknown,,1.0,222663.17,2698,1,manual
1,2699,5screws,86.0726,unknown,,1.0,222748.25,2699,1,manual
1,2700,5screws,85.743,unknown,,1.0,222832.99,2700,1,manual
1,2701,5screws,82.1824,unknown,,1.0,222914.17,2701,1,manual
1,2702,5screws,80.5751,unknown,,1.0,222993.75,2702,1,manual
1,2703,5screws,82.9056,unknown,,1.0,223075.65,2703,1,manual
1,2704,5screws,81.0652,unknown,,1.0,223155.72,2704,1,manual
1,2705,5screws,85.7318,unknown,,1.0,223240.45,2705,1,manual
1,2706,5screws,85.1682,unknown,,1.0,223324.62,2706,1,manual
1,2707,5screws,86.0296,unknown,,1.0,223409.65,2707,1,manual
1,2708,5screws,82.9427,unknown,,1.0,223491.59,2708,1,manual
1,2709,5screws,83.5247,unknown,,1.0,223574.11,2709,1,manual
1,2710,5screws,85.6289,unknown,,1.0,223658.74,2710,1,manual
1,2711,5screws,85.034,unknown,,1.0,223742.78,2711,1,manual
1,2712,5screws,81.8174,unknown,,1.0,223823.6,2712,1,manual
1,2713,5screws,81.364,unknown,,1.0,223903.96,2713,1,manual
1,2714,5screws,85.6666,unknown,,1.0,223988.63,2714,1,manual
1,2715,5screws,85.7678,unknown,,1.0,224073.39,2715,1,manual
1,2716,5screws,84.0649,unknown,,1.0,224156.46,2716,1,manual
1,2717,5screws,82.6848,unknown,,1.0,224238.14,2717,1,manual
1,2718,5screws,78.9283,unknown,,1.0,224316.07,2718,1,manual
1,2719,5screws,84.6949,unknown,,1.0,224399.77,2719,1,manual
1,2720,5screws,83.1986,unknown,,1.0,224481.97,2720,1,manual
1,2721,5screws,85.0343,unknown,,1.0,224566.0,2721,1,manual
1,2722,5screws,82.7778,unknown,,1.0,224647.78,2722,1,manual
1,2723,5screws,83.0052,unknown,,1.0,224729.78,2723,1,manual
1,2724,5screws,85.6016,unknown,,1.0,224814.38,2724,1,manual
1,2725,5screws,82.4198,unknown,,1.0,224895.8,2725,1,manual
1,2726,5screws,82.7131,unknown,,1.0,224977.52,2726,1,manual
1,2727,5screws,85.3981,unknown,,1.0,225061.92,2727,1,manual
1,2728,5screws,76.6978,unknown,,1.0,225137.61,2728,1,manual
1,2729,5screws,82.8521,unknown,,1.0,225219.46,2729,1,manual
1,2730,5screws,85.6984,unknown,,1.0,225304.16,2730,1,manual
1,2731,5screws,82.1277,unknown,,1.0,225385.29,2731,1,manual
1,2732,5screws,80.9036,unknown,,1.0,225465.19,2732,1,manual
1,2733,5screws,82.7914,unknown,,1.0,225546.99,2733,1,manual
1,2734,5screws,82.0885,unknown,,1.0,225628.07,2734,1,manual
1,2735,5screws,85.7769,unknown,,1.0,225712.85,2735,1,manual
1,2736,5screws,84.7227,unknown,,1.0,225796.57,2736,1,manual
1,2737,5screws,78.6586,unknown,,1.0,225874.23,2737,1,manual
1,2738,5screws,85.54,unknown,,1.0,225958.77,2738,1,manual
1,2739,5screws,84.6891,unknown,,1.0,226042.46,2739,1,manual
1,2740,5screws,83.8373,unknown,,1.0,226125.3,2740,1,manual
1,2741,5screws,85.8112,unknown,,1.0,226210.11,2741,1,manual
1,2742,5screws,85.8103,unknown,,1.0,226294.92,2742,1,manual
1,2743,5screws,82.9539,unknown,,1.0,226376.87,2743,1,manual
1,2744,5screws,82.9135,unknown,,1.0,226458.79,2744,1,manual
1,2745,5screws,80.3458,unknown,,1.0,226538.13,2745,1,manual
1,2746,5screws,85.5407,unknown,,1.0,226622.67,2746,1,manual
1,2747,5screws,84.6099,unknown,,1.0,226706.28,2747,1,manual
1,2748,5screws,85.9319,unknown,,1.0,226791.22,2748,1,manual
1,2749,5screws,79.5054,unknown,,1.0,226869.72,2749,1,manual
1,2750,5screws,82.9024,unknown,,1.0,226951.62,2750,1,manual
1,2751,5screws,83.8248,unknown,,1.0,227034.45,2751,1,manual
1,2752,5screws,81.9913,unknown,,1.0,227115.44,2752,1,manual
1,2753,5screws,82.0054,unknown,,1.0,227196.45,2753,1,manual
1,2754,5screws,81.4698,unknown,,1.0,227276.92,2754,1,manual
1,2755,5screws,85.3009,unknown,,1.0,227361.22,2755,1,manual
1,2756,5screws,85.6309,unknown,,1.0,227445.85,2756,1,manual
1,2757,5screws,85.8103,unknown,,1.0,227530.66,2757,1,manual
1,2758,5screws,85.1964,unknown,,1.0,227614.85,2758,1,manual
1,2759,5screws,84.7227,unknown,,1.0,227698.58,2759,1,manual
1,2760,5screws,84.5985,unknown,,1.0,227782.17,2760,1,manual
1,2761,5screws,85.5392,unknown,,1.0,227866.71,2761,1,manual
1,2762,5screws,79.6179,unknown,,1.0,227945.33,2762,1,manual
1,2763,5screws,78.9314,unknown,,1.0,228023.26,2763,1,manual
1,2764,5screws,85.8112,unknown,,1.0,228108.07,2764,1,manual
1,2765,5screws,82.3136,unknown,,1.0,228189.39,2765,1,manual
1,2766,5screws,85.9319,unknown,,1.0,228274.32,2766,1,manual
1,2767,5screws,84.8055,unknown,,1.0,228358.13,2767,1,manual
1,2768,5screws,85.3345,unknown,,1.0,228442.46,2768,1,manual
1,2769,5screws,86.0726,unknown,,1.0,228527.53,2769,1,manual
1,2770,5screws,83.0528,unknown,,1.0,228609.59,2770,1,manual
1,2771,5screws,82.599,unknown,,1.0,228691.18,2771,1,manual
1,2772,5screws,82.7477,unknown,,1.0,228772.93,2772,1,manual
1,2773,5screws,85.2655,unknown,,1.0,228857.2,2773,1,manual
1,2774,5screws,81.5095,unknown,,1.0,228937.71,2774,1,manual
1,2775,5screws,81.8174,unknown,,1.0,229018.52,2775,1,manual
1,2776,5screws,85.3981,unknown,,1.0,229102.92,2776,1,manual
1,2777,5screws,81.0652,unknown,,1.0,229182.99,2777,1,manual
1,2778,5screws,82.0885,unknown,,1.0,229264.08,2778,1,manual
1,2779,5screws,79.7984,unknown,,1.0,229342.87,2779,1,manual
1,2780,5screws,85.0949,unknown,,1.0,229426.97,2780,1,manual
1,2781,5screws,82.5341,unknown,,1.0,229508.5,2781,1,manual
1,2782,5screws,82.7131,unknown,,1.0,229590.22,2782,1,manual
1,2783,5screws,85.4742,unknown,,1.0,229674.69,2783,1,manual
1,2784,5screws,80.3458,unknown,,1.0,229754.04,2784,1,manual
1,2785,5screws,85.5649,unknown,,1.0,229838.6,2785,1,manual
1,2786,5screws,84.506,unknown,,1.0,229922.11,2786,1,manual
1,2787,5screws,85.3918,unknown,,1.0,230006.5,2787,1,manual
1,2788,5screws,82.8776,unknown,,1.0,230088.38,2788,1,manual
1,2789,5screws,85.9457,unknown,,1.0,230173.32,2789,1,manual
1,2790,5screws,82.0054,unknown,,1.0,230254.33,2790,1,manual
1,2791,5screws,81.2666,unknown,,1.0,230334.59,2791,1,manual
1,2792,5screws,85.1682,unknown,,1.0,230418.76,2792,1,manual
1,2793,5screws,85.2271,unknown,,1.0,230502.99,2793,1,manual
1,2794,5screws,76.6978,unknown,,1.0,230578.69,2794,1,manual
1,2795,5screws,85.6174,unknown,,1.0,230663.31,2795,1,manual
1,2796,5screws,85.5772,unknown,,1.0,230747.88,2796,1,manual
1,2797,5screws,86.0534,unknown,,1.0,230832.94,2797,1,manual
1,2798,5screws,85.6016,unknown,,1.0,230917.54,2798,1,manual
1,2799,5screws,82.1277,unknown,,1.0,230998.67,2799,1,manual
1,2800,5screws,83.4959,unknown,,1.0,231081.16,2800,1,manual
1,2801,5screws,86.015,unknown,,1.0,231166.18,2801,1,manual
1,2802,5screws,85.4246,unknown,,1.0,231250.6,2802,1,manual
1,2803,5screws,85.4079,unknown,,1.0,231335.01,2803,1,manual
1,2804,5screws,82.7778,unknown,,1.0,231416.79,2804,1,manual
1,2805,5screws,79.4929,unknown,,1.0,231495.28,2805,1,manual
1,2806,5screws,85.57,unknown,,1.0,231579.85,2806,1,manual
1,2807,5screws,82.7906,unknown,,1.0,231661.64,2807,1,manual
1,2808,5screws,85.7944,unknown,,1.0,231746.43,2808,1,manual
1,2809,5screws,85.0552,unknown,,1.0,231830.49,2809,1,manual
1,2810,5screws,78.3724,unknown,,1.0,231907.86,2810,1,manual
1,2811,5screws,80.9036,unknown,,1.0,231987.77,2811,1,manual
1,2812,5screws,81.2445,unknown,,1.0,232068.01,2812,1,manual
1,2813,5screws,85.8,unknown,,1.0,232152.81,2813,1,manual
1,2814,5screws,82.0376,unknown,,1.0,232233.85,2814,1,manual
1,2815,5screws,85.6935,unknown,,1.0,232318.54,2815,1,manual
1,2816,5screws,83.7533,unknown,,1.0,232401.29,2816,1,manual
1,2817,5screws,85.743,unknown,,1.0,232486.04,2817,1,manual
1,2818,5screws,85.54,unknown,,1.0,232570.58,2818,1,manual
1,2819,5screws,80.4856,unknown,,1.0,232650.06,2819,1,manual
1,2820,5screws,79.8397,unknown,,1.0,232728.9,2820,1,manual
1,2821,5screws,84.6099,unknown,,1.0,232812.51,2821,1,manual
1,2822,5screws,85.5505,unknown,,1.0,232897.06,2822,1,manual
1,2823,5screws,85.4618,unknown,,1.0,232981.53,2823,1,manual
1,2824,5screws,85.4582,unknown,,1.0,233065.98,2824,1,manual
1,2825,5screws,80.3659,unknown,,1.0,233145.35,2825,1,manual
1,2826,5screws,78.1408,unknown,,1.0,233222.49,2826,1,manual
1,2827,5screws,85.6735,unknown,,1.0,233307.16,2827,1,manual
1,2828,5screws,82.9427,unknown,,1.0,233389.11,2828,1,manual
1,2829,5screws,85.6941,unknown,,1.0,233473.8,2829,1,manual
1,2830,5screws,83.0864,unknown,,1.0,233555.89,2830,1,manual
1,2831,5screws,81.5653,unknown,,1.0,233636.45,2831,1,manual
1,2832,5screws,80.1163,unknown,,1.0,233715.57,2832,1,manual
1,2833,5screws,85.6762,unknown,,1.0,233800.24,2833,1,manual
1,2834,5screws,82.6848,unknown,,1.0,233881.93,2834,1,manual
1,2835,5screws,82.9336,unknown,,1.0,233963.86,2835,1,manual
1,2836,5screws,81.4095,unknown,,1.0,234044.27,2836,1,manual
1,2837,5screws,85.4143,unknown,,1.0,234128.69,2837,1,manual
1,2838,5screws,85.6984,unknown,,1.0,234213.39,2838,1,manual
1,2839,5screws,79.3321,unknown,,1.0,234291.72,2839,1,manual
1,2840,5screws,85.1399,unknown,,1.0,234375.86,2840,1,manual
1,2841,5screws,85.5077,unknown,,1.0,234460.36,2841,1,manual
1,2842,5screws,85.7339,unknown,,1.0,234545.1,2842,1,manual
1,2843,5screws,85.1001,unknown,,1.0,234629.2,2843,1,manual
1,2844,5screws,85.7769,unknown,,1.0,234713.98,2844,1,manual
1,2845,5screws,82.3294,unknown,,1.0,234795.31,2845,1,manual
1,2846,5screws,82.3605,unknown,,1.0,234876.67,2846,1,manual
1,2847,5screws,82.7666,unknown,,1.0,234958.43,2847,1,manual
1,2848,5screws,85.239,unknown,,1.0,235042.67,2848,1,manual
1,2849,5screws,83.73,unknown,,1.0,235125.4,2849,1,manual
1,2850,5screws,85.6666,unknown,,1.0,235210.07,2850,1,manual
1,2851,5screws,79.9166,unknown,,1.0,235288.98,2851,1,manual
1,2852,5screws,82.9539,unknown,,1.0,235370.94,2852,1,manual
1,2853,5screws,85.0343,unknown,,1.0,235454.97,2853,1,manual
1,2854,5screws,81.4133,unknown,,1.0,235535.39,2854,1,manual
1,2855,5screws,85.3997,unknown,,1.0,235619.79,2855,1,manual
1,2856,5screws,85.2174,unknown,,1.0,235704.0,2856,1,manual
1,2857,5screws,82.7964,unknown,,1.0,235785.8,2857,1,manual
1,2858,5screws,82.4933,unknown,,1.0,235867.29,2858,1,manual
1,2859,5screws,86.0296,unknown,,1.0,235952.32,2859,1,manual
1,2860,5screws,84.5842,unknown,,1.0,236035.91,2860,1,manual
1,2861,5screws,83.1201,unknown,,1.0,236118.03,2861,1,manual
1,2862,5screws,82.8521,unknown,,1.0,236199.88,2862,1,manual
1,2863,5screws,85.4682,unknown,,1.0,236284.35,2863,1,manual
1,2864,5screws,85.4172,unknown,,1.0,236368.76,2864,1,manual
1,2865,5screws,79.5054,unknown,,1.0,236447.27,2865,1,manual
1,2866,5screws,85.3009,unknown,,1.0,236531.57,2866,1,manual
1,2867,5screws,85.6289,unknown,,1.0,236616.2,2867,1,manual
1,2868,5screws,85.4699,unknown,,1.0,236700.67,2868,1,manual
1,2869,5screws,82.2074,unknown,,1.0,236781.88,2869,1,manual
1,2870,5screws,83.0794,unknown,,1.0,236863.96,2870,1,manual
1,2871,5screws,79.1137,unknown,,1.0,236942.07,2871,1,manual
1,2872,5screws,82.6353,unknown,,1.0,237023.71,2872,1,manual
1,2873,5screws,82.9112,unknown,,1.0,237105.62,2873,1,manual
1,2874,5screws,82.9056,unknown,,1.0,237187.52,2874,1,manual
1,2875,5screws,83.9605,unknown,,1.0,237270.48,2875,1,manual
1,2876,5screws,81.9913,unknown,,1.0,237351.47,2876,1,manual
1,2877,5screws,78.6586,unknown,,1.0,237429.13,2877,1,manual
1,2878,5screws,85.7678,unknown,,1.0,237513.9,2878,1,manual
1,2879,5screws,85.72,unknown,,1.0,237598.62,2879,1,manual
1,2880,5screws,85.7168,unknown,,1.0,237683.34,2880,1,manual
1,2881,5screws,82.2379,unknown,,1.0,237764.57,2881,1,manual
1,2882,5screws,83.1986,unknown,,1.0,237846.77,2882,1,manual
1,2883,5screws,85.8795,unknown,,1.0,237931.65,2883,1,manual
1,2884,5screws,84.6891,unknown,,1.0,238015.34,2884,1,manual
1,2885,5screws,82.5856,unknown,,1.0,238096.93,2885,1,manual
1,2886,5screws,82.7392,unknown,,1.0,238178.67,2886,1,manual
1,2887,5screws,83.6736,unknown,,1.0,238261.34,2887,1,manual
1,2888,5screws,85.034,unknown,,1.0,238345.37,2888,1,manual
1,2889,5screws,85.6824,unknown,,1.0,238430.06,2889,1,manual
1,2890,5screws,80.8983,unknown,,1.0,238509.96,2890,1,manual
1,2891,5screws,85.3547,unknown,,1.0,238594.31,2891,1,manual
1,2892,5screws,80.1485,unknown,,1.0,238673.46,2892,1,manual
1,2893,5screws,85.7958,unknown,,1.0,238758.25,2893,1,manual
1,2894,5screws,85.7359,unknown,,1.0,238842.99,2894,1,manual
1,2895,5screws,80.5751,unknown,,1.0,238922.57,2895,1,manual
1,2896,5screws,83.0896,unknown,,1.0,239004.65,2896,1,manual
1,2897,5screws,84.7902,unknown,,1.0,239088.44,2897,1,manual
1,2898,5screws,79.0914,unknown,,1.0,239166.54,2898,1,manual
1,2899,5screws,81.5111,unknown,,1.0,239247.05,2899,1,manual
1,2900,5screws,85.5148,unknown,,1.0,239331.56,2900,1,manual
1,2901,5screws,84.0649,unknown,,1.0,239414.63,2901,1,manual
1,2902,5screws,85.7121,unknown,,1.0,239499.34,2902,1,manual
1,2903,5screws,82.7914,unknown,,1.0,239581.13,2903,1,manual
1,2904,5screws,85.576,unknown,,1.0,239665.71,2904,1,manual
1,2905,5screws,85.4153,unknown,,1.0,239750.12,2905,1,manual
1,2906,5screws,80.4143,unknown,,1.0,239829.54,2906,1,manual
1,2907,5screws,80.8063,unknown,,1.0,239909.34,2907,1,manual
1,2908,5screws,83.0695,unknown,,1.0,239991.41,2908,1,manual
1,2909,5screws,81.7213,unknown,,1.0,240072.13,2909,1,manual
1,2910,5screws,81.3468,unknown,,1.0,240152.48,2910,1,manual
1,2911,5screws,84.6055,unknown,,1.0,240236.09,2911,1,manual
1,2912,5screws,85.7431,unknown,,1.0,240320.83,2912,1,manual
1,2913,5screws,84.6949,unknown,,1.0,240404.52,2913,1,manual
1,2914,5screws,83.5376,unknown,,1.0,240487.06,2914,1,manual
1,2915,5screws,82.7733,unknown,,1.0,240568.83,2915,1,manual
1,2916,5screws,83.5247,unknown,,1.0,240651.36,2916,1,manual
1,2917,5screws,85.4651,unknown,,1.0,240735.82,2917,1,manual
1,2918,5screws,80.218,unknown,,1.0,240815.04,2918,1,manual
1,2919,5screws,85.5322,unknown,,1.0,240899.57,2919,1,manual
1,2920,5screws,85.3072,unknown,,1.0,240983.88,2920,1,manual
1,2921,5screws,83.8373,unknown,,1.0,241066.72,2921,1,manual
1,2922,5screws,83.4169,unknown,,1.0,241149.14,2922,1,manual
1,2923,5screws,84.8328,unknown,,1.0,241232.97,2923,1,manual
1,2924,5screws,85.3872,unknown,,1.0,241317.36,2924,1,manual
1,2925,5screws,76.5833,unknown,,1.0,241392.94,2925,1,manual
1,2926,5screws,79.3376,unknown,,1.0,241471.28,2926,1,manual
1,2927,5screws,85.619,unknown,,1.0,241555.9,2927,1,manual
1,2928,5screws,80.296,unknown,,1.0,241635.19,2928,1,manual
1,2929,5screws,82.5796,unknown,,1.0,241716.77,2929,1,manual
1,2930,5screws,82.9135,unknown,,1.0,241798.68,2930,1,manual
1,2931,5screws,79.7637,unknown,,1.0,241877.45,2931,1,manual
1,2932,5screws,84.4159,unknown,,1.0,241960.86,2932,1,manual
1,2933,5screws,84.5132,unknown,,1.0,242044.38,2933,1,manual
1,2934,5screws,85.5407,unknown,,1.0,242128.92,2934,1,manual
1,2935,5screws,83.8019,unknown,,1.0,242211.72,2935,1,manual
1,2936,5screws,83.19,unknown,,1.0,242293.91,2936,1,manual
1,2937,5screws,85.6824,unknown,,1.0,242378.59,2937,1,manual
1,2938,5screws,85.4628,unknown,,1.0,242463.06,2938,1,manual
1,2939,5screws,84.2578,unknown,,1.0,242546.31,2939,1,manual
1,2940,5screws,81.364,unknown,,1.0,242626.68,2940,1,manual
1,2941,5screws,78.9283,unknown,,1.0,242704.61,2941,1,manual
1,2942,5screws,83.0455,unknown,,1.0,242786.65,2942,1,manual
1,2943,5screws,83.0052,unknown,,1.0,242868.66,2943,1,manual
1,2944,5screws,84.9734,unknown,,1.0,242952.63,2944,1,manual
1,2945,5screws,81.4698,unknown,,1.0,243033.1,2945,1,manual
1,2946,5screws,82.4198,unknown,,1.0,243114.52,2946,1,manual
1,2947,5screws,85.0286,unknown,,1.0,243198.55,2947,1,manual
1,2948,5screws,82.9024,unknown,,1.0,243280.45,2948,1,manual
1,2949,5screws,85.549,unknown,,1.0,243365.0,2949,1,manual
1,2950,5screws,85.7318,unknown,,1.0,243449.73,2950,1,manual
1,2951,5screws,85.3862,unknown,,1.0,243534.12,2951,1,manual
1,2952,5screws,82.854,unknown,,1.0,243615.97,2952,1,manual
1,2953,5screws,82.881,unknown,,1.0,243697.85,2953,1,manual
1,2954,5screws,82.1824,unknown,,1.0,243779.03,2954,1,manual
1,2955,5screws,85.9066,unknown,,1.0,243863.94,2955,1,manual
1,2956,5screws,81.462,unknown,,1.0,243944.4,2956,1,manual
1,2957,5screws,85.6309,unknown,,1.0,244029.03,2957,1,manual
1,2958,5screws,81.3976,unknown,,1.0,244109.43,2958,1,manual
1,2959,5screws,85.6656,unknown,,1.0,244194.1,2959,1,manual
1,2960,5screws,83.436,unknown,,1.0,244276.53,2960,1,manual
1,2961,5screws,82.2387,unknown,,1.0,244357.77,2961,1,manual
1,2962,5screws,85.8318,unknown,,1.0,244442.6,2962,1,manual
1,2963,5screws,84.0034,unknown,,1.0,244525.61,2963,1,manual
1,2964,5screws,83.8248,unknown,,1.0,244608.43,2964,1,manual
1,2965,5screws,85.1056,unknown,,1.0,244692.54,2965,1,manual
1,2966,5screws,82.5901,unknown,,1.0,244774.13,2966,1,manual
1,2967,5screws,84.2888,unknown,,1.0,244857.42,2967,1,manual
1,2968,5screws,85.2653,unknown,,1.0,244941.68,2968,1,manual
1,2969,5screws,85.0343,unknown,,1.0,245025.72,2969,1,manual
1,2970,5screws,80.296,unknown,,1.0,245105.01,2970,1,manual
1,2971,5screws,81.5653,unknown,,1.0,245185.58,2971,1,manual
1,2972,5screws,82.7964,unknown,,1.0,245267.37,2972,1,manual
1,2973,5screws,85.0286,unknown,,1.0,245351.4,2973,1,manual
1,2974,5screws,83.0794,unknown,,1.0,245433.48,2974,1,manual
1,2975,5screws,85.9066,unknown,,1.0,245518.39,2975,1,manual
1,2976,5screws,84.5842,unknown,,1.0,245601.97,2976,1,manual
1,2977,5screws,85.4079,unknown,,1.0,245686.38,2977,1,manual
1,2978,5screws,85.4153,unknown,,1.0,245770.8,2978,1,manual
1,2979,5screws,85.6174,unknown,,1.0,245855.41,2979,1,manual
1,2980,5screws,79.3376,unknown,,1.0,245933.75,2980,1,manual
1,2981,5screws,84.506,unknown,,1.0,246017.26,2981,1,manual
1,2982,5screws,82.4933,unknown,,1.0,246098.75,2982,1,manual
1,2983,5screws,82.7914,unknown,,1.0,246180.54,2983,1,manual
1,2984,5screws,85.7958,unknown,,1.0,246265.34,2984,1,manual
1,2985,5screws,83.0695,unknown,,1.0,246347.41,2985,1,manual
1,2986,5screws,85.7168,unknown,,1.0,246432.12,2986,1,manual
1,2987,5screws,82.9024,unknown,,1.0,246514.03,2987,1,manual
1,2988,5screws,85.2655,unknown,,1.0,246598.29,2988,1,manual
1,2989,5screws,85.4618,unknown,,1.0,246682.75,2989,1,manual
1,2990,5screws,81.3976,unknown,,1.0,246763.15,2990,1,manual
1,2991,5screws,79.7984,unknown,,1.0,246841.95,2991,1,manual
1,2992,5screws,85.72,unknown,,1.0,246926.67,2992,1,manual
1,2993,5screws,78.9314,unknown,,1.0,247004.6,2993,1,manual
1,2994,5screws,85.239,unknown,,1.0,247088.84,2994,1,manual
1,2995,5screws,82.5796,unknown,,1.0,247170.42,2995,1,manual
1,2996,5screws,76.5833,unknown,,1.0,247246.0,2996,1,manual
1,2997,5screws,79.3321,unknown,,1.0,247324.33,2997,1,manual
1,2998,5screws,84.4159,unknown,,1.0,247407.75,2998,1,manual
1,2999,5screws,85.7678,unknown,,1.0,247492.52,2999,1,manual
1,3000,5screws,85.54,unknown,,1.0,247577.06,3000,1,manual
1,3001,5screws,82.7906,unknown,,1.0,247658.85,3001,1,manual
1,3002,5screws,82.2379,unknown,,1.0,247740.09,3002,1,manual
1,3003,5screws,85.2653,unknown,,1.0,247824.35,3003,1,manual
1,3004,5screws,82.5341,unknown,,1.0,247905.89,3004,1,manual
1,3005,5screws,82.5901,unknown,,1.0,247987.48,3005,1,manual
1,3006,5screws,82.9056,unknown,,1.0,248069.38,3006,1,manual
1,3007,5screws,85.1399,unknown,,1.0,248153.52,3007,1,manual
1,3008,5screws,83.8248,unknown,,1.0,248236.35,3008,1,manual
1,3009,5screws,79.4929,unknown,,1.0,248314.84,3009,1,manual
1,3010,5screws,85.5505,unknown,,1.0,248399.39,3010,1,manual
1,3011,5screws,85.6941,unknown,,1.0,248484.08,3011,1,manual
1,3012,5screws,82.881,unknown,,1.0,248565.96,3012,1,manual
1,3013,5screws,82.9539,unknown,,1.0,248647.92,3013,1,manual
1,3014,5screws,85.57,unknown,,1.0,248732.49,3014,1,manual
1,3015,5screws,83.0455,unknown,,1.0,248814.53,3015,1,manual
1,3016,5screws,79.7637,unknown,,1.0,248893.3,3016,1,manual
1,3017,5screws,81.2666,unknown,,1.0,248973.56,3017,1,manual
1,3018,5screws,80.8983,unknown,,1.0,249053.46,3018,1,manual
1,3019,5screws,81.3468,unknown,,1.0,249133.81,3019,1,manual
1,3020,5screws,81.9913,unknown,,1.0,249214.8,3020,1,manual
1,3021,5screws,85.7339,unknown,,1.0,249299.53,3021,1,manual
1,3022,5screws,82.6353,unknown,,1.0,249381.17,3022,1,manual
1,3023,5screws,84.5985,unknown,,1.0,249464.77,3023,1,manual
1,3024,5screws,84.9734,unknown,,1.0,249548.74,3024,1,manual
1,3025,5screws,83.9605,unknown,,1.0,249631.7,3025,1,manual
1,3026,5screws,83.436,unknown,,1.0,249714.14,3026,1,manual
1,3027,5screws,85.9319,unknown,,1.0,249799.07,3027,1,manual
1,3028,5screws,82.9336,unknown,,1.0,249881.0,3028,1,manual
1,3029,5screws,82.7666,unknown,,1.0,249962.77,3029,1,manual
1,3030,5screws,82.7131,unknown,,1.0,250044.48,3030,1,manual
1,3031,5screws,82.6848,unknown,,1.0,250126.17,3031,1,manual
1,3032,5screws,85.3862,unknown,,1.0,250210.55,3032,1,manual
1,3033,5screws,81.364,unknown,,1.0,250290.92,3033,1,manual
1,3034,5screws,85.8795,unknown,,1.0,250375.8,3034,1,manual
1,3035,5screws,85.6666,unknown,,1.0,250460.46,3035,1,manual
1,3036,5screws,86.0534,unknown,,1.0,250545.52,3036,1,manual
1,3037,5screws,84.6891,unknown,,1.0,250629.21,3037,1,manual
1,3038,5screws,85.743,unknown,,1.0,250713.95,3038,1,manual
1,3039,5screws,80.4143,unknown,,1.0,250793.36,3039,1,manual
1,3040,5screws,81.4133,unknown,,1.0,250873.78,3040,1,manual
1,3041,5screws,85.2271,unknown,,1.0,250958.0,3041,1,manual
1,3042,5screws,79.1137,unknown,,1.0,251036.12,3042,1,manual
1,3043,5screws,78.6586,unknown,,1.0,251113.78,3043,1,manual
1,3044,5screws,85.5077,unknown,,1.0,251198.28,3044,1,manual
1,3045,5screws,85.6309,unknown,,1.0,251282.92,3045,1,manual
1,3046,5screws,85.1001,unknown,,1.0,251367.02,3046,1,manual
1,3047,5screws,83.19,unknown,,1.0,251449.21,3047,1,manual
1,3048,5screws,85.3918,unknown,,1.0,251533.6,3048,1,manual
1,3049,5screws,82.1824,unknown,,1.0,251614.78,3049,1,manual
1,3050,5screws,85.5392,unknown,,1.0,251699.32,3050,1,manual
1,3051,5screws,85.9457,unknown,,1.0,251784.26,3051,1,manual
1,3052,5screws,85.6289,unknown,,1.0,251868.89,3052,1,manual
1,3053,5screws,80.3659,unknown,,1.0,251948.26,3053,1,manual
1,3054,5screws,82.5856,unknown,,1.0,252029.85,3054,1,manual
1,3055,5screws,83.5247,unknown,,1.0,252112.37,3055,1,manual
1,3056,5screws,85.7769,unknown,,1.0,252197.15,3056,1,manual
1,3057,5screws,85.8,unknown,,1.0,252281.95,3057,1,manual
1,3058,5screws,82.8521,unknown,,1.0,252363.8,3058,1,manual
1,3059,5screws,83.1986,unknown,,1.0,252446.0,3059,1,manual
1,3060,5screws,82.4198,unknown,,1.0,252527.42,3060,1,manual
1,3061,5screws,85.5649,unknown,,1.0,252611.98,3061,1,manual
1,3062,5screws,85.576,unknown,,1.0,252696.56,3062,1,manual
1,3063,5screws,86.015,unknown,,1.0,252781.57,3063,1,manual
1,3064,5screws,80.8063,unknown,,1.0,252861.38,3064,1,manual
1,3065,5screws,83.4169,unknown,,1.0,252943.8,3065,1,manual
1,3066,5screws,85.6016,unknown,,1.0,253028.4,3066,1,manual
1,3067,5screws,83.0528,unknown,,1.0,253110.45,3067,1,manual
1,3068,5screws,81.2445,unknown,,1.0,253190.7,3068,1,manual
1,3069,5screws,78.9283,unknown,,1.0,253268.62,3069,1,manual
1,3070,5screws,85.1056,unknown,,1.0,253352.73,3070,1,manual
1,3071,5screws,85.3345,unknown,,1.0,253437.06,3071,1,manual
1,3072,5screws,85.619,unknown,,1.0,253521.68,3072,1,manual
1,3073,5screws,81.4698,unknown,,1.0,253602.15,3073,1,manual
1,3074,5screws,85.4172,unknown,,1.0,253686.57,3074,1,manual
1,3075,5screws,85.4628,unknown,,1.0,253771.03,3075,1,manual
1,3076,5screws,79.8397,unknown,,1.0,253849.87,3076,1,manual
1,3077,5screws,85.6984,unknown,,1.0,253934.57,3077,1,manual
1,3078,5screws,85.5322,unknown,,1.0,254019.1,3078,1,manual
1,3079,5screws,85.3072,unknown,,1.0,254103.41,3079,1,manual
1,3080,5screws,85.2174,unknown,,1.0,254187.63,3080,1,manual
1,3081,5screws,85.6656,unknown,,1.0,254272.29,3081,1,manual
1,3082,5screws,85.1682,unknown,,1.0,254356.46,3082,1,manual
1,3083,5screws,84.8055,unknown,,1.0,254440.27,3083,1,manual
1,3084,5screws,85.4143,unknown,,1.0,254524.68,3084,1,manual
1,3085,5screws,81.5111,unknown,,1.0,254605.19,3085,1,manual
1,3086,5screws,82.7477,unknown,,1.0,254686.94,3086,1,manual
1,3087,5screws,78.3724,unknown,,1.0,254764.31,3087,1,manual
1,3088,5screws,82.854,unknown,,1.0,254846.17,3088,1,manual
1,3089,5screws,85.3981,unknown,,1.0,254930.56,3089,1,manual
1,3090,5screws,80.1163,unknown,,1.0,255009.68,3090,1,manual
1,3091,5screws,82.7733,unknown,,1.0,255091.45,3091,1,manual
1,3092,5screws,83.0896,unknown,,1.0,255173.54,3092,1,manual
1,3093,5screws,85.6762,unknown,,1.0,255258.22,3093,1,manual
1,3094,5screws,81.5095,unknown,,1.0,255338.73,3094,1,manual
1,3095,5screws,84.7227,unknown,,1.0,255422.45,3095,1,manual
1,3096,5screws,85.6735,unknown,,1.0,255507.13,3096,1,manual
1,3097,5screws,84.0649,unknown,,1.0,255590.19,3097,1,manual
1,3098,5screws,80.1485,unknown,,1.0,255669.34,3098,1,manual
1,3099,5screws,82.0054,unknown,,1.0,255750.34,3099,1,manual
1,3100,5screws,81.4095,unknown,,1.0,255830.75,3100,1,manual
1,3101,5screws,82.0885,unknown,,1.0,255911.84,3101,1,manual
1,3102,5screws,82.2387,unknown,,1.0,255993.08,3102,1,manual
1,3103,5screws,82.8776,unknown,,1.0,256074.96,3103,1,manual
1,3104,5screws,78.1408,unknown,,1.0,256152.1,3104,1,manual
1,3105,5screws,82.599,unknown,,1.0,256233.7,3105,1,manual
1,3106,5screws,85.5407,unknown,,1.0,256318.24,3106,1,manual
1,3107,5screws,80.5751,unknown,,1.0,256397.81,3107,1,manual
1,3108,5screws,85.3547,unknown,,1.0,256482.17,3108,1,manual
1,3109,5screws,82.3605,unknown,,1.0,256563.53,3109,1,manual
1,3110,5screws,85.4246,unknown,,1.0,256647.95,3110,1,manual
1,3111,5screws,85.549,unknown,,1.0,256732.5,3111,1,manual
1,3112,5screws,85.7944,unknown,,1.0,256817.3,3112,1,manual
1,3113,5screws,84.2888,unknown,,1.0,256900.59,3113,1,manual
1,3114,5screws,83.4959,unknown,,1.0,256983.08,3114,1,manual
1,3115,5screws,85.8318,unknown,,1.0,257067.91,3115,1,manual
1,3116,5screws,82.1277,unknown,,1.0,257149.04,3116,1,manual
1,3117,5screws,81.7213,unknown,,1.0,257229.76,3117,1,manual
1,3118,5screws,85.6935,unknown,,1.0,257314.46,3118,1,manual
1,3119,5screws,82.2074,unknown,,1.0,257395.66,3119,1,manual
1,3120,5screws,83.73,unknown,,1.0,257478.39,3120,1,manual
1,3121,5screws,85.7359,unknown,,1.0,257563.13,3121,1,manual
1,3122,5screws,79.0914,unknown,,1.0,257641.22,3122,1,manual
1,3123,5screws,85.3997,unknown,,1.0,257725.62,3123,1,manual
1,3124,5screws,76.6978,unknown,,1.0,257801.32,3124,1,manual
1,3125,5screws,85.4699,unknown,,1.0,257885.79,3125,1,manual
1,3126,5screws,85.7318,unknown,,1.0,257970.52,3126,1,manual
1,3127,5screws,82.9112,unknown,,1.0,258052.43,3127,1,manual
1,3128,5screws,85.6824,unknown,,1.0,258137.11,3128,1,manual
1,3129,5screws,84.8328,unknown,,1.0,258220.95,3129,1,manual
1,3130,5screws,85.7121,unknown,,1.0,258305.66,3130,1,manual
1,3131,5screws,79.5054,unknown,,1.0,258384.16,3131,1,manual
1,3132,5screws,80.4856,unknown,,1.0,258463.65,3132,1,manual
1,3133,5screws,85.3872,unknown,,1.0,258548.04,3133,1,manual
1,3134,5screws,85.0552,unknown,,1.0,258632.09,3134,1,manual
1,3135,5screws,83.0052,unknown,,1.0,258714.1,3135,1,manual
1,3136,5screws,83.8373,unknown,,1.0,258796.93,3136,1,manual
1,3137,5screws,86.0726,unknown,,1.0,258882.01,3137,1,manual
1,3138,5screws,85.0949,unknown,,1.0,258966.1,3138,1,manual
1,3139,5screws,85.4682,unknown,,1.0,259050.57,3139,1,manual
1,3140,5screws,82.0376,unknown,,1.0,259131.61,3140,1,manual
1,3141,5screws,83.0864,unknown,,1.0,259213.69,3141,1,manual
1,3142,5screws,82.7392,unknown,,1.0,259295.43,3142,1,manual
1,3143,5screws,85.1964,unknown,,1.0,259379.63,3143,1,manual
1,3144,5screws,80.218,unknown,,1.0,259458.85,3144,1,manual
1,3145,5screws,82.3294,unknown,,1.0,259540.18,3145,1,manual
1,3146,5screws,84.5132,unknown,,1.0,259623.69,3146,1,manual
1,3147,5screws,85.5772,unknown,,1.0,259708.27,3147,1,manual
1,3148,5screws,85.4582,unknown,,1.0,259792.73,3148,1,manual
1,3149,5screws,81.8174,unknown,,1.0,259873.54,3149,1,manual
1,3150,5screws,84.0034,unknown,,1.0,259956.55,3150,1,manual
1,3151,5screws,83.1201,unknown,,1.0,260038.67,3151,1,manual
1,3152,5screws,85.4651,unknown,,1.0,260123.13,3152,1,manual
1,3153,5screws,85.8112,unknown,,1.0,260207.94,3153,1,manual
1,3154,5screws,84.6055,unknown,,1.0,260291.55,3154,1,manual
1,3155,5screws,81.0652,unknown,,1.0,260371.61,3155,1,manual
1,3156,5screws,85.6824,unknown,,1.0,260456.3,3156,1,manual
1,3157,5screws,85.034,unknown,,1.0,260540.33,3157,1,manual
1,3158,5screws,82.3136,unknown,,1.0,260621.64,3158,1,manual
1,3159,5screws,85.5148,unknown,,1.0,260706.16,3159,1,manual
1,3160,5screws,84.6099,unknown,,1.0,260789.77,3160,1,manual
1,3161,5screws,83.8019,unknown,,1.0,260872.57,3161,1,manual
1,3162,5screws,85.7431,unknown,,1.0,260957.31,3162,1,manual
1,3163,5screws,83.5376,unknown,,1.0,261039.85,3163,1,manual
1,3164,5screws,86.0296,unknown,,1.0,261124.88,3164,1,manual
1,3165,5screws,83.6736,unknown,,1.0,261207.55,3165,1,manual
1,3166,5screws,85.4742,unknown,,1.0,261292.03,3166,1,manual
1,3167,5screws,84.6949,unknown,,1.0,261375.72,3167,1,manual
1,3168,5screws,79.9166,unknown,,1.0,261454.64,3168,1,manual
1,3169,5screws,82.9427,unknown,,1.0,261536.58,3169,1,manual
1,3170,5screws,80.3458,unknown,,1.0,261615.93,3170,1,manual
1,3171,5screws,79.6179,unknown,,1.0,261694.55,3171,1,manual
1,3172,5screws,82.9135,unknown,,1.0,261776.46,3172,1,manual
1,3173,5screws,81.462,unknown,,1.0,261856.92,3173,1,manual
1,3174,5screws,85.3009,unknown,,1.0,261941.22,3174,1,manual
1,3175,5screws,84.2578,unknown,,1.0,262024.48,3175,1,manual
1,3176,5screws,80.9036,unknown,,1.0,262104.38,3176,1,manual
1,3177,5screws,84.7902,unknown,,1.0,262188.17,3177,1,manual
1,3178,5screws,82.7778,unknown,,1.0,262269.95,3178,1,manual
1,3179,5screws,85.8103,unknown,,1.0,262354.76,3179,1,manual
1,3180,5screws,83.7533,unknown,,1.0,262437.52,3180,1,manual
1,3181,5screws,82.5341,unknown,,1.0,262519.05,3181,1,manual
1,3182,5screws,84.4159,unknown,,1.0,262602.47,3182,1,manual
1,3183,5screws,84.0034,unknown,,1.0,262685.47,3183,1,manual
1,3184,5screws,85.239,unknown,,1.0,262769.71,3184,1,manual
1,3185,5screws,83.436,unknown,,1.0,262852.14,3185,1,manual
1,3186,5screws,84.7227,unknown,,1.0,262935.87,3186,1,manual
1,3187,5screws,85.6824,unknown,,1.0,263020.55,3187,1,manual
1,3188,5screws,84.2578,unknown,,1.0,263103.81,3188,1,manual
1,3189,5screws,84.5842,unknown,,1.0,263187.39,3189,1,manual
1,3190,5screws,81.2666,unknown,,1.0,263267.66,3190,1,manual
1,3191,5screws,85.2655,unknown,,1.0,263351.92,3191,1,manual
1,3192,5screws,85.57,unknown,,1.0,263436.49,3192,1,manual
1,3193,5screws,82.3136,unknown,,1.0,263517.81,3193,1,manual
1,3194,5screws,84.5132,unknown,,1.0,263601.32,3194,1,manual
1,3195,5screws,79.3376,unknown,,1.0,263679.66,3195,1,manual
1,3196,5screws,80.8063,unknown,,1.0,263759.46,3196,1,manual
1,3197,5screws,82.4933,unknown,,1.0,263840.96,3197,1,manual
1,3198,5screws,84.6949,unknown,,1.0,263924.65,3198,1,manual
1,3199,5screws,81.3976,unknown,,1.0,264005.05,3199,1,manual
1,3200,5screws,82.7477,unknown,,1.0,264086.8,3200,1,manual
1,3201,5screws,85.3918,unknown,,1.0,264171.19,3201,1,manual
1,3202,5screws,83.5247,unknown,,1.0,264253.71,3202,1,manual
1,3203,5screws,85.4079,unknown,,1.0,264338.12,3203,1,manual
1,3204,5screws,85.4742,unknown,,1.0,264422.6,3204,1,manual
1,3205,5screws,85.3547,unknown,,1.0,264506.95,3205,1,manual
1,3206,5screws,80.5751,unknown,,1.0,264586.53,3206,1,manual
1,3207,5screws,85.6935,unknown,,1.0,264671.22,3207,1,manual
1,3208,5screws,85.8103,unknown,,1.0,264756.03,3208,1,manual
1,3209,5screws,79.6179,unknown,,1.0,264834.65,3209,1,manual
1,3210,5screws,85.7678,unknown,,1.0,264919.42,3210,1,manual
1,3211,5screws,78.6586,unknown,,1.0,264997.07,3211,1,manual
1,3212,5screws,85.1001,unknown,,1.0,265081.17,3212,1,manual
1,3213,5screws,85.5407,unknown,,1.0,265165.71,3213,1,manual
1,3214,5screws,85.3009,unknown,,1.0,265250.02,3214,1,manual
1,3215,5screws,83.0695,unknown,,1.0,265332.09,3215,1,manual
1,3216,5screws,85.5649,unknown,,1.0,265416.65,3216,1,manual
1,3217,5screws,81.5653,unknown,,1.0,265497.22,3217,1,manual
1,3218,5screws,85.576,unknown,,1.0,265581.79,3218,1,manual
1,3219,5screws,83.0794,unknown,,1.0,265663.87,3219,1,manual
1,3220,5screws,82.8521,unknown,,1.0,265745.72,3220,1,manual
1,3221,5screws,85.1682,unknown,,1.0,265829.89,3221,1,manual
1,3222,5screws,85.4172,unknown,,1.0,265914.31,3222,1,manual
1,3223,5screws,82.7392,unknown,,1.0,265996.05,3223,1,manual
1,3224,5screws,83.0896,unknown,,1.0,266078.14,3224,1,manual
1,3225,5screws,83.8373,unknown,,1.0,266160.97,3225,1,manual
1,3226,5screws,85.5322,unknown,,1.0,266245.51,3226,1,manual
1,3227,5screws,79.7984,unknown,,1.0,266324.31,3227,1,manual
1,3228,5screws,82.6353,unknown,,1.0,266405.94,3228,1,manual
1,3229,5screws,82.0054,unknown,,1.0,266486.95,3229,1,manual
1,3230,5screws,85.2271,unknown,,1.0,266571.17,3230,1,manual
1,3231,5screws,80.1163,unknown,,1.0,266650.29,3231,1,manual
1,3232,5screws,85.3872,unknown,,1.0,266734.68,3232,1,manual
1,3233,5screws,85.8318,unknown,,1.0,266819.51,3233,1,manual
1,3234,5screws,82.2379,unknown,,1.0,266900.75,3234,1,manual
1,3235,5screws,85.6762,unknown,,1.0,266985.42,3235,1,manual
1,3236,5screws,82.881,unknown,,1.0,267067.3,3236,1,manual
1,3237,5screws,82.0885,unknown,,1.0,267148.39,3237,1,manual
1,3238,5screws,85.7318,unknown,,1.0,267233.12,3238,1,manual
1,3239,5screws,85.54,unknown,,1.0,267317.66,3239,1,manual
1,3240,5screws,82.7778,unknown,,1.0,267399.44,3240,1,manual
1,3241,5screws,80.8983,unknown,,1.0,267479.34,3241,1,manual
1,3242,5screws,85.6656,unknown,,1.0,267564.01,3242,1,manual
1,3243,5screws,82.9336,unknown,,1.0,267645.94,3243,1,manual
1,3244,5screws,85.4699,unknown,,1.0,267730.41,3244,1,manual
1,3245,5screws,83.4169,unknown,,1.0,267812.83,3245,1,manual
1,3246,5screws,82.8776,unknown,,1.0,267894.7,3246,1,manual
1,3247,5screws,82.3605,unknown,,1.0,267976.06,3247,1,manual
1,3248,5screws,85.6735,unknown,,1.0,268060.74,3248,1,manual
1,3249,5screws,85.4651,unknown,,1.0,268145.2,3249,1,manual
1,3250,5screws,85.6824,unknown,,1.0,268229.88,3250,1,manual
1,3251,5screws,78.1408,unknown,,1.0,268307.03,3251,1,manual
1,3252,5screws,85.7944,unknown,,1.0,268391.82,3252,1,manual
1,3253,5screws,85.4143,unknown,,1.0,268476.23,3253,1,manual
1,3254,5screws,86.0296,unknown,,1.0,268561.26,3254,1,manual
1,3255,5screws,85.0552,unknown,,1.0,268645.32,3255,1,manual
1,3256,5screws,81.0652,unknown,,1.0,268725.38,3256,1,manual
1,3257,5screws,86.015,unknown,,1.0,268810.4,3257,1,manual
1,3258,5screws,85.034,unknown,,1.0,268894.43,3258,1,manual
1,3259,5screws,83.7533,unknown,,1.0,268977.19,3259,1,manual
1,3260,5screws,80.218,unknown,,1.0,269056.4,3260,1,manual
1,3261,5screws,79.3321,unknown,,1.0,269134.74,3261,1,manual
1,3262,5screws,83.73,unknown,,1.0,269217.47,3262,1,manual
1,3263,5screws,82.2074,unknown,,1.0,269298.67,3263,1,manual
1,3264,5screws,85.4153,unknown,,1.0,269383.09,3264,1,manual
1,3265,5screws,78.9283,unknown,,1.0,269461.02,3265,1,manual
1,3266,5screws,82.4198,unknown,,1.0,269542.44,3266,1,manual
1,3267,5screws,81.2445,unknown,,1.0,269622.68,3267,1,manual
1,3268,5screws,85.6289,unknown,,1.0,269707.31,3268,1,manual
1,3269,5screws,85.5148,unknown,,1.0,269791.83,3269,1,manual
1,3270,5screws,85.3072,unknown,,1.0,269876.13,3270,1,manual
1,3271,5screws,83.4959,unknown,,1.0,269958.63,3271,1,manual
1,3272,5screws,85.5772,unknown,,1.0,270043.21,3272,1,manual
1,3273,5screws,82.854,unknown,,1.0,270125.06,3273,1,manual
1,3274,5screws,85.7359,unknown,,1.0,270209.8,3274,1,manual
1,3275,5screws,81.364,unknown,,1.0,270290.16,3275,1,manual
1,3276,5screws,81.462,unknown,,1.0,270370.62,3276,1,manual
1,3277,5screws,86.0534,unknown,,1.0,270455.68,3277,1,manual
1,3278,5screws,79.5054,unknown,,1.0,270534.18,3278,1,manual
1,3279,5screws,85.7339,unknown,,1.0,270618.91,3279,1,manual
1,3280,5screws,82.5901,unknown,,1.0,270700.5,3280,1,manual
1,3281,5screws,81.7213,unknown,,1.0,270781.23,3281,1,manual
1,3282,5screws,79.8397,unknown,,1.0,270860.07,3282,1,manual
1,3283,5screws,85.5392,unknown,,1.0,270944.6,3283,1,manual
1,3284,5screws,85.2174,unknown,,1.0,271028.82,3284,1,manual
1,3285,5screws,85.4582,unknown,,1.0,271113.28,3285,1,manual
1,3286,5screws,85.8112,unknown,,1.0,271198.09,3286,1,manual
1,3287,5screws,84.9734,unknown,,1.0,271282.06,3287,1,manual
1,3288,5screws,85.4682,unknown,,1.0,271366.53,3288,1,manual
1,3289,5screws,85.9457,unknown,,1.0,271451.48,3289,1,manual
1,3290,5screws,79.0914,unknown,,1.0,271529.57,3290,1,manual
1,3291,5screws,81.5095,unknown,,1.0,271610.08,3291,1,manual
1,3292,5screws,85.7168,unknown,,1.0,271694.8,3292,1,manual
1,3293,5screws,82.7914,unknown,,1.0,271776.59,3293,1,manual
1,3294,5screws,78.3724,unknown,,1.0,271853.96,3294,1,manual
1,3295,5screws,82.0376,unknown,,1.0,271935.0,3295,1,manual
1,3296,5screws,81.4698,unknown,,1.0,272015.47,3296,1,manual
1,3297,5screws,82.9024,unknown,,1.0,272097.37,3297,1,manual
1,3298,5screws,84.8328,unknown,,1.0,272181.2,3298,1,manual
1,3299,5screws,80.1485,unknown,,1.0,272260.35,3299,1,manual
1,3300,5screws,84.6891,unknown,,1.0,272344.04,3300,1,manual
1,3301,5screws,85.7121,unknown,,1.0,272428.75,3301,1,manual
1,3302,5screws,80.3659,unknown,,1.0,272508.12,3302,1,manual
1,3303,5screws,82.9539,unknown,,1.0,272590.07,3303,1,manual
1,3304,5screws,85.7769,unknown,,1.0,272674.85,3304,1,manual
1,3305,5screws,85.0343,unknown,,1.0,272758.88,3305,1,manual
1,3306,5screws,83.9605,unknown,,1.0,272841.84,3306,1,manual
1,3307,5screws,82.1824,unknown,,1.0,272923.03,3307,1,manual
1,3308,5screws,86.0726,unknown,,1.0,273008.1,3308,1,manual
1,3309,5screws,85.9319,unknown,,1.0,273093.03,3309,1,manual
1,3310,5screws,81.5111,unknown,,1.0,273173.54,3310,1,manual
1,3311,5screws,82.5796,unknown,,1.0,273255.12,3311,1,manual
1,3312,5screws,85.3862,unknown,,1.0,273339.51,3312,1,manual
1,3313,5screws,82.6848,unknown,,1.0,273421.19,3313,1,manual
1,3314,5screws,85.6174,unknown,,1.0,273505.81,3314,1,manual
1,3315,5screws,83.8248,unknown,,1.0,273588.63,3315,1,manual
1,3316,5screws,85.8795,unknown,,1.0,273673.51,3316,1,manual
1,3317,5screws,79.9166,unknown,,1.0,273752.43,3317,1,manual
1,3318,5screws,82.9112,unknown,,1.0,273834.34,3318,1,manual
1,3319,5screws,78.9314,unknown,,1.0,273912.27,3319,1,manual
1,3320,5screws,84.8055,unknown,,1.0,273996.08,3320,1,manual
1,3321,5screws,82.2387,unknown,,1.0,274077.32,3321,1,manual
1,3322,5screws,81.3468,unknown,,1.0,274157.66,3322,1,manual
1,3323,5screws,76.6978,unknown,,1.0,274233.36,3323,1,manual
1,3324,5screws,82.7131,unknown,,1.0,274315.08,3324,1,manual
1,3325,5screws,84.6055,unknown,,1.0,274398.68,3325,1,manual
1,3326,5screws,85.3997,unknown,,1.0,274483.08,3326,1,manual
1,3327,5screws,85.5077,unknown,,1.0,274567.59,3327,1,manual
1,3328,5screws,85.8,unknown,,1.0,274652.39,3328,1,manual
1,3329,5screws,83.0455,unknown,,1.0,274734.43,3329,1,manual
1,3330,5screws,83.0528,unknown,,1.0,274816.49,3330,1,manual
1,3331,5screws,85.0286,unknown,,1.0,274900.52,3331,1,manual
1,3332,5screws,79.1137,unknown,,1.0,274978.63,3332,1,manual
1,3333,5screws,85.6984,unknown,,1.0,275063.33,3333,1,manual
1,3334,5screws,85.4628,unknown,,1.0,275147.79,3334,1,manual
1,3335,5screws,82.1277,unknown,,1.0,275228.92,3335,1,manual
1,3336,5screws,82.5856,unknown,,1.0,275310.5,3336,1,manual
1,3337,5screws,83.1201,unknown,,1.0,275392.62,3337,1,manual
1,3338,5screws,84.506,unknown,,1.0,275476.13,3338,1,manual
1,3339,5screws,83.1986,unknown,,1.0,275558.33,3339,1,manual
1,3340,5screws,81.9913,unknown,,1.0,275639.32,3340,1,manual
1,3341,5screws,85.6016,unknown,,1.0,275723.92,3341,1,manual
1,3342,5screws,85.6666,unknown,,1.0,275808.59,3342,1,manual
1,3343,5screws,83.0864,unknown,,1.0,275890.67,3343,1,manual
1,3344,5screws,85.4618,unknown,,1.0,275975.14,3344,1,manual
1,3345,5screws,82.599,unknown,,1.0,276056.73,3345,1,manual
1,3346,5screws,82.7666,unknown,,1.0,276138.5,3346,1,manual
1,3347,5screws,85.6941,unknown,,1.0,276223.2,3347,1,manual
1,3348,5screws,83.19,unknown,,1.0,276305.39,3348,1,manual
1,3349,5screws,80.3458,unknown,,1.0,276384.73,3349,1,manual
1,3350,5screws,85.6309,unknown,,1.0,276469.36,3350,1,manual
1,3351,5screws,85.9066,unknown,,1.0,276554.27,3351,1,manual
1,3352,5screws,83.6736,unknown,,1.0,276636.94,3352,1,manual
1,3353,5screws,84.7902,unknown,,1.0,276720.73,3353,1,manual
1,3354,5screws,82.3294,unknown,,1.0,276802.06,3354,1,manual
1,3355,5screws,82.9135,unknown,,1.0,276883.98,3355,1,manual
1,3356,5screws,85.1964,unknown,,1.0,276968.17,3356,1,manual
1,3357,5screws,85.743,unknown,,1.0,277052.91,3357,1,manual
1,3358,5screws,82.7964,unknown,,1.0,277134.71,3358,1,manual
1,3359,5screws,80.296,unknown,,1.0,277214.01,3359,1,manual
1,3360,5screws,76.5833,unknown,,1.0,277289.59,3360,1,manual
1,3361,5screws,80.4856,unknown,,1.0,277369.08,3361,1,manual
1,3362,5screws,82.7733,unknown,,1.0,277450.85,3362,1,manual
1,3363,5screws,85.1399,unknown,,1.0,277534.99,3363,1,manual
1,3364,5screws,85.5505,unknown,,1.0,277619.54,3364,1,manual
1,3365,5screws,85.3345,unknown,,1.0,277703.87,3365,1,manual
1,3366,5screws,85.4246,unknown,,1.0,277788.3,3366,1,manual
1,3367,5screws,84.2888,unknown,,1.0,277871.59,3367,1,manual
1,3368,5screws,84.0649,unknown,,1.0,277954.65,3368,1,manual
1,3369,5screws,85.7431,unknown,,1.0,278039.4,3369,1,manual
1,3370,5screws,84.6099,unknown,,1.0,278123.01,3370,1,manual
1,3371,5screws,83.0052,unknown,,1.0,278205.01,3371,1,manual
1,3372,5screws,85.2653,unknown,,1.0,278289.28,3372,1,manual
1,3373,5screws,79.7637,unknown,,1.0,278368.04,3373,1,manual
1,3374,5screws,81.8174,unknown,,1.0,278448.86,3374,1,manual
1,3375,5screws,85.619,unknown,,1.0,278533.48,3375,1,manual
1,3376,5screws,85.1056,unknown,,1.0,278617.58,3376,1,manual
1,3377,5screws,80.9036,unknown,,1.0,278697.49,3377,1,manual
1,3378,5screws,85.72,unknown,,1.0,278782.21,3378,1,manual
1,3379,5screws,83.5376,unknown,,1.0,278864.74,3379,1,manual
1,3380,5screws,85.3981,unknown,,1.0,278949.14,3380,1,manual
1,3381,5screws,82.9427,unknown,,1.0,279031.08,3381,1,manual
1,3382,5screws,82.7906,unknown,,1.0,279112.87,3382,1,manual
1,3383,5screws,80.4143,unknown,,1.0,279192.29,3383,1,manual
1,3384,5screws,85.549,unknown,,1.0,279276.84,3384,1,manual
1,3385,5screws,81.4133,unknown,,1.0,279357.25,3385,1,manual
1,3386,5screws,82.9056,unknown,,1.0,279439.16,3386,1,manual
1,3387,5screws,83.8019,unknown,,1.0,279521.96,3387,1,manual
1,3388,5screws,79.4929,unknown,,1.0,279600.45,3388,1,manual
1,3389,5screws,85.0949,unknown,,1.0,279684.55,3389,1,manual
1,3390,5screws,84.5985,unknown,,1.0,279768.14,3390,1,manual
1,3391,5screws,81.4095,unknown,,1.0,279848.55,3391,1,manual
1,3392,5screws,85.7958,unknown,,1.0,279933.35,3392,1,manual
1,3393,5screws,81.8174,unknown,,1.0,280014.17,3393,1,manual
1,3394,5screws,82.7906,unknown,,1.0,280095.96,3394,1,manual
1,3395,5screws,78.1408,unknown,,1.0,280173.1,3395,1,manual
1,3396,5screws,79.6179,unknown,,1.0,280251.72,3396,1,manual
1,3397,5screws,82.881,unknown,,1.0,280333.6,3397,1,manual
1,3398,5screws,85.1682,unknown,,1.0,280417.77,3398,1,manual
1,3399,5screws,82.6353,unknown,,1.0,280499.4,3399,1,manual
1,3400,5screws,79.1137,unknown,,1.0,280577.51,3400,1,manual
1,3401,5screws,81.462,unknown,,1.0,280657.98,3401,1,manual
1,3402,5screws,85.7339,unknown,,1.0,280742.71,3402,1,manual
1,3403,5screws,85.0343,unknown,,1.0,280826.75,3403,1,manual
1,3404,5screws,85.5772,unknown,,1.0,280911.32,3404,1,manual
1,3405,5screws,85.239,unknown,,1.0,280995.56,3405,1,manual
1,3406,5screws,85.4582,unknown,,1.0,281080.02,3406,1,manual
1,3407,5screws,85.54,unknown,,1.0,281164.56,3407,1,manual
1,3408,5screws,85.1001,unknown,,1.0,281248.66,3408,1,manual
1,3409,5screws,82.7666,unknown,,1.0,281330.43,3409,1,manual
1,3410,5screws,84.5842,unknown,,1.0,281414.01,3410,1,manual
1,3411,5screws,85.7958,unknown,,1.0,281498.81,3411,1,manual
1,3412,5screws,82.5341,unknown,,1.0,281580.34,3412,1,manual
1,3413,5screws,82.5901,unknown,,1.0,281661.93,3413,1,manual
1,3414,5screws,85.7769,unknown,,1.0,281746.71,3414,1,manual
1,3415,5screws,85.7121,unknown,,1.0,281831.42,3415,1,manual
1,3416,5screws,81.364,unknown,,1.0,281911.78,3416,1,manual
1,3417,5screws,84.7902,unknown,,1.0,281995.57,3417,1,manual
1,3418,5screws,82.3605,unknown,,1.0,282076.93,3418,1,manual
1,3419,5screws,78.3724,unknown,,1.0,282154.31,3419,1,manual
1,3420,5screws,84.4159,unknown,,1.0,282237.72,3420,1,manual
1,3421,5screws,80.218,unknown,,1.0,282316.94,3421,1,manual
1,3422,5screws,83.0528,unknown,,1.0,282398.99,3422,1,manual
1,3423,5screws,82.9427,unknown,,1.0,282480.94,3423,1,manual
1,3424,5screws,84.8055,unknown,,1.0,282564.74,3424,1,manual
1,3425,5screws,85.8,unknown,,1.0,282649.54,3425,1,manual
1,3426,5screws,85.9457,unknown,,1.0,282734.49,3426,1,manual
1,3427,5screws,80.3659,unknown,,1.0,282813.85,3427,1,manual
1,3428,5screws,76.5833,unknown,,1.0,282889.44,3428,1,manual
1,3429,5screws,79.4929,unknown,,1.0,282967.93,3429,1,manual
1,3430,5screws,85.4682,unknown,,1.0,283052.4,3430,1,manual
1,3431,5screws,82.7914,unknown,,1.0,283134.19,3431,1,manual
1,3432,5screws,80.296,unknown,,1.0,283213.48,3432,1,manual
1,3433,5screws,85.4742,unknown,,1.0,283297.96,3433,1,manual
1,3434,5screws,85.0552,unknown,,1.0,283382.01,3434,1,manual
1,3435,5screws,85.2653,unknown,,1.0,283466.28,3435,1,manual
1,3436,5screws,85.3872,unknown,,1.0,283550.67,3436,1,manual
1,3437,5screws,79.3321,unknown,,1.0,283629.0,3437,1,manual
1,3438,5screws,85.9319,unknown,,1.0,283713.93,3438,1,manual
1,3439,5screws,84.0034,unknown,,1.0,283796.93,3439,1,manual
1,3440,5screws,83.0052,unknown,,1.0,283878.94,3440,1,manual
1,3441,5screws,85.7359,unknown,,1.0,283963.67,3441,1,manual
1,3442,5screws,82.599,unknown,,1.0,284045.27,3442,1,manual
1,3443,5screws,83.7533,unknown,,1.0,284128.03,3443,1,manual
1,3444,5screws,82.3136,unknown,,1.0,284209.34,3444,1,manual
1,3445,5screws,84.2578,unknown,,1.0,284292.6,3445,1,manual
1,3446,5screws,85.4699,unknown,,1.0,284377.07,3446,1,manual
1,3447,5screws,82.4198,unknown,,1.0,284458.49,3447,1,manual
1,3448,5screws,85.4172,unknown,,1.0,284542.91,3448,1,manual
1,3449,5screws,83.0455,unknown,,1.0,284624.95,3449,1,manual
1,3450,5screws,85.619,unknown,,1.0,284709.57,3450,1,manual
1,3451,5screws,84.9734,unknown,,1.0,284793.54,3451,1,manual
1,3452,5screws,85.6666,unknown,,1.0,284878.21,3452,1,manual
1,3453,5screws,85.034,unknown,,1.0,284962.24,3453,1,manual
1,3454,5screws,83.4959,unknown,,1.0,285044.74,3454,1,manual
1,3455,5screws,85.5505,unknown,,1.0,285129.29,3455,1,manual
1,3456,5screws,85.8112,unknown,,1.0,285214.1,3456,1,manual
1,3457,5screws,76.6978,unknown,,1.0,285289.8,3457,1,manual
1,3458,5screws,83.1201,unknown,,1.0,285371.92,3458,1,manual
1,3459,5screws,84.5985,unknown,,1.0,285455.52,3459,1,manual
1,3460,5screws,83.0896,unknown,,1.0,285537.61,3460,1,manual
1,3461,5screws,78.6586,unknown,,1.0,285615.27,3461,1,manual
1,3462,5screws,81.3468,unknown,,1.0,285695.61,3462,1,manual
1,3463,5screws,82.7778,unknown,,1.0,285777.39,3463,1,manual
1,3464,5screws,81.5095,unknown,,1.0,285857.9,3464,1,manual
1,3465,5screws,85.5077,unknown,,1.0,285942.41,3465,1,manual
1,3466,5screws,82.0054,unknown,,1.0,286023.41,3466,1,manual
1,3467,5screws,84.5132,unknown,,1.0,286106.93,3467,1,manual
1,3468,5screws,83.9605,unknown,,1.0,286189.89,3468,1,manual
1,3469,5screws,84.6055,unknown,,1.0,286273.49,3469,1,manual
1,3470,5screws,83.0695,unknown,,1.0,286355.56,3470,1,manual
1,3471,5screws,82.8521,unknown,,1.0,286437.41,3471,1,manual
1,3472,5screws,82.1824,unknown,,1.0,286518.6,3472,1,manual
1,3473,5screws,82.0376,unknown,,1.0,286599.63,3473,1,manual
1,3474,5screws,81.7213,unknown,,1.0,286680.36,3474,1,manual
1,3475,5screws,84.506,unknown,,1.0,286763.86,3475,1,manual
1,3476,5screws,79.8397,unknown,,1.0,286842.7,3476,1,manual
1,3477,5screws,85.6762,unknown,,1.0,286927.38,3477,1,manual
1,3478,5screws,84.2888,unknown,,1.0,287010.67,3478,1,manual
1,3479,5screws,85.7318,unknown,,1.0,287095.4,3479,1,manual
1,3480,5screws,83.6736,unknown,,1.0,287178.07,3480,1,manual
1,3481,5screws,85.5407,unknown,,1.0,287262.61,3481,1,manual
1,3482,5screws,83.4169,unknown,,1.0,287345.03,3482,1,manual
1,3483,5screws,85.5322,unknown,,1.0,287429.56,3483,1,manual
1,3484,5screws,85.6174,unknown,,1.0,287514.18,3484,1,manual
1,3485,5screws,85.6289,unknown,,1.0,287598.81,3485,1,manual
1,3486,5screws,85.2655,unknown,,1.0,287683.07,3486,1,manual
1,3487,5screws,85.4153,unknown,,1.0,287767.49,3487,1,manual
1,3488,5screws,83.436,unknown,,1.0,287849.92,3488,1,manual
1,3489,5screws,85.4618,unknown,,1.0,287934.39,3489,1,manual
1,3490,5screws,79.9166,unknown,,1.0,288013.3,3490,1,manual
1,3491,5screws,83.73,unknown,,1.0,288096.03,3491,1,manual
1,3492,5screws,84.6949,unknown,,1.0,288179.73,3492,1,manual
1,3493,5screws,80.4143,unknown,,1.0,288259.14,3493,1,manual
1,3494,5screws,85.5392,unknown,,1.0,288343.68,3494,1,manual
1,3495,5screws,84.6891,unknown,,1.0,288427.37,3495,1,manual
1,3496,5screws,82.854,unknown,,1.0,288509.22,3496,1,manual
1,3497,5screws,79.7637,unknown,,1.0,288587.99,3497,1,manual
1,3498,5screws,85.2174,unknown,,1.0,288672.21,3498,1,manual
1,3499,5screws,82.0885,unknown,,1.0,288753.29,3499,1,manual
1,3500,5screws,86.0534,unknown,,1.0,288838.35,3500,1,manual
1,3501,5screws,82.5796,unknown,,1.0,288919.93,3501,1,manual
1,3502,5screws,85.1964,unknown,,1.0,289004.12,3502,1,manual
1,3503,5screws,85.5148,unknown,,1.0,289088.64,3503,1,manual
1,3504,5screws,83.0794,unknown,,1.0,289170.72,3504,1,manual
1,3505,5screws,81.5653,unknown,,1.0,289251.28,3505,1,manual
1,3506,5screws,83.8248,unknown,,1.0,289334.11,3506,1,manual
1,3507,5screws,82.7392,unknown,,1.0,289415.85,3507,1,manual
1,3508,5screws,82.3294,unknown,,1.0,289497.18,3508,1,manual
1,3509,5screws,82.9024,unknown,,1.0,289579.08,3509,1,manual
1,3510,5screws,85.3862,unknown,,1.0,289663.46,3510,1,manual
1,3511,5screws,83.5376,unknown,,1.0,289746.0,3511,1,manual
1,3512,5screws,83.8019,unknown,,1.0,289828.8,3512,1,manual
1,3513,5screws,85.1056,unknown,,1.0,289912.91,3513,1,manual
1,3514,5screws,81.4698,unknown,,1.0,289993.38,3514,1,manual
1,3515,5screws,85.0949,unknown,,1.0,290077.47,3515,1,manual
1,3516,5screws,85.8103,unknown,,1.0,290162.28,3516,1,manual
1,3517,5screws,82.9539,unknown,,1.0,290244.24,3517,1,manual
1,3518,5screws,85.3997,unknown,,1.0,290328.64,3518,1,manual
1,3519,5screws,85.3345,unknown,,1.0,290412.97,3519,1,manual
1,3520,5screws,81.4095,unknown,,1.0,290493.38,3520,1,manual
1,3521,5screws,85.9066,unknown,,1.0,290578.29,3521,1,manual
1,3522,5screws,85.6824,unknown,,1.0,290662.97,3522,1,manual
1,3523,5screws,80.8063,unknown,,1.0,290742.78,3523,1,manual
1,3524,5screws,81.2666,unknown,,1.0,290823.04,3524,1,manual
1,3525,5screws,84.0649,unknown,,1.0,290906.11,3525,1,manual
1,3526,5screws,85.3918,unknown,,1.0,290990.5,3526,1,manual
1,3527,5screws,79.3376,unknown,,1.0,291068.84,3527,1,manual
1,3528,5screws,80.3458,unknown,,1.0,291148.18,3528,1,manual
1,3529,5screws,85.3547,unknown,,1.0,291232.54,3529,1,manual
1,3530,5screws,85.7944,unknown,,1.0,291317.33,3530,1,manual
1,3531,5screws,82.1277,unknown,,1.0,291398.46,3531,1,manual
1,3532,5screws,85.4079,unknown,,1.0,291482.87,3532,1,manual
1,3533,5screws,78.9283,unknown,,1.0,291560.8,3533,1,manual
1,3534,5screws,85.4651,unknown,,1.0,291645.26,3534,1,manual
1,3535,5screws,79.5054,unknown,,1.0,291723.77,3535,1,manual
1,3536,5screws,82.9112,unknown,,1.0,291805.68,3536,1,manual
1,3537,5screws,85.549,unknown,,1.0,291890.23,3537,1,manual
1,3538,5screws,85.7678,unknown,,1.0,291975.0,3538,1,manual
1,3539,5screws,79.0914,unknown,,1.0,292053.09,3539,1,manual
1,3540,5screws,81.2445,unknown,,1.0,292133.33,3540,1,manual
1,3541,5screws,81.4133,unknown,,1.0,292213.74,3541,1,manual
1,3542,5screws,85.8318,unknown,,1.0,292298.58,3542,1,manual
1,3543,5screws,82.8776,unknown,,1.0,292380.45,3543,1,manual
1,3544,5screws,86.0726,unknown,,1.0,292465.53,3544,1,manual
1,3545,5screws,85.8795,unknown,,1.0,292550.41,3545,1,manual
1,3546,5screws,85.3009,unknown,,1.0,292634.71,3546,1,manual
1,3547,5screws,82.7477,unknown,,1.0,292716.46,3547,1,manual
1,3548,5screws,85.6309,unknown,,1.0,292801.09,3548,1,manual
1,3549,5screws,85.5649,unknown,,1.0,292885.65,3549,1,manual
1,3550,5screws,82.7733,unknown,,1.0,292967.42,3550,1,manual
1,3551,5screws,82.2379,unknown,,1.0,293048.66,3551,1,manual
1,3552,5screws,83.19,unknown,,1.0,293130.85,3552,1,manual
1,3553,5screws,82.9135,unknown,,1.0,293212.77,3553,1,manual
1,3554,5screws,80.1485,unknown,,1.0,293291.91,3554,1,manual
1,3555,5screws,82.2074,unknown,,1.0,293373.12,3555,1,manual
1,3556,5screws,85.576,unknown,,1.0,293457.7,3556,1,manual
1,3557,5screws,86.0296,unknown,,1.0,293542.73,3557,1,manual
1,3558,5screws,80.1163,unknown,,1.0,293621.84,3558,1,manual
1,3559,5screws,85.1399,unknown,,1.0,293705.98,3559,1,manual
1,3560,5screws,85.7168,unknown,,1.0,293790.7,3560,1,manual
1,3561,5screws,84.6099,unknown,,1.0,293874.31,3561,1,manual
1,3562,5screws,79.7984,unknown,,1.0,293953.11,3562,1,manual
1,3563,5screws,85.6735,unknown,,1.0,294037.78,3563,1,manual
1,3564,5screws,82.2387,unknown,,1.0,294119.02,3564,1,manual
1,3565,5screws,78.9314,unknown,,1.0,294196.95,3565,1,manual
1,3566,5screws,83.8373,unknown,,1.0,294279.79,3566,1,manual
1,3567,5screws,85.6935,unknown,,1.0,294364.48,3567,1,manual
1,3568,5screws,85.6656,unknown,,1.0,294449.15,3568,1,manual
1,3569,5screws,80.9036,unknown,,1.0,294529.05,3569,1,manual
1,3570,5screws,82.9056,unknown,,1.0,294610.96,3570,1,manual
1,3571,5screws,82.4933,unknown,,1.0,294692.45,3571,1,manual
1,3572,5screws,85.6016,unknown,,1.0,294777.05,3572,1,manual
1,3573,5screws,81.0652,unknown,,1.0,294857.12,3573,1,manual
1,3574,5screws,85.6824,unknown,,1.0,294941.8,3574,1,manual
1,3575,5screws,86.015,unknown,,1.0,295026.82,3575,1,manual
1,3576,5screws,85.743,unknown,,1.0,295111.56,3576,1,manual
1,3577,5screws,85.4143,unknown,,1.0,295195.97,3577,1,manual
1,3578,5screws,82.6848,unknown,,1.0,295277.66,3578,1,manual
1,3579,5screws,85.3981,unknown,,1.0,295362.06,3579,1,manual
1,3580,5screws,85.4246,unknown,,1.0,295446.48,3580,1,manual
1,3581,5screws,82.7964,unknown,,1.0,295528.28,3581,1,manual
1,3582,5screws,85.72,unknown,,1.0,295613.0,3582,1,manual
1,3583,5screws,83.5247,unknown,,1.0,295695.52,3583,1,manual
1,3584,5screws,83.1986,unknown,,1.0,295777.72,3584,1,manual
1,3585,5screws,84.7227,unknown,,1.0,295861.44,3585,1,manual
1,3586,5screws,85.4628,unknown,,1.0,295945.91,3586,1,manual
1,3587,5screws,85.57,unknown,,1.0,296030.48,3587,1,manual
1,3588,5screws,80.8983,unknown,,1.0,296110.37,3588,1,manual
1,3589,5screws,85.0286,unknown,,1.0,296194.4,3589,1,manual
1,3590,5screws,85.2271,unknown,,1.0,296278.63,3590,1,manual
1,3591,5screws,81.9913,unknown,,1.0,296359.62,3591,1,manual
1,3592,5screws,85.7431,unknown,,1.0,296444.36,3592,1,manual
1,3593,5screws,85.6984,unknown,,1.0,296529.06,3593,1,manual
1,3594,5screws,80.4856,unknown,,1.0,296608.55,3594,1,manual
1,3595,5screws,81.3976,unknown,,1.0,296688.95,3595,1,manual
1,3596,5screws,82.9336,unknown,,1.0,296770.88,3596,1,manual
1,3597,5screws,85.3072,unknown,,1.0,296855.19,3597,1,manual
1,3598,5screws,80.5751,unknown,,1.0,296934.76,3598,1,manual
1,3599,5screws,84.8328,unknown,,1.0,297018.59,3599,1,manual
1,3600,5screws,81.5111,unknown,,1.0,297099.11,3600,1,manual
1,3601,5screws,82.7131,unknown,,1.0,297180.82,3601,1,manual
1,3602,5screws,83.0864,unknown,,1.0,297262.9,3602,1,manual
1,3603,5screws,82.5856,unknown,,1.0,297344.49,3603,1,manual
1,3604,5screws,85.6941,unknown,,1.0,297429.18,3604,1,manual
1,3605,5screws,84.5842,unknown,,1.0,297512.77,3605,1,manual
1,3606,5screws,82.7906,unknown,,1.0,297594.56,3606,1,manual
1,3607,5screws,82.2379,unknown,,1.0,297675.8,3607,1,manual
1,3608,5screws,85.8,unknown,,1.0,297760.6,3608,1,manual
1,3609,5screws,82.9056,unknown,,1.0,297842.5,3609,1,manual
1,3610,5screws,83.0455,unknown,,1.0,297924.55,3610,1,manual
1,3611,5screws,85.2271,unknown,,1.0,298008.78,3611,1,manual
1,3612,5screws,85.4742,unknown,,1.0,298093.25,3612,1,manual
1,3613,5screws,84.4159,unknown,,1.0,298176.67,3613,1,manual
1,3614,5screws,82.599,unknown,,1.0,298258.26,3614,1,manual
1,3615,5screws,84.6055,unknown,,1.0,298341.87,3615,1,manual
1,3616,5screws,81.4698,unknown,,1.0,298422.34,3616,1,manual
1,3617,5screws,81.8174,unknown,,1.0,298503.16,3617,1,manual
1,3618,5screws,84.6099,unknown,,1.0,298586.77,3618,1,manual
1,3619,5screws,83.0052,unknown,,1.0,298668.77,3619,1,manual
1,3620,5screws,80.3458,unknown,,1.0,298748.12,3620,1,manual
1,3621,5screws,81.7213,unknown,,1.0,298828.84,3621,1,manual
1,3622,5screws,85.5148,unknown,,1.0,298913.35,3622,1,manual
1,3623,5screws,83.8248,unknown,,1.0,298996.18,3623,1,manual
1,3624,5screws,85.7944,unknown,,1.0,299080.97,3624,1,manual
1,3625,5screws,81.5111,unknown,,1.0,299161.48,3625,1,manual
1,3626,5screws,82.8776,unknown,,1.0,299243.36,3626,1,manual
1,3627,5screws,85.0286,unknown,,1.0,299327.39,3627,1,manual
1,3628,5screws,82.881,unknown,,1.0,299409.27,3628,1,manual
1,3629,5screws,85.2653,unknown,,1.0,299493.54,3629,1,manual
1,3630,5screws,85.1399,unknown,,1.0,299577.68,3630,1,manual
1,3631,5screws,82.5796,unknown,,1.0,299659.26,3631,1,manual
1,3632,5screws,85.6984,unknown,,1.0,299743.95,3632,1,manual
1,3633,5screws,85.7359,unknown,,1.0,299828.69,3633,1,manual
1,3634,5screws,83.5376,unknown,,1.0,299911.23,3634,1,manual
1,3635,5screws,84.0649,unknown,,1.0,299994.29,3635,1,manual
1,3636,5screws,83.73,unknown,,1.0,300077.02,3636,1,manual
1,3637,5screws,84.9734,unknown,,1.0,300161.0,3637,1,manual
1,3638,5screws,82.7914,unknown,,1.0,300242.79,3638,1,manual
1,3639,5screws,85.3009,unknown,,1.0,300327.09,3639,1,manual
1,3640,5screws,85.3918,unknown,,1.0,300411.48,3640,1,manual
1,3641,5screws,82.8521,unknown,,1.0,300493.33,3641,1,manual
1,3642,5screws,79.4929,unknown,,1.0,300571.83,3642,1,manual
1,3643,5screws,79.8397,unknown,,1.0,300650.67,3643,1,manual
1,3644,5screws,79.0914,unknown,,1.0,300728.76,3644,1,manual
1,3645,5screws,84.6891,unknown,,1.0,300812.45,3645,1,manual
1,3646,5screws,82.5856,unknown,,1.0,300894.03,3646,1,manual
1,3647,5screws,79.6179,unknown,,1.0,300972.65,3647,1,manual
1,3648,5screws,80.4143,unknown,,1.0,301052.06,3648,1,manual
1,3649,5screws,85.5392,unknown,,1.0,301136.6,3649,1,manual
1,3650,5screws,82.3294,unknown,,1.0,301217.93,3650,1,manual
1,3651,5screws,85.7121,unknown,,1.0,301302.64,3651,1,manual
1,3652,5screws,83.9605,unknown,,1.0,301385.6,3652,1,manual
1,3653,5screws,81.462,unknown,,1.0,301466.07,3653,1,manual
1,3654,5screws,82.4933,unknown,,1.0,301547.56,3654,1,manual
1,3655,5screws,85.57,unknown,,1.0,301632.13,3655,1,manual
1,3656,5screws,82.7131,unknown,,1.0,301713.84,3656,1,manual
1,3657,5screws,82.9135,unknown,,1.0,301795.76,3657,1,manual
1,3658,5screws,85.8795,unknown,,1.0,301880.64,3658,1,manual
1,3659,5screws,81.2445,unknown,,1.0,301960.88,3659,1,manual
1,3660,5screws,83.1986,unknown,,1.0,302043.08,3660,1,manual
1,3661,5screws,85.5505,unknown,,1.0,302127.63,3661,1,manual
1,3662,5screws,84.8055,unknown,,1.0,302211.44,3662,1,manual
1,3663,5screws,85.7168,unknown,,1.0,302296.15,3663,1,manual
1,3664,5screws,85.6762,unknown,,1.0,302380.83,3664,1,manual
1,3665,5screws,83.436,unknown,,1.0,302463.26,3665,1,manual
1,3666,5screws,85.3072,unknown,,1.0,302547.57,3666,1,manual
1,3667,5screws,84.5985,unknown,,1.0,302631.17,3667,1,manual
1,3668,5screws,85.54,unknown,,1.0,302715.71,3668,1,manual
1,3669,5screws,85.2655,unknown,,1.0,302799.98,3669,1,manual
1,3670,5screws,83.8019,unknown,,1.0,302882.78,3670,1,manual
1,3671,5screws,79.1137,unknown,,1.0,302960.89,3671,1,manual
1,3672,5screws,78.1408,unknown,,1.0,303038.03,3672,1,manual
1,3673,5screws,84.2578,unknown,,1.0,303121.29,3673,1,manual
1,3674,5screws,85.2174,unknown,,1.0,303205.51,3674,1,manual
1,3675,5screws,85.6666,unknown,,1.0,303290.17,3675,1,manual
1,3676,5screws,85.239,unknown,,1.0,303374.41,3676,1,manual
1,3677,5screws,82.9112,unknown,,1.0,303456.32,3677,1,manual
1,3678,5screws,86.0534,unknown,,1.0,303541.38,3678,1,manual
1,3679,5screws,85.4582,unknown,,1.0,303625.84,3679,1,manual
1,3680,5screws,79.9166,unknown,,1.0,303704.75,3680,1,manual
1,3681,5screws,85.4682,unknown,,1.0,303789.22,3681,1,manual
1,3682,5screws,80.8063,unknown,,1.0,303869.03,3682,1,manual
1,3683,5screws,85.6935,unknown,,1.0,303953.72,3683,1,manual
1,3684,5screws,85.3872,unknown,,1.0,304038.11,3684,1,manual
1,3685,5screws,79.7637,unknown,,1.0,304116.87,3685,1,manual
1,3686,5screws,78.9314,unknown,,1.0,304194.8,3686,1,manual
1,3687,5screws,85.1001,unknown,,1.0,304278.9,3687,1,manual
1,3688,5screws,83.5247,unknown,,1.0,304361.43,3688,1,manual
1,3689,5screws,83.1201,unknown,,1.0,304443.55,3689,1,manual
1,3690,5screws,85.9457,unknown,,1.0,304528.49,3690,1,manual
1,3691,5screws,85.5649,unknown,,1.0,304613.06,3691,1,manual
1,3692,5screws,85.7318,unknown,,1.0,304697.79,3692,1,manual
1,3693,5screws,78.6586,unknown,,1.0,304775.45,3693,1,manual
1,3694,5screws,85.72,unknown,,1.0,304860.17,3694,1,manual
1,3695,5screws,85.4246,unknown,,1.0,304944.59,3695,1,manual
1,3696,5screws,80.1163,unknown,,1.0,305023.71,3696,1,manual
1,3697,5screws,83.7533,unknown,,1.0,305106.46,3697,1,manual
1,3698,5screws,82.2387,unknown,,1.0,305187.7,3698,1,manual
1,3699,5screws,82.1824,unknown,,1.0,305268.88,3699,1,manual
1,3700,5screws,83.8373,unknown,,1.0,305351.72,3700,1,manual
1,3701,5screws,85.5407,unknown,,1.0,305436.26,3701,1,manual
1,3702,5screws,82.7964,unknown,,1.0,305518.06,3702,1,manual
1,3703,5screws,82.5901,unknown,,1.0,305599.65,3703,1,manual
1,3704,5screws,82.9539,unknown,,1.0,305681.6,3704,1,manual
1,3705,5screws,85.6016,unknown,,1.0,305766.2,3705,1,manual
1,3706,5screws,85.7958,unknown,,1.0,305851.0,3706,1,manual
1,3707,5screws,83.19,unknown,,1.0,305933.19,3707,1,manual
1,3708,5screws,82.9024,unknown,,1.0,306015.09,3708,1,manual
1,3709,5screws,81.3468,unknown,,1.0,306095.44,3709,1,manual
1,3710,5screws,82.7778,unknown,,1.0,306177.22,3710,1,manual
1,3711,5screws,85.5772,unknown,,1.0,306261.79,3711,1,manual
1,3712,5screws,79.3376,unknown,,1.0,306340.13,3712,1,manual
1,3713,5screws,85.6656,unknown,,1.0,306424.8,3713,1,manual
1,3714,5screws,84.6949,unknown,,1.0,306508.49,3714,1,manual
1,3715,5screws,85.4699,unknown,,1.0,306592.96,3715,1,manual
1,3716,5screws,85.9319,unknown,,1.0,306677.89,3716,1,manual
1,3717,5screws,85.576,unknown,,1.0,306762.47,3717,1,manual
1,3718,5screws,80.8983,unknown,,1.0,306842.37,3718,1,manual
1,3719,5screws,84.8328,unknown,,1.0,306926.2,3719,1,manual
1,3720,5screws,85.3547,unknown,,1.0,307010.55,3720,1,manual
1,3721,5screws,79.5054,unknown,,1.0,307089.06,3721,1,manual
1,3722,5screws,80.3659,unknown,,1.0,307168.43,3722,1,manual
1,3723,5screws,82.3605,unknown,,1.0,307249.79,3723,1,manual
1,3724,5screws,83.4169,unknown,,1.0,307332.2,3724,1,manual
1,3725,5screws,85.1682,unknown,,1.0,307416.37,3725,1,manual
1,3726,5screws,83.6736,unknown,,1.0,307499.05,3726,1,manual
1,3727,5screws,84.7902,unknown,,1.0,307582.84,3727,1,manual
1,3728,5screws,86.015,unknown,,1.0,307667.85,3728,1,manual
1,3729,5screws,84.506,unknown,,1.0,307751.36,3729,1,manual
1,3730,5screws,85.3345,unknown,,1.0,307835.69,3730,1,manual
1,3731,5screws,85.0343,unknown,,1.0,307919.73,3731,1,manual
1,3732,5screws,76.5833,unknown,,1.0,307995.31,3732,1,manual
1,3733,5screws,85.743,unknown,,1.0,308080.05,3733,1,manual
1,3734,5screws,80.218,unknown,,1.0,308159.27,3734,1,manual
1,3735,5screws,83.0528,unknown,,1.0,308241.32,3735,1,manual
1,3736,5screws,82.7666,unknown,,1.0,308323.09,3736,1,manual
1,3737,5screws,81.3976,unknown,,1.0,308403.49,3737,1,manual
1,3738,5screws,82.5341,unknown,,1.0,308485.02,3738,1,manual
1,3739,5screws,85.8103,unknown,,1.0,308569.83,3739,1,manual
1,3740,5screws,82.6353,unknown,,1.0,308651.47,3740,1,manual
1,3741,5screws,81.9913,unknown,,1.0,308732.46,3741,1,manual
1,3742,5screws,85.4618,unknown,,1.0,308816.92,3742,1,manual
1,3743,5screws,85.4143,unknown,,1.0,308901.33,3743,1,manual
1,3744,5screws,84.7227,unknown,,1.0,308985.06,3744,1,manual
1,3745,5screws,85.0949,unknown,,1.0,309069.15,3745,1,manual
1,3746,5screws,85.1056,unknown,,1.0,309153.26,3746,1,manual
1,3747,5screws,81.4095,unknown,,1.0,309233.67,3747,1,manual
1,3748,5screws,85.6824,unknown,,1.0,309318.35,3748,1,manual
1,3749,5screws,81.5095,unknown,,1.0,309398.86,3749,1,manual
1,3750,5screws,85.7431,unknown,,1.0,309483.6,3750,1,manual
1,3751,5screws,78.9283,unknown,,1.0,309561.53,3751,1,manual
1,3752,5screws,82.0885,unknown,,1.0,309642.62,3752,1,manual
1,3753,5screws,85.7339,unknown,,1.0,309727.35,3753,1,manual
1,3754,5screws,83.0794,unknown,,1.0,309809.43,3754,1,manual
1,3755,5screws,81.5653,unknown,,1.0,309890.0,3755,1,manual
1,3756,5screws,82.854,unknown,,1.0,309971.85,3756,1,manual
1,3757,5screws,82.3136,unknown,,1.0,310053.16,3757,1,manual
1,3758,5screws,85.3862,unknown,,1.0,310137.55,3758,1,manual
1,3759,5screws,85.0552,unknown,,1.0,310221.61,3759,1,manual
1,3760,5screws,85.4172,unknown,,1.0,310306.02,3760,1,manual
1,3761,5screws,82.7733,unknown,,1.0,310387.8,3761,1,manual
1,3762,5screws,83.0896,unknown,,1.0,310469.89,3762,1,manual
1,3763,5screws,85.6174,unknown,,1.0,310554.5,3763,1,manual
1,3764,5screws,82.7477,unknown,,1.0,310636.25,3764,1,manual
1,3765,5screws,85.5322,unknown,,1.0,310720.78,3765,1,manual
1,3766,5screws,82.0054,unknown,,1.0,310801.79,3766,1,manual
1,3767,5screws,81.364,unknown,,1.0,310882.15,3767,1,manual
1,3768,5screws,83.0695,unknown,,1.0,310964.22,3768,1,manual
1,3769,5screws,82.1277,unknown,,1.0,311045.35,3769,1,manual
1,3770,5screws,85.4153,unknown,,1.0,311129.77,3770,1,manual
1,3771,5screws,82.0376,unknown,,1.0,311210.8,3771,1,manual
1,3772,5screws,86.0296,unknown,,1.0,311295.83,3772,1,manual
1,3773,5screws,85.8318,unknown,,1.0,311380.66,3773,1,manual
1,3774,5screws,80.4856,unknown,,1.0,311460.15,3774,1,manual
1,3775,5screws,85.7678,unknown,,1.0,311544.92,3775,1,manual
1,3776,5screws,85.8112,unknown,,1.0,311629.73,3776,1,manual
1,3777,5screws,85.3997,unknown,,1.0,311714.13,3777,1,manual
1,3778,5screws,84.2888,unknown,,1.0,311797.42,3778,1,manual
1,3779,5screws,82.9336,unknown,,1.0,311879.35,3779,1,manual
1,3780,5screws,85.7769,unknown,,1.0,311964.13,3780,1,manual
1,3781,5screws,76.6978,unknown,,1.0,312039.83,3781,1,manual
1,3782,5screws,85.6824,unknown,,1.0,312124.51,3782,1,manual
1,3783,5screws,85.6941,unknown,,1.0,312209.2,3783,1,manual
1,3784,5screws,85.5077,unknown,,1.0,312293.71,3784,1,manual
1,3785,5screws,80.296,unknown,,1.0,312373.01,3785,1,manual
1,3786,5screws,85.4651,unknown,,1.0,312457.47,3786,1,manual
1,3787,5screws,85.1964,unknown,,1.0,312541.67,3787,1,manual
1,3788,5screws,81.2666,unknown,,1.0,312621.93,3788,1,manual
1,3789,5screws,86.0726,unknown,,1.0,312707.01,3789,1,manual
1,3790,5screws,82.4198,unknown,,1.0,312788.43,3790,1,manual
1,3791,5screws,85.6735,unknown,,1.0,312873.1,3791,1,manual
1,3792,5screws,85.034,unknown,,1.0,312957.13,3792,1,manual
1,3793,5screws,82.2074,unknown,,1.0,313038.34,3793,1,manual
1,3794,5screws,85.6309,unknown,,1.0,313122.97,3794,1,manual
1,3795,5screws,80.1485,unknown,,1.0,313202.12,3795,1,manual
1,3796,5screws,79.3321,unknown,,1.0,313280.45,3796,1,manual
1,3797,5screws,82.7392,unknown,,1.0,313362.19,3797,1,manual
1,3798,5screws,85.4079,unknown,,1.0,313446.6,3798,1,manual
1,3799,5screws,83.0864,unknown,,1.0,313528.69,3799,1,manual
1,3800,5screws,84.5132,unknown,,1.0,313612.2,3800,1,manual
1,3801,5screws,81.4133,unknown,,1.0,313692.61,3801,1,manual
1,3802,5screws,80.9036,unknown,,1.0,313772.52,3802,1,manual
1,3803,5screws,85.3981,unknown,,1.0,313856.91,3803,1,manual
1,3804,5screws,85.549,unknown,,1.0,313941.46,3804,1,manual
1,3805,5screws,78.3724,unknown,,1.0,314018.84,3805,1,manual
1,3806,5screws,80.5751,unknown,,1.0,314098.41,3806,1,manual
1,3807,5screws,81.0652,unknown,,1.0,314178.48,3807,1,manual
1,3808,5screws,85.4628,unknown,,1.0,314262.94,3808,1,manual
1,3809,5screws,79.7984,unknown,,1.0,314341.74,3809,1,manual
1,3810,5screws,83.4959,unknown,,1.0,314424.23,3810,1,manual
1,3811,5screws,85.6289,unknown,,1.0,314508.86,3811,1,manual
1,3812,5screws,85.9066,unknown,,1.0,314593.77,3812,1,manual
1,3813,5screws,84.0034,unknown,,1.0,314676.77,3813,1,manual
1,3814,5screws,82.6848,unknown,,1.0,314758.46,3814,1,manual
1,3815,5screws,82.9427,unknown,,1.0,314840.4,3815,1,manual
1,3816,5screws,85.619,unknown,,1.0,314925.02,3816,1,manual
1,3817,5screws,81.2445,unknown,,1.0,315005.26,3817,1,manual
1,3818,5screws,85.0552,unknown,,1.0,315089.32,3818,1,manual
1,3819,5screws,85.1682,unknown,,1.0,315173.49,3819,1,manual
1,3820,5screws,85.3009,unknown,,1.0,315257.79,3820,1,manual
1,3821,5screws,81.5653,unknown,,1.0,315338.35,3821,1,manual
1,3822,5screws,85.2655,unknown,,1.0,315422.62,3822,1,manual
1,3823,5screws,85.5407,unknown,,1.0,315507.16,3823,1,manual
1,3824,5screws,81.462,unknown,,1.0,315587.62,3824,1,manual
1,3825,5screws,85.8318,unknown,,1.0,315672.45,3825,1,manual
1,3826,5screws,83.6736,unknown,,1.0,315755.13,3826,1,manual
1,3827,5screws,85.1056,unknown,,1.0,315839.23,3827,1,manual
1,3828,5screws,85.9457,unknown,,1.0,315924.18,3828,1,manual
1,3829,5screws,78.9283,unknown,,1.0,316002.11,3829,1,manual
1,3830,5screws,83.5376,unknown,,1.0,316084.64,3830,1,manual
1,3831,5screws,84.4159,unknown,,1.0,316168.06,3831,1,manual
1,3832,5screws,79.4929,unknown,,1.0,316246.55,3832,1,manual
1,3833,5screws,82.5341,unknown,,1.0,316328.09,3833,1,manual
1,3834,5screws,84.7902,unknown,,1.0,316411.88,3834,1,manual
1,3835,5screws,81.5111,unknown,,1.0,316492.39,3835,1,manual
1,3836,5screws,84.5132,unknown,,1.0,316575.9,3836,1,manual
1,3837,5screws,85.4143,unknown,,1.0,316660.32,3837,1,manual
1,3838,5screws,80.4856,unknown,,1.0,316739.8,3838,1,manual
1,3839,5screws,85.619,unknown,,1.0,316824.42,3839,1,manual
1,3840,5screws,84.8055,unknown,,1.0,316908.23,3840,1,manual
1,3841,5screws,82.2387,unknown,,1.0,316989.46,3841,1,manual
1,3842,5screws,85.72,unknown,,1.0,317074.18,3842,1,manual
1,3843,5screws,80.5751,unknown,,1.0,317153.76,3843,1,manual
1,3844,5screws,82.1824,unknown,,1.0,317234.94,3844,1,manual
1,3845,5screws,78.3724,unknown,,1.0,317312.31,3845,1,manual
1,3846,5screws,85.7359,unknown,,1.0,317397.05,3846,1,manual
1,3847,5screws,81.3468,unknown,,1.0,317477.4,3847,1,manual
1,3848,5screws,84.9734,unknown,,1.0,317561.37,3848,1,manual
1,3849,5screws,85.57,unknown,,1.0,317645.94,3849,1,manual
1,3850,5screws,85.4079,unknown,,1.0,317730.35,3850,1,manual
1,3851,5screws,81.8174,unknown,,1.0,317811.17,3851,1,manual
1,3852,5screws,85.6824,unknown,,1.0,317895.85,3852,1,manual
1,3853,5screws,85.8103,unknown,,1.0,317980.66,3853,1,manual
1,3854,5screws,85.6309,unknown,,1.0,318065.29,3854,1,manual
1,3855,5screws,82.6848,unknown,,1.0,318146.97,3855,1,manual
1,3856,5screws,79.6179,unknown,,1.0,318225.59,3856,1,manual
1,3857,5screws,85.4582,unknown,,1.0,318310.05,3857,1,manual
1,3858,5screws,81.4698,unknown,,1.0,318390.52,3858,1,manual
1,3859,5screws,85.0286,unknown,,1.0,318474.55,3859,1,manual
1,3860,5screws,85.4246,unknown,,1.0,318558.97,3860,1,manual
1,3861,5screws,85.4618,unknown,,1.0,318643.43,3861,1,manual
1,3862,5screws,82.0054,unknown,,1.0,318724.44,3862,1,manual
1,3863,5screws,85.6935,unknown,,1.0,318809.13,3863,1,manual
1,3864,5screws,85.6656,unknown,,1.0,318893.8,3864,1,manual
1,3865,5screws,82.7914,unknown,,1.0,318975.59,3865,1,manual
1,3866,5screws,82.2379,unknown,,1.0,319056.83,3866,1,manual
1,3867,5screws,85.7168,unknown,,1.0,319141.54,3867,1,manual
1,3868,5screws,85.1399,unknown,,1.0,319225.68,3868,1,manual
1,3869,5screws,81.4095,unknown,,1.0,319306.09,3869,1,manual
1,3870,5screws,81.5095,unknown,,1.0,319386.6,3870,1,manual
1,3871,5screws,85.8112,unknown,,1.0,319471.41,3871,1,manual
1,3872,5screws,85.5772,unknown,,1.0,319555.99,3872,1,manual
1,3873,5screws,84.2888,unknown,,1.0,319639.28,3873,1,manual
1,3874,5screws,85.54,unknown,,1.0,319723.82,3874,1,manual
1,3875,5screws,85.3997,unknown,,1.0,319808.22,3875,1,manual
1,3876,5screws,84.7227,unknown,,1.0,319891.94,3876,1,manual
1,3877,5screws,78.9314,unknown,,1.0,319969.87,3877,1,manual
1,3878,5screws,84.506,unknown,,1.0,320053.38,3878,1,manual
1,3879,5screws,85.239,unknown,,1.0,320137.62,3879,1,manual
1,3880,5screws,80.1485,unknown,,1.0,320216.77,3880,1,manual
1,3881,5screws,85.6016,unknown,,1.0,320301.37,3881,1,manual
1,3882,5screws,84.6949,unknown,,1.0,320385.06,3882,1,manual
1,3883,5screws,82.7964,unknown,,1.0,320466.86,3883,1,manual
1,3884,5screws,79.9166,unknown,,1.0,320545.78,3884,1,manual
1,3885,5screws,83.5247,unknown,,1.0,320628.3,3885,1,manual
1,3886,5screws,85.4153,unknown,,1.0,320712.72,3886,1,manual
1,3887,5screws,82.881,unknown,,1.0,320794.6,3887,1,manual
1,3888,5screws,85.5392,unknown,,1.0,320879.14,3888,1,manual
1,3889,5screws,85.0343,unknown,,1.0,320963.17,3889,1,manual
1,3890,5screws,85.576,unknown,,1.0,321047.75,3890,1,manual
1,3891,5screws,80.3458,unknown,,1.0,321127.09,3891,1,manual
1,3892,5screws,82.9427,unknown,,1.0,321209.04,3892,1,manual
1,3893,5screws,83.9605,unknown,,1.0,321292.0,3893,1,manual
1,3894,5screws,76.5833,unknown,,1.0,321367.58,3894,1,manual
1,3895,5screws,84.2578,unknown,,1.0,321450.84,3895,1,manual
1,3896,5screws,79.5054,unknown,,1.0,321529.34,3896,1,manual
1,3897,5screws,79.0914,unknown,,1.0,321607.44,3897,1,manual
1,3898,5screws,85.4742,unknown,,1.0,321691.91,3898,1,manual
1,3899,5screws,80.296,unknown,,1.0,321771.21,3899,1,manual
1,3900,5screws,83.0896,unknown,,1.0,321853.3,3900,1,manual
1,3901,5screws,85.4699,unknown,,1.0,321937.77,3901,1,manual
1,3902,5screws,85.549,unknown,,1.0,322022.31,3902,1,manual
1,3903,5screws,80.8063,unknown,,1.0,322102.12,3903,1,manual
1,3904,5screws,83.0864,unknown,,1.0,322184.21,3904,1,manual
1,3905,5screws,83.0052,unknown,,1.0,322266.21,3905,1,manual
1,3906,5screws,85.7431,unknown,,1.0,322350.95,3906,1,manual
1,3907,5screws,85.6762,unknown,,1.0,322435.63,3907,1,manual
1,3908,5screws,79.3376,unknown,,1.0,322513.97,3908,1,manual
1,3909,5screws,83.19,unknown,,1.0,322596.16,3909,1,manual
1,3910,5screws,83.1986,unknown,,1.0,322678.36,3910,1,manual
1,3911,5screws,85.6984,unknown,,1.0,322763.06,3911,1,manual
1,3912,5screws,82.7131,unknown,,1.0,322844.77,3912,1,manual
1,3913,5screws,85.3862,unknown,,1.0,322929.16,3913,1,manual
1,3914,5screws,84.0649,unknown,,1.0,323012.22,3914,1,manual
1,3915,5screws,85.4628,unknown,,1.0,323096.68,3915,1,manual
1,3916,5screws,84.6099,unknown,,1.0,323180.29,3916,1,manual
1,3917,5screws,85.2174,unknown,,1.0,323264.51,3917,1,manual
1,3918,5screws,84.8328,unknown,,1.0,323348.34,3918,1,manual
1,3919,5screws,85.3872,unknown,,1.0,323432.73,3919,1,manual
1,3920,5screws,85.1001,unknown,,1.0,323516.83,3920,1,manual
1,3921,5screws,82.0376,unknown,,1.0,323597.87,3921,1,manual
1,3922,5screws,80.4143,unknown,,1.0,323677.28,3922,1,manual
1,3923,5screws,85.6735,unknown,,1.0,323761.96,3923,1,manual
1,3924,5screws,85.743,unknown,,1.0,323846.7,3924,1,manual
1,3925,5screws,81.2666,unknown,,1.0,323926.97,3925,1,manual
1,3926,5screws,81.7213,unknown,,1.0,324007.69,3926,1,manual
1,3927,5screws,82.9112,unknown,,1.0,324089.6,3927,1,manual
1,3928,5screws,81.9913,unknown,,1.0,324170.59,3928,1,manual
1,3929,5screws,82.6353,unknown,,1.0,324252.22,3929,1,manual
1,3930,5screws,81.4133,unknown,,1.0,324332.64,3930,1,manual
1,3931,5screws,83.1201,unknown,,1.0,324414.76,3931,1,manual
1,3932,5screws,85.7958,unknown,,1.0,324499.55,3932,1,manual
1,3933,5screws,82.9336,unknown,,1.0,324581.49,3933,1,manual
1,3934,5screws,82.7666,unknown,,1.0,324663.25,3934,1,manual
1,3935,5screws,85.9066,unknown,,1.0,324748.16,3935,1,manual
1,3936,5screws,85.6174,unknown,,1.0,324832.78,3936,1,manual
1,3937,5screws,82.0885,unknown,,1.0,324913.87,3937,1,manual
1,3938,5screws,82.2074,unknown,,1.0,324995.07,3938,1,manual
1,3939,5screws,82.4933,unknown,,1.0,325076.57,3939,1,manual
1,3940,5screws,82.7477,unknown,,1.0,325158.31,3940,1,manual
1,3941,5screws,85.7944,unknown,,1.0,325243.11,3941,1,manual
1,3942,5screws,85.6289,unknown,,1.0,325327.74,3942,1,manual
1,3943,5screws,85.034,unknown,,1.0,325411.77,3943,1,manual
1,3944,5screws,82.5856,unknown,,1.0,325493.36,3944,1,manual
1,3945,5screws,85.4682,unknown,,1.0,325577.83,3945,1,manual
1,3946,5screws,78.1408,unknown,,1.0,325654.97,3946,1,manual
1,3947,5screws,85.0949,unknown,,1.0,325739.06,3947,1,manual
1,3948,5screws,83.0794,unknown,,1.0,325821.14,3948,1,manual
1,3949,5screws,82.599,unknown,,1.0,325902.74,3949,1,manual
1,3950,5screws,83.4959,unknown,,1.0,325985.24,3950,1,manual
1,3951,5screws,81.0652,unknown,,1.0,326065.3,3951,1,manual
1,3952,5screws,82.7906,unknown,,1.0,326147.09,3952,1,manual
1,3953,5screws,85.2653,unknown,,1.0,326231.36,3953,1,manual
1,3954,5screws,79.3321,unknown,,1.0,326309.69,3954,1,manual
1,3955,5screws,82.7778,unknown,,1.0,326391.47,3955,1,manual
1,3956,5screws,85.5148,unknown,,1.0,326475.98,3956,1,manual
1,3957,5screws,83.8373,unknown,,1.0,326558.82,3957,1,manual
1,3958,5screws,82.5796,unknown,,1.0,326640.4,3958,1,manual
1,3959,5screws,76.6978,unknown,,1.0,326716.1,3959,1,manual
1,3960,5screws,84.6055,unknown,,1.0,326799.7,3960,1,manual
1,3961,5screws,79.7984,unknown,,1.0,326878.5,3961,1,manual
1,3962,5screws,82.3294,unknown,,1.0,326959.83,3962,1,manual
1,3963,5screws,85.4172,unknown,,1.0,327044.25,3963,1,manual
1,3964,5screws,79.1137,unknown,,1.0,327122.36,3964,1,manual
1,3965,5screws,85.9319,unknown,,1.0,327207.29,3965,1,manual
1,3966,5screws,80.218,unknown,,1.0,327286.51,3966,1,manual
1,3967,5screws,80.9036,unknown,,1.0,327366.41,3967,1,manual
1,3968,5screws,85.7121,unknown,,1.0,327451.13,3968,1,manual
1,3969,5screws,82.1277,unknown,,1.0,327532.25,3969,1,manual
1,3970,5screws,85.1964,unknown,,1.0,327616.45,3970,1,manual
1,3971,5screws,82.9135,unknown,,1.0,327698.36,3971,1,manual
1,3972,5screws,79.7637,unknown,,1.0,327777.13,3972,1,manual
1,3973,5screws,85.4651,unknown,,1.0,327861.59,3973,1,manual
1,3974,5screws,85.5649,unknown,,1.0,327946.16,3974,1,manual
1,3975,5screws,83.8248,unknown,,1.0,328028.98,3975,1,manual
1,3976,5screws,85.3918,unknown,,1.0,328113.37,3976,1,manual
1,3977,5screws,82.7733,unknown,,1.0,328195.15,3977,1,manual
1,3978,5screws,82.9024,unknown,,1.0,328277.05,3978,1,manual
1,3979,5screws,82.3605,unknown,,1.0,328358.41,3979,1,manual
1,3980,5screws,82.8521,unknown,,1.0,328440.26,3980,1,manual
1,3981,5screws,85.2271,unknown,,1.0,328524.49,3981,1,manual
1,3982,5screws,81.364,unknown,,1.0,328604.85,3982,1,manual
1,3983,5screws,82.9056,unknown,,1.0,328686.76,3983,1,manual
1,3984,5screws,83.0528,unknown,,1.0,328768.81,3984,1,manual
1,3985,5screws,84.0034,unknown,,1.0,328851.82,3985,1,manual
1,3986,5screws,84.6891,unknown,,1.0,328935.5,3986,1,manual
1,3987,5screws,83.0695,unknown,,1.0,329017.57,3987,1,manual
1,3988,5screws,83.436,unknown,,1.0,329100.01,3988,1,manual
1,3989,5screws,80.3659,unknown,,1.0,329179.38,3989,1,manual
1,3990,5screws,85.5505,unknown,,1.0,329263.93,3990,1,manual
1,3991,5screws,83.0455,unknown,,1.0,329345.97,3991,1,manual
1,3992,5screws,83.73,unknown,,1.0,329428.7,3992,1,manual
1,3993,5screws,82.8776,unknown,,1.0,329510.58,3993,1,manual
1,3994,5screws,84.5985,unknown,,1.0,329594.18,3994,1,manual
1,3995,5screws,86.015,unknown,,1.0,329679.19,3995,1,manual
1,3996,5screws,81.3976,unknown,,1.0,329759.59,3996,1,manual
1,3997,5screws,85.7769,unknown,,1.0,329844.37,3997,1,manual
1,3998,5screws,78.6586,unknown,,1.0,329922.03,3998,1,manual
1,3999,5screws,80.8983,unknown,,1.0,330001.92,3999,1,manual
1,4000,5screws,82.9539,unknown,,1.0,330083.88,4000,1,manual
1,4001,5screws,79.8397,unknown,,1.0,330162.72,4001,1,manual
1,4002,5screws,82.4198,unknown,,1.0,330244.14,4002,1,manual
1,4003,5screws,82.7392,unknown,,1.0,330325.88,4003,1,manual
1,4004,5screws,86.0726,unknown,,1.0,330410.95,4004,1,manual
1,4005,5screws,85.8795,unknown,,1.0,330495.83,4005,1,manual
1,4006,5screws,86.0534,unknown,,1.0,330580.88,4006,1,manual
1,4007,5screws,83.8019,unknown,,1.0,330663.68,4007,1,manual
1,4008,5screws,85.6824,unknown,,1.0,330748.37,4008,1,manual
1,4009,5screws,85.7318,unknown,,1.0,330833.1,4009,1,manual
1,4010,5screws,83.7533,unknown,,1.0,330915.85,4010,1,manual
1,4011,5screws,85.3981,unknown,,1.0,331000.25,4011,1,manual
1,4012,5screws,80.1163,unknown,,1.0,331079.37,4012,1,manual
1,4013,5screws,85.3547,unknown,,1.0,331163.72,4013,1,manual
1,4014,5screws,82.854,unknown,,1.0,331245.57,4014,1,manual
1,4015,5screws,85.8,unknown,,1.0,331330.37,4015,1,manual
1,4016,5screws,85.3072,unknown,,1.0,331414.68,4016,1,manual
1,4017,5screws,85.6941,unknown,,1.0,331499.38,4017,1,manual
1,4018,5screws,85.7678,unknown,,1.0,331584.14,4018,1,manual
1,4019,5screws,82.5901,unknown,,1.0,331665.73,4019,1,manual
1,4020,5screws,85.5077,unknown,,1.0,331750.24,4020,1,manual
1,4021,5screws,85.3345,unknown,,1.0,331834.58,4021,1,manual
1,4022,5screws,85.5322,unknown,,1.0,331919.11,4022,1,manual
1,4023,5screws,86.0296,unknown,,1.0,332004.14,4023,1,manual
1,4024,5screws,85.6666,unknown,,1.0,332088.8,4024,1,manual
1,4025,5screws,84.5842,unknown,,1.0,332172.39,4025,1,manual
1,4026,5screws,83.4169,unknown,,1.0,332254.81,4026,1,manual
1,4027,5screws,85.7339,unknown,,1.0,332339.54,4027,1,manual
1,4028,5screws,82.3136,unknown,,1.0,332420.85,4028,1,manual
1,4029,5screws,84.6055,unknown,,1.0,332504.46,4029,1,manual
1,4030,5screws,81.9913,unknown,,1.0,332585.45,4030,1,manual
1,4031,5screws,85.7958,unknown,,1.0,332670.25,4031,1,manual
1,4032,5screws,82.9112,unknown,,1.0,332752.16,4032,1,manual
1,4033,5screws,84.7227,unknown,,1.0,332835.88,4033,1,manual
1,4034,5screws,85.2174,unknown,,1.0,332920.1,4034,1,manual
1,4035,5screws,85.3009,unknown,,1.0,333004.4,4035,1,manual
1,4036,5screws,82.8521,unknown,,1.0,333086.25,4036,1,manual
1,4037,5screws,85.7678,unknown,,1.0,333171.02,4037,1,manual
1,4038,5screws,85.6762,unknown,,1.0,333255.69,4038,1,manual
1,4039,5screws,84.2888,unknown,,1.0,333338.98,4039,1,manual
1,4040,5screws,85.3547,unknown,,1.0,333423.34,4040,1,manual
1,4041,5screws,85.2655,unknown,,1.0,333507.6,4041,1,manual
1,4042,5screws,85.7769,unknown,,1.0,333592.38,4042,1,manual
1,4043,5screws,85.3918,unknown,,1.0,333676.77,4043,1,manual
1,4044,5screws,78.1408,unknown,,1.0,333753.91,4044,1,manual
1,4045,5screws,85.8103,unknown,,1.0,333838.72,4045,1,manual
1,4046,5screws,82.2379,unknown,,1.0,333919.96,4046,1,manual
1,4047,5screws,80.8063,unknown,,1.0,333999.77,4047,1,manual
1,4048,5screws,85.5322,unknown,,1.0,334084.3,4048,1,manual
1,4049,5screws,83.4169,unknown,,1.0,334166.72,4049,1,manual
1,4050,5screws,85.0949,unknown,,1.0,334250.81,4050,1,manual
1,4051,5screws,85.6289,unknown,,1.0,334335.44,4051,1,manual
1,4052,5screws,85.4172,unknown,,1.0,334419.86,4052,1,manual
1,4053,5screws,81.4133,unknown,,1.0,334500.27,4053,1,manual
1,4054,5screws,85.4153,unknown,,1.0,334584.69,4054,1,manual
1,4055,5screws,85.2653,unknown,,1.0,334668.95,4055,1,manual
1,4056,5screws,85.549,unknown,,1.0,334753.5,4056,1,manual
1,4057,5screws,81.7213,unknown,,1.0,334834.22,4057,1,manual
1,4058,5screws,83.4959,unknown,,1.0,334916.72,4058,1,manual
1,4059,5screws,82.5341,unknown,,1.0,334998.25,4059,1,manual
1,4060,5screws,84.8328,unknown,,1.0,335082.08,4060,1,manual
1,4061,5screws,82.0376,unknown,,1.0,335163.12,4061,1,manual
1,4062,5screws,83.5376,unknown,,1.0,335245.66,4062,1,manual
1,4063,5screws,84.5842,unknown,,1.0,335329.24,4063,1,manual
1,4064,5screws,82.1277,unknown,,1.0,335410.37,4064,1,manual
1,4065,5screws,79.1137,unknown,,1.0,335488.49,4065,1,manual
1,4066,5screws,85.6824,unknown,,1.0,335573.17,4066,1,manual
1,4067,5screws,85.7339,unknown,,1.0,335657.9,4067,1,manual
1,4068,5screws,85.4079,unknown,,1.0,335742.31,4068,1,manual
1,4069,5screws,82.1824,unknown,,1.0,335823.49,4069,1,manual
1,4070,5screws,85.5148,unknown,,1.0,335908.01,4070,1,manual
1,4071,5screws,82.7964,unknown,,1.0,335989.8,4071,1,manual
1,4072,5screws,81.4095,unknown,,1.0,336070.21,4072,1,manual
1,4073,5screws,85.239,unknown,,1.0,336154.45,4073,1,manual
1,4074,5screws,85.7431,unknown,,1.0,336239.19,4074,1,manual
1,4075,5screws,85.6941,unknown,,1.0,336323.89,4075,1,manual
1,4076,5screws,85.6656,unknown,,1.0,336408.55,4076,1,manual
1,4077,5screws,83.1986,unknown,,1.0,336490.75,4077,1,manual
1,4078,5screws,83.8373,unknown,,1.0,336573.59,4078,1,manual
1,4079,5screws,82.3605,unknown,,1.0,336654.95,4079,1,manual
1,4080,5screws,82.2074,unknown,,1.0,336736.16,4080,1,manual
1,4081,5screws,84.7902,unknown,,1.0,336819.95,4081,1,manual
1,4082,5screws,81.8174,unknown,,1.0,336900.77,4082,1,manual
1,4083,5screws,81.3468,unknown,,1.0,336981.11,4083,1,manual
1,4084,5screws,82.7906,unknown,,1.0,337062.9,4084,1,manual
1,4085,5screws,82.7666,unknown,,1.0,337144.67,4085,1,manual
1,4086,5screws,82.6848,unknown,,1.0,337226.35,4086,1,manual
1,4087,5screws,84.2578,unknown,,1.0,337309.61,4087,1,manual
1,4088,5screws,85.0552,unknown,,1.0,337393.67,4088,1,manual
1,4089,5screws,83.0455,unknown,,1.0,337475.71,4089,1,manual
1,4090,5screws,85.7121,unknown,,1.0,337560.42,4090,1,manual
1,4091,5screws,82.9024,unknown,,1.0,337642.33,4091,1,manual
1,4092,5screws,83.0695,unknown,,1.0,337724.4,4092,1,manual
1,4093,5screws,85.4628,unknown,,1.0,337808.86,4093,1,manual
1,4094,5screws,80.9036,unknown,,1.0,337888.76,4094,1,manual
1,4095,5screws,85.4618,unknown,,1.0,337973.22,4095,1,manual
1,4096,5screws,81.2666,unknown,,1.0,338053.49,4096,1,manual
1,4097,5screws,85.6174,unknown,,1.0,338138.11,4097,1,manual
1,4098,5screws,85.8,unknown,,1.0,338222.91,4098,1,manual
1,4099,5screws,82.4933,unknown,,1.0,338304.4,4099,1,manual
1,4100,5screws,86.015,unknown,,1.0,338389.42,4100,1,manual
1,4101,5screws,83.73,unknown,,1.0,338472.15,4101,1,manual
1,4102,5screws,83.0052,unknown,,1.0,338554.15,4102,1,manual
1,4103,5screws,80.1163,unknown,,1.0,338633.27,4103,1,manual
1,4104,5screws,82.4198,unknown,,1.0,338714.69,4104,1,manual
1,4105,5screws,85.4699,unknown,,1.0,338799.16,4105,1,manual
1,4106,5screws,85.5077,unknown,,1.0,338883.67,4106,1,manual
1,4107,5screws,84.6099,unknown,,1.0,338967.28,4107,1,manual
1,4108,5screws,82.5796,unknown,,1.0,339048.86,4108,1,manual
1,4109,5screws,79.9166,unknown,,1.0,339127.77,4109,1,manual
1,4110,5screws,85.4246,unknown,,1.0,339212.2,4110,1,manual
1,4111,5screws,84.8055,unknown,,1.0,339296.0,4111,1,manual
1,4112,5screws,80.3458,unknown,,1.0,339375.35,4112,1,manual
1,4113,5screws,81.0652,unknown,,1.0,339455.41,4113,1,manual
1,4114,5screws,83.0794,unknown,,1.0,339537.49,4114,1,manual
1,4115,5screws,82.7914,unknown,,1.0,339619.28,4115,1,manual
1,4116,5screws,79.4929,unknown,,1.0,339697.78,4116,1,manual
1,4117,5screws,79.0914,unknown,,1.0,339775.87,4117,1,manual
1,4118,5screws,83.7533,unknown,,1.0,339858.62,4118,1,manual
1,4119,5screws,81.364,unknown,,1.0,339938.99,4119,1,manual
1,4120,5screws,85.6735,unknown,,1.0,340023.66,4120,1,manual
1,4121,5screws,83.9605,unknown,,1.0,340106.62,4121,1,manual
1,4122,5screws,85.6824,unknown,,1.0,340191.3,4122,1,manual
1,4123,5screws,76.6978,unknown,,1.0,340267.0,4123,1,manual
1,4124,5screws,83.8019,unknown,,1.0,340349.8,4124,1,manual
1,4125,5screws,82.599,unknown,,1.0,340431.4,4125,1,manual
1,4126,5screws,82.8776,unknown,,1.0,340513.28,4126,1,manual
1,4127,5screws,85.8112,unknown,,1.0,340598.09,4127,1,manual
1,4128,5screws,83.0864,unknown,,1.0,340680.18,4128,1,manual
1,4129,5screws,85.3862,unknown,,1.0,340764.56,4129,1,manual
1,4130,5screws,85.576,unknown,,1.0,340849.14,4130,1,manual
1,4131,5screws,85.7359,unknown,,1.0,340933.87,4131,1,manual
1,4132,5screws,82.5856,unknown,,1.0,341015.46,4132,1,manual
1,4133,5screws,80.8983,unknown,,1.0,341095.36,4133,1,manual
1,4134,5screws,85.1056,unknown,,1.0,341179.46,4134,1,manual
1,4135,5screws,85.2271,unknown,,1.0,341263.69,4135,1,manual
1,4136,5screws,80.4143,unknown,,1.0,341343.1,4136,1,manual
1,4137,5screws,86.0726,unknown,,1.0,341428.18,4137,1,manual
1,4138,5screws,79.5054,unknown,,1.0,341506.68,4138,1,manual
1,4139,5screws,82.3136,unknown,,1.0,341588.0,4139,1,manual
1,4140,5screws,85.5407,unknown,,1.0,341672.54,4140,1,manual
1,4141,5screws,84.0034,unknown,,1.0,341755.54,4141,1,manual
1,4142,5screws,85.3981,unknown,,1.0,341839.94,4142,1,manual
1,4143,5screws,85.5772,unknown,,1.0,341924.52,4143,1,manual
1,4144,5screws,85.1682,unknown,,1.0,342008.68,4144,1,manual
1,4145,5screws,85.3345,unknown,,1.0,342093.02,4145,1,manual
1,4146,5screws,82.7778,unknown,,1.0,342174.8,4146,1,manual
1,4147,5screws,83.19,unknown,,1.0,342256.99,4147,1,manual
1,4148,5screws,80.4856,unknown,,1.0,342336.47,4148,1,manual
1,4149,5screws,85.7168,unknown,,1.0,342421.19,4149,1,manual
1,4150,5screws,85.4651,unknown,,1.0,342505.65,4150,1,manual
1,4151,5screws,85.743,unknown,,1.0,342590.4,4151,1,manual
1,4152,5screws,81.462,unknown,,1.0,342670.86,4152,1,manual
1,4153,5screws,78.6586,unknown,,1.0,342748.52,4153,1,manual
1,4154,5screws,80.1485,unknown,,1.0,342827.67,4154,1,manual
1,4155,5screws,80.296,unknown,,1.0,342906.96,4155,1,manual
1,4156,5screws,81.5653,unknown,,1.0,342987.53,4156,1,manual
1,4157,5screws,85.72,unknown,,1.0,343072.25,4157,1,manual
1,4158,5screws,85.3872,unknown,,1.0,343156.63,4158,1,manual
1,4159,5screws,85.4582,unknown,,1.0,343241.09,4159,1,manual
1,4160,5screws,78.9314,unknown,,1.0,343319.02,4160,1,manual
1,4161,5screws,83.1201,unknown,,1.0,343401.14,4161,1,manual
1,4162,5screws,80.218,unknown,,1.0,343480.36,4162,1,manual
1,4163,5screws,85.1399,unknown,,1.0,343564.5,4163,1,manual
1,4164,5screws,85.5649,unknown,,1.0,343649.07,4164,1,manual
1,4165,5screws,84.0649,unknown,,1.0,343732.13,4165,1,manual
1,4166,5screws,81.2445,unknown,,1.0,343812.38,4166,1,manual
1,4167,5screws,79.3376,unknown,,1.0,343890.71,4167,1,manual
1,4168,5screws,85.54,unknown,,1.0,343975.25,4168,1,manual
1,4169,5screws,82.2387,unknown,,1.0,344056.49,4169,1,manual
1,4170,5screws,79.7984,unknown,,1.0,344135.29,4170,1,manual
1,4171,5screws,82.3294,unknown,,1.0,344216.62,4171,1,manual
1,4172,5screws,79.6179,unknown,,1.0,344295.24,4172,1,manual
1,4173,5screws,82.6353,unknown,,1.0,344376.87,4173,1,manual
1,4174,5screws,82.9056,unknown,,1.0,344458.78,4174,1,manual
1,4175,5screws,85.0286,unknown,,1.0,344542.81,4175,1,manual
1,4176,5screws,84.6891,unknown,,1.0,344626.5,4176,1,manual
1,4177,5screws,84.6949,unknown,,1.0,344710.19,4177,1,manual
1,4178,5screws,84.4159,unknown,,1.0,344793.61,4178,1,manual
1,4179,5screws,83.0896,unknown,,1.0,344875.7,4179,1,manual
1,4180,5screws,82.7131,unknown,,1.0,344957.41,4180,1,manual
1,4181,5screws,85.9457,unknown,,1.0,345042.36,4181,1,manual
1,4182,5screws,82.854,unknown,,1.0,345124.21,4182,1,manual
1,4183,5screws,84.5132,unknown,,1.0,345207.72,4183,1,manual
1,4184,5screws,84.506,unknown,,1.0,345291.23,4184,1,manual
1,4185,5screws,85.5505,unknown,,1.0,345375.78,4185,1,manual
1,4186,5screws,82.881,unknown,,1.0,345457.66,4186,1,manual
1,4187,5screws,85.1964,unknown,,1.0,345541.86,4187,1,manual
1,4188,5screws,85.0343,unknown,,1.0,345625.89,4188,1,manual
1,4189,5screws,85.7944,unknown,,1.0,345710.69,4189,1,manual
1,4190,5screws,85.9066,unknown,,1.0,345795.59,4190,1,manual
1,4191,5screws,83.5247,unknown,,1.0,345878.12,4191,1,manual
1,4192,5screws,83.6736,unknown,,1.0,345960.79,4192,1,manual
1,4193,5screws,85.4742,unknown,,1.0,346045.27,4193,1,manual
1,4194,5screws,85.4143,unknown,,1.0,346129.68,4194,1,manual
1,4195,5screws,82.0054,unknown,,1.0,346210.68,4195,1,manual
1,4196,5screws,82.7733,unknown,,1.0,346292.46,4196,1,manual
1,4197,5screws,85.8795,unknown,,1.0,346377.34,4197,1,manual
1,4198,5screws,85.619,unknown,,1.0,346461.96,4198,1,manual
1,4199,5screws,82.7392,unknown,,1.0,346543.7,4199,1,manual
1,4200,5screws,81.4698,unknown,,1.0,346624.17,4200,1,manual
1,4201,5screws,85.8318,unknown,,1.0,346709.0,4201,1,manual
1,4202,5screws,82.0885,unknown,,1.0,346790.09,4202,1,manual
1,4203,5screws,85.3072,unknown,,1.0,346874.39,4203,1,manual
1,4204,5screws,81.3976,unknown,,1.0,346954.79,4204,1,manual
1,4205,5screws,85.1001,unknown,,1.0,347038.89,4205,1,manual
1,4206,5screws,82.9539,unknown,,1.0,347120.84,4206,1,manual
1,4207,5screws,85.034,unknown,,1.0,347204.88,4207,1,manual
1,4208,5screws,85.3997,unknown,,1.0,347289.28,4208,1,manual
1,4209,5screws,85.6666,unknown,,1.0,347373.94,4209,1,manual
1,4210,5screws,80.3659,unknown,,1.0,347453.31,4210,1,manual
1,4211,5screws,79.8397,unknown,,1.0,347532.15,4211,1,manual
1,4212,5screws,85.6935,unknown,,1.0,347616.84,4212,1,manual
1,4213,5screws,78.3724,unknown,,1.0,347694.22,4213,1,manual
1,4214,5screws,84.5985,unknown,,1.0,347777.82,4214,1,manual
1,4215,5screws,86.0534,unknown,,1.0,347862.87,4215,1,manual
1,4216,5screws,82.9135,unknown,,1.0,347944.78,4216,1,manual
1,4217,5screws,80.5751,unknown,,1.0,348024.36,4217,1,manual
1,4218,5screws,83.436,unknown,,1.0,348106.79,4218,1,manual
1,4219,5screws,84.9734,unknown,,1.0,348190.77,4219,1,manual
1,4220,5screws,85.6984,unknown,,1.0,348275.46,4220,1,manual
1,4221,5screws,79.7637,unknown,,1.0,348354.23,4221,1,manual
1,4222,5screws,79.3321,unknown,,1.0,348432.56,4222,1,manual
1,4223,5screws,82.5901,unknown,,1.0,348514.15,4223,1,manual
1,4224,5screws,86.0296,unknown,,1.0,348599.18,4224,1,manual
1,4225,5screws,82.9336,unknown,,1.0,348681.11,4225,1,manual
1,4226,5screws,81.5111,unknown,,1.0,348761.62,4226,1,manual
1,4227,5screws,85.57,unknown,,1.0,348846.19,4227,1,manual
1,4228,5screws,85.5392,unknown,,1.0,348930.73,4228,1,manual
1,4229,5screws,81.5095,unknown,,1.0,349011.24,4229,1,manual
1,4230,5screws,85.4682,unknown,,1.0,349095.71,4230,1,manual
1,4231,5screws,82.9427,unknown,,1.0,349177.65,4231,1,manual
1,4232,5screws,85.9319,unknown,,1.0,349262.59,4232,1,manual
1,4233,5screws,78.9283,unknown,,1.0,349340.51,4233,1,manual
1,4234,5screws,83.0528,unknown,,1.0,349422.57,4234,1,manual
1,4235,5screws,85.7318,unknown,,1.0,349507.3,4235,1,manual
1,4236,5screws,83.8248,unknown,,1.0,349590.12,4236,1,manual
1,4237,5screws,82.7477,unknown,,1.0,349671.87,4237,1,manual
1,4238,5screws,85.6016,unknown,,1.0,349756.47,4238,1,manual
1,4239,5screws,76.5833,unknown,,1.0,349832.06,4239,1,manual
1,4240,5screws,85.6309,unknown,,1.0,349916.69,4240,1,manual
1,4241,5screws,80.8063,unknown,,1.0,349996.49,4241,1,manual
1,4242,5screws,85.0552,unknown,,1.0,350080.55,4242,1,manual
1,4243,5screws,82.3136,unknown,,1.0,350161.86,4243,1,manual
1,4244,5screws,84.6949,unknown,,1.0,350245.56,4244,1,manual
1,4245,5screws,82.2074,unknown,,1.0,350326.76,4245,1,manual
1,4246,5screws,85.4742,unknown,,1.0,350411.24,4246,1,manual
1,4247,5screws,83.9605,unknown,,1.0,350494.2,4247,1,manual
1,4248,5screws,82.7733,unknown,,1.0,350575.97,4248,1,manual
1,4249,5screws,85.9457,unknown,,1.0,350660.92,4249,1,manual
1,4250,5screws,85.0286,unknown,,1.0,350744.95,4250,1,manual
1,4251,5screws,85.6762,unknown,,1.0,350829.62,4251,1,manual
1,4252,5screws,85.6289,unknown,,1.0,350914.25,4252,1,manual
1,4253,5screws,84.2888,unknown,,1.0,350997.54,4253,1,manual
1,4254,5screws,82.7392,unknown,,1.0,351079.28,4254,1,manual
1,4255,5screws,83.4959,unknown,,1.0,351161.78,4255,1,manual
1,4256,5screws,82.3605,unknown,,1.0,351243.14,4256,1,manual
1,4257,5screws,82.7964,unknown,,1.0,351324.93,4257,1,manual
1,4258,5screws,80.218,unknown,,1.0,351404.15,4258,1,manual
1,4259,5screws,85.1682,unknown,,1.0,351488.32,4259,1,manual
1,4260,5screws,83.1986,unknown,,1.0,351570.52,4260,1,manual
1,4261,5screws,81.0652,unknown,,1.0,351650.58,4261,1,manual
1,4262,5screws,85.4172,unknown,,1.0,351735.0,4262,1,manual
1,4263,5screws,80.1163,unknown,,1.0,351814.12,4263,1,manual
1,4264,5screws,85.7944,unknown,,1.0,351898.91,4264,1,manual
1,4265,5screws,84.2578,unknown,,1.0,351982.17,4265,1,manual
1,4266,5screws,84.6891,unknown,,1.0,352065.86,4266,1,manual
1,4267,5screws,78.9314,unknown,,1.0,352143.79,4267,1,manual
1,4268,5screws,80.3659,unknown,,1.0,352223.16,4268,1,manual
1,4269,5screws,82.0054,unknown,,1.0,352304.16,4269,1,manual
1,4270,5screws,80.1485,unknown,,1.0,352383.31,4270,1,manual
1,4271,5screws,81.8174,unknown,,1.0,352464.13,4271,1,manual
1,4272,5screws,83.436,unknown,,1.0,352546.56,4272,1,manual
1,4273,5screws,81.5095,unknown,,1.0,352627.07,4273,1,manual
1,4274,5screws,83.7533,unknown,,1.0,352709.83,4274,1,manual
1,4275,5screws,80.8983,unknown,,1.0,352789.72,4275,1,manual
1,4276,5screws,85.3547,unknown,,1.0,352874.08,4276,1,manual
1,4277,5screws,79.9166,unknown,,1.0,352952.99,4277,1,manual
1,4278,5screws,81.4095,unknown,,1.0,353033.4,4278,1,manual
1,4279,5screws,78.3724,unknown,,1.0,353110.78,4279,1,manual
1,4280,5screws,85.4582,unknown,,1.0,353195.23,4280,1,manual
1,4281,5screws,85.4143,unknown,,1.0,353279.65,4281,1,manual
1,4282,5screws,86.0534,unknown,,1.0,353364.7,4282,1,manual
1,4283,5screws,82.9135,unknown,,1.0,353446.62,4283,1,manual
1,4284,5screws,81.4133,unknown,,1.0,353527.03,4284,1,manual
1,4285,5screws,78.6586,unknown,,1.0,353604.69,4285,1,manual
1,4286,5screws,85.3997,unknown,,1.0,353689.09,4286,1,manual
1,4287,5screws,83.5247,unknown,,1.0,353771.61,4287,1,manual
1,4288,5screws,85.8112,unknown,,1.0,353856.42,4288,1,manual
1,4289,5screws,85.2655,unknown,,1.0,353940.69,4289,1,manual
1,4290,5screws,85.7168,unknown,,1.0,354025.41,4290,1,manual
1,4291,5screws,79.6179,unknown,,1.0,354104.02,4291,1,manual
1,4292,5screws,79.7984,unknown,,1.0,354182.82,4292,1,manual
1,4293,5screws,83.6736,unknown,,1.0,354265.5,4293,1,manual
1,4294,5screws,76.5833,unknown,,1.0,354341.08,4294,1,manual
1,4295,5screws,85.2271,unknown,,1.0,354425.31,4295,1,manual
1,4296,5screws,82.5856,unknown,,1.0,354506.89,4296,1,manual
1,4297,5screws,83.1201,unknown,,1.0,354589.01,4297,1,manual
1,4298,5screws,84.7227,unknown,,1.0,354672.73,4298,1,manual
1,4299,5screws,83.0896,unknown,,1.0,354754.82,4299,1,manual
1,4300,5screws,85.239,unknown,,1.0,354839.06,4300,1,manual
1,4301,5screws,85.2653,unknown,,1.0,354923.33,4301,1,manual
1,4302,5screws,85.4246,unknown,,1.0,355007.75,4302,1,manual
1,4303,5screws,80.5751,unknown,,1.0,355087.33,4303,1,manual
1,4304,5screws,80.296,unknown,,1.0,355166.62,4304,1,manual
1,4305,5screws,82.3294,unknown,,1.0,355247.95,4305,1,manual
1,4306,5screws,85.2174,unknown,,1.0,355332.17,4306,1,manual
1,4307,5screws,84.5842,unknown,,1.0,355415.76,4307,1,manual
1,4308,5screws,82.7778,unknown,,1.0,355497.53,4308,1,manual
1,4309,5screws,85.4682,unknown,,1.0,355582.0,4309,1,manual
1,4310,5screws,81.3976,unknown,,1.0,355662.4,4310,1,manual
1,4311,5screws,81.7213,unknown,,1.0,355743.12,4311,1,manual
1,4312,5screws,82.5901,unknown,,1.0,355824.71,4312,1,manual
1,4313,5screws,85.72,unknown,,1.0,355909.43,4313,1,manual
1,4314,5screws,85.6309,unknown,,1.0,355994.06,4314,1,manual
1,4315,5screws,84.8328,unknown,,1.0,356077.89,4315,1,manual
1,4316,5screws,82.0885,unknown,,1.0,356158.98,4316,1,manual
1,4317,5screws,85.8,unknown,,1.0,356243.78,4317,1,manual
1,4318,5screws,85.7958,unknown,,1.0,356328.58,4318,1,manual
1,4319,5screws,85.6935,unknown,,1.0,356413.27,4319,1,manual
1,4320,5screws,84.5985,unknown,,1.0,356496.87,4320,1,manual
1,4321,5screws,85.5322,unknown,,1.0,356581.4,4321,1,manual
1,4322,5screws,85.57,unknown,,1.0,356665.97,4322,1,manual
1,4323,5screws,79.7637,unknown,,1.0,356744.74,4323,1,manual
1,4324,5screws,85.5148,unknown,,1.0,356829.25,4324,1,manual
1,4325,5screws,79.4929,unknown,,1.0,356907.74,4325,1,manual
1,4326,5screws,82.854,unknown,,1.0,356989.6,4326,1,manual
1,4327,5screws,85.7339,unknown,,1.0,357074.33,4327,1,manual
1,4328,5screws,82.7914,unknown,,1.0,357156.12,4328,1,manual
1,4329,5screws,84.506,unknown,,1.0,357239.63,4329,1,manual
1,4330,5screws,79.1137,unknown,,1.0,357317.74,4330,1,manual
1,4331,5screws,85.8318,unknown,,1.0,357402.57,4331,1,manual
1,4332,5screws,85.3345,unknown,,1.0,357486.91,4332,1,manual
1,4333,5screws,85.4153,unknown,,1.0,357571.32,4333,1,manual
1,4334,5screws,85.3862,unknown,,1.0,357655.71,4334,1,manual
1,4335,5screws,83.4169,unknown,,1.0,357738.13,4335,1,manual
1,4336,5screws,84.8055,unknown,,1.0,357821.93,4336,1,manual
1,4337,5screws,84.6099,unknown,,1.0,357905.54,4337,1,manual
1,4338,5screws,80.4143,unknown,,1.0,357984.96,4338,1,manual
1,4339,5screws,81.3468,unknown,,1.0,358065.3,4339,1,manual
1,4340,5screws,85.576,unknown,,1.0,358149.88,4340,1,manual
1,4341,5screws,82.9024,unknown,,1.0,358231.78,4341,1,manual
1,4342,5screws,82.7477,unknown,,1.0,358313.53,4342,1,manual
1,4343,5screws,85.7318,unknown,,1.0,358398.26,4343,1,manual
1,4344,5screws,82.9539,unknown,,1.0,358480.22,4344,1,manual
1,4345,5screws,85.7678,unknown,,1.0,358564.98,4345,1,manual
1,4346,5screws,85.5077,unknown,,1.0,358649.49,4346,1,manual
1,4347,5screws,83.19,unknown,,1.0,358731.68,4347,1,manual
1,4348,5screws,80.9036,unknown,,1.0,358811.58,4348,1,manual
1,4349,5screws,85.5772,unknown,,1.0,358896.16,4349,1,manual
1,4350,5screws,85.0949,unknown,,1.0,358980.26,4350,1,manual
1,4351,5screws,85.1964,unknown,,1.0,359064.45,4351,1,manual
1,4352,5screws,85.3872,unknown,,1.0,359148.84,4352,1,manual
1,4353,5screws,85.9319,unknown,,1.0,359233.77,4353,1,manual
1,4354,5screws,82.8521,unknown,,1.0,359315.62,4354,1,manual
1,4355,5screws,83.8019,unknown,,1.0,359398.43,4355,1,manual
1,4356,5screws,85.3981,unknown,,1.0,359482.82,4356,1,manual
1,4357,5screws,79.0914,unknown,,1.0,359560.92,4357,1,manual
1,4358,5screws,85.4618,unknown,,1.0,359645.38,4358,1,manual
1,4359,5screws,82.1824,unknown,,1.0,359726.56,4359,1,manual
1,4360,5screws,84.0034,unknown,,1.0,359809.56,4360,1,manual
1,4361,5screws,85.034,unknown,,1.0,359893.6,4361,1,manual
1,4362,5screws,85.5392,unknown,,1.0,359978.14,4362,1,manual
1,4363,5screws,85.7121,unknown,,1.0,360062.85,4363,1,manual
1,4364,5screws,84.6055,unknown,,1.0,360146.45,4364,1,manual
1,4365,5screws,85.1399,unknown,,1.0,360230.59,4365,1,manual
1,4366,5screws,83.0864,unknown,,1.0,360312.68,4366,1,manual
1,4367,5screws,86.0296,unknown,,1.0,360397.71,4367,1,manual
1,4368,5screws,82.2379,unknown,,1.0,360478.95,4368,1,manual
1,4369,5screws,83.0455,unknown,,1.0,360560.99,4369,1,manual
1,4370,5screws,85.6824,unknown,,1.0,360645.68,4370,1,manual
1,4371,5screws,85.6941,unknown,,1.0,360730.37,4371,1,manual
1,4372,5screws,81.5111,unknown,,1.0,360810.88,4372,1,manual
1,4373,5screws,85.6735,unknown,,1.0,360895.55,4373,1,manual
1,4374,5screws,85.6666,unknown,,1.0,360980.22,4374,1,manual
1,4375,5screws,82.2387,unknown,,1.0,361061.46,4375,1,manual
1,4376,5screws,82.599,unknown,,1.0,361143.06,4376,1,manual
1,4377,5screws,82.9427,unknown,,1.0,361225.0,4377,1,manual
1,4378,5screws,82.5796,unknown,,1.0,361306.58,4378,1,manual
1,4379,5screws,81.4698,unknown,,1.0,361387.05,4379,1,manual
1,4380,5screws,84.9734,unknown,,1.0,361471.02,4380,1,manual
1,4381,5screws,83.0528,unknown,,1.0,361553.08,4381,1,manual
1,4382,5screws,85.5407,unknown,,1.0,361637.62,4382,1,manual
1,4383,5screws,85.8103,unknown,,1.0,361722.43,4383,1,manual
1,4384,5screws,86.0726,unknown,,1.0,361807.5,4384,1,manual
1,4385,5screws,85.619,unknown,,1.0,361892.12,4385,1,manual
1,4386,5screws,82.9112,unknown,,1.0,361974.03,4386,1,manual
1,4387,5screws,85.0343,unknown,,1.0,362058.07,4387,1,manual
1,4388,5screws,83.0695,unknown,,1.0,362140.13,4388,1,manual
1,4389,5screws,84.5132,unknown,,1.0,362223.65,4389,1,manual
1,4390,5screws,79.3376,unknown,,1.0,362301.99,4390,1,manual
1,4391,5screws,81.2666,unknown,,1.0,362382.25,4391,1,manual
1,4392,5screws,85.6174,unknown,,1.0,362466.87,4392,1,manual
1,4393,5screws,83.73,unknown,,1.0,362549.6,4393,1,manual
1,4394,5screws,82.4198,unknown,,1.0,362631.02,4394,1,manual
1,4395,5screws,79.5054,unknown,,1.0,362709.52,4395,1,manual
1,4396,5screws,82.0376,unknown,,1.0,362790.56,4396,1,manual
1,4397,5screws,82.7906,unknown,,1.0,362872.35,4397,1,manual
1,4398,5screws,85.743,unknown,,1.0,362957.1,4398,1,manual
1,4399,5screws,85.7431,unknown,,1.0,363041.84,4399,1,manual
1,4400,5screws,85.1056,unknown,,1.0,363125.94,4400,1,manual
1,4401,5screws,82.9336,unknown,,1.0,363207.88,4401,1,manual
1,4402,5screws,85.4651,unknown,,1.0,363292.34,4402,1,manual
1,4403,5screws,85.1001,unknown,,1.0,363376.44,4403,1,manual
1,4404,5screws,85.54,unknown,,1.0,363460.98,4404,1,manual
1,4405,5screws,83.0052,unknown,,1.0,363542.99,4405,1,manual
1,4406,5screws,83.0794,unknown,,1.0,363625.07,4406,1,manual
1,4407,5screws,84.7902,unknown,,1.0,363708.86,4407,1,manual
1,4408,5screws,85.8795,unknown,,1.0,363793.74,4408,1,manual
1,4409,5screws,82.881,unknown,,1.0,363875.62,4409,1,manual
1,4410,5screws,83.5376,unknown,,1.0,363958.16,4410,1,manual
1,4411,5screws,85.7769,unknown,,1.0,364042.93,4411,1,manual
1,4412,5screws,85.6016,unknown,,1.0,364127.53,4412,1,manual
1,4413,5screws,78.1408,unknown,,1.0,364204.68,4413,1,manual
1,4414,5screws,82.6353,unknown,,1.0,364286.31,4414,1,manual
1,4415,5screws,82.1277,unknown,,1.0,364367.44,4415,1,manual
1,4416,5screws,83.8373,unknown,,1.0,364450.28,4416,1,manual
1,4417,5screws,85.6824,unknown,,1.0,364534.96,4417,1,manual
1,4418,5screws,81.9913,unknown,,1.0,364615.95,4418,1,manual
1,4419,5screws,80.4856,unknown,,1.0,364695.44,4419,1,manual
1,4420,5screws,85.5505,unknown,,1.0,364779.99,4420,1,manual
1,4421,5screws,76.6978,unknown,,1.0,364855.68,4421,1,manual
1,4422,5screws,81.364,unknown,,1.0,364936.05,4422,1,manual
1,4423,5screws,85.5649,unknown,,1.0,365020.61,4423,1,manual
1,4424,5screws,85.549,unknown,,1.0,365105.16,4424,1,manual
1,4425,5screws,85.9066,unknown,,1.0,365190.07,4425,1,manual
1,4426,5screws,82.6848,unknown,,1.0,365271.75,4426,1,manual
1,4427,5screws,85.7359,unknown,,1.0,365356.49,4427,1,manual
1,4428,5screws,82.4933,unknown,,1.0,365437.98,4428,1,manual
1,4429,5screws,85.6656,unknown,,1.0,365522.65,4429,1,manual
1,4430,5screws,85.4628,unknown,,1.0,365607.11,4430,1,manual
1,4431,5screws,84.0649,unknown,,1.0,365690.18,4431,1,manual
1,4432,5screws,81.5653,unknown,,1.0,365770.74,4432,1,manual
1,4433,5screws,84.4159,unknown,,1.0,365854.16,4433,1,manual
1,4434,5screws,85.3009,unknown,,1.0,365938.46,4434,1,manual
1,4435,5screws,79.3321,unknown,,1.0,366016.79,4435,1,manual
1,4436,5screws,85.4699,unknown,,1.0,366101.26,4436,1,manual
1,4437,5screws,82.5341,unknown,,1.0,366182.79,4437,1,manual
1,4438,5screws,86.015,unknown,,1.0,366267.81,4438,1,manual
1,4439,5screws,81.2445,unknown,,1.0,366348.05,4439,1,manual
1,4440,5screws,85.3072,unknown,,1.0,366432.36,4440,1,manual
1,4441,5screws,82.7666,unknown,,1.0,366514.13,4441,1,manual
1,4442,5screws,83.8248,unknown,,1.0,366596.95,4442,1,manual
1,4443,5screws,80.3458,unknown,,1.0,366676.3,4443,1,manual
1,4444,5screws,85.6984,unknown,,1.0,366761.0,4444,1,manual
1,4445,5screws,82.8776,unknown,,1.0,366842.87,4445,1,manual
1,4446,5screws,79.8397,unknown,,1.0,366921.71,4446,1,manual
1,4447,5screws,85.4079,unknown,,1.0,367006.12,4447,1,manual
1,4448,5screws,85.3918,unknown,,1.0,367090.51,4448,1,manual
1,4449,5screws,82.7131,unknown,,1.0,367172.23,4449,1,manual
1,4450,5screws,81.462,unknown,,1.0,367252.69,4450,1,manual
1,4451,5screws,78.9283,unknown,,1.0,367330.62,4451,1,manual
1,4452,5screws,82.9056,unknown,,1.0,367412.52,4452,1,manual
1,4453,5screws,81.5095,unknown,,1.0,367493.03,4453,1,manual
1,4454,5screws,84.2578,unknown,,1.0,367576.29,4454,1,manual
1,4455,5screws,83.5247,unknown,,1.0,367658.81,4455,1,manual
1,4456,5screws,82.2387,unknown,,1.0,367740.05,4456,1,manual
1,4457,5screws,85.2655,unknown,,1.0,367824.32,4457,1,manual
1,4458,5screws,85.8112,unknown,,1.0,367909.13,4458,1,manual
1,4459,5screws,85.3072,unknown,,1.0,367993.44,4459,1,manual
1,4460,5screws,82.1824,unknown,,1.0,368074.62,4460,1,manual
1,4461,5screws,84.8055,unknown,,1.0,368158.42,4461,1,manual
1,4462,5screws,85.9066,unknown,,1.0,368243.33,4462,1,manual
1,4463,5screws,82.8521,unknown,,1.0,368325.18,4463,1,manual
1,4464,5screws,80.218,unknown,,1.0,368404.4,4464,1,manual
1,4465,5screws,82.7964,unknown,,1.0,368486.2,4465,1,manual
1,4466,5screws,82.0054,unknown,,1.0,368567.2,4466,1,manual
1,4467,5screws,85.5505,unknown,,1.0,368651.75,4467,1,manual
1,4468,5screws,83.4169,unknown,,1.0,368734.17,4468,1,manual
1,4469,5screws,85.5077,unknown,,1.0,368818.68,4469,1,manual
1,4470,5screws,82.9135,unknown,,1.0,368900.59,4470,1,manual
1,4471,5screws,85.1682,unknown,,1.0,368984.76,4471,1,manual
1,4472,5screws,82.9056,unknown,,1.0,369066.67,4472,1,manual
1,4473,5screws,81.4095,unknown,,1.0,369147.07,4473,1,manual
1,4474,5screws,82.3605,unknown,,1.0,369228.44,4474,1,manual
1,4475,5screws,85.8318,unknown,,1.0,369313.27,4475,1,manual
1,4476,5screws,82.7733,unknown,,1.0,369395.04,4476,1,manual
1,4477,5screws,83.0455,unknown,,1.0,369477.09,4477,1,manual
1,4478,5screws,78.6586,unknown,,1.0,369554.74,4478,1,manual
1,4479,5screws,85.3997,unknown,,1.0,369639.14,4479,1,manual
1,4480,5screws,84.0034,unknown,,1.0,369722.15,4480,1,manual
1,4481,5screws,85.6984,unknown,,1.0,369806.85,4481,1,manual
1,4482,5screws,82.9427,unknown,,1.0,369888.79,4482,1,manual
1,4483,5screws,82.4933,unknown,,1.0,369970.28,4483,1,manual
1,4484,5screws,83.8373,unknown,,1.0,370053.12,4484,1,manual
1,4485,5screws,82.2074,unknown,,1.0,370134.33,4485,1,manual
1,4486,5screws,81.4133,unknown,,1.0,370214.74,4486,1,manual
1,4487,5screws,85.7431,unknown,,1.0,370299.48,4487,1,manual
1,4488,5screws,79.3376,unknown,,1.0,370377.82,4488,1,manual
1,4489,5screws,80.1485,unknown,,1.0,370456.97,4489,1,manual
1,4490,5screws,85.7121,unknown,,1.0,370541.68,4490,1,manual
1,4491,5screws,85.6935,unknown,,1.0,370626.37,4491,1,manual
1,4492,5screws,85.5772,unknown,,1.0,370710.95,4492,1,manual
1,4493,5screws,80.296,unknown,,1.0,370790.25,4493,1,manual
1,4494,5screws,85.0343,unknown,,1.0,370874.28,4494,1,manual
1,4495,5screws,82.599,unknown,,1.0,370955.88,4495,1,manual
1,4496,5screws,85.4618,unknown,,1.0,371040.34,4496,1,manual
1,4497,5screws,83.0052,unknown,,1.0,371122.35,4497,1,manual
1,4498,5screws,85.0552,unknown,,1.0,371206.4,4498,1,manual
1,4499,5screws,82.7906,unknown,,1.0,371288.19,4499,1,manual
1,4500,5screws,85.6762,unknown,,1.0,371372.87,4500,1,manual
1,4501,5screws,85.576,unknown,,1.0,371457.45,4501,1,manual
1,4502,5screws,82.0885,unknown,,1.0,371538.53,4502,1,manual
1,4503,5screws,84.7227,unknown,,1.0,371622.26,4503,1,manual
1,4504,5screws,80.8983,unknown,,1.0,371702.16,4504,1,manual
1,4505,5screws,85.239,unknown,,1.0,371786.39,4505,1,manual
1,4506,5screws,85.4079,unknown,,1.0,371870.8,4506,1,manual
1,4507,5screws,81.8174,unknown,,1.0,371951.62,4507,1,manual
1,4508,5screws,85.2653,unknown,,1.0,372035.89,4508,1,manual
1,4509,5screws,82.7914,unknown,,1.0,372117.68,4509,1,manual
1,4510,5screws,82.4198,unknown,,1.0,372199.1,4510,1,manual
1,4511,5screws,79.0914,unknown,,1.0,372277.19,4511,1,manual
1,4512,5screws,82.9024,unknown,,1.0,372359.09,4512,1,manual
1,4513,5screws,81.4698,unknown,,1.0,372439.56,4513,1,manual
1,4514,5screws,85.6289,unknown,,1.0,372524.19,4514,1,manual
1,4515,5screws,80.1163,unknown,,1.0,372603.31,4515,1,manual
1,4516,5screws,82.7778,unknown,,1.0,372685.08,4516,1,manual
1,4517,5screws,85.1399,unknown,,1.0,372769.22,4517,1,manual
1,4518,5screws,82.8776,unknown,,1.0,372851.1,4518,1,manual
1,4519,5screws,79.3321,unknown,,1.0,372929.43,4519,1,manual
1,4520,5screws,85.4699,unknown,,1.0,373013.9,4520,1,manual
1,4521,5screws,85.7168,unknown,,1.0,373098.62,4521,1,manual
1,4522,5screws,81.3468,unknown,,1.0,373178.97,4522,1,manual
1,4523,5screws,85.9457,unknown,,1.0,373263.91,4523,1,manual
1,4524,5screws,85.7339,unknown,,1.0,373348.65,4524,1,manual
1,4525,5screws,81.3976,unknown,,1.0,373429.04,4525,1,manual
1,4526,5screws,85.7944,unknown,,1.0,373513.84,4526,1,manual
1,4527,5screws,85.7318,unknown,,1.0,373598.57,4527,1,manual
1,4528,5screws,80.5751,unknown,,1.0,373678.14,4528,1,manual
1,4529,5screws,81.364,unknown,,1.0,373758.51,4529,1,manual
1,4530,5screws,83.0794,unknown,,1.0,373840.59,4530,1,manual
1,4531,5screws,82.6848,unknown,,1.0,373922.27,4531,1,manual
1,4532,5screws,82.9112,unknown,,1.0,374004.18,4532,1,manual
1,4533,5screws,86.0296,unknown,,1.0,374089.21,4533,1,manual
1,4534,5screws,85.743,unknown,,1.0,374173.96,4534,1,manual
1,4535,5screws,85.619,unknown,,1.0,374258.58,4535,1,manual
1,4536,5screws,80.3458,unknown,,1.0,374337.92,4536,1,manual
1,4537,5screws,85.4172,unknown,,1.0,374422.34,4537,1,manual
1,4538,5screws,82.854,unknown,,1.0,374504.19,4538,1,manual
1,4539,5screws,82.5901,unknown,,1.0,374585.78,4539,1,manual
1,4540,5screws,85.2271,unknown,,1.0,374670.01,4540,1,manual
1,4541,5screws,84.9734,unknown,,1.0,374753.98,4541,1,manual
1,4542,5screws,81.2445,unknown,,1.0,374834.23,4542,1,manual
1,4543,5screws,80.4143,unknown,,1.0,374913.64,4543,1,manual
1,4544,5screws,85.4153,unknown,,1.0,374998.06,4544,1,manual
1,4545,5screws,85.0949,unknown,,1.0,375082.15,4545,1,manual
1,4546,5screws,83.0864,unknown,,1.0,375164.24,4546,1,manual
1,4547,5screws,83.6736,unknown,,1.0,375246.91,4547,1,manual
1,4548,5screws,85.3872,unknown,,1.0,375331.3,4548,1,manual
1,4549,5screws,81.2666,unknown,,1.0,375411.57,4549,1,manual
1,4550,5screws,79.4929,unknown,,1.0,375490.06,4550,1,manual
1,4551,5screws,83.73,unknown,,1.0,375572.79,4551,1,manual
1,4552,5screws,85.57,unknown,,1.0,375657.36,4552,1,manual
1,4553,5screws,84.7902,unknown,,1.0,375741.15,4553,1,manual
1,4554,5screws,85.5649,unknown,,1.0,375825.71,4554,1,manual
1,4555,5screws,82.5856,unknown,,1.0,375907.3,4555,1,manual
1,4556,5screws,85.1056,unknown,,1.0,375991.41,4556,1,manual
1,4557,5screws,85.6016,unknown,,1.0,376076.01,4557,1,manual
1,4558,5screws,83.0528,unknown,,1.0,376158.06,4558,1,manual
1,4559,5screws,82.7131,unknown,,1.0,376239.77,4559,1,manual
1,4560,5screws,85.3981,unknown,,1.0,376324.17,4560,1,manual
1,4561,5screws,85.1001,unknown,,1.0,376408.27,4561,1,manual
1,4562,5screws,85.3862,unknown,,1.0,376492.66,4562,1,manual
1,4563,5screws,85.3345,unknown,,1.0,376576.99,4563,1,manual
1,4564,5screws,85.6309,unknown,,1.0,376661.62,4564,1,manual
1,4565,5screws,85.6941,unknown,,1.0,376746.32,4565,1,manual
1,4566,5screws,80.3659,unknown,,1.0,376825.68,4566,1,manual
1,4567,5screws,83.0896,unknown,,1.0,376907.77,4567,1,manual
1,4568,5screws,76.5833,unknown,,1.0,376983.36,4568,1,manual
1,4569,5screws,84.506,unknown,,1.0,377066.86,4569,1,manual
1,4570,5screws,85.4143,unknown,,1.0,377151.28,4570,1,manual
1,4571,5screws,82.7477,unknown,,1.0,377233.02,4571,1,manual
1,4572,5screws,82.5796,unknown,,1.0,377314.6,4572,1,manual
1,4573,5screws,84.6891,unknown,,1.0,377398.29,4573,1,manual
1,4574,5screws,84.6099,unknown,,1.0,377481.9,4574,1,manual
1,4575,5screws,84.5132,unknown,,1.0,377565.42,4575,1,manual
1,4576,5screws,84.5842,unknown,,1.0,377649.0,4576,1,manual
1,4577,5screws,82.6353,unknown,,1.0,377730.63,4577,1,manual
1,4578,5screws,82.9539,unknown,,1.0,377812.59,4578,1,manual
1,4579,5screws,81.5653,unknown,,1.0,377893.15,4579,1,manual
1,4580,5screws,85.8,unknown,,1.0,377977.95,4580,1,manual
1,4581,5screws,85.3547,unknown,,1.0,378062.31,4581,1,manual
1,4582,5screws,83.9605,unknown,,1.0,378145.27,4582,1,manual
1,4583,5screws,84.5985,unknown,,1.0,378228.87,4583,1,manual
1,4584,5screws,85.3009,unknown,,1.0,378313.17,4584,1,manual
1,4585,5screws,78.1408,unknown,,1.0,378390.31,4585,1,manual
1,4586,5screws,79.7984,unknown,,1.0,378469.11,4586,1,manual
1,4587,5screws,85.4742,unknown,,1.0,378553.58,4587,1,manual
1,4588,5screws,81.0652,unknown,,1.0,378633.65,4588,1,manual
1,4589,5screws,81.9913,unknown,,1.0,378714.64,4589,1,manual
1,4590,5screws,81.5111,unknown,,1.0,378795.15,4590,1,manual
1,4591,5screws,85.6174,unknown,,1.0,378879.77,4591,1,manual
1,4592,5screws,83.7533,unknown,,1.0,378962.52,4592,1,manual
1,4593,5screws,82.9336,unknown,,1.0,379044.45,4593,1,manual
1,4594,5screws,86.0726,unknown,,1.0,379129.53,4594,1,manual
1,4595,5screws,80.9036,unknown,,1.0,379209.43,4595,1,manual
1,4596,5screws,83.8019,unknown,,1.0,379292.23,4596,1,manual
1,4597,5screws,83.8248,unknown,,1.0,379375.06,4597,1,manual
1,4598,5screws,84.6949,unknown,,1.0,379458.75,4598,1,manual
1,4599,5screws,85.5392,unknown,,1.0,379543.29,4599,1,manual
1,4600,5screws,83.0695,unknown,,1.0,379625.36,4600,1,manual
1,4601,5screws,82.7666,unknown,,1.0,379707.13,4601,1,manual
1,4602,5screws,84.8328,unknown,,1.0,379790.96,4602,1,manual
1,4603,5screws,85.4628,unknown,,1.0,379875.42,4603,1,manual
1,4604,5screws,85.54,unknown,,1.0,379959.96,4604,1,manual
1,4605,5screws,83.5376,unknown,,1.0,380042.5,4605,1,manual
1,4606,5screws,85.7958,unknown,,1.0,380127.3,4606,1,manual
1,4607,5screws,85.1964,unknown,,1.0,380211.49,4607,1,manual
1,4608,5screws,85.72,unknown,,1.0,380296.21,4608,1,manual
1,4609,5screws,82.881,unknown,,1.0,380378.09,4609,1,manual
1,4610,5screws,85.6824,unknown,,1.0,380462.78,4610,1,manual
1,4611,5screws,85.034,unknown,,1.0,380546.81,4611,1,manual
1,4612,5screws,81.7213,unknown,,1.0,380627.53,4612,1,manual
1,4613,5screws,84.2888,unknown,,1.0,380710.82,4613,1,manual
1,4614,5screws,86.015,unknown,,1.0,380795.83,4614,1,manual
1,4615,5screws,82.1277,unknown,,1.0,380876.96,4615,1,manual
1,4616,5screws,85.5148,unknown,,1.0,380961.48,4616,1,manual
1,4617,5screws,79.6179,unknown,,1.0,381040.1,4617,1,manual
1,4618,5screws,86.0534,unknown,,1.0,381125.15,4618,1,manual
1,4619,5screws,83.1986,unknown,,1.0,381207.35,4619,1,manual
1,4620,5screws,82.3294,unknown,,1.0,381288.68,4620,1,manual
1,4621,5screws,85.7678,unknown,,1.0,381373.44,4621,1,manual
1,4622,5screws,85.7359,unknown,,1.0,381458.18,4622,1,manual
1,4623,5screws,85.6735,unknown,,1.0,381542.85,4623,1,manual
1,4624,5screws,85.9319,unknown,,1.0,381627.79,4624,1,manual
1,4625,5screws,85.549,unknown,,1.0,381712.33,4625,1,manual
1,4626,5screws,85.8103,unknown,,1.0,381797.14,4626,1,manual
1,4627,5screws,82.2379,unknown,,1.0,381878.38,4627,1,manual
1,4628,5screws,85.6666,unknown,,1.0,381963.05,4628,1,manual
1,4629,5screws,76.6978,unknown,,1.0,382038.75,4629,1,manual
1,4630,5screws,85.2174,unknown,,1.0,382122.96,4630,1,manual
1,4631,5screws,82.7392,unknown,,1.0,382204.7,4631,1,manual
1,4632,5screws,83.19,unknown,,1.0,382286.89,4632,1,manual
1,4633,5screws,79.1137,unknown,,1.0,382365.01,4633,1,manual
1,4634,5screws,82.0376,unknown,,1.0,382446.05,4634,1,manual
1,4635,5screws,79.9166,unknown,,1.0,382524.96,4635,1,manual
1,4636,5screws,84.4159,unknown,,1.0,382608.38,4636,1,manual
1,4637,5screws,85.0286,unknown,,1.0,382692.41,4637,1,manual
1,4638,5screws,85.3918,unknown,,1.0,382776.8,4638,1,manual
1,4639,5screws,82.3136,unknown,,1.0,382858.11,4639,1,manual
1,4640,5screws,85.4246,unknown,,1.0,382942.54,4640,1,manual
1,4641,5screws,79.7637,unknown,,1.0,383021.3,4641,1,manual
1,4642,5screws,84.0649,unknown,,1.0,383104.36,4642,1,manual
1,4643,5screws,85.8795,unknown,,1.0,383189.24,4643,1,manual
1,4644,5screws,79.8397,unknown,,1.0,383268.08,4644,1,manual
1,4645,5screws,85.5407,unknown,,1.0,383352.62,4645,1,manual
1,4646,5screws,83.436,unknown,,1.0,383435.06,4646,1,manual
1,4647,5screws,83.1201,unknown,,1.0,383517.18,4647,1,manual
1,4648,5screws,85.4682,unknown,,1.0,383601.65,4648,1,manual
1,4649,5screws,85.6656,unknown,,1.0,383686.31,4649,1,manual
1,4650,5screws,84.6055,unknown,,1.0,383769.92,4650,1,manual
1,4651,5screws,85.7769,unknown,,1.0,383854.7,4651,1,manual
1,4652,5screws,85.6824,unknown,,1.0,383939.38,4652,1,manual
1,4653,5screws,85.4651,unknown,,1.0,384023.84,4653,1,manual
1,4654,5screws,80.8063,unknown,,1.0,384103.65,4654,1,manual
1,4655,5screws,79.5054,unknown,,1.0,384182.16,4655,1,manual
1,4656,5screws,83.4959,unknown,,1.0,384264.65,4656,1,manual
1,4657,5screws,85.4582,unknown,,1.0,384349.11,4657,1,manual
1,4658,5screws,85.5322,unknown,,1.0,384433.64,4658,1,manual
1,4659,5screws,81.462,unknown,,1.0,384514.1,4659,1,manual
1,4660,5screws,78.3724,unknown,,1.0,384591.48,4660,1,manual
1,4661,5screws,78.9283,unknown,,1.0,384669.41,4661,1,manual
1,4662,5screws,78.9314,unknown,,1.0,384747.34,4662,1,manual
1,4663,5screws,82.5341,unknown,,1.0,384828.87,4663,1,manual
1,4664,5screws,80.4856,unknown,,1.0,384908.36,4664,1,manual
1,4665,5screws,83.6736,unknown,,1.0,384991.03,4665,1,manual
1,4666,5screws,83.0052,unknown,,1.0,385073.03,4666,1,manual
1,4667,5screws,85.549,unknown,,1.0,385157.58,4667,1,manual
1,4668,5screws,83.436,unknown,,1.0,385240.02,4668,1,manual
1,4669,5screws,81.2666,unknown,,1.0,385320.29,4669,1,manual
1,4670,5screws,85.3072,unknown,,1.0,385404.59,4670,1,manual
1,4671,5screws,82.1277,unknown,,1.0,385485.72,4671,1,manual
1,4672,5screws,85.0552,unknown,,1.0,385569.78,4672,1,manual
1,4673,5screws,85.743,unknown,,1.0,385654.52,4673,1,manual
1,4674,5screws,82.5856,unknown,,1.0,385736.11,4674,1,manual
1,4675,5screws,85.9066,unknown,,1.0,385821.01,4675,1,manual
1,4676,5screws,84.0649,unknown,,1.0,385904.08,4676,1,manual
1,4677,5screws,78.6586,unknown,,1.0,385981.74,4677,1,manual
1,4678,5screws,83.73,unknown,,1.0,386064.47,4678,1,manual
1,4679,5screws,85.9319,unknown,,1.0,386149.4,4679,1,manual
1,4680,5screws,85.7769,unknown,,1.0,386234.17,4680,1,manual
1,4681,5screws,79.3321,unknown,,1.0,386312.51,4681,1,manual
1,4682,5screws,82.0376,unknown,,1.0,386393.54,4682,1,manual
1,4683,5screws,81.4095,unknown,,1.0,386473.95,4683,1,manual
1,4684,5screws,82.9427,unknown,,1.0,386555.9,4684,1,manual
1,4685,5screws,82.6353,unknown,,1.0,386637.53,4685,1,manual
1,4686,5screws,85.5649,unknown,,1.0,386722.1,4686,1,manual
1,4687,5screws,85.3918,unknown,,1.0,386806.49,4687,1,manual
1,4688,5screws,81.2445,unknown,,1.0,386886.73,4688,1,manual
1,4689,5screws,84.7227,unknown,,1.0,386970.46,4689,1,manual
1,4690,5screws,79.1137,unknown,,1.0,387048.57,4690,1,manual
1,4691,5screws,85.6656,unknown,,1.0,387133.23,4691,1,manual
1,4692,5screws,83.7533,unknown,,1.0,387215.99,4692,1,manual
1,4693,5screws,81.4133,unknown,,1.0,387296.4,4693,1,manual
1,4694,5screws,82.0885,unknown,,1.0,387377.49,4694,1,manual
1,4695,5screws,82.9024,unknown,,1.0,387459.39,4695,1,manual
1,4696,5screws,85.3009,unknown,,1.0,387543.69,4696,1,manual
1,4697,5screws,85.5148,unknown,,1.0,387628.21,4697,1,manual
1,4698,5screws,81.3976,unknown,,1.0,387708.61,4698,1,manual
1,4699,5screws,82.7666,unknown,,1.0,387790.37,4699,1,manual
1,4700,5screws,85.6735,unknown,,1.0,387875.05,4700,1,manual
1,4701,5screws,83.0695,unknown,,1.0,387957.12,4701,1,manual
1,4702,5screws,86.0726,unknown,,1.0,388042.19,4702,1,manual
1,4703,5screws,82.854,unknown,,1.0,388124.04,4703,1,manual
1,4704,5screws,85.54,unknown,,1.0,388208.58,4704,1,manual
1,4705,5screws,85.5077,unknown,,1.0,388293.09,4705,1,manual
1,4706,5screws,82.7392,unknown,,1.0,388374.83,4706,1,manual
1,4707,5screws,85.5322,unknown,,1.0,388459.36,4707,1,manual
1,4708,5screws,81.3468,unknown,,1.0,388539.71,4708,1,manual
1,4709,5screws,85.4628,unknown,,1.0,388624.17,4709,1,manual
1,4710,5screws,82.2074,unknown,,1.0,388705.38,4710,1,manual
1,4711,5screws,85.6289,unknown,,1.0,388790.01,4711,1,manual
1,4712,5screws,85.57,unknown,,1.0,388874.58,4712,1,manual
1,4713,5screws,78.3724,unknown,,1.0,388951.95,4713,1,manual
1,4714,5screws,84.6949,unknown,,1.0,389035.64,4714,1,manual
1,4715,5screws,82.6848,unknown,,1.0,389117.33,4715,1,manual
1,4716,5screws,82.881,unknown,,1.0,389199.21,4716,1,manual
1,4717,5screws,85.4246,unknown,,1.0,389283.63,4717,1,manual
1,4718,5screws,85.4742,unknown,,1.0,389368.11,4718,1,manual
1,4719,5screws,85.4153,unknown,,1.0,389452.52,4719,1,manual
1,4720,5screws,85.6174,unknown,,1.0,389537.14,4720,1,manual
1,4721,5screws,83.0528,unknown,,1.0,389619.19,4721,1,manual
1,4722,5screws,82.5341,unknown,,1.0,389700.73,4722,1,manual
1,4723,5screws,85.3981,unknown,,1.0,389785.13,4723,1,manual
1,4724,5screws,85.1682,unknown,,1.0,389869.29,4724,1,manual
1,4725,5screws,85.7958,unknown,,1.0,389954.09,4725,1,manual
1,4726,5screws,79.6179,unknown,,1.0,390032.71,4726,1,manual
1,4727,5screws,79.5054,unknown,,1.0,390111.21,4727,1,manual
1,4728,5screws,83.0794,unknown,,1.0,390193.29,4728,1,manual
1,4729,5screws,85.3547,unknown,,1.0,390277.65,4729,1,manual
1,4730,5screws,81.4698,unknown,,1.0,390358.12,4730,1,manual
1,4731,5screws,84.506,unknown,,1.0,390441.62,4731,1,manual
1,4732,5screws,85.7339,unknown,,1.0,390526.36,4732,1,manual
1,4733,5screws,85.4682,unknown,,1.0,390610.83,4733,1,manual
1,4734,5screws,80.4856,unknown,,1.0,390690.31,4734,1,manual
1,4735,5screws,80.3458,unknown,,1.0,390769.66,4735,1,manual
1,4736,5screws,83.19,unknown,,1.0,390851.85,4736,1,manual
1,4737,5screws,85.0343,unknown,,1.0,390935.88,4737,1,manual
1,4738,5screws,84.5842,unknown,,1.0,391019.47,4738,1,manual
1,4739,5screws,85.5505,unknown,,1.0,391104.02,4739,1,manual
1,4740,5screws,85.4618,unknown,,1.0,391188.48,4740,1,manual
1,4741,5screws,83.5247,unknown,,1.0,391271.0,4741,1,manual
1,4742,5screws,81.462,unknown,,1.0,391351.46,4742,1,manual
1,4743,5screws,84.7902,unknown,,1.0,391435.25,4743,1,manual
1,4744,5screws,76.6978,unknown,,1.0,391510.95,4744,1,manual
1,4745,5screws,82.7131,unknown,,1.0,391592.67,4745,1,manual
1,4746,5screws,84.8328,unknown,,1.0,391676.5,4746,1,manual
1,4747,5screws,85.3872,unknown,,1.0,391760.89,4747,1,manual
1,4748,5screws,82.9539,unknown,,1.0,391842.84,4748,1,manual
1,4749,5screws,85.6016,unknown,,1.0,391927.44,4749,1,manual
1,4750,5screws,85.8,unknown,,1.0,392012.24,4750,1,manual
1,4751,5screws,85.7318,unknown,,1.0,392096.97,4751,1,manual
1,4752,5screws,81.5653,unknown,,1.0,392177.54,4752,1,manual
1,4753,5screws,82.5901,unknown,,1.0,392259.13,4753,1,manual
1,4754,5screws,81.5095,unknown,,1.0,392339.64,4754,1,manual
1,4755,5screws,84.6099,unknown,,1.0,392423.25,4755,1,manual
1,4756,5screws,84.6891,unknown,,1.0,392506.94,4756,1,manual
1,4757,5screws,84.2888,unknown,,1.0,392590.23,4757,1,manual
1,4758,5screws,86.015,unknown,,1.0,392675.24,4758,1,manual
1,4759,5screws,83.9605,unknown,,1.0,392758.2,4759,1,manual
1,4760,5screws,81.9913,unknown,,1.0,392839.19,4760,1,manual
1,4761,5screws,86.0296,unknown,,1.0,392924.22,4761,1,manual
1,4762,5screws,85.6984,unknown,,1.0,393008.92,4762,1,manual
1,4763,5screws,85.8795,unknown,,1.0,393093.8,4763,1,manual
1,4764,5screws,83.1201,unknown,,1.0,393175.92,4764,1,manual
1,4765,5screws,85.3345,unknown,,1.0,393260.25,4765,1,manual
1,4766,5screws,84.4159,unknown,,1.0,393343.67,4766,1,manual
1,4767,5screws,81.364,unknown,,1.0,393424.03,4767,1,manual
1,4768,5screws,85.3997,unknown,,1.0,393508.43,4768,1,manual
1,4769,5screws,83.4959,unknown,,1.0,393590.93,4769,1,manual
1,4770,5screws,79.9166,unknown,,1.0,393669.85,4770,1,manual
1,4771,5screws,85.1399,unknown,,1.0,393753.99,4771,1,manual
1,4772,5screws,85.5392,unknown,,1.0,393838.53,4772,1,manual
1,4773,5screws,83.8373,unknown,,1.0,393921.36,4773,1,manual
1,4774,5screws,79.7637,unknown,,1.0,394000.13,4774,1,manual
1,4775,5screws,82.2379,unknown,,1.0,394081.36,4775,1,manual
1,4776,5screws,85.034,unknown,,1.0,394165.4,4776,1,manual
1,4777,5screws,82.8776,unknown,,1.0,394247.28,4777,1,manual
1,4778,5screws,82.3136,unknown,,1.0,394328.59,4778,1,manual
1,4779,5screws,85.2271,unknown,,1.0,394412.82,4779,1,manual
1,4780,5screws,78.9283,unknown,,1.0,394490.75,4780,1,manual
1,4781,5screws,82.599,unknown,,1.0,394572.34,4781,1,manual
1,4782,5screws,85.6666,unknown,,1.0,394657.01,4782,1,manual
1,4783,5screws,76.5833,unknown,,1.0,394732.59,4783,1,manual
1,4784,5screws,80.296,unknown,,1.0,394811.89,4784,1,manual
1,4785,5screws,85.6762,unknown,,1.0,394896.57,4785,1,manual
1,4786,5screws,82.9336,unknown,,1.0,394978.5,4786,1,manual
1,4787,5screws,85.9457,unknown,,1.0,395063.45,4787,1,manual
1,4788,5screws,82.7778,unknown,,1.0,395145.22,4788,1,manual
1,4789,5screws,79.7984,unknown,,1.0,395224.02,4789,1,manual
1,4790,5screws,85.1001,unknown,,1.0,395308.12,4790,1,manual
1,4791,5screws,81.0652,unknown,,1.0,395388.19,4791,1,manual
1,4792,5screws,85.8318,unknown,,1.0,395473.02,4792,1,manual
1,4793,5screws,85.2174,unknown,,1.0,395557.24,4793,1,manual
1,4794,5screws,80.8983,unknown,,1.0,395637.13,4794,1,manual
1,4795,5screws,85.5772,unknown,,1.0,395721.71,4795,1,manual
1,4796,5screws,85.7678,unknown,,1.0,395806.48,4796,1,manual
1,4797,5screws,80.5751,unknown,,1.0,395886.05,4797,1,manual
1,4798,5screws,80.1485,unknown,,1.0,395965.2,4798,1,manual
1,4799,5screws,83.8248,unknown,,1.0,396048.03,4799,1,manual
1,4800,5screws,85.2653,unknown,,1.0,396132.29,4800,1,manual
1,4801,5screws,83.4169,unknown,,1.0,396214.71,4801,1,manual
1,4802,5screws,85.7431,unknown,,1.0,396299.45,4802,1,manual
1,4803,5screws,84.6055,unknown,,1.0,396383.06,4803,1,manual
1,4804,5screws,85.7359,unknown,,1.0,396467.79,4804,1,manual
1,4805,5screws,84.9734,unknown,,1.0,396551.77,4805,1,manual
1,4806,5screws,85.5407,unknown,,1.0,396636.31,4806,1,manual
1,4807,5screws,80.4143,unknown,,1.0,396715.72,4807,1,manual
1,4808,5screws,85.7944,unknown,,1.0,396800.52,4808,1,manual
1,4809,5screws,85.0949,unknown,,1.0,396884.61,4809,1,manual
1,4810,5screws,82.7477,unknown,,1.0,396966.36,4810,1,manual
1,4811,5screws,79.3376,unknown,,1.0,397044.7,4811,1,manual
1,4812,5screws,82.0054,unknown,,1.0,397125.7,4812,1,manual
1,4813,5screws,84.0034,unknown,,1.0,397208.71,4813,1,manual
1,4814,5screws,82.7964,unknown,,1.0,397290.5,4814,1,manual
1,4815,5screws,85.7121,unknown,,1.0,397375.21,4815,1,manual
1,4816,5screws,83.0896,unknown,,1.0,397457.3,4816,1,manual
1,4817,5screws,82.9135,unknown,,1.0,397539.22,4817,1,manual
1,4818,5screws,85.6935,unknown,,1.0,397623.91,4818,1,manual
1,4819,5screws,78.9314,unknown,,1.0,397701.84,4819,1,manual
1,4820,5screws,82.4198,unknown,,1.0,397783.26,4820,1,manual
1,4821,5screws,85.4079,unknown,,1.0,397867.67,4821,1,manual
1,4822,5screws,85.4699,unknown,,1.0,397952.14,4822,1,manual
1,4823,5screws,85.6941,unknown,,1.0,398036.83,4823,1,manual
1,4824,5screws,81.8174,unknown,,1.0,398117.65,4824,1,manual
1,4825,5screws,82.7914,unknown,,1.0,398199.44,4825,1,manual
1,4826,5screws,80.8063,unknown,,1.0,398279.25,4826,1,manual
1,4827,5screws,85.6824,unknown,,1.0,398363.93,4827,1,manual
1,4828,5screws,84.5985,unknown,,1.0,398447.53,4828,1,manual
1,4829,5screws,80.218,unknown,,1.0,398526.75,4829,1,manual
1,4830,5screws,85.72,unknown,,1.0,398611.47,4830,1,manual
1,4831,5screws,85.576,unknown,,1.0,398696.04,4831,1,manual
1,4832,5screws,84.2578,unknown,,1.0,398779.3,4832,1,manual
1,4833,5screws,85.4651,unknown,,1.0,398863.77,4833,1,manual
1,4834,5screws,83.5376,unknown,,1.0,398946.31,4834,1,manual
1,4835,5screws,85.1964,unknown,,1.0,399030.5,4835,1,manual
1,4836,5screws,85.1056,unknown,,1.0,399114.61,4836,1,manual
1,4837,5screws,85.4143,unknown,,1.0,399199.02,4837,1,manual
1,4838,5screws,83.0864,unknown,,1.0,399281.11,4838,1,manual
1,4839,5screws,85.7168,unknown,,1.0,399365.82,4839,1,manual
1,4840,5screws,82.1824,unknown,,1.0,399447.01,4840,1,manual
1,4841,5screws,82.5796,unknown,,1.0,399528.59,4841,1,manual
1,4842,5screws,85.4582,unknown,,1.0,399613.04,4842,1,manual
1,4843,5screws,82.8521,unknown,,1.0,399694.9,4843,1,manual
1,4844,5screws,85.4172,unknown,,1.0,399779.31,4844,1,manual
1,4845,5screws,78.1408,unknown,,1.0,399856.45,4845,1,manual
1,4846,5screws,81.5111,unknown,,1.0,399936.97,4846,1,manual
1,4847,5screws,82.7733,unknown,,1.0,400018.74,4847,1,manual
1,4848,5screws,83.0455,unknown,,1.0,400100.78,4848,1,manual
1,4849,5screws,85.3862,unknown,,1.0,400185.17,4849,1,manual
1,4850,5screws,83.8019,unknown,,1.0,400267.97,4850,1,manual
1,4851,5screws,85.6824,unknown,,1.0,400352.66,4851,1,manual
1,4852,5screws,84.8055,unknown,,1.0,400436.46,4852,1,manual
1,4853,5screws,85.8112,unknown,,1.0,400521.27,4853,1,manual
1,4854,5screws,80.1163,unknown,,1.0,400600.39,4854,1,manual
1,4855,5screws,85.6309,unknown,,1.0,400685.02,4855,1,manual
1,4856,5screws,80.3659,unknown,,1.0,400764.39,4856,1,manual
1,4857,5screws,85.8103,unknown,,1.0,400849.2,4857,1,manual
1,4858,5screws,82.9056,unknown,,1.0,400931.1,4858,1,manual
1,4859,5screws,80.9036,unknown,,1.0,401011.0,4859,1,manual
1,4860,5screws,81.7213,unknown,,1.0,401091.73,4860,1,manual
1,4861,5screws,86.0534,unknown,,1.0,401176.78,4861,1,manual
1,4862,5screws,83.1986,unknown,,1.0,401258.98,4862,1,manual
1,4863,5screws,85.239,unknown,,1.0,401343.22,4863,1,manual
1,4864,5screws,85.0286,unknown,,1.0,401427.25,4864,1,manual
1,4865,5screws,79.4929,unknown,,1.0,401505.74,4865,1,manual
1,4866,5screws,82.3294,unknown,,1.0,401587.07,4866,1,manual
1,4867,5screws,85.619,unknown,,1.0,401671.69,4867,1,manual
1,4868,5screws,82.7906,unknown,,1.0,401753.48,4868,1,manual
1,4869,5screws,82.4933,unknown,,1.0,401834.97,4869,1,manual
1,4870,5screws,85.2655,unknown,,1.0,401919.24,4870,1,manual
1,4871,5screws,84.5132,unknown,,1.0,402002.75,4871,1,manual
1,4872,5screws,82.2387,unknown,,1.0,402083.99,4872,1,manual
1,4873,5screws,79.0914,unknown,,1.0,402162.08,4873,1,manual
1,4874,5screws,79.8397,unknown,,1.0,402240.92,4874,1,manual
1,4875,5screws,82.3605,unknown,,1.0,402322.28,4875,1,manual
1,4876,5screws,82.9112,unknown,,1.0,402404.19,4876,1,manual
1,4877,5screws,85.7944,unknown,,1.0,402488.99,4877,1,manual
1,4878,5screws,76.5833,unknown,,1.0,402564.57,4878,1,manual
1,4879,5screws,84.6099,unknown,,1.0,402648.18,4879,1,manual
1,4880,5screws,82.0885,unknown,,1.0,402729.27,4880,1,manual
1,4881,5screws,78.9283,unknown,,1.0,402807.19,4881,1,manual
1,4882,5screws,82.1277,unknown,,1.0,402888.32,4882,1,manual
1,4883,5screws,82.2074,unknown,,1.0,402969.53,4883,1,manual
1,4884,5screws,84.8055,unknown,,1.0,403053.34,4884,1,manual
1,4885,5screws,85.3981,unknown,,1.0,403137.73,4885,1,manual
1,4886,5screws,86.0726,unknown,,1.0,403222.81,4886,1,manual
1,4887,5screws,85.5392,unknown,,1.0,403307.35,4887,1,manual
1,4888,5screws,81.9913,unknown,,1.0,403388.34,4888,1,manual
1,4889,5screws,82.4933,unknown,,1.0,403469.83,4889,1,manual
1,4890,5screws,82.5796,unknown,,1.0,403551.41,4890,1,manual
1,4891,5screws,85.1001,unknown,,1.0,403635.51,4891,1,manual
1,4892,5screws,85.0286,unknown,,1.0,403719.54,4892,1,manual
1,4893,5screws,79.4929,unknown,,1.0,403798.03,4893,1,manual
1,4894,5screws,85.4628,unknown,,1.0,403882.49,4894,1,manual
1,4895,5screws,83.8019,unknown,,1.0,403965.3,4895,1,manual
1,4896,5screws,82.7392,unknown,,1.0,404047.04,4896,1,manual
1,4897,5screws,85.5322,unknown,,1.0,404131.57,4897,1,manual
1,4898,5screws,85.2655,unknown,,1.0,404215.83,4898,1,manual
1,4899,5screws,82.3136,unknown,,1.0,404297.15,4899,1,manual
1,4900,5screws,80.4856,unknown,,1.0,404376.63,4900,1,manual
1,4901,5screws,83.7533,unknown,,1.0,404459.39,4901,1,manual
1,4902,5screws,81.2666,unknown,,1.0,404539.65,4902,1,manual
1,4903,5screws,84.6055,unknown,,1.0,404623.26,4903,1,manual
1,4904,5screws,84.0649,unknown,,1.0,404706.32,4904,1,manual
1,4905,5screws,79.5054,unknown,,1.0,404784.83,4905,1,manual
1,4906,5screws,82.9539,unknown,,1.0,404866.78,4906,1,manual
1,4907,5screws,83.0052,unknown,,1.0,404948.79,4907,1,manual
1,4908,5screws,80.3659,unknown,,1.0,405028.15,4908,1,manual
1,4909,5screws,81.3468,unknown,,1.0,405108.5,4909,1,manual
1,4910,5screws,84.7902,unknown,,1.0,405192.29,4910,1,manual
1,4911,5screws,82.9135,unknown,,1.0,405274.2,4911,1,manual
1,4912,5screws,82.7964,unknown,,1.0,405356.0,4912,1,manual
1,4913,5screws,80.5751,unknown,,1.0,405435.57,4913,1,manual
1,4914,5screws,81.7213,unknown,,1.0,405516.3,4914,1,manual
1,4915,5screws,85.6735,unknown,,1.0,405600.97,4915,1,manual
1,4916,5screws,85.4682,unknown,,1.0,405685.44,4916,1,manual
1,4917,5screws,85.6289,unknown,,1.0,405770.07,4917,1,manual
1,4918,5screws,84.2578,unknown,,1.0,405853.32,4918,1,manual
1,4919,5screws,85.3009,unknown,,1.0,405937.63,4919,1,manual
1,4920,5screws,85.239,unknown,,1.0,406021.86,4920,1,manual
1,4921,5screws,85.743,unknown,,1.0,406106.61,4921,1,manual
1,4922,5screws,85.2271,unknown,,1.0,406190.83,4922,1,manual
1,4923,5screws,78.1408,unknown,,1.0,406267.98,4923,1,manual
1,4924,5screws,79.7984,unknown,,1.0,406346.77,4924,1,manual
1,4925,5screws,82.0376,unknown,,1.0,406427.81,4925,1,manual
1,4926,5screws,85.2174,unknown,,1.0,406512.03,4926,1,manual
1,4927,5screws,83.8248,unknown,,1.0,406594.85,4927,1,manual
1,4928,5screws,83.4169,unknown,,1.0,406677.27,4928,1,manual
1,4929,5screws,81.5653,unknown,,1.0,406757.84,4929,1,manual
1,4930,5screws,83.5376,unknown,,1.0,406840.37,4930,1,manual
1,4931,5screws,85.5772,unknown,,1.0,406924.95,4931,1,manual
1,4932,5screws,81.0652,unknown,,1.0,407005.02,4932,1,manual
1,4933,5screws,85.6984,unknown,,1.0,407089.71,4933,1,manual
1,4934,5screws,85.4172,unknown,,1.0,407174.13,4934,1,manual
1,4935,5screws,83.1201,unknown,,1.0,407256.25,4935,1,manual
1,4936,5screws,81.364,unknown,,1.0,407336.62,4936,1,manual
1,4937,5screws,82.5901,unknown,,1.0,407418.21,4937,1,manual
1,4938,5screws,85.6656,unknown,,1.0,407502.87,4938,1,manual
1,4939,5screws,85.7339,unknown,,1.0,407587.6,4939,1,manual
1,4940,5screws,85.4699,unknown,,1.0,407672.07,4940,1,manual
1,4941,5screws,82.8776,unknown,,1.0,407753.95,4941,1,manual
1,4942,5screws,79.8397,unknown,,1.0,407832.79,4942,1,manual
1,4943,5screws,85.9066,unknown,,1.0,407917.7,4943,1,manual
1,4944,5screws,78.6586,unknown,,1.0,407995.36,4944,1,manual
1,4945,5screws,85.8,unknown,,1.0,408080.16,4945,1,manual
1,4946,5screws,81.4133,unknown,,1.0,408160.57,4946,1,manual
1,4947,5screws,85.3997,unknown,,1.0,408244.97,4947,1,manual
1,4948,5screws,85.7678,unknown,,1.0,408329.74,4948,1,manual
1,4949,5screws,85.57,unknown,,1.0,408414.31,4949,1,manual
1,4950,5screws,85.3872,unknown,,1.0,408498.7,4950,1,manual
1,4951,5screws,82.6848,unknown,,1.0,408580.38,4951,1,manual
1,4952,5screws,82.8521,unknown,,1.0,408662.23,4952,1,manual
1,4953,5screws,85.9319,unknown,,1.0,408747.16,4953,1,manual
1,4954,5screws,84.4159,unknown,,1.0,408830.58,4954,1,manual
1,4955,5screws,80.218,unknown,,1.0,408909.8,4955,1,manual
1,4956,5screws,85.4246,unknown,,1.0,408994.22,4956,1,manual
1,4957,5screws,79.0914,unknown,,1.0,409072.31,4957,1,manual
1,4958,5screws,84.8328,unknown,,1.0,409156.15,4958,1,manual
1,4959,5screws,81.4698,unknown,,1.0,409236.62,4959,1,manual
1,4960,5screws,83.73,unknown,,1.0,409319.35,4960,1,manual
1,4961,5screws,82.7733,unknown,,1.0,409401.12,4961,1,manual
1,4962,5screws,84.0034,unknown,,1.0,409484.12,4962,1,manual
1,4963,5screws,80.9036,unknown,,1.0,409564.03,4963,1,manual
1,4964,5screws,83.0794,unknown,,1.0,409646.11,4964,1,manual
1,4965,5screws,82.9427,unknown,,1.0,409728.05,4965,1,manual
1,4966,5screws,79.6179,unknown,,1.0,409806.67,4966,1,manual
1,4967,5screws,83.0896,unknown,,1.0,409888.76,4967,1,manual
1,4968,5screws,85.1399,unknown,,1.0,409972.9,4968,1,manual
1,4969,5screws,85.4582,unknown,,1.0,410057.35,4969,1,manual
1,4970,5screws,85.3072,unknown,,1.0,410141.66,4970,1,manual
1,4971,5screws,85.4618,unknown,,1.0,410226.12,4971,1,manual
1,4972,5screws,85.7121,unknown,,1.0,410310.84,4972,1,manual
1,4973,5screws,82.7906,unknown,,1.0,410392.63,4973,1,manual
1,4974,5screws,85.7958,unknown,,1.0,410477.42,4974,1,manual
1,4975,5screws,85.8318,unknown,,1.0,410562.25,4975,1,manual
1,4976,5screws,84.506,unknown,,1.0,410645.76,4976,1,manual
1,4977,5screws,85.7168,unknown,,1.0,410730.48,4977,1,manual
1,4978,5screws,82.0054,unknown,,1.0,410811.48,4978,1,manual
1,4979,5screws,82.9056,unknown,,1.0,410893.39,4979,1,manual
1,4980,5screws,80.1163,unknown,,1.0,410972.5,4980,1,manual
1,4981,5screws,82.2379,unknown,,1.0,411053.74,4981,1,manual
1,4982,5screws,82.9024,unknown,,1.0,411135.64,4982,1,manual
1,4983,5screws,82.9336,unknown,,1.0,411217.58,4983,1,manual
1,4984,5screws,78.3724,unknown,,1.0,411294.95,4984,1,manual
1,4985,5screws,85.2653,unknown,,1.0,411379.22,4985,1,manual
1,4986,5screws,83.5247,unknown,,1.0,411461.74,4986,1,manual
1,4987,5screws,80.296,unknown,,1.0,411541.04,4987,1,manual
1,4988,5screws,86.0296,unknown,,1.0,411626.07,4988,1,manual
1,4989,5screws,84.5985,unknown,,1.0,411709.66,4989,1,manual
1,4990,5screws,85.4153,unknown,,1.0,411794.08,4990,1,manual
1,4991,5screws,85.1682,unknown,,1.0,411878.25,4991,1,manual
1,4992,5screws,83.0528,unknown,,1.0,411960.3,4992,1,manual
1,4993,5screws,82.1824,unknown,,1.0,412041.48,4993,1,manual
1,4994,5screws,85.0552,unknown,,1.0,412125.54,4994,1,manual
1,4995,5screws,86.015,unknown,,1.0,412210.55,4995,1,manual
1,4996,5screws,83.9605,unknown,,1.0,412293.51,4996,1,manual
1,4997,5screws,80.4143,unknown,,1.0,412372.93,4997,1,manual
1,4998,5screws,82.7666,unknown,,1.0,412454.69,4998,1,manual
1,4999,5screws,79.1137,unknown,,1.0,412532.81,4999,1,manual
1,5000,5screws,85.7318,unknown,,1.0,412617.54,5000,1,manual
1,5001,5screws,84.9734,unknown,,1.0,412701.51,5001,1,manual
1,5002,5screws,85.8112,unknown,,1.0,412786.32,5002,1,manual
1,5003,5screws,85.3862,unknown,,1.0,412870.71,5003,1,manual
1,5004,5screws,82.3605,unknown,,1.0,412952.07,5004,1,manual
1,5005,5screws,85.8795,unknown,,1.0,413036.95,5005,1,manual
1,5006,5screws,85.034,unknown,,1.0,413120.98,5006,1,manual
1,5007,5screws,80.1485,unknown,,1.0,413200.13,5007,1,manual
1,5008,5screws,85.4742,unknown,,1.0,413284.61,5008,1,manual
1,5009,5screws,85.3345,unknown,,1.0,413368.94,5009,1,manual
1,5010,5screws,82.854,unknown,,1.0,413450.8,5010,1,manual
1,5011,5screws,85.549,unknown,,1.0,413535.35,5011,1,manual
1,5012,5screws,81.2445,unknown,,1.0,413615.59,5012,1,manual
1,5013,5screws,79.9166,unknown,,1.0,413694.51,5013,1,manual
1,5014,5screws,83.0864,unknown,,1.0,413776.59,5014,1,manual
1,5015,5screws,83.1986,unknown,,1.0,413858.79,5015,1,manual
1,5016,5screws,80.8983,unknown,,1.0,413938.69,5016,1,manual
1,5017,5screws,82.2387,unknown,,1.0,414019.93,5017,1,manual
1,5018,5screws,76.6978,unknown,,1.0,414095.63,5018,1,manual
1,5019,5screws,85.6666,unknown,,1.0,414180.29,5019,1,manual
1,5020,5screws,85.54,unknown,,1.0,414264.83,5020,1,manual
1,5021,5screws,85.6309,unknown,,1.0,414349.46,5021,1,manual
1,5022,5screws,85.6016,unknown,,1.0,414434.06,5022,1,manual
1,5023,5screws,83.19,unknown,,1.0,414516.25,5023,1,manual
1,5024,5screws,82.3294,unknown,,1.0,414597.58,5024,1,manual
1,5025,5screws,85.5407,unknown,,1.0,414682.13,5025,1,manual
1,5026,5screws,85.4143,unknown,,1.0,414766.54,5026,1,manual
1,5027,5screws,82.881,unknown,,1.0,414848.42,5027,1,manual
1,5028,5screws,81.5111,unknown,,1.0,414928.93,5028,1,manual
1,5029,5screws,83.436,unknown,,1.0,415011.37,5029,1,manual
1,5030,5screws,81.8174,unknown,,1.0,415092.18,5030,1,manual
1,5031,5screws,85.0343,unknown,,1.0,415176.22,5031,1,manual
1,5032,5screws,85.7359,unknown,,1.0,415260.95,5032,1,manual
1,5033,5screws,85.0949,unknown,,1.0,415345.05,5033,1,manual
1,5034,5screws,85.6174,unknown,,1.0,415429.67,5034,1,manual
1,5035,5screws,85.1964,unknown,,1.0,415513.86,5035,1,manual
1,5036,5screws,82.7778,unknown,,1.0,415595.64,5036,1,manual
1,5037,5screws,85.5148,unknown,,1.0,415680.16,5037,1,manual
1,5038,5screws,84.2888,unknown,,1.0,415763.45,5038,1,manual
1,5039,5screws,82.6353,unknown,,1.0,415845.08,5039,1,manual
1,5040,5screws,85.1056,unknown,,1.0,415929.19,5040,1,manual
